Data,Hora,T1(C),H1(%),T2(C),H2(%),T3(C),H3(%),Solo_Bruto,Solo(%)
2026/7/15,10:46:11,nan,nan,nan,nan,nan,nan,1023,0
2026/7/15,10:46:16,27.6,51.0,27.6,60.0,28.2,61.2,1021,0
2026/7/15,10:46:21,27.5,51.0,27.7,58.0,28.2,61.0,1023,0
2026/7/15,10:46:26,27.5,51.0,27.6,56.0,28.2,60.9,1023,0
2026/7/15,10:46:31,27.3,51.0,27.7,58.0,28.2,60.8,1023,0
2026/7/15,10:46:36,27.4,51.0,27.8,60.0,28.2,61.0,1019,0
2026/7/15,10:46:41,27.7,52.0,27.7,61.0,28.3,63.3,1019,0
2026/7/15,10:46:46,27.6,52.0,27.9,62.0,28.3,63.3,1023,0
2026/7/15,10:46:51,27.6,52.0,27.7,62.0,28.3,63.3,1023,0
2026/7/15,10:46:56,27.5,51.0,27.9,63.0,28.3,63.1,1021,0
2026/7/15,10:47:1,27.6,51.0,28.1,65.0,28.4,63.1,1023,0
2026/7/15,10:47:6,27.3,51.0,28.1,64.0,28.4,62.9,1023,0
2026/7/15,10:47:11,27.4,51.0,28.1,64.0,28.4,62.8,1022,0
2026/7/15,10:47:16,27.6,51.0,28.1,64.0,28.4,62.7,1023,0
2026/7/15,10:47:21,27.5,51.0,28.4,64.0,28.4,62.5,1019,0
2026/7/15,10:47:26,27.5,52.0,28.4,59.0,28.4,62.4,1021,0
2026/7/15,10:47:31,27.7,52.0,28.2,56.0,28.4,62.4,1023,0
2026/7/15,10:47:36,27.6,52.0,28.2,55.0,28.4,62.3,1023,0
2026/7/15,10:47:41,27.6,52.0,28.1,53.0,28.4,62.2,1023,0
2026/7/15,10:47:46,27.6,51.0,28.2,52.0,28.5,62.2,1023,0
2026/7/15,10:47:51,27.6,51.0,28.3,51.0,28.5,62.1,1023,0
2026/7/15,10:47:56,27.7,51.0,28.1,52.0,28.5,62.1,1021,0
2026/7/15,10:48:1,27.6,51.0,28.2,53.0,28.5,62.0,1021,0
2026/7/15,10:48:6,27.7,51.0,28.2,53.0,28.5,62.0,1021,0
2026/7/15,10:48:11,27.7,50.0,28.1,52.0,28.5,61.9,1023,0
2026/7/15,10:48:16,27.7,51.0,28.2,52.0,28.5,61.8,1023,0
2026/7/15,10:48:21,27.7,51.0,28.2,52.0,28.5,61.7,1023,0
2026/7/15,10:48:26,27.7,50.0,28.2,52.0,28.5,61.6,1022,0
2026/7/15,10:48:31,27.7,50.0,28.1,51.0,28.5,61.5,1021,0
2026/7/15,10:48:36,27.7,50.0,28.1,51.0,28.6,61.4,1023,0
2026/7/15,10:48:41,27.7,50.0,28.0,52.0,28.6,61.4,1019,0
2026/7/15,10:48:46,27.7,50.0,28.1,52.0,28.6,61.3,1023,0
2026/7/15,10:48:51,27.7,50.0,28.0,52.0,28.6,61.2,1023,0
2026/7/15,10:48:56,27.7,50.0,27.9,51.0,28.6,61.1,1022,0
2026/7/15,10:49:1,27.6,50.0,28.0,52.0,28.6,60.9,1021,0
2026/7/15,10:49:6,27.7,50.0,28.0,52.0,28.6,60.8,1021,0
2026/7/15,10:49:11,27.7,50.0,28.0,52.0,28.6,60.7,1023,0
2026/7/15,10:49:16,27.7,50.0,27.7,51.0,28.6,60.7,1022,0
2026/7/15,10:49:21,27.6,50.0,27.9,51.0,28.7,60.6,1023,0
2026/7/15,10:49:26,27.7,50.0,27.9,51.0,28.6,60.6,1019,0
2026/7/15,10:49:31,27.7,50.0,27.6,51.0,28.7,60.5,1021,0
2026/7/15,10:49:37,27.6,50.0,28.0,53.0,28.6,60.5,1021,0
2026/7/15,10:49:42,27.7,50.0,27.4,52.0,28.7,60.5,1019,0
2026/7/15,10:49:47,27.7,50.0,27.6,51.0,28.7,60.4,1023,0
2026/7/15,10:49:52,27.7,50.0,27.6,52.0,28.7,60.3,1023,0
2026/7/15,10:49:57,27.7,50.0,27.6,52.0,28.7,60.2,1023,0
2026/7/15,10:50:2,27.7,50.0,27.6,52.0,28.7,60.1,1021,0
2026/7/15,10:50:7,27.8,50.0,27.8,51.0,28.7,60.0,1023,0
2026/7/15,10:50:12,27.7,50.0,28.0,52.0,28.7,60.0,1022,0
2026/7/15,10:50:17,27.8,49.0,27.9,51.0,28.7,59.9,1023,0
2026/7/15,10:50:22,27.7,49.0,27.9,50.0,28.7,59.7,1023,0
2026/7/15,10:50:27,27.7,49.0,28.1,51.0,28.7,59.6,1021,0
2026/7/15,10:50:32,27.7,49.0,27.9,50.0,28.7,59.5,1019,0
2026/7/15,10:50:37,27.8,49.0,28.0,50.0,28.7,59.5,1021,0
2026/7/15,10:50:42,27.8,49.0,28.0,51.0,28.7,59.5,1021,0
2026/7/15,10:50:47,27.8,49.0,28.1,51.0,28.7,59.4,1023,0
2026/7/15,10:50:52,27.9,49.0,28.2,50.0,28.7,59.4,1023,0
2026/7/15,10:50:57,27.9,50.0,28.2,50.0,28.7,59.5,1021,0
2026/7/15,10:51:2,27.8,50.0,28.2,50.0,28.7,59.5,1021,0
2026/7/15,10:51:7,28.0,51.0,28.2,51.0,28.7,59.5,1021,0
2026/7/15,10:51:12,27.8,50.0,28.2,51.0,28.7,59.6,1021,0
2026/7/15,10:51:17,27.8,50.0,28.2,50.0,28.8,59.6,1022,0
2026/7/15,10:51:22,28.0,50.0,28.2,50.0,28.8,59.6,1022,0
2026/7/15,10:51:27,28.0,50.0,28.2,50.0,28.8,59.6,1023,0
2026/7/15,10:51:32,28.0,50.0,28.2,50.0,28.8,59.5,1019,0
2026/7/15,10:51:37,27.9,49.0,28.3,50.0,28.8,59.4,1021,0
2026/7/15,10:51:42,28.0,50.0,28.3,50.0,28.8,59.4,1021,0
2026/7/15,10:51:47,28.0,51.0,28.2,50.0,28.8,59.4,1023,0
2026/7/15,10:51:52,28.1,51.0,28.2,50.0,28.8,59.4,1023,0
2026/7/15,10:51:57,27.9,50.0,28.2,50.0,28.8,59.5,1019,0
2026/7/15,10:52:2,28.0,51.0,28.2,50.0,28.9,59.5,1023,0
2026/7/15,10:52:7,28.0,51.0,28.2,50.0,28.9,59.5,1023,0
2026/7/15,10:52:12,28.1,50.0,28.2,50.0,28.9,59.4,1023,0
2026/7/15,10:52:17,28.0,50.0,28.3,50.0,28.9,59.4,1023,0
2026/7/15,10:52:22,28.0,50.0,28.1,50.0,28.9,59.3,1022,0
2026/7/15,10:52:27,28.0,50.0,28.2,51.0,28.9,59.3,1019,0
2026/7/15,10:52:32,28.1,49.0,28.2,50.0,28.9,59.3,1021,0
2026/7/15,10:52:37,28.0,49.0,28.2,50.0,28.9,59.4,1023,0
2026/7/15,10:52:42,28.0,48.0,28.2,49.0,28.9,59.3,1022,0
2026/7/15,10:52:47,28.2,48.0,28.4,49.0,28.9,59.2,1023,0
2026/7/15,10:52:52,28.9,47.0,29.2,51.0,29.1,59.0,1023,0
2026/7/15,10:52:57,29.1,47.0,29.5,49.0,29.1,58.8,1023,0
2026/7/15,10:53:2,29.6,45.0,29.7,48.0,29.2,58.5,1021,0
2026/7/15,10:53:7,30.2,44.0,30.7,45.0,29.4,58.3,1023,0
2026/7/15,10:53:12,30.4,44.0,30.7,46.0,29.4,58.0,1023,0
2026/7/15,10:53:17,30.4,43.0,30.7,48.0,29.5,57.9,1021,0
2026/7/15,10:53:22,30.3,43.0,30.9,49.0,29.5,58.0,1019,0
2026/7/15,10:53:27,30.5,43.0,30.8,48.0,29.5,58.0,1023,0
2026/7/15,10:53:32,30.7,43.0,31.0,47.0,29.6,58.0,1023,0
2026/7/15,10:53:37,30.7,43.0,30.7,46.0,29.6,57.9,1022,0
2026/7/15,10:53:42,30.5,43.0,30.9,45.0,29.7,57.9,1022,0
2026/7/15,10:53:47,30.9,43.0,31.0,45.0,29.7,57.8,1023,0
2026/7/15,10:53:52,30.7,42.0,31.1,45.0,29.7,57.6,1021,0
2026/7/15,10:53:57,30.9,42.0,31.0,46.0,29.8,57.6,1023,0
2026/7/15,10:54:2,31.4,43.0,31.1,45.0,29.8,57.4,1023,0
2026/7/15,10:54:7,31.7,43.0,31.2,45.0,29.9,57.3,1022,0
2026/7/15,10:54:12,31.7,43.0,31.1,45.0,29.9,57.3,1023,0
2026/7/15,10:54:17,31.8,42.0,31.2,44.0,30.0,57.3,1019,0
2026/7/15,10:54:22,32.0,42.0,31.2,45.0,30.1,57.4,1022,0
2026/7/15,10:54:27,32.5,42.0,31.3,44.0,30.1,57.4,1023,0
2026/7/15,10:54:32,32.6,41.0,31.4,44.0,30.2,57.6,1021,0
2026/7/15,10:54:37,32.7,40.0,31.4,43.0,30.2,57.8,1019,0
2026/7/15,10:54:42,32.7,40.0,31.3,42.0,30.3,58.0,1022,0
2026/7/15,10:54:47,32.3,39.0,31.2,42.0,30.3,58.1,1023,0
2026/7/15,10:54:52,32.0,40.0,31.0,43.0,30.3,57.7,1023,0
2026/7/15,10:54:57,32.0,40.0,31.1,43.0,30.4,57.5,1022,0
2026/7/15,10:55:2,32.0,39.0,31.1,42.0,30.5,57.5,1023,0
2026/7/15,10:55:7,32.0,40.0,31.2,42.0,30.5,57.4,1021,0
2026/7/15,10:55:12,31.9,40.0,31.0,42.0,30.6,57.2,1023,0
2026/7/15,10:55:17,31.9,40.0,31.1,43.0,30.6,57.1,1021,0
2026/7/15,10:55:22,31.8,41.0,31.2,43.0,30.7,56.9,1023,0
2026/7/15,10:55:27,31.8,40.0,31.0,43.0,30.7,56.6,1021,0
2026/7/15,10:55:32,31.5,41.0,31.0,43.0,30.7,56.4,1023,0
2026/7/15,10:55:37,31.7,41.0,30.9,42.0,30.8,56.3,1022,0
2026/7/15,10:55:42,31.5,41.0,31.0,43.0,30.8,56.3,1023,0
2026/7/15,10:55:47,31.4,42.0,30.8,43.0,30.8,56.3,1023,0
2026/7/15,10:55:52,31.4,42.0,30.7,43.0,30.8,56.1,1022,0
2026/7/15,10:55:57,31.5,42.0,30.7,44.0,30.9,55.9,1023,0
2026/7/15,10:56:2,31.4,42.0,30.7,44.0,30.9,55.7,1021,0
2026/7/15,10:56:7,31.3,44.0,30.7,46.0,31.0,55.6,1023,0
2026/7/15,10:56:12,31.4,48.0,30.7,46.0,31.2,55.6,1023,0
2026/7/15,10:56:17,31.5,45.0,30.7,45.0,31.3,55.6,1021,0
2026/7/15,10:56:22,31.6,44.0,30.4,47.0,31.4,55.5,1023,0
2026/7/15,10:56:27,31.5,43.0,30.5,46.0,31.5,55.4,1023,0
2026/7/15,10:56:32,31.6,43.0,30.2,46.0,31.5,55.4,1019,0
2026/7/15,10:56:37,31.5,44.0,30.6,46.0,31.6,55.4,1022,0
2026/7/15,10:56:42,31.5,43.0,30.2,46.0,31.6,55.4,1019,0
2026/7/15,10:56:47,31.4,43.0,30.1,45.0,31.6,55.2,1023,0
2026/7/15,10:56:52,31.2,42.0,30.0,45.0,31.7,55.0,1023,0
2026/7/15,10:56:57,31.2,42.0,30.6,44.0,31.7,54.9,1023,0
2026/7/15,10:57:2,31.1,43.0,30.0,45.0,31.7,54.9,1023,0
2026/7/15,10:57:7,31.2,44.0,29.9,46.0,31.8,54.8,1023,0
2026/7/15,10:57:12,31.1,44.0,30.5,46.0,31.8,54.8,1022,0
2026/7/15,10:57:17,31.1,44.0,30.2,46.0,31.8,54.7,1022,0
2026/7/15,10:57:22,31.0,44.0,30.4,45.0,31.8,54.6,1023,0
2026/7/15,10:57:27,31.0,43.0,30.2,45.0,31.8,54.3,1023,0
2026/7/15,10:57:32,31.0,43.0,30.2,44.0,31.8,54.1,1021,0
2026/7/15,10:57:37,30.8,43.0,30.2,45.0,31.8,53.9,1023,0
2026/7/15,10:57:42,30.8,43.0,30.6,46.0,31.9,53.7,1023,0
2026/7/15,10:57:47,30.7,43.0,30.3,46.0,31.9,53.7,1019,0
2026/7/15,10:57:52,30.7,43.0,30.5,45.0,31.9,53.7,1021,0
2026/7/15,10:57:57,30.6,44.0,29.8,46.0,31.9,53.6,1023,0
2026/7/15,10:58:2,30.7,43.0,30.3,46.0,31.9,53.7,1023,0
2026/7/15,10:58:7,30.6,43.0,30.5,46.0,31.9,53.5,1021,0
2026/7/15,10:58:12,30.5,43.0,30.1,45.0,31.9,53.4,1022,0
2026/7/15,10:58:17,30.6,43.0,30.0,45.0,31.9,53.2,1023,0
2026/7/15,10:58:22,30.5,43.0,29.9,45.0,31.9,53.1,1019,0
2026/7/15,10:58:27,30.6,43.0,29.9,45.0,31.9,53.1,1023,0
2026/7/15,10:58:32,30.5,44.0,29.9,45.0,31.9,53.2,1023,0
2026/7/15,10:58:37,30.6,44.0,30.5,46.0,31.9,53.3,1023,0
2026/7/15,10:58:42,30.6,44.0,29.9,47.0,31.9,53.4,1019,0
2026/7/15,10:58:47,30.5,45.0,30.5,48.0,31.9,53.4,1023,0
2026/7/15,10:58:52,30.7,45.0,29.9,47.0,31.9,53.5,1022,0
2026/7/15,10:58:57,30.7,45.0,29.9,48.0,31.9,53.7,1023,0
2026/7/15,10:59:2,30.8,45.0,30.5,48.0,31.9,53.8,1021,0
2026/7/15,10:59:7,30.6,45.0,30.5,48.0,31.9,53.8,1021,0
2026/7/15,10:59:12,30.6,44.0,30.6,48.0,31.9,53.9,1021,0
2026/7/15,10:59:17,30.6,44.0,30.6,47.0,31.9,54.0,1021,0
2026/7/15,10:59:22,30.6,45.0,30.6,48.0,31.9,54.0,1023,0
2026/7/15,10:59:27,30.5,44.0,30.6,48.0,31.9,54.0,1023,0
2026/7/15,10:59:32,30.7,44.0,30.4,47.0,31.9,54.1,1023,0
2026/7/15,10:59:37,30.6,45.0,30.5,47.0,31.9,54.1,1019,0
2026/7/15,10:59:42,30.5,44.0,30.5,47.0,31.9,54.2,1023,0
2026/7/15,10:59:47,30.7,45.0,30.3,48.0,31.9,54.3,1023,0
2026/7/15,10:59:52,30.5,45.0,30.7,47.0,31.9,54.4,1023,0
2026/7/15,10:59:57,30.6,43.0,30.5,47.0,31.9,54.3,1023,0
2026/7/15,11:0:2,30.6,42.0,30.7,45.0,31.9,53.9,1021,0
2026/7/15,11:0:7,30.6,42.0,30.7,45.0,31.9,53.6,1021,0
2026/7/15,11:0:12,30.5,43.0,30.0,45.0,31.9,53.4,1023,0
2026/7/15,11:0:17,30.6,42.0,30.7,44.0,31.9,53.4,1023,0
2026/7/15,11:0:22,30.7,43.0,30.7,44.0,31.9,53.4,1023,0
2026/7/15,11:0:27,30.5,43.0,30.7,46.0,31.9,53.4,1021,0
2026/7/15,11:0:32,30.5,44.0,30.5,46.0,31.8,53.4,1023,0
2026/7/15,11:0:37,30.6,44.0,30.3,47.0,31.9,53.4,1019,0
2026/7/15,11:0:42,30.6,45.0,30.5,46.0,31.9,53.5,1019,0
2026/7/15,11:0:47,30.6,44.0,30.4,45.0,31.9,53.7,1019,0
2026/7/15,11:0:52,30.5,45.0,30.5,45.0,31.8,53.8,1023,0
2026/7/15,11:0:57,30.5,45.0,30.6,46.0,31.9,53.9,1022,0
2026/7/15,11:1:2,30.6,44.0,30.2,46.0,31.8,53.9,1023,0
2026/7/15,11:1:7,30.6,44.0,30.6,45.0,31.8,54.1,1021,0
2026/7/15,11:1:12,30.6,44.0,30.6,46.0,31.8,54.0,1023,0
2026/7/15,11:1:17,30.6,43.0,29.9,45.0,31.9,54.0,1019,0
2026/7/15,11:1:22,30.6,43.0,30.5,45.0,31.9,53.9,1023,0
2026/7/15,11:1:27,30.5,43.0,29.9,46.0,31.8,53.9,1021,0
2026/7/15,11:1:33,30.5,43.0,30.5,47.0,31.8,53.7,1023,0
2026/7/15,11:1:38,30.5,42.0,30.1,47.0,31.8,53.5,1023,0
2026/7/15,11:1:43,30.6,42.0,29.8,47.0,31.8,53.1,1023,0
2026/7/15,11:1:48,30.5,42.0,29.8,46.0,31.8,52.8,1022,0
2026/7/15,11:1:53,30.4,42.0,29.8,47.0,31.7,52.7,1023,0
2026/7/15,11:1:58,30.5,43.0,29.8,46.0,31.7,52.7,1019,0
2026/7/15,11:2:3,30.4,43.0,30.1,45.0,31.8,52.7,1019,0
2026/7/15,11:2:8,30.5,43.0,29.8,46.0,31.7,52.8,1023,0
2026/7/15,11:2:13,30.4,43.0,29.7,46.0,31.7,52.9,1023,0
2026/7/15,11:2:18,30.4,43.0,29.8,47.0,31.7,52.9,1021,0
2026/7/15,11:2:23,30.5,43.0,30.3,48.0,31.7,52.9,1023,0
2026/7/15,11:2:28,30.4,43.0,29.8,48.0,31.7,52.9,1019,0
2026/7/15,11:2:33,30.3,43.0,29.8,49.0,31.7,52.8,1019,0
2026/7/15,11:2:38,30.3,44.0,30.5,48.0,31.7,52.9,1021,0
2026/7/15,11:2:43,30.4,45.0,29.9,47.0,31.7,53.0,1022,0
2026/7/15,11:2:48,30.2,43.0,30.5,47.0,31.7,53.0,1022,0
2026/7/15,11:2:53,30.4,43.0,29.9,46.0,31.7,53.0,1022,0
2026/7/15,11:2:58,30.3,43.0,30.2,46.0,31.6,53.0,1023,0
2026/7/15,11:3:3,30.4,43.0,29.9,45.0,31.6,53.2,1023,0
2026/7/15,11:3:8,30.4,44.0,29.9,46.0,31.6,53.3,1023,0
2026/7/15,11:3:13,30.5,43.0,30.5,45.0,31.6,53.3,1022,0
2026/7/15,11:3:18,30.5,43.0,30.5,45.0,31.6,53.3,1023,0
2026/7/15,11:3:23,30.5,44.0,29.7,46.0,31.6,53.4,1021,0
2026/7/15,11:3:28,30.7,44.0,29.6,49.0,31.6,53.5,1023,0
2026/7/15,11:3:33,30.8,44.0,29.5,51.0,31.6,53.6,1023,0
2026/7/15,11:3:38,30.8,44.0,29.1,52.0,31.6,53.6,1019,0
2026/7/15,11:3:43,31.0,44.0,28.7,52.0,31.6,53.6,1023,0
2026/7/15,11:3:48,31.2,43.0,28.2,53.0,31.6,53.8,1023,0
2026/7/15,11:3:53,31.6,46.0,28.1,54.0,31.6,53.7,1023,0
2026/7/15,11:3:58,31.6,43.0,27.7,54.0,31.6,53.8,1019,0
2026/7/15,11:4:3,31.7,41.0,27.7,54.0,31.6,53.7,1023,0
2026/7/15,11:4:8,31.8,41.0,27.1,54.0,31.6,53.8,1019,0
2026/7/15,11:4:13,31.8,41.0,27.0,54.0,31.6,53.7,1023,0
2026/7/15,11:4:18,31.9,41.0,26.7,54.0,31.6,53.5,1023,0
2026/7/15,11:4:23,31.8,41.0,26.4,58.0,31.6,53.3,1022,0
2026/7/15,11:4:28,31.9,41.0,26.5,59.0,31.6,53.2,1023,0
2026/7/15,11:4:33,31.8,41.0,25.8,59.0,31.5,53.3,1022,0
2026/7/15,11:4:38,31.8,41.0,25.6,60.0,31.5,53.4,1022,0
2026/7/15,11:4:43,31.9,41.0,25.6,61.0,31.5,53.4,1022,0
2026/7/15,11:4:48,31.9,41.0,25.5,62.0,31.5,53.5,1021,0
2026/7/15,11:4:53,32.0,41.0,25.2,62.0,31.4,53.6,1019,0
2026/7/15,11:4:58,32.0,41.0,24.8,63.0,31.4,53.6,1021,0
2026/7/15,11:5:3,32.1,41.0,25.1,64.0,31.4,53.6,1023,0
2026/7/15,11:5:8,32.3,40.0,24.6,64.0,31.4,53.5,1022,0
2026/7/15,11:5:13,32.3,40.0,24.5,65.0,31.3,53.5,1021,0
2026/7/15,11:5:18,32.6,39.0,24.5,67.0,31.3,53.6,1023,0
2026/7/15,11:5:23,32.5,39.0,24.4,68.0,31.3,53.7,1019,0
2026/7/15,11:5:28,32.7,38.0,24.2,68.0,31.3,53.8,1023,0
2026/7/15,11:5:33,32.7,38.0,24.3,69.0,31.3,53.7,1023,0
2026/7/15,11:5:38,32.8,38.0,24.3,69.0,31.3,53.5,1021,0
2026/7/15,11:5:43,33.0,39.0,24.2,70.0,31.2,53.6,1023,0
2026/7/15,11:5:48,33.1,39.0,23.7,71.0,31.2,53.6,1023,0
2026/7/15,11:5:53,33.1,39.0,23.6,72.0,31.2,53.6,1023,0
2026/7/15,11:5:58,33.3,38.0,24.0,74.0,31.2,53.5,1019,0
2026/7/15,11:6:3,33.4,37.0,23.8,76.0,31.2,53.6,1019,0
2026/7/15,11:6:8,33.4,38.0,23.4,77.0,31.1,53.7,1021,0
2026/7/15,11:6:13,33.5,38.0,23.4,77.0,31.1,53.8,1022,0
2026/7/15,11:6:18,33.5,38.0,23.5,77.0,31.1,53.9,1022,0
2026/7/15,11:6:23,33.5,38.0,23.4,79.0,31.1,54.0,1023,0
2026/7/15,11:6:28,33.6,38.0,23.4,80.0,31.1,54.1,1021,0
2026/7/15,11:6:33,33.6,38.0,23.3,81.0,31.1,54.2,1022,0
2026/7/15,11:6:38,33.7,38.0,23.3,82.0,31.1,54.4,1019,0
2026/7/15,11:6:43,33.7,37.0,23.2,83.0,31.1,54.5,1023,0
2026/7/15,11:6:48,33.8,37.0,23.3,84.0,31.0,54.5,1022,0
2026/7/15,11:6:53,33.8,36.0,23.1,84.0,31.0,54.3,1021,0
2026/7/15,11:6:58,34.0,35.0,23.2,84.0,31.0,54.0,1022,0
2026/7/15,11:7:3,34.0,35.0,23.1,85.0,31.0,53.8,1022,0
2026/7/15,11:7:8,34.2,35.0,23.1,85.0,31.0,53.8,1021,0
2026/7/15,11:7:13,34.2,35.0,23.2,85.0,31.0,53.9,1023,0
2026/7/15,11:7:18,34.2,35.0,22.6,86.0,31.0,54.0,1023,0
2026/7/15,11:7:23,34.4,35.0,23.1,86.0,31.0,54.1,1021,0
2026/7/15,11:7:28,34.4,35.0,22.6,86.0,30.9,54.2,1023,0
2026/7/15,11:7:33,34.4,35.0,22.5,86.0,30.9,54.3,1023,0
2026/7/15,11:7:38,34.5,35.0,23.0,86.0,30.9,54.3,1019,0
2026/7/15,11:7:43,34.6,34.0,23.0,87.0,30.9,54.4,1023,0
2026/7/15,11:7:48,34.6,34.0,23.0,88.0,30.9,54.5,1021,0
2026/7/15,11:7:53,34.8,34.0,23.0,89.0,30.9,54.5,1019,0
2026/7/15,11:7:58,34.7,35.0,22.6,89.0,30.9,54.5,1023,0
2026/7/15,11:8:3,34.8,35.0,22.6,90.0,30.9,54.7,1023,0
2026/7/15,11:8:8,34.7,35.0,22.5,91.0,30.9,54.8,1023,0
2026/7/15,11:8:13,34.8,35.0,22.4,91.0,30.8,54.8,1019,0
2026/7/15,11:8:18,34.7,34.0,22.5,91.0,30.8,55.1,1022,0
2026/7/15,11:8:23,34.8,34.0,22.5,91.0,30.8,55.0,1022,0
2026/7/15,11:8:28,34.8,34.0,22.5,92.0,30.8,55.1,1022,0
2026/7/15,11:8:33,34.8,34.0,22.5,92.0,30.8,54.8,1023,0
2026/7/15,11:8:38,34.8,34.0,22.6,92.0,30.8,54.6,1019,0
2026/7/15,11:8:43,34.9,34.0,22.4,92.0,30.7,54.3,1021,0
2026/7/15,11:8:48,34.8,34.0,22.4,93.0,30.7,54.3,1021,0
2026/7/15,11:8:53,34.8,34.0,22.4,93.0,30.7,54.3,1019,0
2026/7/15,11:8:58,34.8,34.0,22.4,92.0,30.7,54.3,1023,0
2026/7/15,11:9:3,34.7,34.0,22.4,92.0,30.7,54.2,1021,0
2026/7/15,11:9:8,34.6,34.0,22.4,92.0,30.6,54.2,1021,0
2026/7/15,11:9:13,34.6,34.0,22.4,92.0,30.6,54.2,1021,0
2026/7/15,11:9:18,34.6,34.0,22.4,92.0,30.6,54.3,1021,0
2026/7/15,11:9:23,34.7,34.0,22.3,93.0,30.6,54.4,1022,0
2026/7/15,11:9:28,34.6,34.0,22.4,93.0,30.6,54.5,1023,0
2026/7/15,11:9:33,34.5,35.0,22.3,94.0,30.5,54.9,1023,0
2026/7/15,11:9:38,34.6,35.0,22.3,93.0,30.5,55.1,1023,0
2026/7/15,11:9:43,34.7,35.0,22.3,94.0,30.5,55.1,1021,0
2026/7/15,11:9:48,34.6,35.0,22.3,94.0,30.5,55.3,1023,0
2026/7/15,11:9:53,34.9,35.0,22.4,94.0,30.5,55.3,1022,0
2026/7/15,11:9:58,34.6,34.0,22.3,94.0,30.5,55.5,1021,0
2026/7/15,11:10:3,34.7,34.0,22.3,94.0,30.5,55.5,1021,0
2026/7/15,11:10:8,34.8,35.0,22.3,95.0,30.5,55.6,1021,0
2026/7/15,11:10:13,34.8,35.0,22.3,95.0,30.5,55.7,1023,0
2026/7/15,11:10:18,34.6,35.0,22.3,95.0,30.5,55.8,1023,0
2026/7/15,11:10:23,34.8,35.0,22.2,95.0,30.5,55.8,1023,0
2026/7/15,11:10:28,34.7,35.0,22.3,95.0,30.5,55.9,1021,0
2026/7/15,11:10:33,34.6,34.0,22.3,95.0,30.5,56.0,1023,0
2026/7/15,11:10:38,34.7,34.0,22.3,95.0,30.5,56.0,1021,0
2026/7/15,11:10:43,34.6,35.0,22.3,95.0,30.5,56.0,1022,0
2026/7/15,11:10:48,34.8,35.0,22.3,95.0,30.5,56.0,1021,0
2026/7/15,11:10:53,34.8,34.0,22.2,95.0,30.5,55.4,1021,0
2026/7/15,11:10:58,34.8,34.0,22.2,95.0,30.4,55.1,1023,0
2026/7/15,11:11:3,34.8,33.0,22.3,95.0,30.5,54.8,1023,0
2026/7/15,11:11:8,34.6,33.0,22.2,95.0,30.4,54.8,1023,0
2026/7/15,11:11:13,34.8,33.0,22.2,95.0,30.4,54.9,1019,0
2026/7/15,11:11:18,34.8,33.0,22.1,95.0,30.4,54.8,1019,0
2026/7/15,11:11:23,34.8,33.0,22.2,95.0,30.4,54.4,1023,0
2026/7/15,11:11:28,34.9,33.0,22.3,95.0,30.4,54.1,1019,0
2026/7/15,11:11:33,35.0,33.0,22.3,95.0,30.4,54.0,1023,0
2026/7/15,11:11:38,34.8,33.0,22.3,95.0,30.3,54.0,1021,0
2026/7/15,11:11:43,34.9,33.0,22.3,95.0,30.3,54.0,1023,0
2026/7/15,11:11:48,34.9,33.0,22.3,95.0,30.3,54.3,1019,0
2026/7/15,11:11:53,34.9,33.0,22.3,95.0,30.3,54.3,1023,0
2026/7/15,11:11:58,34.9,33.0,22.2,95.0,30.3,54.4,1019,0
2026/7/15,11:12:3,34.7,33.0,22.3,95.0,30.3,54.3,1021,0
2026/7/15,11:12:8,34.8,33.0,22.3,95.0,30.2,54.4,1019,0
2026/7/15,11:12:13,34.9,33.0,22.3,95.0,30.2,54.5,1023,0
2026/7/15,11:12:18,35.0,33.0,22.2,95.0,30.2,54.5,1023,0
2026/7/15,11:12:23,34.8,34.0,22.2,95.0,30.2,54.7,1023,0
2026/7/15,11:12:28,34.9,34.0,22.2,95.0,30.2,54.9,1019,0
2026/7/15,11:12:33,35.0,34.0,22.2,95.0,30.2,55.1,1019,0
2026/7/15,11:12:38,34.8,34.0,22.2,95.0,30.2,55.1,1023,0
2026/7/15,11:12:43,35.0,34.0,22.1,95.0,30.2,55.2,1022,0
2026/7/15,11:12:48,35.0,34.0,22.1,95.0,30.2,55.3,1023,0
2026/7/15,11:12:53,35.0,34.0,22.2,95.0,30.1,55.3,1022,0
2026/7/15,11:12:58,35.0,34.0,22.0,95.0,30.2,55.4,1023,0
2026/7/15,11:13:3,35.0,34.0,22.2,95.0,30.2,55.5,1021,0
2026/7/15,11:13:8,34.9,34.0,22.1,95.0,30.2,55.6,1023,0
2026/7/15,11:13:13,35.0,34.0,22.2,95.0,30.2,55.6,1021,0
2026/7/15,11:13:18,35.0,34.0,22.0,95.0,30.2,55.8,1021,0
2026/7/15,11:13:24,35.0,33.0,22.2,95.0,30.2,55.8,1023,0
2026/7/15,11:13:29,35.0,33.0,22.2,95.0,30.2,55.8,1023,0
2026/7/15,11:13:34,35.0,33.0,22.0,95.0,30.2,55.7,1021,0
2026/7/15,11:13:39,34.8,33.0,22.2,95.0,30.2,55.7,1023,0
2026/7/15,11:13:44,34.8,33.0,22.2,95.0,30.2,55.8,1021,0
2026/7/15,11:13:49,34.8,33.0,22.2,95.0,30.2,55.7,1021,0
2026/7/15,11:13:54,34.6,33.0,22.2,95.0,30.2,55.6,1023,0
2026/7/15,11:13:59,34.7,34.0,22.2,95.0,30.2,55.3,1019,0
2026/7/15,11:14:4,34.6,33.0,22.1,95.0,30.2,55.2,1019,0
2026/7/15,11:14:9,34.7,33.0,22.2,95.0,30.2,54.7,1022,0
2026/7/15,11:14:14,34.4,33.0,22.2,95.0,30.1,54.7,1022,0
2026/7/15,11:14:19,34.3,33.0,22.2,95.0,30.1,54.8,1021,0
2026/7/15,11:14:24,34.2,34.0,22.2,95.0,30.1,54.8,1023,0
2026/7/15,11:14:29,34.4,34.0,22.2,95.0,30.1,54.9,1023,0
2026/7/15,11:14:34,34.1,34.0,21.8,94.0,30.1,54.8,1023,0
2026/7/15,11:14:39,34.3,34.0,21.7,94.0,30.1,55.0,1023,0
2026/7/15,11:14:44,34.1,34.0,22.1,95.0,30.1,55.1,1023,0
2026/7/15,11:14:49,34.0,34.0,21.7,94.0,30.1,55.2,1023,0
2026/7/15,11:14:54,34.0,35.0,22.1,95.0,30.1,55.1,1023,0
2026/7/15,11:14:59,34.0,35.0,22.1,95.0,30.1,55.1,1019,0
2026/7/15,11:15:4,34.0,35.0,22.1,95.0,30.1,55.2,1023,0
2026/7/15,11:15:9,34.0,35.0,22.2,95.0,30.1,55.3,1023,0
2026/7/15,11:15:14,34.6,35.0,22.2,95.0,30.1,55.5,1021,0
2026/7/15,11:15:19,33.9,36.0,22.1,95.0,30.1,55.6,1022,0
2026/7/15,11:15:24,33.9,36.0,22.2,95.0,30.1,55.7,1022,0
2026/7/15,11:15:29,33.9,36.0,22.1,95.0,30.1,55.8,1021,0
2026/7/15,11:15:34,33.9,36.0,22.1,95.0,30.1,55.9,1023,0
2026/7/15,11:15:39,33.9,36.0,22.2,95.0,30.1,55.9,1019,0
2026/7/15,11:15:44,33.9,36.0,22.1,95.0,30.1,56.0,1023,0
2026/7/15,11:15:49,33.8,36.0,22.2,95.0,30.1,56.0,1022,0
2026/7/15,11:15:54,33.8,36.0,21.6,94.0,30.1,56.0,1023,0
2026/7/15,11:15:59,33.9,37.0,21.6,94.0,30.1,56.0,1021,0
2026/7/15,11:16:4,33.7,37.0,22.0,95.0,30.1,56.1,1023,0
2026/7/15,11:16:9,33.8,37.0,22.1,95.0,30.1,56.3,1021,0
2026/7/15,11:16:14,33.8,37.0,22.1,95.0,30.1,56.4,1023,0
2026/7/15,11:16:19,33.8,37.0,22.1,95.0,30.1,56.5,1023,0
2026/7/15,11:16:24,33.7,37.0,21.6,94.0,30.1,56.6,1023,0
2026/7/15,11:16:29,33.7,37.0,22.1,95.0,30.1,56.7,1022,0
2026/7/15,11:16:34,33.7,37.0,22.1,95.0,30.1,56.3,1022,0
2026/7/15,11:16:39,33.7,36.0,21.8,94.0,30.1,56.1,1022,0
2026/7/15,11:16:44,33.7,36.0,22.0,95.0,30.1,56.1,1023,0
2026/7/15,11:16:49,33.7,36.0,22.1,95.0,30.1,56.1,1023,0
2026/7/15,11:16:54,33.7,36.0,22.1,95.0,30.1,56.1,1023,0
2026/7/15,11:16:59,33.7,37.0,22.1,95.0,30.1,56.2,1021,0
2026/7/15,11:17:4,33.7,37.0,22.1,95.0,30.1,56.3,1019,0
2026/7/15,11:17:9,33.7,37.0,22.1,95.0,30.1,56.3,1022,0
2026/7/15,11:17:14,33.7,37.0,21.6,94.0,30.1,56.3,1023,0
2026/7/15,11:17:19,33.7,37.0,22.1,95.0,30.2,56.3,1023,0
2026/7/15,11:17:24,33.7,37.0,22.1,95.0,30.1,56.4,1023,0
2026/7/15,11:17:29,33.7,37.0,21.5,94.0,30.2,56.5,1021,0
2026/7/15,11:17:34,33.7,38.0,21.9,94.0,30.2,56.6,1019,0
2026/7/15,11:17:39,33.6,38.0,22.1,95.0,30.2,56.6,1022,0
2026/7/15,11:17:44,33.5,38.0,22.1,95.0,30.2,56.8,1023,0
2026/7/15,11:17:49,33.6,38.0,21.6,94.0,30.2,56.8,1023,0
2026/7/15,11:17:54,33.6,38.0,22.2,95.0,30.2,56.8,1023,0
2026/7/15,11:17:59,33.5,38.0,22.1,95.0,30.2,56.8,1021,0
2026/7/15,11:18:4,33.5,38.0,21.6,94.0,30.2,56.9,1022,0
2026/7/15,11:18:9,33.5,38.0,22.1,95.0,30.2,56.9,1023,0
2026/7/15,11:18:14,33.2,39.0,22.1,95.0,30.2,56.7,1022,0
2026/7/15,11:18:19,33.5,38.0,21.6,94.0,30.2,56.6,1023,0
2026/7/15,11:18:24,33.5,38.0,22.1,95.0,30.2,56.6,1019,0
2026/7/15,11:18:29,33.5,38.0,21.6,94.0,30.2,56.6,1022,0
2026/7/15,11:18:34,33.2,39.0,22.1,95.0,30.3,56.7,1021,0
2026/7/15,11:18:39,33.3,38.0,21.9,94.0,30.2,56.8,1019,0
2026/7/15,11:18:44,33.2,39.0,21.9,94.0,30.3,56.9,1019,0
2026/7/15,11:18:49,33.1,39.0,22.1,95.0,30.3,57.0,1023,0
2026/7/15,11:18:54,33.1,39.0,22.0,95.0,30.3,57.1,1023,0
2026/7/15,11:18:59,33.1,39.0,21.9,94.0,30.3,57.1,1022,0
2026/7/15,11:19:4,33.2,39.0,22.0,95.0,30.3,57.1,1023,0
2026/7/15,11:19:9,33.0,39.0,22.1,95.0,30.3,57.1,1023,0
2026/7/15,11:19:14,33.0,39.0,21.5,94.0,30.3,57.1,1023,0
2026/7/15,11:19:19,33.2,39.0,21.9,94.0,30.3,56.8,1023,0
2026/7/15,11:19:24,33.1,39.0,22.1,95.0,30.3,56.8,1023,0
2026/7/15,11:19:29,33.1,39.0,21.6,94.0,30.3,56.9,1021,0
2026/7/15,11:19:34,32.9,38.0,21.6,94.0,30.3,56.8,1021,0
2026/7/15,11:19:39,32.8,38.0,22.1,95.0,30.3,56.7,1023,0
2026/7/15,11:19:44,33.0,39.0,21.7,94.0,30.3,56.6,1023,0
2026/7/15,11:19:49,32.9,39.0,21.6,94.0,30.3,56.7,1022,0
2026/7/15,11:19:54,33.0,40.0,22.1,95.0,30.3,56.8,1023,0
2026/7/15,11:19:59,32.9,39.0,22.1,95.0,30.3,56.5,1023,0
2026/7/15,11:20:4,32.6,38.0,21.6,94.0,30.3,56.5,1022,0
2026/7/15,11:20:9,32.6,38.0,22.0,95.0,30.3,56.3,1019,0
2026/7/15,11:20:14,33.1,39.0,22.1,95.0,30.3,56.2,1023,0
2026/7/15,11:20:19,32.5,38.0,22.1,95.0,30.3,56.2,1019,0
2026/7/15,11:20:24,32.5,38.0,22.1,95.0,30.3,56.2,1023,0
2026/7/15,11:20:29,32.5,39.0,22.1,95.0,30.3,56.3,1023,0
2026/7/15,11:20:34,32.4,39.0,21.9,94.0,30.3,56.3,1022,0
2026/7/15,11:20:39,32.4,39.0,22.1,95.0,30.3,56.4,1019,0
2026/7/15,11:20:44,32.3,39.0,22.0,95.0,30.3,56.3,1023,0
2026/7/15,11:20:49,32.3,39.0,22.1,95.0,30.3,56.4,1023,0
2026/7/15,11:20:54,32.2,39.0,21.6,94.0,30.3,56.3,1023,0
2026/7/15,11:20:59,32.2,39.0,21.9,94.0,30.3,56.3,1023,0
2026/7/15,11:21:4,32.2,40.0,21.6,94.0,30.3,56.4,1022,0
2026/7/15,11:21:9,32.2,40.0,21.7,94.0,30.4,56.4,1023,0
2026/7/15,11:21:14,32.2,40.0,21.9,94.0,30.4,56.4,1023,0
2026/7/15,11:21:19,32.1,40.0,22.0,95.0,30.3,56.5,1023,0
2026/7/15,11:21:24,32.1,40.0,22.0,95.0,30.3,56.5,1023,0
2026/7/15,11:21:29,32.2,40.0,22.1,95.0,30.4,56.6,1021,0
2026/7/15,11:21:34,32.1,39.0,21.5,94.0,30.4,56.4,1021,0
2026/7/15,11:21:39,32.1,39.0,22.0,95.0,30.4,56.3,1023,0
2026/7/15,11:21:44,32.0,40.0,21.6,94.0,30.4,56.3,1022,0
2026/7/15,11:21:49,32.0,40.0,22.1,95.0,30.4,56.4,1021,0
2026/7/15,11:21:54,32.0,40.0,22.0,95.0,30.4,56.4,1021,0
2026/7/15,11:21:59,32.0,41.0,21.5,94.0,30.4,56.5,1021,0
2026/7/15,11:22:4,32.0,41.0,22.0,95.0,30.4,56.5,1023,0
2026/7/15,11:22:9,32.1,40.0,22.0,95.0,30.4,56.6,1022,0
2026/7/15,11:22:14,32.0,40.0,21.5,94.0,30.4,56.6,1023,0
2026/7/15,11:22:19,32.0,40.0,21.5,94.0,30.4,56.5,1021,0
2026/7/15,11:22:24,32.1,41.0,22.1,95.0,30.4,56.5,1019,0
2026/7/15,11:22:29,32.0,41.0,21.5,94.0,30.4,56.6,1021,0
2026/7/15,11:22:34,32.0,41.0,22.1,95.0,30.4,56.6,1023,0
2026/7/15,11:22:39,32.0,41.0,22.0,95.0,30.4,56.6,1023,0
2026/7/15,11:22:44,32.0,41.0,21.6,94.0,30.4,56.5,1019,0
2026/7/15,11:22:49,32.0,41.0,21.5,94.0,30.4,56.2,1019,0
2026/7/15,11:22:54,32.0,40.0,21.6,94.0,30.4,55.9,1021,0
2026/7/15,11:22:59,32.0,40.0,22.0,95.0,30.4,55.6,1021,0
2026/7/15,11:23:4,32.0,40.0,21.6,94.0,30.4,55.4,1021,0
2026/7/15,11:23:9,32.0,40.0,22.1,95.0,30.4,55.4,1019,0
2026/7/15,11:23:14,32.0,40.0,22.1,95.0,30.4,55.4,1023,0
2026/7/15,11:23:19,32.0,40.0,21.6,94.0,30.4,55.6,1021,0
2026/7/15,11:23:24,32.0,40.0,22.0,95.0,30.4,55.7,1019,0
2026/7/15,11:23:29,32.0,40.0,22.0,95.0,30.4,55.8,1023,0
2026/7/15,11:23:34,32.0,40.0,21.5,94.0,30.4,55.8,1023,0
2026/7/15,11:23:39,32.0,41.0,22.1,95.0,30.4,55.9,1023,0
2026/7/15,11:23:44,32.0,41.0,22.0,95.0,30.4,56.1,1019,0
2026/7/15,11:23:49,32.0,41.0,22.0,95.0,30.4,56.2,1023,0
2026/7/15,11:23:54,32.0,41.0,22.1,95.0,30.4,56.3,1019,0
2026/7/15,11:23:59,32.1,41.0,22.1,95.0,30.4,56.3,1023,0
2026/7/15,11:24:4,32.0,40.0,22.1,95.0,30.4,55.8,1023,0
2026/7/15,11:24:9,32.1,39.0,21.7,94.0,30.4,55.6,1023,0
2026/7/15,11:24:14,32.1,39.0,22.1,95.0,30.3,55.5,1023,0
2026/7/15,11:24:19,32.0,39.0,22.1,95.0,30.3,55.4,1023,0
2026/7/15,11:24:24,32.2,39.0,21.6,94.0,30.3,55.4,1023,0
2026/7/15,11:24:29,32.2,39.0,22.0,95.0,30.4,55.4,1022,0
2026/7/15,11:24:34,32.2,39.0,22.1,95.0,30.3,55.4,1023,0
2026/7/15,11:24:39,32.2,39.0,22.1,95.0,30.4,55.4,1023,0
2026/7/15,11:24:44,32.1,39.0,22.0,95.0,30.3,55.5,1022,0
2026/7/15,11:24:49,32.2,39.0,21.8,94.0,30.3,55.5,1019,0
2026/7/15,11:24:54,32.2,39.0,22.1,95.0,30.3,55.2,1021,0
2026/7/15,11:24:59,32.2,38.0,22.1,95.0,30.3,55.0,1022,0
2026/7/15,11:25:5,32.2,38.0,21.6,94.0,30.3,54.9,1019,0
2026/7/15,11:25:10,32.2,38.0,22.1,95.0,30.3,54.7,1022,0
2026/7/15,11:25:15,32.1,38.0,21.5,94.0,30.3,54.8,1019,0
2026/7/15,11:25:20,32.2,38.0,21.6,94.0,30.3,54.8,1021,0
2026/7/15,11:25:25,32.2,38.0,22.1,95.0,30.2,54.7,1021,0
2026/7/15,11:25:30,32.2,38.0,22.1,95.0,30.3,54.8,1021,0
2026/7/15,11:25:35,32.2,38.0,22.1,95.0,30.3,54.9,1022,0
2026/7/15,11:25:40,32.2,38.0,22.1,95.0,30.3,55.0,1022,0
2026/7/15,11:25:45,32.1,39.0,22.0,95.0,30.3,55.0,1021,0
2026/7/15,11:25:50,32.2,39.0,22.1,95.0,30.2,55.0,1023,0
2026/7/15,11:25:55,32.2,39.0,22.0,95.0,30.2,55.2,1023,0
2026/7/15,11:26:0,32.2,39.0,21.6,94.0,30.2,55.1,1019,0
2026/7/15,11:26:5,32.2,39.0,21.5,94.0,30.2,55.2,1023,0
2026/7/15,11:26:10,32.2,38.0,22.0,95.0,30.2,55.2,1019,0
2026/7/15,11:26:15,32.2,38.0,21.6,94.0,30.2,55.3,1019,0
2026/7/15,11:26:20,32.2,39.0,22.1,95.0,30.2,55.3,1023,0
2026/7/15,11:26:25,32.2,39.0,22.1,95.0,30.2,55.2,1021,0
2026/7/15,11:26:30,32.2,39.0,21.9,94.0,30.2,55.2,1021,0
2026/7/15,11:26:35,32.2,39.0,21.6,94.0,30.2,55.2,1022,0
2026/7/15,11:26:40,32.2,39.0,21.9,94.0,30.2,55.2,1019,0
2026/7/15,11:26:45,32.1,39.0,22.0,95.0,30.2,55.3,1019,0
2026/7/15,11:26:50,32.2,39.0,22.1,95.0,30.2,55.6,1021,0
2026/7/15,11:26:55,32.1,39.0,22.0,95.0,30.2,55.5,1023,0
2026/7/15,11:27:0,32.2,39.0,22.0,95.0,30.2,55.6,1021,0
2026/7/15,11:27:5,32.1,39.0,21.5,94.0,30.2,55.6,1023,0
2026/7/15,11:27:10,32.1,39.0,21.5,94.0,30.2,55.6,1023,0
2026/7/15,11:27:15,32.2,39.0,22.1,95.0,30.2,55.6,1023,0
2026/7/15,11:27:20,32.1,40.0,22.0,95.0,30.2,55.7,1023,0
2026/7/15,11:27:25,32.1,39.0,22.1,95.0,30.2,55.5,1021,0
2026/7/15,11:27:30,32.1,39.0,22.0,95.0,30.2,55.4,1022,0
2026/7/15,11:27:35,32.1,39.0,22.0,95.0,30.1,55.4,1023,0
2026/7/15,11:27:40,32.2,39.0,21.9,94.0,30.1,55.2,1021,0
2026/7/15,11:27:45,32.2,39.0,22.1,95.0,30.1,55.0,1023,0
2026/7/15,11:27:50,32.0,39.0,21.5,94.0,30.1,55.0,1022,0
2026/7/15,11:27:55,32.2,39.0,21.5,94.0,30.1,55.0,1023,0
2026/7/15,11:28:0,32.1,39.0,22.1,95.0,30.1,55.1,1023,0
2026/7/15,11:28:5,32.1,39.0,22.0,95.0,30.1,55.1,1021,0
2026/7/15,11:28:10,32.1,39.0,22.1,95.0,30.1,55.3,1022,0
2026/7/15,11:28:15,32.1,39.0,22.1,95.0,30.1,55.3,1023,0
2026/7/15,11:28:20,32.1,39.0,22.0,95.0,30.1,55.3,1023,0
2026/7/15,11:28:25,32.1,40.0,21.5,94.0,30.1,55.5,1023,0
2026/7/15,11:28:30,32.1,40.0,22.1,95.0,30.1,55.5,1023,0
2026/7/15,11:28:35,32.1,39.0,21.6,94.0,30.1,55.6,1023,0
2026/7/15,11:28:40,32.2,39.0,22.0,95.0,30.2,55.7,1019,0
2026/7/15,11:28:45,32.1,39.0,22.0,95.0,30.1,55.7,1021,0
2026/7/15,11:28:50,32.1,39.0,21.6,94.0,30.2,55.5,1023,0
2026/7/15,11:28:55,32.1,39.0,21.5,94.0,30.1,55.4,1023,0
2026/7/15,11:29:0,32.0,39.0,22.0,95.0,30.2,55.5,1022,0
2026/7/15,11:29:5,32.0,39.0,22.0,95.0,30.2,55.6,1023,0
2026/7/15,11:29:10,32.1,40.0,22.0,95.0,30.2,55.8,1023,0
2026/7/15,11:29:15,32.1,40.0,22.1,95.0,30.2,55.7,1023,0
2026/7/15,11:29:20,32.1,40.0,21.7,94.0,30.2,55.7,1023,0
2026/7/15,11:29:25,32.0,40.0,21.5,94.0,30.2,55.7,1021,0
2026/7/15,11:29:30,32.1,40.0,22.1,95.0,30.2,55.8,1022,0
2026/7/15,11:29:35,32.0,40.0,22.0,95.0,30.2,55.8,1023,0
2026/7/15,11:29:40,32.1,40.0,22.0,95.0,30.2,55.8,1019,0
2026/7/15,11:29:45,32.1,40.0,21.5,94.0,30.2,55.8,1021,0
2026/7/15,11:29:50,32.0,40.0,21.6,94.0,30.2,55.9,1023,0
2026/7/15,11:29:55,32.0,41.0,22.1,95.0,30.2,55.9,1021,0
2026/7/15,11:30:0,32.0,41.0,22.0,95.0,30.2,56.0,1019,0
2026/7/15,11:30:5,32.0,41.0,21.5,94.0,30.2,56.0,1022,0
2026/7/15,11:30:10,32.0,41.0,22.1,95.0,30.2,56.1,1021,0
2026/7/15,11:30:15,32.1,41.0,22.1,95.0,30.2,56.4,1022,0
2026/7/15,11:30:20,32.0,42.0,22.0,95.0,30.2,56.7,1019,0
2026/7/15,11:30:25,32.1,42.0,21.9,94.0,30.2,56.9,1022,0
2026/7/15,11:30:30,32.1,41.0,21.5,94.0,30.3,57.0,1023,0
2026/7/15,11:30:35,32.0,40.0,22.1,95.0,30.3,57.1,1023,0
2026/7/15,11:30:40,32.0,40.0,22.1,95.0,30.2,57.0,1023,0
2026/7/15,11:30:45,32.0,40.0,22.1,95.0,30.3,56.9,1023,0
2026/7/15,11:30:50,32.0,40.0,22.0,95.0,30.3,56.9,1019,0
2026/7/15,11:30:55,32.0,40.0,22.1,95.0,30.3,56.8,1022,0
2026/7/15,11:31:0,32.0,40.0,22.1,95.0,30.3,56.7,1022,0
2026/7/15,11:31:5,32.0,40.0,21.9,94.0,30.3,56.7,1023,0
2026/7/15,11:31:10,32.0,40.0,21.6,94.0,30.3,56.6,1022,0
2026/7/15,11:31:15,32.0,40.0,21.7,94.0,30.3,56.6,1019,0
2026/7/15,11:31:20,32.0,40.0,22.1,95.0,30.3,56.6,1023,0
2026/7/15,11:31:25,32.0,40.0,21.6,94.0,30.3,56.5,1022,0
2026/7/15,11:31:30,32.0,40.0,22.0,95.0,30.3,56.4,1022,0
2026/7/15,11:31:35,32.0,40.0,22.1,95.0,30.3,56.3,1019,0
2026/7/15,11:31:40,32.0,40.0,22.1,95.0,30.3,56.3,1023,0
2026/7/15,11:31:45,32.0,39.0,21.6,94.0,30.3,56.2,1019,0
2026/7/15,11:31:50,32.0,39.0,21.5,94.0,30.3,56.2,1023,0
2026/7/15,11:31:55,32.0,40.0,21.6,94.0,30.3,56.2,1023,0
2026/7/15,11:32:0,31.9,40.0,22.1,95.0,30.3,56.2,1021,0
2026/7/15,11:32:5,31.8,40.0,21.7,94.0,30.3,56.3,1019,0
2026/7/15,11:32:10,31.7,40.0,22.1,95.0,30.3,56.2,1023,0
2026/7/15,11:32:15,31.7,40.0,22.0,95.0,30.3,56.3,1021,0
2026/7/15,11:32:20,31.7,40.0,21.6,94.0,30.3,56.2,1022,0
2026/7/15,11:32:25,31.7,40.0,22.1,95.0,30.3,56.2,1023,0
2026/7/15,11:32:30,31.7,41.0,21.6,94.0,30.3,56.2,1023,0
2026/7/15,11:32:35,31.7,41.0,22.1,95.0,30.3,56.3,1023,0
2026/7/15,11:32:40,31.7,41.0,21.9,94.0,30.3,56.2,1022,0
2026/7/15,11:32:45,31.6,41.0,21.6,94.0,30.3,56.1,1022,0
2026/7/15,11:32:50,31.7,41.0,22.1,95.0,30.3,56.1,1019,0
2026/7/15,11:32:55,31.7,41.0,21.6,94.0,30.3,56.2,1021,0
2026/7/15,11:33:0,31.6,42.0,21.9,94.0,30.3,56.3,1022,0
2026/7/15,11:33:5,31.5,42.0,21.9,94.0,30.3,56.3,1021,0
2026/7/15,11:33:10,31.6,42.0,22.1,95.0,30.3,56.4,1022,0
2026/7/15,11:33:15,31.5,42.0,22.1,95.0,30.3,56.5,1022,0
2026/7/15,11:33:20,31.6,42.0,22.1,95.0,30.3,56.5,1023,0
2026/7/15,11:33:25,31.5,42.0,21.9,94.0,30.3,56.6,1019,0
2026/7/15,11:33:30,31.6,42.0,21.9,94.0,30.3,56.6,1021,0
2026/7/15,11:33:35,31.7,42.0,21.9,94.0,30.3,56.6,1023,0
2026/7/15,11:33:40,31.5,42.0,22.1,95.0,30.3,56.4,1023,0
2026/7/15,11:33:45,31.6,42.0,21.9,94.0,30.3,56.5,1019,0
2026/7/15,11:33:50,31.6,42.0,22.1,95.0,30.3,56.5,1021,0
2026/7/15,11:33:55,31.5,42.0,21.8,94.0,30.3,56.5,1022,0
2026/7/15,11:34:0,31.5,42.0,22.1,95.0,30.3,56.4,1023,0
2026/7/15,11:34:5,31.7,42.0,21.9,94.0,30.3,56.4,1022,0
2026/7/15,11:34:10,31.5,41.0,21.6,94.0,30.3,56.3,1022,0
2026/7/15,11:34:15,31.6,41.0,21.9,94.0,30.3,55.9,1023,0
2026/7/15,11:34:20,31.4,41.0,22.1,95.0,30.3,55.9,1023,0
2026/7/15,11:34:25,31.4,41.0,21.6,94.0,30.2,55.9,1023,0
2026/7/15,11:34:30,31.4,41.0,22.1,95.0,30.3,56.0,1023,0
2026/7/15,11:34:35,31.5,41.0,21.7,94.0,30.3,56.1,1023,0
2026/7/15,11:34:40,31.2,42.0,22.0,95.0,30.2,56.2,1022,0
2026/7/15,11:34:45,31.2,42.0,21.8,94.0,30.3,56.3,1019,0
2026/7/15,11:34:50,31.4,42.0,21.6,94.0,30.3,56.3,1023,0
2026/7/15,11:34:55,31.2,42.0,21.8,94.0,30.2,56.3,1023,0
2026/7/15,11:35:0,31.1,42.0,21.9,94.0,30.3,56.4,1022,0
2026/7/15,11:35:5,31.4,42.0,22.1,95.0,30.3,56.5,1021,0
2026/7/15,11:35:10,31.1,43.0,21.9,94.0,30.3,56.6,1023,0
2026/7/15,11:35:15,31.5,43.0,21.6,94.0,30.3,56.7,1022,0
2026/7/15,11:35:20,31.1,43.0,21.9,94.0,30.3,56.8,1023,0
2026/7/15,11:35:25,31.1,44.0,21.6,94.0,30.3,56.8,1023,0
2026/7/15,11:35:30,31.7,43.0,22.1,95.0,30.3,56.9,1019,0
2026/7/15,11:35:35,31.7,43.0,21.7,94.0,30.3,56.8,1021,0
2026/7/15,11:35:40,31.7,43.0,22.1,95.0,30.3,56.7,1021,0
2026/7/15,11:35:45,31.1,43.0,21.9,94.0,30.3,56.7,1021,0
2026/7/15,11:35:50,31.1,43.0,22.0,95.0,30.3,56.7,1023,0
2026/7/15,11:35:55,31.0,43.0,21.7,94.0,30.3,56.7,1023,0
2026/7/15,11:36:0,31.0,43.0,21.9,94.0,30.3,56.8,1022,0
2026/7/15,11:36:5,31.0,43.0,22.0,95.0,30.3,56.8,1023,0
2026/7/15,11:36:11,31.0,43.0,22.0,95.0,30.3,56.9,1019,0
2026/7/15,11:36:16,31.0,44.0,21.9,94.0,30.3,57.0,1021,0
2026/7/15,11:36:21,31.0,44.0,22.1,95.0,30.4,57.1,1019,0
2026/7/15,11:36:26,31.0,44.0,22.0,95.0,30.4,57.1,1021,0
2026/7/15,11:36:31,31.0,44.0,21.9,94.0,30.4,57.2,1021,0
2026/7/15,11:36:36,31.0,43.0,22.1,95.0,30.4,57.1,1022,0
2026/7/15,11:36:41,31.7,43.0,22.0,95.0,30.4,57.1,1023,0
2026/7/15,11:36:46,31.0,43.0,21.6,94.0,30.4,57.1,1019,0
2026/7/15,11:36:51,31.0,43.0,21.9,94.0,30.4,56.9,1022,0
2026/7/15,11:36:56,31.0,43.0,22.1,95.0,30.4,56.8,1019,0
2026/7/15,11:37:1,31.2,43.0,21.6,94.0,30.4,56.8,1022,0
2026/7/15,11:37:6,31.0,42.0,21.9,94.0,30.4,56.6,1023,0
2026/7/15,11:37:11,31.6,42.0,22.1,95.0,30.4,56.6,1019,0
2026/7/15,11:37:16,31.0,42.0,21.8,94.0,30.4,56.6,1019,0
2026/7/15,11:37:21,31.6,42.0,22.1,95.0,30.4,56.6,1019,0
2026/7/15,11:37:26,31.0,43.0,21.7,94.0,30.4,56.7,1021,0
2026/7/15,11:37:31,31.6,43.0,22.0,95.0,30.4,56.6,1022,0
2026/7/15,11:37:36,31.6,43.0,22.0,95.0,30.4,56.5,1021,0
2026/7/15,11:37:41,31.6,43.0,21.8,94.0,30.4,56.3,1023,0
2026/7/15,11:37:46,31.0,43.0,22.1,95.0,30.4,56.3,1022,0
2026/7/15,11:37:51,31.0,43.0,22.1,95.0,30.4,56.3,1021,0
2026/7/15,11:37:56,31.0,43.0,22.0,95.0,30.4,56.3,1019,0
2026/7/15,11:38:1,31.0,43.0,22.1,95.0,30.4,56.3,1022,0
2026/7/15,11:38:6,31.0,43.0,21.7,94.0,30.4,56.1,1021,0
2026/7/15,11:38:11,31.0,43.0,22.0,95.0,30.4,56.1,1023,0
2026/7/15,11:38:16,31.0,43.0,21.9,94.0,30.4,56.2,1023,0
2026/7/15,11:38:21,31.0,43.0,22.0,95.0,30.4,56.2,1023,0
2026/7/15,11:38:26,31.5,43.0,21.8,94.0,30.4,56.3,1021,0
2026/7/15,11:38:31,31.0,42.0,21.7,94.0,30.4,56.3,1022,0
2026/7/15,11:38:36,31.0,42.0,21.8,94.0,30.4,56.4,1023,0
2026/7/15,11:38:41,31.4,42.0,22.1,95.0,30.4,56.4,1021,0
2026/7/15,11:38:46,30.9,41.0,21.8,94.0,30.5,56.3,1023,0
2026/7/15,11:38:51,30.9,41.0,22.1,95.0,30.5,56.3,1023,0
2026/7/15,11:38:56,30.9,41.0,22.1,95.0,30.5,56.4,1023,0
2026/7/15,11:39:1,31.0,43.0,22.1,95.0,30.5,56.4,1022,0
2026/7/15,11:39:6,31.0,42.0,22.1,95.0,30.5,56.3,1021,0
2026/7/15,11:39:11,31.5,42.0,22.1,95.0,30.5,56.1,1023,0
2026/7/15,11:39:16,31.5,42.0,22.1,95.0,30.5,56.0,1021,0
2026/7/15,11:39:21,31.0,42.0,22.1,95.0,30.5,55.8,1022,0
2026/7/15,11:39:26,30.9,42.0,22.1,95.0,30.5,55.8,1019,0
2026/7/15,11:39:31,30.9,42.0,22.1,95.0,30.5,55.9,1023,0
2026/7/15,11:39:36,30.9,42.0,21.6,94.0,30.5,56.0,1023,0
2026/7/15,11:39:41,30.9,42.0,21.9,94.0,30.5,55.9,1023,0
2026/7/15,11:39:46,31.5,42.0,21.7,94.0,30.5,55.8,1019,0
2026/7/15,11:39:51,31.0,42.0,21.9,94.0,30.5,55.5,1019,0
2026/7/15,11:39:56,31.0,42.0,21.6,94.0,30.5,55.2,1022,0
2026/7/15,11:40:1,31.5,42.0,22.1,95.0,30.4,55.1,1023,0
2026/7/15,11:40:6,31.1,42.0,21.6,94.0,30.5,55.0,1021,0
2026/7/15,11:40:11,31.0,42.0,21.9,94.0,30.5,55.0,1023,0
2026/7/15,11:40:16,31.5,42.0,21.7,94.0,30.4,55.1,1022,0
2026/7/15,11:40:21,31.4,42.0,22.1,95.0,30.4,55.2,1021,0
2026/7/15,11:40:26,30.9,41.0,21.9,94.0,30.5,55.2,1019,0
2026/7/15,11:40:31,31.0,42.0,22.1,95.0,30.4,55.3,1022,0
2026/7/15,11:40:36,30.9,41.0,22.2,95.0,30.5,55.3,1023,0
2026/7/15,11:40:41,31.0,42.0,22.0,95.0,30.5,55.3,1022,0
2026/7/15,11:40:46,31.0,42.0,22.1,95.0,30.5,55.3,1023,0
2026/7/15,11:40:51,31.0,42.0,22.2,95.0,30.5,55.3,1021,0
2026/7/15,11:40:56,31.3,42.0,22.0,95.0,30.5,55.3,1022,0
2026/7/15,11:41:1,31.0,42.0,21.6,94.0,30.5,55.3,1019,0
2026/7/15,11:41:6,30.9,41.0,21.6,94.0,30.5,55.4,1019,0
2026/7/15,11:41:11,31.5,42.0,21.6,94.0,30.5,55.5,1023,0
2026/7/15,11:41:16,30.9,42.0,21.6,94.0,30.5,55.5,1019,0
2026/7/15,11:41:21,30.9,41.0,22.1,95.0,30.5,55.7,1023,0
2026/7/15,11:41:26,31.5,42.0,21.7,94.0,30.5,55.7,1021,0
2026/7/15,11:41:31,30.9,42.0,22.1,95.0,30.5,55.7,1021,0
2026/7/15,11:41:36,31.0,42.0,21.7,94.0,30.5,55.7,1023,0
2026/7/15,11:41:41,31.0,43.0,21.6,94.0,30.5,55.8,1022,0
2026/7/15,11:41:46,31.0,43.0,22.1,95.0,30.5,55.9,1023,0
2026/7/15,11:41:51,31.7,43.0,22.1,95.0,30.5,56.0,1019,0
2026/7/15,11:41:56,31.0,43.0,21.6,94.0,30.5,56.0,1019,0
2026/7/15,11:42:1,31.7,42.0,22.1,95.0,30.5,55.7,1022,0
2026/7/15,11:42:6,31.0,42.0,22.1,95.0,30.5,55.6,1019,0
2026/7/15,11:42:11,31.0,42.0,22.0,95.0,30.5,55.5,1022,0
2026/7/15,11:42:16,31.7,42.0,22.1,95.0,30.5,55.5,1023,0
2026/7/15,11:42:21,31.0,42.0,22.1,95.0,30.5,55.4,1021,0
2026/7/15,11:42:26,31.6,42.0,22.1,95.0,30.5,55.4,1022,0
2026/7/15,11:42:31,31.0,42.0,22.0,95.0,30.5,55.5,1021,0
2026/7/15,11:42:36,30.9,41.0,22.1,95.0,30.6,55.5,1019,0
2026/7/15,11:42:41,31.0,42.0,21.6,94.0,30.6,55.6,1019,0
2026/7/15,11:42:46,31.0,42.0,22.1,95.0,30.6,55.5,1022,0
2026/7/15,11:42:51,31.0,42.0,22.1,95.0,30.5,55.6,1022,0
2026/7/15,11:42:56,31.6,42.0,22.2,95.0,30.6,55.5,1023,0
2026/7/15,11:43:1,31.6,42.0,21.6,94.0,30.6,55.3,1021,0
2026/7/15,11:43:6,31.0,42.0,22.0,95.0,30.6,55.3,1023,0
2026/7/15,11:43:11,31.0,42.0,22.1,95.0,30.6,55.1,1019,0
2026/7/15,11:43:16,31.0,42.0,22.1,95.0,30.6,55.2,1023,0
2026/7/15,11:43:21,31.0,42.0,21.9,94.0,30.6,55.2,1022,0
2026/7/15,11:43:26,31.6,42.0,21.6,94.0,30.6,55.2,1019,0
2026/7/15,11:43:31,31.5,42.0,22.2,95.0,30.6,55.3,1023,0
2026/7/15,11:43:36,31.0,42.0,21.8,94.0,30.5,55.4,1021,0
2026/7/15,11:43:41,31.0,42.0,22.1,95.0,30.5,55.4,1021,0
2026/7/15,11:43:46,31.6,42.0,22.2,95.0,30.6,55.5,1021,0
2026/7/15,11:43:51,31.5,41.0,21.6,94.0,30.6,55.2,1023,0
2026/7/15,11:43:56,31.0,41.0,21.6,94.0,30.6,54.9,1022,0
2026/7/15,11:44:1,31.2,41.0,22.2,95.0,30.6,54.8,1023,0
2026/7/15,11:44:6,31.2,42.0,22.1,95.0,30.5,54.7,1021,0
2026/7/15,11:44:11,31.0,42.0,22.2,95.0,30.5,54.7,1023,0
2026/7/15,11:44:16,30.9,41.0,22.1,95.0,30.5,54.5,1021,0
2026/7/15,11:44:21,31.0,41.0,22.2,95.0,30.5,54.4,1021,0
2026/7/15,11:44:26,31.0,41.0,21.9,94.0,30.5,54.5,1019,0
2026/7/15,11:44:31,30.9,40.0,21.6,94.0,30.5,54.6,1022,0
2026/7/15,11:44:36,31.0,42.0,21.9,94.0,30.5,54.7,1021,0
2026/7/15,11:44:41,30.9,41.0,21.7,94.0,30.5,54.7,1021,0
2026/7/15,11:44:46,30.9,41.0,22.1,95.0,30.5,54.8,1021,0
2026/7/15,11:44:51,30.9,41.0,22.2,95.0,30.5,54.9,1023,0
2026/7/15,11:44:56,30.9,41.0,21.8,94.0,30.5,55.0,1022,0
2026/7/15,11:45:1,30.8,42.0,22.0,95.0,30.5,55.0,1022,0
2026/7/15,11:45:6,30.8,41.0,21.9,94.0,30.4,55.1,1021,0
2026/7/15,11:45:11,30.9,42.0,22.1,95.0,30.5,55.2,1023,0
2026/7/15,11:45:16,30.9,42.0,22.2,95.0,30.5,55.4,1023,0
2026/7/15,11:45:21,30.9,42.0,22.1,95.0,30.5,55.5,1022,0
2026/7/15,11:45:26,31.0,43.0,22.0,95.0,30.5,55.5,1023,0
2026/7/15,11:45:31,31.0,42.0,22.2,95.0,30.5,55.3,1023,0
2026/7/15,11:45:36,31.0,42.0,22.1,95.0,30.5,55.0,1021,0
2026/7/15,11:45:41,31.0,41.0,22.1,95.0,30.5,54.9,1021,0
2026/7/15,11:45:46,31.6,41.0,22.1,95.0,30.5,54.9,1019,0
2026/7/15,11:45:51,31.0,42.0,21.6,94.0,30.5,55.0,1023,0
2026/7/15,11:45:56,31.0,42.0,22.1,95.0,30.5,55.1,1019,0
2026/7/15,11:46:1,31.2,42.0,22.2,95.0,30.5,55.2,1021,0
2026/7/15,11:46:6,31.0,42.0,21.6,94.0,30.5,55.2,1019,0
2026/7/15,11:46:11,31.5,42.0,22.2,95.0,30.5,55.3,1022,0
2026/7/15,11:46:16,31.0,42.0,21.7,94.0,30.5,55.3,1022,0
2026/7/15,11:46:21,31.0,42.0,22.1,95.0,30.5,55.4,1019,0
2026/7/15,11:46:26,31.0,42.0,21.6,94.0,30.5,55.6,1023,0
2026/7/15,11:46:31,31.0,42.0,22.1,95.0,30.5,55.5,1021,0
2026/7/15,11:46:36,31.2,42.0,21.8,94.0,30.5,55.5,1019,0
2026/7/15,11:46:41,31.2,42.0,22.2,95.0,30.5,55.5,1023,0
2026/7/15,11:46:46,31.7,42.0,21.7,94.0,30.5,55.5,1023,0
2026/7/15,11:46:51,31.7,42.0,22.1,95.0,30.5,55.5,1019,0
2026/7/15,11:46:56,31.2,42.0,22.1,95.0,30.5,55.4,1021,0
2026/7/15,11:47:1,31.3,42.0,22.1,95.0,30.5,55.4,1023,0
2026/7/15,11:47:6,31.4,42.0,22.2,95.0,30.5,55.5,1023,0
2026/7/15,11:47:11,31.4,41.0,22.2,95.0,30.5,55.3,1019,0
2026/7/15,11:47:17,31.4,41.0,22.1,95.0,30.5,55.2,1022,0
2026/7/15,11:47:22,31.7,41.0,22.2,95.0,30.5,55.1,1023,0
2026/7/15,11:47:27,32.0,41.0,22.0,95.0,30.5,55.2,1019,0
2026/7/15,11:47:32,31.6,41.0,22.2,95.0,30.5,55.2,1023,0
2026/7/15,11:47:37,31.5,41.0,22.1,95.0,30.5,55.0,1022,0
2026/7/15,11:47:42,31.6,41.0,22.1,95.0,30.5,55.0,1023,0
2026/7/15,11:47:47,31.7,41.0,22.2,95.0,30.5,54.9,1022,0
2026/7/15,11:47:52,31.6,40.0,22.2,95.0,30.5,54.8,1023,0
2026/7/15,11:47:57,31.7,41.0,21.7,94.0,30.5,54.9,1021,0
2026/7/15,11:48:2,31.7,41.0,22.1,95.0,30.5,54.8,1019,0
2026/7/15,11:48:7,31.7,41.0,22.2,95.0,30.5,54.8,1022,0
2026/7/15,11:48:12,31.6,41.0,22.2,95.0,30.5,54.8,1022,0
2026/7/15,11:48:17,32.0,41.0,22.1,95.0,30.5,54.8,1019,0
2026/7/15,11:48:22,31.9,40.0,22.2,95.0,30.5,54.8,1023,0
2026/7/15,11:48:27,32.0,40.0,22.2,95.0,30.5,54.6,1021,0
2026/7/15,11:48:32,31.9,40.0,22.2,95.0,30.5,54.5,1021,0
2026/7/15,11:48:37,32.0,40.0,22.2,95.0,30.5,54.5,1019,0
2026/7/15,11:48:42,32.1,40.0,22.2,95.0,30.5,54.5,1023,0
2026/7/15,11:48:47,32.0,40.0,22.2,95.0,30.5,54.5,1022,0
2026/7/15,11:48:52,32.1,40.0,22.1,95.0,30.5,54.6,1023,0
2026/7/15,11:48:57,32.1,40.0,21.7,94.0,30.5,54.7,1023,0
2026/7/15,11:49:2,32.2,40.0,21.8,94.0,30.5,54.8,1022,0
2026/7/15,11:49:7,32.2,40.0,22.1,95.0,30.5,54.8,1021,0
2026/7/15,11:49:12,32.2,40.0,21.8,94.0,30.5,54.8,1022,0
2026/7/15,11:49:17,32.3,39.0,22.2,95.0,30.6,54.9,1023,0
2026/7/15,11:49:22,32.3,39.0,22.2,95.0,30.6,54.9,1021,0
2026/7/15,11:49:27,32.3,39.0,22.2,95.0,30.6,54.9,1023,0
2026/7/15,11:49:32,32.3,39.0,22.0,95.0,30.6,55.0,1022,0
2026/7/15,11:49:37,32.3,39.0,21.9,94.0,30.6,55.0,1023,0
2026/7/15,11:49:42,32.3,38.0,22.2,95.0,30.6,55.1,1021,0
2026/7/15,11:49:47,32.4,38.0,22.2,95.0,30.6,55.1,1021,0
2026/7/15,11:49:52,32.4,39.0,22.2,95.0,30.6,55.2,1022,0
2026/7/15,11:49:57,32.3,39.0,22.2,95.0,30.7,55.2,1023,0
2026/7/15,11:50:2,32.3,39.0,22.2,95.0,30.6,55.2,1021,0
2026/7/15,11:50:7,32.3,39.0,22.1,95.0,30.7,55.3,1023,0
2026/7/15,11:50:12,32.2,39.0,22.2,95.0,30.7,55.3,1022,0
2026/7/15,11:50:17,32.4,40.0,22.2,95.0,30.7,55.3,1023,0
2026/7/15,11:50:22,32.3,40.0,21.7,94.0,30.7,55.3,1019,0
2026/7/15,11:50:27,32.3,40.0,22.2,95.0,30.7,55.3,1023,0
2026/7/15,11:50:32,32.3,40.0,21.7,94.0,30.7,55.3,1023,0
2026/7/15,11:50:37,32.2,40.0,21.7,94.0,30.7,55.4,1022,0
2026/7/15,11:50:42,32.2,40.0,22.2,95.0,30.6,55.6,1023,0
2026/7/15,11:50:47,32.2,40.0,22.2,95.0,30.7,55.7,1023,0
2026/7/15,11:50:52,32.2,40.0,22.2,95.0,30.6,55.7,1021,0
2026/7/15,11:50:57,32.1,40.0,22.2,95.0,30.6,55.8,1019,0
2026/7/15,11:51:2,32.1,40.0,22.1,95.0,30.6,55.8,1021,0
2026/7/15,11:51:7,32.0,40.0,22.2,95.0,30.6,55.8,1023,0
2026/7/15,11:51:12,31.7,40.0,22.2,95.0,30.6,55.7,1021,0
2026/7/15,11:51:17,31.9,40.0,22.0,95.0,30.6,55.7,1023,0
2026/7/15,11:51:22,31.8,40.0,22.2,95.0,30.6,55.6,1023,0
2026/7/15,11:51:27,31.7,40.0,22.2,95.0,30.6,55.6,1019,0
2026/7/15,11:51:32,31.7,40.0,21.9,94.0,30.6,55.6,1021,0
2026/7/15,11:51:37,31.7,40.0,21.7,94.0,30.6,55.2,1022,0
2026/7/15,11:51:42,31.7,40.0,22.3,95.0,30.6,55.1,1021,0
2026/7/15,11:51:47,31.9,40.0,22.0,95.0,30.6,55.1,1021,0
2026/7/15,11:51:52,31.2,40.0,22.2,95.0,30.6,55.1,1023,0
2026/7/15,11:51:57,31.2,40.0,22.2,95.0,30.6,55.1,1019,0
2026/7/15,11:52:2,31.2,41.0,22.3,95.0,30.5,55.0,1022,0
2026/7/15,11:52:7,31.6,41.0,21.8,94.0,30.5,55.0,1021,0
2026/7/15,11:52:12,31.7,41.0,22.2,95.0,30.5,55.1,1023,0
2026/7/15,11:52:17,31.2,41.0,22.2,95.0,30.5,55.2,1021,0
2026/7/15,11:52:22,31.7,41.0,22.0,95.0,30.5,55.3,1023,0
2026/7/15,11:52:27,31.2,41.0,22.2,95.0,30.5,55.3,1023,0
2026/7/15,11:52:32,31.1,42.0,22.2,95.0,30.5,55.4,1021,0
2026/7/15,11:52:37,31.7,42.0,22.2,95.0,30.5,55.4,1021,0
2026/7/15,11:52:42,31.2,42.0,22.1,95.0,30.5,55.4,1022,0
2026/7/15,11:52:47,31.1,42.0,22.2,95.0,30.5,55.5,1023,0
2026/7/15,11:52:52,31.7,42.0,22.2,95.0,30.5,55.3,1023,0
2026/7/15,11:52:57,31.7,41.0,22.2,95.0,30.5,55.1,1023,0
2026/7/15,11:53:2,31.7,41.0,22.2,95.0,30.5,55.2,1019,0
2026/7/15,11:53:7,31.2,42.0,22.2,95.0,30.5,55.3,1023,0
2026/7/15,11:53:12,31.2,42.0,22.0,95.0,30.5,55.3,1022,0
2026/7/15,11:53:17,31.1,42.0,21.8,94.0,30.5,55.4,1023,0
2026/7/15,11:53:22,31.1,41.0,22.2,95.0,30.5,55.5,1023,0
2026/7/15,11:53:27,31.7,42.0,22.3,95.0,30.5,55.4,1021,0
2026/7/15,11:53:32,31.2,41.0,21.7,94.0,30.5,55.1,1019,0
2026/7/15,11:53:37,31.1,41.0,22.2,95.0,30.5,55.0,1022,0
2026/7/15,11:53:42,31.7,41.0,22.2,95.0,30.5,55.1,1019,0
2026/7/15,11:53:47,31.2,41.0,21.9,94.0,30.5,55.1,1021,0
2026/7/15,11:53:52,31.5,42.0,22.3,95.0,30.5,55.2,1023,0
2026/7/15,11:53:57,31.1,42.0,21.7,94.0,30.5,55.4,1023,0
2026/7/15,11:54:2,31.1,42.0,22.0,95.0,30.5,55.5,1023,0
2026/7/15,11:54:7,31.7,42.0,22.2,95.0,30.5,55.6,1023,0
2026/7/15,11:54:12,31.1,42.0,22.2,95.0,30.5,55.6,1021,0
2026/7/15,11:54:17,31.7,43.0,21.9,94.0,30.5,55.7,1023,0
2026/7/15,11:54:22,31.1,43.0,22.2,95.0,30.6,55.7,1022,0
2026/7/15,11:54:27,31.7,42.0,21.9,94.0,30.6,55.8,1021,0
2026/7/15,11:54:32,31.6,41.0,22.0,95.0,30.5,55.4,1022,0
2026/7/15,11:54:37,31.7,41.0,22.0,95.0,30.6,55.0,1019,0
2026/7/15,11:54:42,31.1,40.0,22.2,95.0,30.6,54.8,1021,0
2026/7/15,11:54:47,31.7,40.0,22.3,95.0,30.5,54.6,1022,0
2026/7/15,11:54:52,31.1,41.0,22.2,95.0,30.5,54.5,1023,0
2026/7/15,11:54:57,31.7,41.0,22.3,95.0,30.5,54.4,1023,0
2026/7/15,11:55:2,31.1,41.0,22.2,95.0,30.5,54.5,1023,0
2026/7/15,11:55:7,31.7,41.0,22.3,95.0,30.5,54.6,1023,0
2026/7/15,11:55:12,31.1,41.0,22.3,95.0,30.5,54.6,1023,0
2026/7/15,11:55:17,31.1,41.0,22.2,95.0,30.5,54.7,1023,0
2026/7/15,11:55:22,31.0,41.0,22.2,95.0,30.5,54.8,1021,0
2026/7/15,11:55:27,31.7,41.0,22.2,95.0,30.5,54.8,1023,0
2026/7/15,11:55:32,31.0,42.0,22.2,95.0,30.5,55.0,1021,0
2026/7/15,11:55:37,31.0,42.0,22.2,95.0,30.5,55.0,1022,0
2026/7/15,11:55:42,31.1,42.0,22.2,95.0,30.5,55.1,1022,0
2026/7/15,11:55:47,31.0,42.0,22.2,95.0,30.5,55.1,1019,0
2026/7/15,11:55:52,31.0,42.0,22.2,95.0,30.5,55.2,1019,0
2026/7/15,11:55:57,31.0,42.0,22.2,95.0,30.6,55.3,1023,0
2026/7/15,11:56:2,31.0,43.0,22.2,95.0,30.6,55.4,1021,0
2026/7/15,11:56:7,31.0,43.0,22.0,95.0,30.6,55.5,1023,0
2026/7/15,11:56:12,31.5,42.0,22.0,95.0,30.6,55.4,1021,0
2026/7/15,11:56:17,31.2,42.0,22.2,95.0,30.6,55.4,1023,0
2026/7/15,11:56:22,31.5,42.0,22.2,95.0,30.6,55.3,1023,0
2026/7/15,11:56:27,31.7,42.0,22.2,95.0,30.6,55.4,1023,0
2026/7/15,11:56:32,31.0,43.0,22.1,95.0,30.6,55.4,1023,0
2026/7/15,11:56:37,31.2,42.0,22.2,95.0,30.6,55.5,1021,0
2026/7/15,11:56:42,31.0,43.0,22.2,95.0,30.6,55.5,1019,0
2026/7/15,11:56:47,31.3,43.0,22.2,95.0,30.6,55.6,1019,0
2026/7/15,11:56:52,31.6,42.0,22.2,95.0,30.6,55.6,1019,0
2026/7/15,11:56:57,31.2,43.0,22.2,95.0,30.6,55.8,1019,0
2026/7/15,11:57:2,31.1,43.0,22.2,95.0,30.6,55.7,1022,0
2026/7/15,11:57:7,31.2,43.0,22.2,95.0,30.6,55.8,1021,0
2026/7/15,11:57:12,31.1,43.0,22.2,95.0,30.7,55.8,1023,0
2026/7/15,11:57:17,31.5,43.0,22.2,95.0,30.7,55.9,1023,0
2026/7/15,11:57:22,31.2,43.0,22.2,95.0,30.7,55.9,1022,0
2026/7/15,11:57:27,31.5,43.0,22.2,95.0,30.7,56.0,1023,0
2026/7/15,11:57:32,31.4,43.0,22.2,95.0,30.7,56.0,1019,0
2026/7/15,11:57:37,31.2,43.0,21.7,94.0,30.7,56.0,1023,0
2026/7/15,11:57:42,31.4,43.0,22.2,95.0,30.7,56.0,1021,0
2026/7/15,11:57:47,31.5,43.0,22.2,95.0,30.7,56.0,1021,0
2026/7/15,11:57:52,31.5,43.0,22.2,95.0,30.7,56.0,1022,0
2026/7/15,11:57:57,31.6,43.0,22.2,95.0,30.8,56.0,1023,0
2026/7/15,11:58:2,31.7,43.0,21.8,94.0,30.8,56.0,1021,0
2026/7/15,11:58:7,31.6,42.0,22.2,95.0,30.8,56.0,1021,0
2026/7/15,11:58:12,31.7,42.0,22.2,95.0,30.8,55.9,1023,0
2026/7/15,11:58:18,31.5,42.0,21.7,94.0,30.8,55.8,1023,0
2026/7/15,11:58:23,31.7,42.0,22.2,95.0,30.8,55.8,1019,0
2026/7/15,11:58:28,31.7,42.0,22.2,95.0,30.8,56.0,1022,0
2026/7/15,11:58:33,31.8,42.0,22.2,95.0,30.8,56.0,1021,0
2026/7/15,11:58:38,31.9,42.0,22.2,95.0,30.8,55.8,1021,0
2026/7/15,11:58:43,31.9,42.0,22.2,95.0,30.9,55.9,1023,0
2026/7/15,11:58:48,31.9,42.0,22.2,95.0,30.9,55.9,1023,0
2026/7/15,11:58:53,31.9,42.0,22.3,95.0,30.9,55.9,1021,0
2026/7/15,11:58:58,31.7,42.0,22.3,95.0,30.9,55.6,1022,0
2026/7/15,11:59:3,31.9,41.0,22.1,95.0,30.9,55.4,1021,0
2026/7/15,11:59:8,31.8,41.0,22.2,95.0,30.9,55.3,1019,0
2026/7/15,11:59:13,32.0,41.0,22.3,95.0,30.9,55.3,1022,0
2026/7/15,11:59:18,31.8,41.0,22.2,95.0,30.9,55.2,1023,0
2026/7/15,11:59:23,31.7,41.0,22.2,95.0,30.9,55.4,1022,0
2026/7/15,11:59:28,32.0,41.0,22.2,95.0,30.9,55.3,1023,0
2026/7/15,11:59:33,32.0,41.0,22.0,95.0,30.9,55.4,1023,0
2026/7/15,11:59:38,31.9,41.0,22.2,95.0,30.9,55.4,1021,0
2026/7/15,11:59:43,31.8,42.0,22.2,95.0,30.9,55.6,1022,0
2026/7/15,11:59:48,31.7,42.0,22.2,95.0,30.9,55.7,1023,0
2026/7/15,11:59:53,31.6,42.0,22.3,95.0,30.9,55.7,1021,0
2026/7/15,11:59:58,31.7,42.0,22.2,95.0,30.9,55.7,1021,0
2026/7/15,12:0:3,31.7,42.0,22.2,95.0,30.9,55.8,1023,0
2026/7/15,12:0:8,31.7,42.0,22.2,95.0,30.9,55.9,1019,0
2026/7/15,12:0:13,31.7,42.0,22.3,95.0,30.8,55.9,1023,0
2026/7/15,12:0:18,31.5,42.0,22.2,95.0,30.8,55.9,1023,0
2026/7/15,12:0:23,31.7,42.0,22.1,95.0,30.9,56.0,1023,0
2026/7/15,12:0:28,31.5,41.0,22.2,95.0,30.8,56.0,1023,0
2026/7/15,12:0:33,31.8,41.0,22.3,95.0,30.8,56.1,1022,0
2026/7/15,12:0:38,31.5,42.0,22.2,95.0,30.8,56.0,1023,0
2026/7/15,12:0:43,31.7,42.0,22.1,95.0,30.9,56.1,1023,0
2026/7/15,12:0:48,31.9,42.0,22.3,95.0,30.9,56.2,1023,0
2026/7/15,12:0:53,31.7,42.0,22.2,95.0,30.9,56.0,1022,0
2026/7/15,12:0:58,31.5,42.0,22.2,95.0,30.8,55.9,1021,0
2026/7/15,12:1:3,31.7,42.0,22.3,95.0,30.8,56.0,1019,0
2026/7/15,12:1:8,31.6,42.0,22.3,95.0,30.8,56.0,1021,0
2026/7/15,12:1:13,31.8,42.0,22.2,95.0,30.8,55.9,1023,0
2026/7/15,12:1:18,31.8,41.0,22.2,95.0,30.8,55.7,1023,0
2026/7/15,12:1:23,31.9,41.0,22.3,95.0,30.8,55.6,1023,0
2026/7/15,12:1:28,31.9,41.0,22.2,95.0,30.8,55.5,1019,0
2026/7/15,12:1:33,31.7,41.0,22.2,95.0,30.8,55.5,1019,0
2026/7/15,12:1:38,32.0,41.0,22.2,95.0,30.8,55.6,1021,0
2026/7/15,12:1:43,32.0,41.0,21.7,94.0,30.8,55.6,1021,0
2026/7/15,12:1:48,31.8,41.0,22.2,95.0,30.8,55.7,1019,0
2026/7/15,12:1:53,32.0,41.0,22.2,95.0,30.8,55.8,1019,0
2026/7/15,12:1:58,32.0,42.0,22.3,95.0,30.8,55.9,1023,0
2026/7/15,12:2:3,32.0,42.0,22.2,95.0,30.8,55.8,1019,0
2026/7/15,12:2:8,32.0,41.0,22.2,95.0,30.8,55.7,1019,0
2026/7/15,12:2:13,32.1,41.0,22.2,95.0,30.8,55.8,1022,0
2026/7/15,12:2:18,32.1,41.0,22.2,95.0,30.8,55.8,1023,0
2026/7/15,12:2:23,32.1,41.0,22.3,95.0,30.8,55.9,1022,0
2026/7/15,12:2:28,32.2,41.0,22.3,95.0,30.8,55.9,1021,0
2026/7/15,12:2:33,32.2,41.0,21.8,94.0,30.8,55.9,1019,0
2026/7/15,12:2:38,32.2,41.0,22.2,95.0,30.8,56.0,1023,0
2026/7/15,12:2:43,32.2,41.0,22.2,95.0,30.8,56.1,1023,0
2026/7/15,12:2:48,32.2,41.0,22.3,95.0,30.8,56.0,1019,0
2026/7/15,12:2:53,32.2,41.0,22.2,95.0,30.8,56.0,1019,0
2026/7/15,12:2:58,32.2,41.0,22.2,95.0,30.8,56.0,1019,0
2026/7/15,12:3:3,32.2,41.0,21.7,94.0,30.8,56.0,1021,0
2026/7/15,12:3:8,32.2,41.0,22.3,95.0,30.9,56.2,1019,0
2026/7/15,12:3:13,32.2,41.0,22.1,95.0,30.9,56.2,1023,0
2026/7/15,12:3:18,32.2,41.0,22.2,95.0,30.9,56.1,1021,0
2026/7/15,12:3:23,32.2,41.0,22.2,95.0,30.9,56.0,1023,0
2026/7/15,12:3:28,32.2,40.0,22.2,95.0,30.9,55.8,1021,0
2026/7/15,12:3:33,32.3,40.0,22.2,95.0,30.9,55.7,1023,0
2026/7/15,12:3:38,32.3,40.0,22.2,95.0,30.9,55.6,1021,0
2026/7/15,12:3:43,32.5,40.0,22.3,95.0,30.9,55.6,1023,0
2026/7/15,12:3:48,32.4,40.0,22.2,95.0,30.9,55.6,1022,0
2026/7/15,12:3:53,32.4,40.0,22.3,95.0,30.9,55.6,1023,0
2026/7/15,12:3:58,32.4,40.0,22.2,95.0,30.9,55.6,1023,0
2026/7/15,12:4:3,32.3,40.0,22.3,95.0,30.9,55.6,1023,0
2026/7/15,12:4:8,32.4,40.0,22.3,95.0,30.9,55.7,1023,0
2026/7/15,12:4:13,32.2,40.0,22.3,95.0,30.9,55.7,1022,0
2026/7/15,12:4:18,32.2,40.0,22.3,95.0,30.9,55.8,1023,0
2026/7/15,12:4:23,32.3,41.0,22.2,95.0,31.0,55.8,1021,0
2026/7/15,12:4:28,32.2,41.0,22.2,95.0,31.0,55.8,1021,0
2026/7/15,12:4:33,32.3,40.0,22.3,95.0,31.0,55.9,1019,0
2026/7/15,12:4:38,32.2,41.0,22.2,95.0,31.0,55.9,1019,0
2026/7/15,12:4:43,32.3,41.0,22.3,95.0,31.0,56.0,1019,0
2026/7/15,12:4:48,32.3,40.0,22.3,95.0,31.0,56.0,1021,0
2026/7/15,12:4:53,32.4,40.0,22.2,95.0,31.0,56.0,1021,0
2026/7/15,12:4:58,32.3,40.0,22.2,95.0,31.0,56.0,1019,0
2026/7/15,12:5:3,32.4,40.0,22.3,95.0,31.0,56.0,1022,0
2026/7/15,12:5:8,32.4,40.0,22.2,95.0,31.0,56.0,1022,0
2026/7/15,12:5:13,32.4,40.0,22.2,95.0,31.0,56.0,1023,0
2026/7/15,12:5:18,32.3,40.0,22.3,95.0,31.0,56.1,1021,0
2026/7/15,12:5:23,32.4,40.0,22.3,95.0,31.0,56.1,1021,0
2026/7/15,12:5:28,32.4,41.0,22.2,95.0,31.0,56.1,1023,0
2026/7/15,12:5:33,32.4,41.0,22.3,95.0,31.0,56.2,1021,0
2026/7/15,12:5:38,32.4,41.0,22.2,95.0,31.1,56.2,1023,0
2026/7/15,12:5:43,32.4,41.0,22.2,95.0,31.0,56.2,1021,0
2026/7/15,12:5:48,32.4,40.0,22.3,95.0,31.1,56.3,1021,0
2026/7/15,12:5:53,32.4,40.0,22.2,95.0,31.1,56.4,1021,0
2026/7/15,12:5:58,32.5,41.0,22.3,95.0,31.1,56.3,1021,0
2026/7/15,12:6:3,32.5,41.0,22.2,95.0,31.1,56.4,1023,0
2026/7/15,12:6:8,32.5,41.0,22.3,95.0,31.1,56.5,1019,0
2026/7/15,12:6:13,32.5,41.0,22.3,95.0,31.1,56.5,1021,0
2026/7/15,12:6:18,32.5,41.0,22.3,95.0,31.1,56.5,1019,0
2026/7/15,12:6:23,32.5,41.0,22.2,95.0,31.1,56.5,1023,0
2026/7/15,12:6:28,32.4,41.0,22.3,95.0,31.1,56.5,1021,0
2026/7/15,12:6:33,32.6,41.0,22.3,95.0,31.1,56.5,1022,0
2026/7/15,12:6:38,32.5,41.0,22.3,95.0,31.1,56.5,1023,0
2026/7/15,12:6:43,32.5,41.0,22.3,95.0,31.1,56.6,1023,0
2026/7/15,12:6:48,32.5,41.0,22.2,95.0,31.2,56.6,1023,0
2026/7/15,12:6:53,32.5,41.0,22.3,95.0,31.2,56.7,1019,0
2026/7/15,12:6:58,32.5,41.0,22.2,95.0,31.2,56.8,1023,0
2026/7/15,12:7:3,32.5,41.0,22.3,95.0,31.2,56.7,1023,0
2026/7/15,12:7:8,32.8,41.0,22.3,95.0,31.2,56.6,1021,0
2026/7/15,12:7:13,32.5,41.0,22.3,95.0,31.2,56.6,1022,0
2026/7/15,12:7:18,32.5,40.0,22.3,95.0,31.3,56.2,1022,0
2026/7/15,12:7:23,32.7,39.0,22.3,95.0,31.2,56.0,1023,0
2026/7/15,12:7:28,32.5,38.0,22.2,95.0,31.3,55.9,1019,0
2026/7/15,12:7:33,33.0,39.0,22.3,95.0,31.3,55.8,1023,0
2026/7/15,12:7:38,32.5,39.0,22.1,95.0,31.3,55.8,1023,0
2026/7/15,12:7:43,32.5,39.0,22.3,95.0,31.3,55.3,1023,0
2026/7/15,12:7:48,32.5,39.0,22.3,95.0,31.3,55.1,1023,0
2026/7/15,12:7:53,32.4,39.0,21.7,94.0,31.3,54.9,1023,0
2026/7/15,12:7:58,32.5,39.0,22.3,95.0,31.3,54.7,1021,0
2026/7/15,12:8:3,32.4,39.0,22.3,95.0,31.3,54.8,1023,0
2026/7/15,12:8:8,32.4,40.0,21.7,94.0,31.3,54.8,1023,0
2026/7/15,12:8:13,32.4,40.0,22.2,95.0,31.3,54.8,1023,0
2026/7/15,12:8:18,32.5,40.0,22.3,95.0,31.3,54.9,1021,0
2026/7/15,12:8:23,32.4,40.0,22.3,95.0,31.3,54.9,1022,0
2026/7/15,12:8:28,32.5,40.0,22.3,95.0,31.3,55.0,1023,0
2026/7/15,12:8:33,32.3,40.0,22.3,95.0,31.3,54.9,1023,0
2026/7/15,12:8:38,32.3,40.0,22.3,95.0,31.3,54.9,1021,0
2026/7/15,12:8:43,32.4,39.0,22.3,95.0,31.3,54.8,1023,0
2026/7/15,12:8:48,32.4,39.0,22.3,95.0,31.3,54.8,1023,0
2026/7/15,12:8:53,32.3,39.0,22.3,95.0,31.3,54.9,1019,0
2026/7/15,12:8:58,32.5,40.0,22.0,95.0,31.3,55.1,1019,0
2026/7/15,12:9:3,32.4,40.0,22.3,95.0,31.3,55.1,1022,0
2026/7/15,12:9:8,32.5,40.0,22.3,95.0,31.3,55.0,1022,0
2026/7/15,12:9:13,32.3,39.0,22.3,95.0,31.3,54.8,1021,0
2026/7/15,12:9:18,32.5,39.0,22.3,95.0,31.4,54.5,1023,0
2026/7/15,12:9:23,32.5,39.0,22.3,95.0,31.3,54.3,1021,0
2026/7/15,12:9:28,32.4,39.0,22.3,95.0,31.4,54.2,1023,0
2026/7/15,12:9:33,32.3,39.0,22.3,95.0,31.3,54.3,1019,0
2026/7/15,12:9:38,32.4,39.0,22.3,95.0,31.4,54.4,1021,0
2026/7/15,12:9:43,32.5,40.0,22.3,95.0,31.3,54.5,1023,0
2026/7/15,12:9:48,32.4,40.0,22.3,95.0,31.4,54.5,1022,0
2026/7/15,12:9:54,32.4,40.0,21.8,94.0,31.3,54.6,1019,0
2026/7/15,12:9:59,32.4,40.0,22.3,95.0,31.4,54.5,1023,0
2026/7/15,12:10:4,32.5,40.0,21.7,94.0,31.4,54.4,1022,0
2026/7/15,12:10:9,32.5,39.0,22.3,95.0,31.4,54.4,1023,0
2026/7/15,12:10:14,32.4,39.0,22.2,95.0,31.4,54.4,1023,0
2026/7/15,12:10:19,32.5,39.0,22.3,95.0,31.4,54.4,1019,0
2026/7/15,12:10:24,32.5,39.0,22.3,95.0,31.4,54.3,1022,0
2026/7/15,12:10:29,32.5,39.0,22.3,95.0,31.4,54.3,1019,0
2026/7/15,12:10:34,32.4,38.0,22.3,95.0,31.4,53.8,1022,0
2026/7/15,12:10:39,32.4,38.0,22.3,95.0,31.4,53.5,1022,0
2026/7/15,12:10:44,32.4,38.0,22.0,95.0,31.3,53.5,1023,0
2026/7/15,12:10:49,32.5,38.0,22.3,95.0,31.3,53.5,1023,0
2026/7/15,12:10:54,32.4,38.0,22.3,95.0,31.3,53.5,1019,0
2026/7/15,12:10:59,32.4,39.0,22.3,95.0,31.3,53.4,1023,0
2026/7/15,12:11:4,32.3,39.0,22.3,95.0,31.3,53.6,1023,0
2026/7/15,12:11:9,32.4,39.0,22.3,95.0,31.3,53.6,1019,0
2026/7/15,12:11:14,32.2,39.0,22.3,95.0,31.3,53.8,1023,0
2026/7/15,12:11:19,32.3,39.0,22.2,95.0,31.3,53.9,1023,0
2026/7/15,12:11:24,32.3,40.0,22.3,95.0,31.3,53.9,1023,0
2026/7/15,12:11:29,32.3,40.0,22.3,95.0,31.3,53.9,1021,0
2026/7/15,12:11:34,32.3,40.0,22.3,95.0,31.3,54.0,1021,0
2026/7/15,12:11:39,32.2,41.0,22.3,95.0,31.3,54.4,1022,0
2026/7/15,12:11:44,32.2,41.0,22.3,95.0,31.3,54.7,1023,0
2026/7/15,12:11:49,32.2,41.0,22.1,95.0,31.3,54.8,1021,0
2026/7/15,12:11:54,32.2,41.0,22.3,95.0,31.4,54.9,1019,0
2026/7/15,12:11:59,32.3,41.0,22.3,95.0,31.4,54.9,1023,0
2026/7/15,12:12:4,32.3,41.0,22.3,95.0,31.4,55.0,1021,0
2026/7/15,12:12:9,32.3,40.0,22.3,95.0,31.4,55.0,1022,0
2026/7/15,12:12:14,32.3,40.0,22.3,95.0,31.4,54.8,1023,0
2026/7/15,12:12:19,32.4,40.0,22.3,95.0,31.4,54.6,1023,0
2026/7/15,12:12:24,32.3,40.0,22.3,95.0,31.4,54.4,1019,0
2026/7/15,12:12:29,32.2,40.0,22.3,95.0,31.4,54.2,1023,0
2026/7/15,12:12:34,32.2,40.0,22.3,95.0,31.4,54.2,1021,0
2026/7/15,12:12:39,32.3,40.0,22.3,95.0,31.4,54.3,1023,0
2026/7/15,12:12:44,32.3,41.0,22.3,95.0,31.4,54.4,1022,0
2026/7/15,12:12:49,32.3,41.0,22.3,95.0,31.4,54.5,1019,0
2026/7/15,12:12:54,32.4,41.0,22.3,95.0,31.4,54.7,1019,0
2026/7/15,12:12:59,32.3,41.0,22.3,95.0,31.5,54.7,1021,0
2026/7/15,12:13:4,32.4,41.0,22.3,95.0,31.5,54.8,1022,0
2026/7/15,12:13:9,32.4,41.0,22.3,95.0,31.5,54.9,1022,0
2026/7/15,12:13:14,32.4,41.0,22.3,95.0,31.5,55.0,1021,0
2026/7/15,12:13:19,32.4,41.0,22.3,95.0,31.5,55.1,1023,0
2026/7/15,12:13:24,32.4,41.0,22.3,95.0,31.5,55.0,1023,0
2026/7/15,12:13:29,32.5,41.0,22.3,95.0,31.6,55.0,1023,0
2026/7/15,12:13:34,32.5,41.0,22.4,95.0,31.6,55.0,1022,0
2026/7/15,12:13:39,32.4,41.0,22.3,95.0,31.6,54.9,1023,0
2026/7/15,12:13:44,32.5,41.0,22.3,95.0,31.6,54.9,1021,0
2026/7/15,12:13:49,32.9,40.0,22.3,95.0,31.6,54.9,1022,0
2026/7/15,12:13:54,32.5,40.0,22.3,95.0,31.6,54.8,1023,0
2026/7/15,12:13:59,32.5,39.0,22.3,95.0,31.6,54.4,1022,0
2026/7/15,12:14:4,32.5,39.0,22.1,95.0,31.7,54.3,1021,0
2026/7/15,12:14:9,33.1,41.0,22.3,95.0,31.7,54.3,1021,0
2026/7/15,12:14:14,32.5,40.0,22.3,95.0,31.7,54.3,1021,0
2026/7/15,12:14:19,32.5,40.0,22.3,95.0,31.7,54.3,1023,0
2026/7/15,12:14:24,32.6,40.0,22.3,95.0,31.7,54.4,1021,0
2026/7/15,12:14:29,33.0,41.0,22.4,95.0,31.7,54.4,1023,0
2026/7/15,12:14:34,33.2,41.0,22.3,95.0,31.7,54.5,1023,0
2026/7/15,12:14:39,32.6,40.0,22.3,95.0,31.7,54.5,1021,0
2026/7/15,12:14:44,32.6,40.0,22.3,95.0,31.7,54.3,1021,0
2026/7/15,12:14:49,33.0,40.0,22.2,95.0,31.8,54.2,1019,0
2026/7/15,12:14:54,33.2,40.0,22.4,95.0,31.8,54.3,1022,0
2026/7/15,12:14:59,32.7,38.0,22.4,95.0,31.8,53.9,1021,0
2026/7/15,12:15:4,32.7,38.0,22.4,95.0,31.8,53.4,1022,0
2026/7/15,12:15:9,33.0,38.0,22.3,95.0,31.8,53.2,1022,0
2026/7/15,12:15:14,32.7,37.0,22.3,95.0,31.8,53.1,1023,0
2026/7/15,12:15:19,32.6,38.0,22.3,95.0,31.8,53.1,1021,0
2026/7/15,12:15:24,33.2,39.0,22.3,95.0,31.8,53.2,1023,0
2026/7/15,12:15:29,33.0,39.0,22.3,95.0,31.8,53.3,1023,0
2026/7/15,12:15:34,33.2,39.0,22.3,95.0,31.8,53.2,1023,0
2026/7/15,12:15:39,32.7,38.0,22.3,95.0,31.8,53.1,1023,0
2026/7/15,12:15:44,32.6,38.0,22.3,95.0,31.8,53.1,1019,0
2026/7/15,12:15:49,32.7,38.0,22.4,95.0,31.8,53.2,1023,0
2026/7/15,12:15:54,32.9,38.0,22.3,95.0,31.8,53.3,1023,0
2026/7/15,12:15:59,33.2,39.0,22.3,95.0,31.8,53.4,1019,0
2026/7/15,12:16:4,32.9,38.0,22.4,95.0,31.8,53.4,1023,0
2026/7/15,12:16:9,32.7,38.0,22.3,95.0,31.8,53.4,1022,0
2026/7/15,12:16:14,33.0,39.0,22.3,95.0,31.8,53.5,1023,0
2026/7/15,12:16:19,33.0,39.0,22.3,95.0,31.8,53.6,1021,0
2026/7/15,12:16:24,33.1,39.0,22.3,95.0,31.8,53.8,1023,0
2026/7/15,12:16:29,33.2,40.0,22.4,95.0,31.8,53.8,1019,0
2026/7/15,12:16:34,33.3,39.0,22.2,95.0,31.9,53.7,1023,0
2026/7/15,12:16:39,33.3,39.0,22.2,95.0,31.9,53.6,1023,0
2026/7/15,12:16:44,33.1,38.0,22.3,95.0,31.9,53.3,1023,0
2026/7/15,12:16:49,33.2,38.0,22.3,95.0,31.9,53.1,1023,0
2026/7/15,12:16:54,33.2,38.0,22.3,95.0,31.9,53.1,1023,0
2026/7/15,12:16:59,33.3,38.0,22.3,95.0,31.9,53.1,1022,0
2026/7/15,12:17:4,33.3,38.0,22.4,95.0,31.9,53.2,1023,0
2026/7/15,12:17:9,33.3,38.0,22.4,95.0,31.9,53.1,1023,0
2026/7/15,12:17:14,33.3,38.0,22.3,95.0,31.9,53.0,1022,0
2026/7/15,12:17:19,33.3,38.0,22.4,95.0,31.9,53.0,1023,0
2026/7/15,12:17:24,33.3,38.0,22.4,95.0,31.9,53.0,1019,0
2026/7/15,12:17:29,33.4,38.0,22.4,95.0,31.9,53.1,1023,0
2026/7/15,12:17:34,33.4,38.0,22.4,95.0,31.9,52.9,1022,0
2026/7/15,12:17:39,33.5,38.0,22.3,95.0,31.9,52.9,1023,0
2026/7/15,12:17:44,33.3,38.0,22.3,95.0,32.0,52.9,1023,0
2026/7/15,12:17:49,33.5,38.0,22.3,95.0,32.0,53.1,1019,0
2026/7/15,12:17:54,33.3,39.0,22.3,95.0,32.0,53.3,1022,0
2026/7/15,12:17:59,33.5,39.0,22.3,95.0,32.0,53.4,1022,0
2026/7/15,12:18:4,33.6,39.0,22.4,95.0,32.0,53.6,1021,0
2026/7/15,12:18:9,33.5,39.0,22.3,95.0,32.0,53.7,1022,0
2026/7/15,12:18:14,33.6,39.0,22.4,95.0,32.0,53.8,1023,0
2026/7/15,12:18:19,33.7,39.0,22.3,95.0,32.0,53.8,1023,0
2026/7/15,12:18:24,33.7,38.0,22.4,95.0,32.0,53.8,1021,0
2026/7/15,12:18:29,33.7,38.0,22.4,95.0,32.1,53.8,1021,0
2026/7/15,12:18:34,33.7,38.0,22.3,95.0,32.1,53.7,1023,0
2026/7/15,12:18:39,33.7,38.0,22.3,95.0,32.1,53.7,1023,0
2026/7/15,12:18:44,33.8,38.0,22.3,95.0,32.1,53.7,1019,0
2026/7/15,12:18:49,33.9,38.0,22.0,95.0,32.1,53.7,1023,0
2026/7/15,12:18:54,33.9,37.0,22.4,95.0,32.1,53.7,1022,0
2026/7/15,12:18:59,33.9,36.0,22.4,95.0,32.1,53.7,1023,0
2026/7/15,12:19:4,33.9,35.0,22.4,95.0,32.1,52.8,1023,0
2026/7/15,12:19:9,33.9,35.0,22.4,95.0,32.1,52.5,1021,0
2026/7/15,12:19:14,33.9,36.0,22.3,95.0,32.1,52.3,1023,0
2026/7/15,12:19:19,34.0,36.0,22.4,95.0,32.1,52.2,1023,0
2026/7/15,12:19:24,34.0,36.0,22.3,95.0,32.1,52.3,1023,0
2026/7/15,12:19:29,34.0,36.0,22.4,95.0,32.1,52.1,1019,0
2026/7/15,12:19:34,34.0,36.0,22.3,95.0,32.1,52.1,1019,0
2026/7/15,12:19:39,34.0,36.0,22.3,95.0,32.1,52.1,1023,0
2026/7/15,12:19:44,34.0,36.0,22.4,95.0,32.1,52.0,1023,0
2026/7/15,12:19:49,34.0,36.0,22.4,95.0,32.1,51.9,1019,0
2026/7/15,12:19:54,34.1,36.0,22.4,95.0,32.1,52.1,1021,0
2026/7/15,12:19:59,34.1,36.0,22.4,95.0,32.1,52.2,1022,0
2026/7/15,12:20:4,34.2,36.0,22.3,95.0,32.1,52.2,1023,0
2026/7/15,12:20:9,34.8,36.0,22.4,95.0,32.1,52.4,1022,0
2026/7/15,12:20:14,34.3,36.0,22.4,95.0,32.1,52.4,1021,0
2026/7/15,12:20:19,34.3,36.0,22.4,95.0,32.1,52.4,1019,0
2026/7/15,12:20:24,34.6,35.0,22.2,95.0,32.2,52.5,1021,0
2026/7/15,12:20:29,34.7,35.0,22.4,95.0,32.1,52.5,1023,0
2026/7/15,12:20:34,34.9,34.0,22.4,95.0,32.1,52.4,1021,0
2026/7/15,12:20:39,35.0,34.0,22.4,95.0,32.2,52.2,1021,0
2026/7/15,12:20:44,35.1,34.0,22.4,95.0,32.2,52.1,1022,0
2026/7/15,12:20:49,35.1,34.0,22.4,95.0,32.2,52.1,1023,0
2026/7/15,12:20:54,35.1,34.0,22.4,95.0,32.2,52.2,1023,0
2026/7/15,12:20:59,35.2,34.0,22.4,95.0,32.2,52.3,1023,0
2026/7/15,12:21:4,35.2,34.0,22.4,95.0,32.2,52.4,1023,0
2026/7/15,12:21:9,35.1,34.0,22.3,95.0,32.2,52.5,1021,0
2026/7/15,12:21:14,35.1,34.0,22.3,95.0,32.2,52.6,1023,0
2026/7/15,12:21:19,35.1,34.0,22.4,95.0,32.2,52.9,1019,0
2026/7/15,12:21:24,35.1,34.0,22.4,95.0,32.2,52.9,1023,0
2026/7/15,12:21:29,35.2,34.0,22.4,95.0,32.2,52.8,1019,0
2026/7/15,12:21:34,35.2,34.0,22.4,95.0,32.2,52.8,1019,0
2026/7/15,12:21:39,35.3,34.0,22.3,95.0,32.2,52.9,1022,0
2026/7/15,12:21:44,35.3,34.0,22.3,95.0,32.3,53.0,1019,0
2026/7/15,12:21:49,35.2,34.0,22.4,95.0,32.3,53.0,1019,0
2026/7/15,12:21:55,35.2,34.0,22.4,95.0,32.3,52.8,1021,0
2026/7/15,12:22:0,35.1,34.0,22.4,95.0,32.2,52.6,1021,0
2026/7/15,12:22:5,35.1,33.0,22.4,95.0,32.2,52.3,1022,0
2026/7/15,12:22:10,35.0,34.0,22.4,95.0,32.2,52.3,1019,0
2026/7/15,12:22:15,34.8,34.0,22.4,95.0,32.2,52.2,1021,0
2026/7/15,12:22:20,34.8,34.0,22.4,95.0,32.2,52.2,1022,0
2026/7/15,12:22:25,34.7,34.0,22.4,95.0,32.2,52.2,1022,0
2026/7/15,12:22:30,34.6,34.0,22.4,95.0,32.2,52.4,1023,0
2026/7/15,12:22:35,34.8,34.0,22.4,95.0,32.2,52.2,1023,0
2026/7/15,12:22:40,34.8,34.0,22.4,95.0,32.2,52.0,1023,0
2026/7/15,12:22:45,35.0,34.0,22.4,95.0,32.2,52.0,1021,0
2026/7/15,12:22:50,35.1,34.0,22.4,95.0,32.2,52.1,1022,0
2026/7/15,12:22:55,35.2,34.0,22.4,95.0,32.2,52.2,1019,0
2026/7/15,12:23:0,35.4,33.0,22.4,95.0,32.2,52.3,1021,0
2026/7/15,12:23:5,35.4,33.0,22.4,95.0,32.2,52.2,1021,0
2026/7/15,12:23:10,35.4,33.0,22.4,95.0,32.2,52.3,1019,0
2026/7/15,12:23:15,35.5,32.0,22.4,95.0,32.2,52.3,1021,0
2026/7/15,12:23:20,35.7,32.0,22.4,95.0,32.2,52.0,1022,0
2026/7/15,12:23:25,35.7,31.0,22.4,95.0,32.2,51.7,1023,0
2026/7/15,12:23:30,35.9,31.0,22.4,95.0,32.2,51.5,1019,0
2026/7/15,12:23:35,35.9,31.0,22.4,95.0,32.2,51.5,1023,0
2026/7/15,12:23:40,35.9,31.0,22.4,95.0,32.2,51.5,1019,0
2026/7/15,12:23:45,36.0,32.0,22.4,95.0,32.2,51.6,1023,0
2026/7/15,12:23:50,36.6,32.0,22.4,95.0,32.2,51.7,1021,0
2026/7/15,12:23:55,36.5,32.0,22.4,95.0,32.2,51.7,1021,0
2026/7/15,12:24:0,36.4,32.0,22.4,95.0,32.2,51.7,1021,0
2026/7/15,12:24:5,36.8,32.0,22.4,95.0,32.2,51.8,1022,0
2026/7/15,12:24:10,36.0,32.0,22.5,95.0,32.2,51.8,1021,0
2026/7/15,12:24:15,36.0,32.0,22.4,95.0,32.1,51.9,1023,0
2026/7/15,12:24:20,36.0,32.0,22.5,95.0,32.1,52.0,1023,0
2026/7/15,12:24:25,36.0,32.0,22.4,95.0,32.1,52.0,1023,0
2026/7/15,12:24:30,35.9,31.0,22.4,95.0,32.1,52.0,1023,0
2026/7/15,12:24:35,35.8,31.0,22.4,95.0,32.1,51.8,1023,0
2026/7/15,12:24:40,35.7,31.0,22.4,95.0,32.1,51.7,1021,0
2026/7/15,12:24:45,35.5,31.0,22.4,95.0,32.0,51.5,1021,0
2026/7/15,12:24:50,35.5,32.0,22.4,95.0,32.0,51.6,1021,0
2026/7/15,12:24:55,35.3,32.0,22.4,95.0,32.0,51.6,1022,0
2026/7/15,12:25:0,35.3,32.0,22.4,95.0,32.0,51.6,1023,0
2026/7/15,12:25:5,35.3,32.0,22.4,95.0,32.0,51.6,1023,0
2026/7/15,12:25:10,35.4,32.0,22.4,95.0,32.0,51.8,1023,0
2026/7/15,12:25:15,35.5,33.0,22.4,95.0,31.9,52.0,1021,0
2026/7/15,12:25:20,35.5,32.0,22.4,95.0,31.9,52.1,1021,0
2026/7/15,12:25:25,35.5,33.0,22.4,95.0,31.9,52.2,1022,0
2026/7/15,12:25:30,35.7,32.0,22.4,95.0,31.9,52.3,1021,0
2026/7/15,12:25:35,35.7,32.0,22.4,95.0,31.9,52.2,1023,0
2026/7/15,12:25:40,35.7,32.0,22.4,95.0,31.9,52.2,1021,0
2026/7/15,12:25:45,35.8,32.0,22.4,95.0,32.0,52.2,1021,0
2026/7/15,12:25:50,35.8,31.0,22.4,95.0,31.9,52.2,1023,0
2026/7/15,12:25:55,36.0,32.0,22.4,95.0,32.0,52.2,1023,0
2026/7/15,12:26:0,35.9,31.0,22.4,95.0,32.0,52.2,1023,0
2026/7/15,12:26:5,35.9,31.0,22.4,95.0,32.0,52.3,1023,0
2026/7/15,12:26:10,36.0,32.0,22.4,95.0,31.9,52.4,1021,0
2026/7/15,12:26:15,36.1,32.0,22.4,95.0,32.0,52.4,1019,0
2026/7/15,12:26:20,36.1,33.0,22.4,95.0,32.0,52.7,1021,0
2026/7/15,12:26:25,36.0,33.0,22.4,95.0,32.0,52.8,1021,0
2026/7/15,12:26:30,36.6,33.0,22.4,95.0,32.0,52.8,1021,0
2026/7/15,12:26:35,36.1,33.0,22.5,95.0,32.0,52.8,1021,0
2026/7/15,12:26:40,36.8,33.0,22.4,95.0,32.0,52.9,1023,0
2026/7/15,12:26:45,36.8,32.0,22.4,95.0,32.0,52.8,1021,0
2026/7/15,12:26:50,36.6,32.0,22.5,95.0,32.0,52.7,1021,0
2026/7/15,12:26:55,36.5,32.0,22.4,95.0,32.1,52.7,1019,0
2026/7/15,12:27:0,36.1,32.0,22.4,95.0,32.0,52.7,1023,0
2026/7/15,12:27:5,36.7,32.0,22.4,95.0,32.0,52.7,1021,0
2026/7/15,12:27:10,36.5,32.0,22.5,95.0,32.1,52.7,1023,0
2026/7/15,12:27:15,35.9,31.0,22.4,95.0,32.1,52.8,1019,0
2026/7/15,12:27:20,35.9,31.0,22.4,95.0,32.1,52.8,1021,0
2026/7/15,12:27:25,35.8,32.0,22.4,95.0,32.1,52.9,1019,0
2026/7/15,12:27:30,35.8,32.0,22.5,95.0,32.1,53.1,1023,0
2026/7/15,12:27:35,35.6,33.0,22.5,95.0,32.0,53.1,1023,0
2026/7/15,12:27:40,35.5,33.0,22.5,95.0,32.1,53.1,1019,0
2026/7/15,12:27:45,35.6,33.0,22.5,95.0,32.1,53.2,1023,0
2026/7/15,12:27:50,35.6,32.0,22.4,95.0,32.1,52.9,1023,0
2026/7/15,12:27:55,35.5,32.0,22.5,95.0,32.1,52.9,1021,0
2026/7/15,12:28:0,35.6,32.0,22.4,95.0,32.1,52.8,1023,0
2026/7/15,12:28:5,35.7,32.0,22.5,95.0,32.1,52.6,1021,0
2026/7/15,12:28:10,35.7,32.0,22.5,95.0,32.1,52.7,1023,0
2026/7/15,12:28:15,35.7,31.0,22.5,95.0,32.2,52.7,1023,0
2026/7/15,12:28:20,35.7,31.0,22.5,95.0,32.2,52.6,1023,0
2026/7/15,12:28:25,35.7,31.0,22.4,95.0,32.2,52.5,1023,0
2026/7/15,12:28:30,35.8,31.0,22.5,95.0,32.2,52.5,1021,0
2026/7/15,12:28:35,35.8,31.0,22.4,95.0,32.2,52.4,1023,0
2026/7/15,12:28:40,35.8,32.0,22.5,95.0,32.2,52.4,1022,0
2026/7/15,12:28:45,35.8,32.0,22.5,95.0,32.2,52.4,1023,0
2026/7/15,12:28:50,35.9,32.0,22.4,95.0,32.2,52.4,1021,0
2026/7/15,12:28:55,35.8,32.0,22.4,95.0,32.2,52.4,1019,0
2026/7/15,12:29:0,35.9,32.0,22.5,95.0,32.3,52.4,1019,0
2026/7/15,12:29:5,35.9,32.0,22.5,95.0,32.3,52.6,1021,0
2026/7/15,12:29:10,35.9,32.0,22.4,95.0,32.3,52.5,1019,0
2026/7/15,12:29:15,35.9,32.0,22.5,95.0,32.3,52.4,1022,0
2026/7/15,12:29:20,36.0,33.0,22.5,95.0,32.3,52.2,1022,0
2026/7/15,12:29:25,36.0,33.0,22.5,95.0,32.3,52.1,1021,0
2026/7/15,12:29:30,36.0,33.0,22.5,95.0,32.4,52.0,1023,0
2026/7/15,12:29:35,36.0,32.0,22.5,95.0,32.4,52.0,1023,0
2026/7/15,12:29:40,36.0,33.0,22.4,95.0,32.4,52.0,1023,0
2026/7/15,12:29:45,36.7,33.0,22.5,95.0,32.4,52.0,1023,0
2026/7/15,12:29:50,36.0,33.0,22.5,95.0,32.4,52.1,1019,0
2026/7/15,12:29:55,36.4,33.0,22.4,95.0,32.4,52.2,1023,0
2026/7/15,12:30:0,36.1,33.0,22.5,95.0,32.5,52.2,1022,0
2026/7/15,12:30:5,36.6,33.0,22.5,95.0,32.5,52.3,1023,0
2026/7/15,12:30:10,36.2,33.0,22.5,95.0,32.5,52.4,1021,0
2026/7/15,12:30:15,36.6,32.0,22.5,95.0,32.5,52.4,1021,0
2026/7/15,12:30:20,36.6,32.0,22.4,95.0,32.5,52.4,1022,0
2026/7/15,12:30:25,36.8,31.0,22.5,95.0,32.6,52.3,1019,0
2026/7/15,12:30:30,36.6,31.0,22.4,95.0,32.6,52.1,1023,0
2026/7/15,12:30:35,36.6,32.0,22.5,95.0,32.6,52.2,1021,0
2026/7/15,12:30:40,36.9,32.0,22.5,95.0,32.6,52.3,1022,0
2026/7/15,12:30:45,36.7,32.0,22.5,95.0,32.7,52.4,1021,0
2026/7/15,12:30:50,36.9,32.0,22.5,95.0,32.7,52.4,1023,0
2026/7/15,12:30:55,37.0,32.0,22.5,95.0,32.7,52.6,1023,0
2026/7/15,12:31:0,36.6,32.0,22.4,95.0,32.8,52.4,1019,0
2026/7/15,12:31:5,37.0,32.0,22.4,95.0,32.8,52.3,1023,0
2026/7/15,12:31:10,37.0,32.0,22.5,95.0,32.8,52.4,1019,0
2026/7/15,12:31:15,37.0,31.0,22.5,95.0,32.8,52.3,1022,0
2026/7/15,12:31:20,37.1,31.0,22.4,95.0,32.9,52.1,1023,0
2026/7/15,12:31:25,37.1,31.0,22.4,95.0,32.9,52.0,1023,0
2026/7/15,12:31:30,37.1,31.0,22.4,95.0,32.9,52.0,1023,0
2026/7/15,12:31:35,37.1,31.0,22.4,95.0,32.9,52.0,1023,0
2026/7/15,12:31:40,37.1,31.0,22.4,95.0,33.0,51.9,1023,0
2026/7/15,12:31:45,37.2,31.0,22.4,95.0,33.0,51.9,1023,0
2026/7/15,12:31:50,37.1,31.0,22.4,95.0,33.0,51.7,1022,0
2026/7/15,12:31:55,37.2,31.0,22.4,95.0,33.0,51.5,1019,0
2026/7/15,12:32:0,37.2,30.0,22.4,95.0,33.1,51.4,1023,0
2026/7/15,12:32:5,37.3,30.0,22.4,95.0,33.1,51.4,1023,0
2026/7/15,12:32:10,37.3,29.0,22.4,95.0,33.1,50.7,1021,0
2026/7/15,12:32:15,37.3,29.0,22.5,95.0,33.1,50.1,1023,0
2026/7/15,12:32:20,37.4,29.0,22.4,95.0,33.1,49.7,1019,0
2026/7/15,12:32:25,37.2,29.0,22.5,95.0,33.0,49.7,1021,0
2026/7/15,12:32:30,37.2,30.0,22.4,95.0,33.0,49.9,1022,0
2026/7/15,12:32:35,37.2,30.0,22.4,95.0,33.0,49.8,1019,0
2026/7/15,12:32:40,37.1,30.0,22.4,95.0,33.0,49.9,1023,0
2026/7/15,12:32:45,37.1,30.0,22.4,95.0,33.0,50.0,1023,0
2026/7/15,12:32:50,37.2,30.0,22.5,95.0,33.0,50.1,1022,0
2026/7/15,12:32:55,37.1,30.0,22.4,95.0,33.1,50.1,1023,0
2026/7/15,12:33:0,37.2,30.0,22.4,95.0,33.0,50.2,1021,0
2026/7/15,12:33:5,37.2,30.0,22.4,95.0,33.1,50.3,1021,0
2026/7/15,12:33:10,37.3,30.0,22.5,95.0,33.1,50.3,1021,0
2026/7/15,12:33:15,37.3,31.0,22.4,95.0,33.1,50.3,1019,0
2026/7/15,12:33:21,37.3,31.0,22.4,95.0,33.1,50.5,1022,0
2026/7/15,12:33:26,37.3,30.0,22.5,95.0,33.1,50.4,1021,0
2026/7/15,12:33:31,37.3,30.0,22.4,95.0,33.1,50.3,1023,0
2026/7/15,12:33:36,37.3,30.0,22.4,95.0,33.1,50.4,1022,0
2026/7/15,12:33:41,37.2,30.0,22.4,95.0,33.2,50.4,1023,0
2026/7/15,12:33:46,37.2,30.0,22.4,95.0,33.2,50.6,1023,0
2026/7/15,12:33:51,37.3,30.0,22.4,95.0,33.2,50.7,1019,0
2026/7/15,12:33:56,37.2,31.0,22.4,95.0,33.2,50.8,1023,0
2026/7/15,12:34:1,37.3,31.0,22.4,95.0,33.2,50.9,1023,0
2026/7/15,12:34:6,37.2,31.0,22.4,95.0,33.2,50.9,1023,0
2026/7/15,12:34:11,37.2,31.0,22.5,95.0,33.2,50.7,1023,0
2026/7/15,12:34:16,37.3,30.0,22.4,95.0,33.2,50.6,1023,0
2026/7/15,12:34:21,37.2,30.0,22.5,95.0,33.2,50.4,1023,0
2026/7/15,12:34:26,37.2,30.0,22.4,95.0,33.2,50.4,1021,0
2026/7/15,12:34:31,37.2,30.0,22.4,95.0,33.2,50.2,1023,0
2026/7/15,12:34:36,37.2,29.0,22.4,95.0,33.2,50.0,1023,0
2026/7/15,12:34:41,37.2,29.0,22.5,95.0,33.2,49.9,1021,0
2026/7/15,12:34:46,37.1,30.0,22.5,95.0,33.2,49.8,1021,0
2026/7/15,12:34:51,37.0,30.0,22.4,95.0,33.2,49.8,1022,0
2026/7/15,12:34:56,37.0,30.0,22.4,95.0,33.2,49.8,1023,0
2026/7/15,12:35:1,36.7,30.0,22.4,95.0,33.2,49.8,1022,0
2026/7/15,12:35:6,36.9,30.0,22.4,95.0,33.2,49.8,1023,0
2026/7/15,12:35:11,37.0,30.0,22.4,95.0,33.2,49.9,1023,0
2026/7/15,12:35:16,36.8,30.0,22.4,95.0,33.2,49.8,1023,0
2026/7/15,12:35:21,36.8,31.0,22.4,95.0,33.2,49.9,1019,0
2026/7/15,12:35:26,36.6,31.0,22.4,95.0,33.2,50.1,1021,0
2026/7/15,12:35:31,36.8,31.0,22.4,95.0,33.2,50.3,1019,0
2026/7/15,12:35:36,37.0,31.0,22.4,95.0,33.2,50.2,1023,0
2026/7/15,12:35:41,37.0,31.0,22.4,95.0,33.2,50.3,1023,0
2026/7/15,12:35:46,37.0,31.0,22.4,95.0,33.2,50.4,1019,0
2026/7/15,12:35:51,36.9,31.0,22.4,95.0,33.3,50.3,1023,0
2026/7/15,12:35:56,36.7,31.0,22.4,95.0,33.3,50.3,1022,0
2026/7/15,12:36:1,36.9,31.0,22.4,95.0,33.2,50.2,1021,0
2026/7/15,12:36:6,37.0,31.0,22.4,95.0,33.3,50.2,1019,0
2026/7/15,12:36:11,37.0,31.0,22.4,95.0,33.3,50.2,1022,0
2026/7/15,12:36:16,37.0,31.0,22.5,95.0,33.3,50.3,1021,0
2026/7/15,12:36:21,37.0,31.0,22.4,95.0,33.3,50.3,1021,0
2026/7/15,12:36:26,37.0,31.0,22.5,95.0,33.3,50.4,1022,0
2026/7/15,12:36:31,37.0,31.0,22.4,94.0,33.3,50.4,1023,0
2026/7/15,12:36:36,37.1,31.0,22.4,95.0,33.4,50.7,1023,0
2026/7/15,12:36:41,37.1,31.0,22.4,95.0,33.4,50.7,1023,0
2026/7/15,12:36:46,37.1,31.0,22.4,95.0,33.4,50.6,1023,0
2026/7/15,12:36:51,37.0,31.0,22.5,95.0,33.4,50.6,1023,0
2026/7/15,12:36:56,37.2,31.0,22.4,95.0,33.4,50.6,1023,0
2026/7/15,12:37:1,37.1,31.0,22.5,95.0,33.4,50.4,1021,0
2026/7/15,12:37:6,37.2,30.0,22.4,95.0,33.4,50.3,1023,0
2026/7/15,12:37:11,37.2,30.0,22.4,95.0,33.5,50.2,1019,0
2026/7/15,12:37:16,37.1,30.0,22.4,95.0,33.4,50.2,1021,0
2026/7/15,12:37:21,37.1,31.0,22.5,95.0,33.5,50.2,1021,0
2026/7/15,12:37:26,37.0,31.0,22.4,95.0,33.5,50.1,1023,0
2026/7/15,12:37:31,37.2,30.0,22.5,95.0,33.5,50.0,1019,0
2026/7/15,12:37:36,37.2,31.0,22.4,95.0,33.5,50.2,1019,0
2026/7/15,12:37:41,37.2,31.0,22.4,95.0,33.5,50.4,1023,0
2026/7/15,12:37:46,37.2,31.0,22.4,95.0,33.6,50.5,1021,0
2026/7/15,12:37:51,37.1,31.0,22.4,95.0,33.5,50.4,1019,0
2026/7/15,12:37:56,37.1,31.0,22.4,95.0,33.6,50.4,1019,0
2026/7/15,12:38:1,37.2,31.0,22.5,95.0,33.6,50.4,1023,0
2026/7/15,12:38:6,37.1,30.0,22.5,95.0,33.6,50.2,1021,0
2026/7/15,12:38:11,37.1,30.0,22.4,95.0,33.6,50.1,1021,0
2026/7/15,12:38:16,37.1,30.0,22.5,95.0,33.6,49.9,1022,0
2026/7/15,12:38:21,37.1,30.0,22.4,95.0,33.7,49.9,1019,0
2026/7/15,12:38:26,37.1,30.0,22.4,95.0,33.7,49.8,1022,0
2026/7/15,12:38:31,37.1,31.0,22.4,95.0,33.7,49.9,1022,0
2026/7/15,12:38:36,37.2,31.0,22.4,95.0,33.7,50.0,1022,0
2026/7/15,12:38:41,37.2,31.0,22.4,95.0,33.7,50.1,1019,0
2026/7/15,12:38:46,37.1,31.0,22.4,95.0,33.7,50.1,1019,0
2026/7/15,12:38:51,37.3,31.0,22.5,95.0,33.8,50.3,1021,0
2026/7/15,12:38:56,37.2,31.0,22.5,95.0,33.8,50.2,1022,0
2026/7/15,12:39:1,37.2,31.0,22.5,95.0,33.8,50.2,1021,0
2026/7/15,12:39:6,37.2,31.0,22.5,95.0,33.8,50.2,1023,0
2026/7/15,12:39:11,37.3,31.0,22.5,95.0,33.8,50.1,1021,0
2026/7/15,12:39:16,37.3,30.0,22.5,95.0,33.8,49.7,1019,0
2026/7/15,12:39:21,37.3,30.0,22.4,95.0,33.8,49.4,1019,0
2026/7/15,12:39:26,37.3,30.0,22.5,95.0,33.8,49.0,1023,0
2026/7/15,12:39:31,37.3,29.0,22.5,95.0,33.8,48.9,1021,0
2026/7/15,12:39:36,37.3,30.0,22.5,95.0,33.8,48.8,1022,0
2026/7/15,12:39:41,37.2,29.0,22.4,95.0,33.8,48.5,1019,0
2026/7/15,12:39:46,37.2,29.0,22.4,95.0,33.8,48.4,1019,0
2026/7/15,12:39:51,37.3,29.0,22.5,95.0,33.8,48.4,1023,0
2026/7/15,12:39:56,37.3,29.0,22.5,95.0,33.8,48.5,1022,0
2026/7/15,12:40:1,37.3,29.0,22.5,95.0,33.8,48.6,1019,0
2026/7/15,12:40:6,37.3,30.0,22.4,95.0,33.9,48.6,1019,0
2026/7/15,12:40:11,37.3,30.0,22.5,95.0,33.9,48.5,1019,0
2026/7/15,12:40:16,37.4,29.0,22.4,95.0,33.9,48.5,1023,0
2026/7/15,12:40:21,37.4,29.0,22.5,95.0,33.8,48.5,1021,0
2026/7/15,12:40:26,37.4,29.0,22.5,95.0,33.9,48.6,1021,0
2026/7/15,12:40:31,37.5,29.0,22.5,95.0,33.9,48.6,1022,0
2026/7/15,12:40:36,37.4,30.0,22.5,95.0,33.9,48.8,1019,0
2026/7/15,12:40:41,37.6,30.0,22.5,95.0,33.9,48.8,1022,0
2026/7/15,12:40:46,37.6,30.0,22.4,95.0,33.9,48.8,1019,0
2026/7/15,12:40:51,37.6,29.0,22.4,95.0,33.9,48.6,1023,0
2026/7/15,12:40:56,37.5,28.0,22.5,95.0,33.9,48.4,1019,0
2026/7/15,12:41:1,37.5,28.0,22.5,95.0,33.9,48.5,1022,0
2026/7/15,12:41:6,37.6,28.0,22.5,95.0,33.9,48.5,1019,0
2026/7/15,12:41:11,37.6,28.0,22.5,95.0,33.9,48.5,1023,0
2026/7/15,12:41:16,37.6,28.0,22.5,95.0,33.9,48.5,1023,0
2026/7/15,12:41:21,37.5,28.0,22.5,95.0,33.9,48.5,1019,0
2026/7/15,12:41:26,37.5,29.0,22.5,95.0,33.9,48.5,1021,0
2026/7/15,12:41:31,37.6,29.0,22.5,95.0,33.9,48.6,1023,0
2026/7/15,12:41:36,37.5,29.0,22.5,95.0,33.9,48.1,1023,0
2026/7/15,12:41:41,37.6,28.0,22.5,95.0,33.9,47.9,1022,0
2026/7/15,12:41:46,37.5,28.0,22.5,95.0,33.9,48.0,1023,0
2026/7/15,12:41:51,37.6,29.0,22.5,95.0,33.9,48.2,1023,0
2026/7/15,12:41:56,37.6,29.0,22.5,95.0,33.9,48.3,1022,0
2026/7/15,12:42:1,37.6,29.0,22.5,95.0,33.9,48.4,1021,0
2026/7/15,12:42:6,37.6,29.0,22.5,95.0,33.9,48.5,1022,0
2026/7/15,12:42:11,37.6,29.0,22.5,95.0,33.9,48.4,1021,0
2026/7/15,12:42:16,37.6,29.0,22.5,95.0,33.9,48.4,1019,0
2026/7/15,12:42:21,37.6,29.0,22.4,95.0,33.9,48.4,1023,0
2026/7/15,12:42:26,37.6,29.0,22.5,95.0,33.9,48.5,1019,0
2026/7/15,12:42:31,37.6,29.0,22.5,95.0,33.9,48.7,1023,0
2026/7/15,12:42:36,37.6,29.0,22.5,95.0,33.9,49.0,1023,0
2026/7/15,12:42:41,37.7,29.0,22.5,95.0,33.9,48.9,1022,0
2026/7/15,12:42:46,37.7,29.0,22.4,95.0,34.0,48.8,1021,0
2026/7/15,12:42:51,37.7,29.0,22.5,95.0,34.0,48.8,1023,0
2026/7/15,12:42:56,37.9,28.0,22.5,95.0,34.0,48.5,1023,0
2026/7/15,12:43:1,37.7,29.0,22.5,95.0,34.0,48.6,1023,0
2026/7/15,12:43:6,37.7,29.0,22.5,95.0,34.0,48.6,1021,0
2026/7/15,12:43:11,37.6,29.0,22.5,95.0,34.0,48.7,1023,0
2026/7/15,12:43:16,37.6,29.0,22.5,95.0,34.0,48.8,1023,0
2026/7/15,12:43:21,37.5,29.0,22.5,95.0,34.0,48.7,1019,0
2026/7/15,12:43:26,37.6,29.0,22.5,95.0,34.0,48.7,1019,0
2026/7/15,12:43:31,37.6,29.0,22.5,95.0,34.0,48.7,1021,0
2026/7/15,12:43:36,37.6,29.0,22.5,95.0,34.0,48.7,1023,0
2026/7/15,12:43:41,37.7,29.0,22.5,95.0,34.0,48.7,1021,0
2026/7/15,12:43:46,37.6,30.0,22.5,95.0,34.0,48.8,1019,0
2026/7/15,12:43:51,37.7,29.0,22.4,95.0,34.0,48.8,1019,0
2026/7/15,12:43:56,37.6,29.0,22.5,95.0,34.1,48.8,1021,0
2026/7/15,12:44:1,37.6,29.0,22.5,95.0,34.1,49.0,1023,0
2026/7/15,12:44:6,37.7,29.0,22.5,95.0,34.1,49.0,1023,0
2026/7/15,12:44:11,37.7,29.0,22.5,95.0,34.1,49.0,1019,0
2026/7/15,12:44:16,37.7,29.0,22.5,95.0,34.1,48.9,1019,0
2026/7/15,12:44:21,37.7,28.0,22.5,95.0,34.2,48.5,1023,0
2026/7/15,12:44:26,37.7,28.0,22.5,95.0,34.2,48.2,1023,0
2026/7/15,12:44:32,37.7,28.0,22.5,95.0,34.1,47.9,1023,0
2026/7/15,12:44:37,37.7,28.0,22.5,95.0,34.1,47.8,1023,0
2026/7/15,12:44:42,37.6,28.0,22.5,95.0,34.1,47.8,1023,0
2026/7/15,12:44:47,37.6,29.0,22.5,95.0,34.1,48.0,1022,0
2026/7/15,12:44:52,37.7,29.0,22.5,95.0,34.1,48.0,1021,0
2026/7/15,12:44:57,37.7,29.0,22.5,95.0,34.2,48.0,1022,0
2026/7/15,12:45:2,37.7,28.0,22.5,95.0,34.1,47.7,1023,0
2026/7/15,12:45:7,37.7,28.0,22.5,95.0,34.2,47.7,1023,0
2026/7/15,12:45:12,37.7,28.0,22.5,95.0,34.2,47.6,1019,0
2026/7/15,12:45:17,37.7,28.0,22.5,95.0,34.1,47.7,1023,0
2026/7/15,12:45:22,37.9,28.0,22.5,95.0,34.2,47.8,1019,0
2026/7/15,12:45:27,37.8,28.0,22.5,95.0,34.2,47.8,1023,0
2026/7/15,12:45:32,37.7,28.0,22.5,95.0,34.2,47.5,1021,0
2026/7/15,12:45:37,37.9,28.0,22.5,95.0,34.2,47.5,1023,0
2026/7/15,12:45:42,37.9,28.0,22.5,95.0,34.2,47.6,1023,0
2026/7/15,12:45:47,37.8,27.0,22.5,95.0,34.2,47.4,1019,0
2026/7/15,12:45:52,37.8,27.0,22.5,95.0,34.2,47.4,1019,0
2026/7/15,12:45:57,38.0,29.0,22.5,95.0,34.2,47.4,1023,0
2026/7/15,12:46:2,37.9,28.0,22.5,95.0,34.2,47.4,1021,0
2026/7/15,12:46:7,37.9,28.0,22.5,95.0,34.2,47.6,1019,0
2026/7/15,12:46:12,37.9,28.0,22.5,95.0,34.2,47.7,1021,0
2026/7/15,12:46:17,37.9,28.0,22.5,95.0,34.2,47.8,1021,0
2026/7/15,12:46:22,38.0,29.0,22.5,95.0,34.2,47.8,1021,0
2026/7/15,12:46:27,38.0,29.0,22.5,95.0,34.2,47.9,1023,0
2026/7/15,12:46:32,38.3,29.0,22.5,95.0,34.2,48.1,1022,0
2026/7/15,12:46:37,38.1,29.0,22.5,95.0,34.2,47.8,1023,0
2026/7/15,12:46:42,38.0,28.0,22.5,95.0,34.3,47.7,1019,0
2026/7/15,12:46:47,38.4,28.0,22.5,95.0,34.2,47.8,1023,0
2026/7/15,12:46:52,38.3,28.0,22.5,95.0,34.3,47.8,1021,0
2026/7/15,12:46:57,38.3,29.0,22.5,95.0,34.3,47.9,1022,0
2026/7/15,12:47:2,38.1,29.0,22.5,95.0,34.3,48.0,1019,0
2026/7/15,12:47:7,38.3,29.0,22.5,95.0,34.3,48.2,1021,0
2026/7/15,12:47:12,38.5,28.0,22.5,95.0,34.3,48.1,1021,0
2026/7/15,12:47:17,38.5,28.0,22.5,95.0,34.3,47.9,1023,0
2026/7/15,12:47:22,38.3,28.0,22.6,95.0,34.3,47.6,1023,0
2026/7/15,12:47:27,38.4,28.0,22.5,95.0,34.3,47.4,1021,0
2026/7/15,12:47:32,38.3,28.0,22.5,95.0,34.3,47.5,1023,0
2026/7/15,12:47:37,38.5,28.0,22.5,95.0,34.3,47.4,1023,0
2026/7/15,12:47:42,38.1,28.0,22.5,95.0,34.3,47.5,1023,0
2026/7/15,12:47:47,38.0,28.0,22.5,95.0,34.3,47.4,1023,0
2026/7/15,12:47:52,38.1,28.0,22.5,95.0,34.3,47.5,1022,0
2026/7/15,12:47:57,38.5,28.0,22.5,95.0,34.3,47.5,1019,0
2026/7/15,12:48:2,38.4,28.0,22.5,95.0,34.4,47.8,1021,0
2026/7/15,12:48:7,38.5,28.0,22.5,95.0,34.4,47.8,1023,0
2026/7/15,12:48:12,38.5,28.0,22.5,95.0,34.4,47.9,1021,0
2026/7/15,12:48:17,38.6,28.0,22.5,95.0,34.4,47.9,1023,0
2026/7/15,12:48:22,38.5,28.0,22.5,95.0,34.4,47.8,1021,0
2026/7/15,12:48:27,38.7,27.0,22.5,95.0,34.4,47.5,1021,0
2026/7/15,12:48:32,38.6,27.0,22.5,95.0,34.4,47.3,1021,0
2026/7/15,12:48:37,38.7,27.0,22.5,95.0,34.4,47.3,1023,0
2026/7/15,12:48:42,38.5,28.0,22.5,95.0,34.3,47.3,1022,0
2026/7/15,12:48:47,38.6,28.0,22.5,95.0,34.3,47.2,1023,0
2026/7/15,12:48:52,38.5,28.0,22.5,95.0,34.3,47.2,1021,0
2026/7/15,12:48:57,38.7,28.0,22.5,95.0,34.4,47.3,1022,0
2026/7/15,12:49:2,38.5,28.0,22.5,95.0,34.3,47.4,1021,0
2026/7/15,12:49:7,38.8,27.0,22.5,95.0,34.4,47.5,1021,0
2026/7/15,12:49:12,38.9,27.0,22.5,95.0,34.4,47.5,1019,0
2026/7/15,12:49:17,38.6,28.0,22.5,95.0,34.4,47.6,1023,0
2026/7/15,12:49:22,38.9,28.0,22.5,95.0,34.4,47.6,1023,0
2026/7/15,12:49:27,38.7,28.0,22.5,95.0,34.4,47.7,1023,0
2026/7/15,12:49:32,38.8,28.0,22.5,95.0,34.4,47.8,1022,0
2026/7/15,12:49:37,39.0,29.0,22.5,95.0,34.4,47.8,1022,0
2026/7/15,12:49:42,39.0,29.0,22.5,95.0,34.4,47.9,1021,0
2026/7/15,12:49:47,39.1,29.0,22.5,95.0,34.5,47.9,1023,0
2026/7/15,12:49:52,39.1,28.0,22.5,95.0,34.5,47.8,1019,0
2026/7/15,12:49:57,39.2,27.0,22.5,95.0,34.5,47.7,1023,0
2026/7/15,12:50:2,39.2,27.0,22.6,95.0,34.5,47.6,1023,0
2026/7/15,12:50:7,39.3,27.0,22.6,95.0,34.5,47.6,1019,0
2026/7/15,12:50:12,39.3,27.0,22.5,95.0,34.5,47.5,1023,0
2026/7/15,12:50:17,39.4,27.0,22.5,95.0,34.5,47.5,1023,0
2026/7/15,12:50:22,39.3,27.0,22.7,95.0,34.5,47.2,1019,0
2026/7/15,12:50:27,39.5,27.0,22.5,95.0,34.5,47.2,1019,0
2026/7/15,12:50:32,39.5,27.0,22.5,95.0,34.5,47.2,1023,0
2026/7/15,12:50:37,39.5,27.0,22.5,95.0,34.5,47.1,1023,0
2026/7/15,12:50:42,39.5,27.0,22.6,95.0,34.5,47.0,1023,0
2026/7/15,12:50:47,39.5,26.0,22.5,95.0,34.5,47.0,1022,0
2026/7/15,12:50:52,39.5,26.0,22.5,95.0,34.5,47.1,1021,0
2026/7/15,12:50:57,39.5,27.0,22.5,95.0,34.5,47.3,1023,0
2026/7/15,12:51:2,39.5,27.0,22.5,95.0,34.5,47.3,1021,0
2026/7/15,12:51:7,39.8,27.0,22.6,95.0,34.5,47.6,1023,0
2026/7/15,12:51:12,39.7,27.0,22.5,95.0,34.5,47.7,1022,0
2026/7/15,12:51:17,40.3,27.0,22.5,95.0,34.5,47.7,1023,0
2026/7/15,12:51:22,39.7,26.0,22.6,95.0,34.6,47.8,1023,0
2026/7/15,12:51:27,40.1,26.0,22.5,95.0,34.6,47.7,1019,0
2026/7/15,12:51:32,39.9,26.0,22.5,95.0,34.6,47.7,1021,0
2026/7/15,12:51:37,40.3,26.0,22.5,95.0,34.6,47.6,1021,0
2026/7/15,12:51:42,40.3,26.0,22.6,95.0,34.6,47.6,1021,0
2026/7/15,12:51:47,40.1,26.0,22.6,95.0,34.6,47.6,1021,0
2026/7/15,12:51:52,40.3,26.0,22.6,95.0,34.6,47.4,1023,0
2026/7/15,12:51:57,40.3,26.0,22.5,95.0,34.6,47.3,1021,0
2026/7/15,12:52:2,40.5,25.0,22.5,95.0,34.6,47.2,1021,0
2026/7/15,12:52:7,40.5,25.0,22.5,95.0,34.6,47.1,1023,0
2026/7/15,12:52:12,40.5,25.0,22.5,95.0,34.6,46.9,1019,0
2026/7/15,12:52:17,40.6,24.0,22.6,95.0,34.6,46.7,1023,0
2026/7/15,12:52:22,40.6,24.0,22.5,95.0,34.6,46.7,1021,0
2026/7/15,12:52:27,40.6,24.0,22.5,95.0,34.6,46.8,1023,0
2026/7/15,12:52:32,40.6,24.0,22.5,95.0,34.6,46.8,1023,0
2026/7/15,12:52:37,41.0,25.0,22.6,95.0,34.6,46.9,1022,0
2026/7/15,12:52:42,41.1,25.0,22.5,95.0,34.7,46.9,1023,0
2026/7/15,12:52:47,41.2,25.0,22.6,95.0,34.7,46.9,1023,0
2026/7/15,12:52:52,41.3,25.0,22.5,95.0,34.7,47.0,1021,0
2026/7/15,12:52:57,41.3,24.0,22.5,95.0,34.7,47.0,1021,0
2026/7/15,12:53:2,41.3,24.0,22.5,95.0,34.7,46.7,1021,0
2026/7/15,12:53:7,41.3,24.0,22.5,95.0,34.7,46.6,1023,0
2026/7/15,12:53:12,41.3,24.0,22.5,95.0,34.7,46.5,1023,0
2026/7/15,12:53:17,41.3,24.0,22.5,95.0,34.7,46.3,1023,0
2026/7/15,12:53:22,41.4,24.0,22.6,95.0,34.6,46.1,1023,0
2026/7/15,12:53:27,41.4,23.0,22.5,95.0,34.6,46.2,1023,0
2026/7/15,12:53:32,41.4,23.0,22.5,95.0,34.6,46.2,1021,0
2026/7/15,12:53:37,41.5,24.0,22.5,95.0,34.6,46.3,1023,0
2026/7/15,12:53:42,41.4,24.0,22.5,95.0,34.6,46.5,1021,0
2026/7/15,12:53:47,41.6,24.0,22.5,95.0,34.7,46.5,1023,0
2026/7/15,12:53:52,41.7,24.0,22.5,95.0,34.7,46.6,1023,0
2026/7/15,12:53:57,41.7,24.0,22.5,95.0,34.7,46.8,1022,0
2026/7/15,12:54:2,41.7,24.0,22.5,95.0,34.7,46.9,1023,0
2026/7/15,12:54:7,41.8,24.0,22.6,95.0,34.7,47.0,1023,0
2026/7/15,12:54:12,42.0,23.0,22.5,95.0,34.7,47.0,1021,0
2026/7/15,12:54:17,41.9,23.0,22.5,95.0,34.7,47.1,1023,0
2026/7/15,12:54:22,42.2,23.0,22.6,95.0,34.7,47.0,1021,0
2026/7/15,12:54:27,42.4,23.0,22.5,95.0,34.8,46.8,1021,0
2026/7/15,12:54:32,41.9,23.0,22.5,95.0,34.8,46.8,1022,0
2026/7/15,12:54:37,41.9,23.0,22.5,95.0,34.8,46.8,1022,0
2026/7/15,12:54:42,42.5,23.0,22.6,95.0,34.8,46.7,1022,0
2026/7/15,12:54:47,42.6,22.0,22.5,95.0,34.8,46.6,1023,0
2026/7/15,12:54:52,42.2,22.0,22.5,95.0,34.8,46.7,1023,0
2026/7/15,12:54:57,42.3,22.0,22.5,95.0,34.8,46.6,1023,0
2026/7/15,12:55:2,42.4,22.0,22.6,95.0,34.8,46.6,1019,0
2026/7/15,12:55:7,42.5,22.0,22.5,95.0,34.8,46.5,1023,0
2026/7/15,12:55:12,42.3,22.0,22.5,95.0,34.8,46.4,1023,0
2026/7/15,12:55:17,42.5,22.0,22.5,95.0,34.8,46.4,1019,0
2026/7/15,12:55:22,42.6,22.0,22.6,95.0,34.8,46.3,1023,0
2026/7/15,12:55:27,42.6,21.0,22.6,95.0,34.8,46.2,1023,0
2026/7/15,12:55:33,42.8,21.0,22.5,95.0,34.9,46.3,1023,0
2026/7/15,12:55:38,42.6,21.0,22.6,95.0,34.9,46.3,1022,0
2026/7/15,12:55:43,42.7,22.0,22.6,95.0,34.9,46.4,1023,0
2026/7/15,12:55:48,42.8,22.0,22.6,95.0,34.9,46.7,1019,0
2026/7/15,12:55:53,42.8,22.0,22.5,95.0,34.9,46.9,1021,0
2026/7/15,12:55:58,42.8,22.0,22.6,95.0,34.9,47.1,1019,0
2026/7/15,12:56:3,42.8,22.0,22.6,95.0,35.0,47.2,1023,0
2026/7/15,12:56:8,42.8,22.0,22.5,95.0,35.0,47.3,1019,0
2026/7/15,12:56:13,43.1,23.0,22.5,95.0,35.0,47.3,1021,0
2026/7/15,12:56:18,43.1,23.0,22.5,95.0,35.0,47.3,1022,0
2026/7/15,12:56:23,43.3,22.0,22.6,95.0,35.1,47.1,1023,0
2026/7/15,12:56:28,43.3,22.0,22.5,95.0,35.1,46.9,1021,0
2026/7/15,12:56:33,43.3,22.0,22.5,95.0,35.1,46.8,1023,0
2026/7/15,12:56:38,43.3,22.0,22.6,95.0,35.1,46.7,1022,0
2026/7/15,12:56:43,43.3,22.0,22.6,95.0,35.1,46.7,1019,0
2026/7/15,12:56:48,43.4,22.0,22.7,95.0,35.1,46.8,1023,0
2026/7/15,12:56:53,43.4,22.0,22.5,95.0,35.1,46.7,1021,0
2026/7/15,12:56:58,43.4,22.0,22.5,95.0,35.1,46.7,1021,0
2026/7/15,12:57:3,43.5,22.0,22.6,95.0,35.1,46.8,1021,0
2026/7/15,12:57:8,43.4,22.0,22.6,95.0,35.1,46.8,1023,0
2026/7/15,12:57:13,43.3,22.0,22.6,95.0,35.2,46.7,1019,0
2026/7/15,12:57:18,43.4,21.0,22.6,95.0,35.2,46.5,1021,0
2026/7/15,12:57:23,43.5,21.0,22.5,95.0,35.2,46.5,1021,0
2026/7/15,12:57:28,43.3,21.0,22.5,95.0,35.2,46.6,1021,0
2026/7/15,12:57:33,43.5,22.0,22.6,95.0,35.2,46.7,1023,0
2026/7/15,12:57:38,43.5,22.0,22.7,95.0,35.2,46.7,1022,0
2026/7/15,12:57:43,43.5,22.0,22.7,95.0,35.2,46.8,1023,0
2026/7/15,12:57:48,43.5,22.0,22.5,95.0,35.3,46.9,1019,0
2026/7/15,12:57:53,43.5,22.0,22.6,95.0,35.3,46.9,1021,0
2026/7/15,12:57:58,43.6,22.0,22.5,95.0,35.3,46.9,1023,0
2026/7/15,12:58:3,43.6,21.0,22.6,95.0,35.3,46.8,1023,0
2026/7/15,12:58:8,43.6,21.0,22.5,95.0,35.4,46.6,1023,0
2026/7/15,12:58:13,43.7,21.0,22.5,95.0,35.4,46.6,1023,0
2026/7/15,12:58:18,43.6,20.0,22.6,95.0,35.4,46.5,1021,0
2026/7/15,12:58:23,43.6,20.0,22.6,95.0,35.4,46.0,1023,0
2026/7/15,12:58:28,43.6,20.0,22.6,95.0,35.4,45.3,1019,0
2026/7/15,12:58:33,43.6,20.0,22.6,95.0,35.4,45.1,1022,0
2026/7/15,12:58:38,43.6,20.0,22.6,95.0,35.3,45.2,1019,0
2026/7/15,12:58:43,43.5,20.0,22.7,95.0,35.4,45.2,1021,0
2026/7/15,12:58:48,43.5,21.0,22.6,95.0,35.3,45.2,1022,0
2026/7/15,12:58:53,43.5,21.0,22.6,95.0,35.3,45.2,1019,0
2026/7/15,12:58:58,43.5,21.0,22.7,95.0,35.3,45.3,1022,0
2026/7/15,12:59:3,43.5,21.0,22.6,95.0,35.3,45.5,1023,0
2026/7/15,12:59:8,43.5,21.0,22.6,95.0,35.3,45.5,1021,0
2026/7/15,12:59:13,43.4,21.0,22.5,95.0,35.3,45.7,1023,0
2026/7/15,12:59:18,43.4,21.0,22.7,95.0,35.3,45.7,1021,0
2026/7/15,12:59:23,43.5,21.0,22.8,95.0,35.3,45.8,1023,0
2026/7/15,12:59:28,43.3,21.0,22.6,95.0,35.3,45.8,1021,0
2026/7/15,12:59:33,43.5,21.0,22.6,95.0,35.4,45.9,1023,0
2026/7/15,12:59:38,43.5,21.0,22.7,95.0,35.4,45.9,1023,0
2026/7/15,12:59:43,43.4,21.0,22.6,95.0,35.4,46.0,1023,0
2026/7/15,12:59:48,43.5,22.0,22.6,95.0,35.4,46.0,1021,0
2026/7/15,12:59:53,43.5,21.0,22.7,95.0,35.3,46.1,1023,0
2026/7/15,12:59:58,43.5,21.0,22.7,95.0,35.4,45.9,1023,0
2026/7/15,13:0:3,43.5,21.0,22.5,95.0,35.4,45.6,1023,0
2026/7/15,13:0:8,43.5,21.0,22.8,95.0,35.3,45.3,1019,0
2026/7/15,13:0:13,43.5,21.0,22.7,95.0,35.3,45.2,1021,0
2026/7/15,13:0:18,43.4,20.0,22.5,95.0,35.3,45.3,1022,0
2026/7/15,13:0:23,43.5,21.0,22.7,95.0,35.3,45.3,1019,0
2026/7/15,13:0:28,43.5,21.0,22.7,95.0,35.3,45.3,1022,0
2026/7/15,13:0:33,43.6,21.0,22.6,95.0,35.3,45.4,1023,0
2026/7/15,13:0:38,43.6,21.0,22.7,95.0,35.3,45.5,1023,0
2026/7/15,13:0:43,43.5,21.0,22.6,95.0,35.3,45.6,1019,0
2026/7/15,13:0:48,43.6,21.0,22.5,95.0,35.2,45.7,1022,0
2026/7/15,13:0:53,43.4,21.0,22.5,95.0,35.2,45.8,1021,0
2026/7/15,13:0:58,43.6,21.0,22.7,95.0,35.2,45.5,1021,0
2026/7/15,13:1:3,43.5,21.0,22.8,95.0,35.2,45.5,1023,0
2026/7/15,13:1:8,43.4,21.0,22.6,95.0,35.2,45.4,1023,0
2026/7/15,13:1:13,43.6,21.0,22.7,95.0,35.2,45.2,1019,0
2026/7/15,13:1:18,43.5,20.0,22.6,95.0,35.2,45.2,1019,0
2026/7/15,13:1:23,43.5,21.0,22.7,95.0,35.1,45.3,1023,0
2026/7/15,13:1:28,43.5,21.0,22.6,95.0,35.1,45.3,1021,0
2026/7/15,13:1:33,43.5,21.0,22.6,95.0,35.1,45.3,1023,0
2026/7/15,13:1:38,43.5,21.0,22.7,95.0,35.1,45.4,1021,0
2026/7/15,13:1:43,43.5,21.0,22.5,95.0,35.1,45.5,1021,0
2026/7/15,13:1:48,43.6,21.0,22.5,95.0,35.1,45.5,1023,0
2026/7/15,13:1:53,43.5,21.0,22.7,95.0,35.1,45.5,1023,0
2026/7/15,13:1:58,43.5,21.0,22.6,95.0,35.1,45.6,1022,0
2026/7/15,13:2:3,43.6,21.0,22.6,95.0,35.1,45.6,1019,0
2026/7/15,13:2:8,43.6,21.0,22.7,95.0,35.1,45.7,1021,0
2026/7/15,13:2:13,43.6,21.0,22.7,95.0,35.1,45.7,1021,0
2026/7/15,13:2:18,43.6,21.0,22.7,95.0,35.1,45.7,1021,0
2026/7/15,13:2:23,43.6,21.0,22.7,95.0,35.1,45.8,1019,0
2026/7/15,13:2:28,43.6,21.0,22.7,95.0,35.1,45.8,1021,0
2026/7/15,13:2:33,43.5,21.0,22.7,95.0,35.1,46.0,1023,0
2026/7/15,13:2:38,43.6,21.0,22.6,95.0,35.0,46.1,1019,0
2026/7/15,13:2:43,43.6,21.0,22.5,95.0,35.1,46.2,1021,0
2026/7/15,13:2:48,43.6,21.0,22.7,95.0,35.0,46.2,1021,0
2026/7/15,13:2:53,43.7,21.0,22.6,95.0,35.0,46.3,1023,0
2026/7/15,13:2:58,43.7,21.0,22.6,95.0,35.0,46.3,1022,0
2026/7/15,13:3:3,43.7,20.0,22.7,95.0,35.0,46.3,1023,0
2026/7/15,13:3:8,43.5,20.0,22.7,95.0,35.0,46.4,1022,0
2026/7/15,13:3:13,43.5,21.0,22.7,95.0,35.0,46.3,1023,0
2026/7/15,13:3:18,43.5,21.0,22.6,95.0,35.0,46.3,1019,0
2026/7/15,13:3:23,43.5,21.0,22.5,95.0,35.0,46.3,1023,0
2026/7/15,13:3:28,43.5,21.0,22.7,95.0,35.0,46.4,1021,0
2026/7/15,13:3:33,43.5,21.0,22.6,95.0,35.0,46.4,1023,0
2026/7/15,13:3:38,43.5,21.0,22.7,95.0,35.0,46.4,1021,0
2026/7/15,13:3:43,43.6,21.0,22.6,95.0,35.0,46.5,1021,0
2026/7/15,13:3:48,43.6,21.0,22.6,95.0,35.1,46.5,1022,0
2026/7/15,13:3:53,43.6,21.0,22.6,95.0,35.1,46.7,1022,0
2026/7/15,13:3:58,43.7,21.0,22.7,95.0,35.1,46.8,1019,0
2026/7/15,13:4:3,43.8,21.0,22.6,95.0,35.1,46.9,1019,0
2026/7/15,13:4:8,43.8,21.0,22.7,95.0,35.1,47.0,1023,0
2026/7/15,13:4:13,43.8,22.0,22.7,95.0,35.1,47.0,1022,0
2026/7/15,13:4:18,43.9,20.0,22.7,95.0,35.1,47.0,1023,0
2026/7/15,13:4:23,43.8,20.0,22.7,95.0,35.1,47.0,1023,0
2026/7/15,13:4:28,43.9,21.0,22.7,95.0,35.1,47.0,1022,0
2026/7/15,13:4:33,43.9,20.0,22.8,95.0,35.2,47.0,1023,0
2026/7/15,13:4:38,43.9,20.0,22.6,95.0,35.2,47.0,1019,0
2026/7/15,13:4:43,43.8,20.0,22.7,95.0,35.2,46.9,1023,0
2026/7/15,13:4:48,43.9,20.0,22.7,95.0,35.2,46.9,1023,0
2026/7/15,13:4:53,43.9,20.0,22.7,95.0,35.2,46.8,1022,0
2026/7/15,13:4:58,43.9,21.0,22.7,95.0,35.2,46.9,1021,0
2026/7/15,13:5:3,43.9,20.0,22.7,95.0,35.2,46.9,1019,0
2026/7/15,13:5:8,43.8,20.0,22.6,95.0,35.2,47.0,1022,0
2026/7/15,13:5:13,43.7,20.0,22.6,95.0,35.2,46.7,1023,0
2026/7/15,13:5:18,43.6,20.0,22.7,95.0,35.1,46.2,1023,0
2026/7/15,13:5:23,43.5,20.0,22.7,95.0,35.1,45.9,1023,0
2026/7/15,13:5:28,43.4,21.0,22.9,95.0,35.0,45.8,1023,0
2026/7/15,13:5:33,43.3,21.0,22.7,95.0,35.0,45.8,1023,0
2026/7/15,13:5:38,43.3,22.0,22.8,95.0,34.9,45.8,1023,0
2026/7/15,13:5:43,43.0,22.0,22.8,95.0,34.9,46.0,1023,0
2026/7/15,13:5:48,43.0,22.0,22.7,95.0,34.9,46.1,1023,0
2026/7/15,13:5:53,42.7,21.0,22.7,95.0,34.8,46.0,1023,0
2026/7/15,13:5:58,42.8,21.0,22.7,95.0,34.8,46.1,1023,0
2026/7/15,13:6:3,43.2,22.0,22.7,95.0,34.8,46.2,1022,0
2026/7/15,13:6:8,43.0,22.0,22.9,95.0,34.8,46.3,1023,0
2026/7/15,13:6:13,42.7,21.0,22.7,95.0,34.8,46.2,1021,0
2026/7/15,13:6:19,43.0,22.0,22.7,95.0,34.8,46.2,1023,0
2026/7/15,13:6:24,42.5,21.0,23.0,95.0,34.7,46.1,1023,0
2026/7/15,13:6:29,42.6,21.0,22.6,95.0,34.7,46.2,1023,0
2026/7/15,13:6:34,42.5,21.0,22.5,95.0,34.7,46.2,1023,0
2026/7/15,13:6:39,42.3,21.0,22.8,95.0,34.7,46.2,1023,0
2026/7/15,13:6:44,42.7,22.0,22.5,95.0,34.7,46.3,1021,0
2026/7/15,13:6:49,42.6,22.0,22.7,95.0,34.6,46.5,1023,0
2026/7/15,13:6:54,42.6,22.0,22.5,95.0,34.6,46.6,1023,0
2026/7/15,13:6:59,42.6,22.0,23.0,95.0,34.6,46.6,1021,0
2026/7/15,13:7:4,42.5,22.0,22.9,95.0,34.6,46.7,1023,0
2026/7/15,13:7:9,42.5,22.0,23.0,95.0,34.6,46.8,1023,0
2026/7/15,13:7:14,42.6,22.0,22.9,95.0,34.6,46.7,1019,0
2026/7/15,13:7:19,42.6,21.0,23.0,95.0,34.6,46.7,1023,0
2026/7/15,13:7:24,42.7,21.0,22.5,95.0,34.6,46.8,1021,0
2026/7/15,13:7:29,42.5,21.0,22.7,95.0,34.6,46.8,1023,0
2026/7/15,13:7:34,42.7,22.0,22.8,95.0,34.6,46.8,1021,0
2026/7/15,13:7:39,42.4,22.0,22.8,95.0,34.6,46.9,1023,0
2026/7/15,13:7:44,42.6,22.0,23.0,95.0,34.6,47.0,1023,0
2026/7/15,13:7:49,42.6,22.0,23.0,95.0,34.6,47.0,1021,0
2026/7/15,13:7:54,42.7,22.0,22.7,95.0,34.6,47.0,1023,0
2026/7/15,13:7:59,42.8,22.0,22.5,95.0,34.6,47.1,1023,0
2026/7/15,13:8:4,42.6,21.0,22.5,95.0,34.6,46.7,1022,0
2026/7/15,13:8:9,42.8,21.0,22.7,95.0,34.6,46.5,1019,0
2026/7/15,13:8:14,42.6,21.0,22.7,95.0,34.6,46.5,1021,0
2026/7/15,13:8:19,42.7,21.0,22.9,95.0,34.6,46.7,1023,0
2026/7/15,13:8:24,42.7,22.0,22.5,95.0,34.5,46.6,1023,0
2026/7/15,13:8:29,42.6,21.0,23.0,95.0,34.6,46.7,1022,0
2026/7/15,13:8:34,42.7,21.0,22.5,95.0,34.5,46.8,1023,0
2026/7/15,13:8:39,43.0,22.0,22.7,95.0,34.5,46.7,1019,0
2026/7/15,13:8:44,42.8,21.0,22.8,95.0,34.5,46.7,1023,0
2026/7/15,13:8:49,43.0,22.0,23.0,95.0,34.5,46.7,1023,0
2026/7/15,13:8:54,42.8,21.0,22.5,95.0,34.5,46.8,1021,0
2026/7/15,13:8:59,43.0,22.0,22.9,95.0,34.5,46.9,1023,0
2026/7/15,13:9:4,43.0,22.0,22.5,95.0,34.5,47.0,1019,0
2026/7/15,13:9:9,43.2,22.0,22.5,95.0,34.5,47.0,1023,0
2026/7/15,13:9:14,43.1,22.0,22.6,95.0,34.6,47.1,1023,0
2026/7/15,13:9:19,43.3,22.0,22.8,95.0,34.6,47.2,1021,0
2026/7/15,13:9:24,43.3,22.0,22.8,95.0,34.6,47.3,1023,0
2026/7/15,13:9:29,43.5,22.0,22.6,95.0,34.6,47.2,1022,0
2026/7/15,13:9:34,43.4,21.0,22.5,95.0,34.6,47.0,1022,0
2026/7/15,13:9:39,43.4,21.0,23.0,95.0,34.6,47.0,1023,0
2026/7/15,13:9:44,43.4,21.0,22.9,95.0,34.6,47.1,1023,0
2026/7/15,13:9:49,43.4,21.0,22.6,95.0,34.6,47.1,1019,0
2026/7/15,13:9:54,43.4,21.0,22.8,95.0,34.6,47.0,1023,0
2026/7/15,13:9:59,43.4,21.0,22.7,95.0,34.6,47.1,1019,0
2026/7/15,13:10:4,43.4,21.0,22.7,95.0,34.6,47.1,1021,0
2026/7/15,13:10:9,43.5,21.0,22.5,95.0,34.6,47.2,1019,0
2026/7/15,13:10:14,43.4,21.0,22.7,95.0,34.6,47.2,1022,0
2026/7/15,13:10:19,43.5,22.0,22.9,95.0,34.6,47.3,1021,0
2026/7/15,13:10:24,43.5,22.0,22.5,95.0,34.6,47.3,1021,0
2026/7/15,13:10:29,43.5,21.0,22.9,95.0,34.6,47.1,1021,0
2026/7/15,13:10:34,43.4,21.0,23.0,95.0,34.6,46.8,1023,0
2026/7/15,13:10:39,43.4,21.0,22.6,95.0,34.6,46.6,1021,0
2026/7/15,13:10:44,43.4,21.0,22.5,95.0,34.6,46.4,1021,0
2026/7/15,13:10:49,43.4,21.0,22.8,95.0,34.6,46.3,1023,0
2026/7/15,13:10:54,43.3,21.0,22.9,95.0,34.5,46.5,1023,0
2026/7/15,13:10:59,43.4,21.0,22.6,95.0,34.5,46.7,1021,0
2026/7/15,13:11:4,43.4,21.0,22.7,95.0,34.5,46.7,1019,0
2026/7/15,13:11:9,43.4,21.0,22.9,95.0,34.5,46.7,1023,0
2026/7/15,13:11:14,43.4,21.0,22.5,95.0,34.5,46.6,1019,0
2026/7/15,13:11:19,43.2,21.0,23.0,95.0,34.5,46.6,1023,0
2026/7/15,13:11:24,43.3,21.0,22.7,95.0,34.5,46.7,1023,0
2026/7/15,13:11:29,43.4,21.0,22.9,95.0,34.5,46.8,1023,0
2026/7/15,13:11:34,43.3,22.0,22.6,95.0,34.5,47.0,1021,0
2026/7/15,13:11:39,43.2,21.0,23.0,95.0,34.5,47.0,1023,0
2026/7/15,13:11:44,43.1,22.0,22.7,95.0,34.5,47.0,1023,0
2026/7/15,13:11:49,43.2,22.0,23.0,95.0,34.5,47.1,1019,0
2026/7/15,13:11:54,43.0,21.0,22.7,95.0,34.5,47.0,1019,0
2026/7/15,13:11:59,43.2,21.0,22.6,95.0,34.5,47.1,1023,0
2026/7/15,13:12:4,43.0,22.0,23.0,95.0,34.5,47.1,1023,0
2026/7/15,13:12:9,43.1,22.0,22.7,95.0,34.5,47.1,1023,0
2026/7/15,13:12:14,43.2,22.0,22.7,95.0,34.5,47.2,1019,0
2026/7/15,13:12:19,43.2,22.0,23.0,95.0,34.5,47.2,1023,0
2026/7/15,13:12:24,43.4,22.0,22.6,95.0,34.5,47.3,1023,0
2026/7/15,13:12:29,43.4,22.0,23.0,95.0,34.6,47.3,1019,0
2026/7/15,13:12:34,43.4,21.0,22.7,95.0,34.6,47.3,1023,0
2026/7/15,13:12:39,43.4,21.0,22.7,95.0,34.6,47.3,1019,0
2026/7/15,13:12:44,43.3,22.0,22.9,95.0,34.6,47.4,1023,0
2026/7/15,13:12:49,43.3,22.0,22.9,95.0,34.6,47.5,1023,0
2026/7/15,13:12:54,43.4,22.0,23.0,95.0,34.6,47.4,1019,0
2026/7/15,13:12:59,43.4,22.0,22.5,95.0,34.6,47.3,1019,0
2026/7/15,13:13:4,43.2,22.0,22.6,95.0,34.7,47.4,1021,0
2026/7/15,13:13:9,43.3,22.0,23.0,95.0,34.7,47.3,1022,0
2026/7/15,13:13:14,43.2,22.0,22.6,95.0,34.7,47.3,1022,0
2026/7/15,13:13:19,43.4,22.0,22.7,95.0,34.7,47.3,1019,0
2026/7/15,13:13:24,43.4,22.0,23.0,95.0,34.7,47.4,1021,0
2026/7/15,13:13:29,43.6,21.0,22.8,95.0,34.7,47.3,1021,0
2026/7/15,13:13:34,43.5,21.0,22.6,95.0,34.8,47.2,1022,0
2026/7/15,13:13:39,43.5,21.0,22.7,95.0,34.8,47.2,1021,0
2026/7/15,13:13:44,43.5,21.0,23.0,95.0,34.8,46.8,1023,0
2026/7/15,13:13:49,43.4,21.0,22.6,95.0,34.8,46.6,1019,0
2026/7/15,13:13:54,43.5,21.0,23.0,95.0,34.8,46.7,1022,0
2026/7/15,13:13:59,43.5,21.0,23.0,95.0,34.8,46.7,1023,0
2026/7/15,13:14:4,43.4,21.0,22.7,95.0,34.8,46.7,1023,0
2026/7/15,13:14:9,43.4,21.0,23.0,95.0,34.8,46.7,1021,0
2026/7/15,13:14:14,43.4,21.0,22.5,95.0,34.8,46.8,1023,0
2026/7/15,13:14:19,43.5,21.0,22.6,95.0,34.8,46.6,1019,0
2026/7/15,13:14:24,43.5,21.0,22.9,95.0,34.8,46.6,1021,0
2026/7/15,13:14:29,43.5,21.0,22.9,95.0,34.8,46.5,1021,0
2026/7/15,13:14:34,43.6,21.0,23.0,95.0,34.8,46.3,1022,0
2026/7/15,13:14:39,43.6,21.0,22.6,95.0,34.8,46.4,1019,0
2026/7/15,13:14:44,43.6,21.0,22.7,95.0,34.8,46.6,1023,0
2026/7/15,13:14:49,43.7,20.0,22.9,95.0,34.8,46.7,1023,0
2026/7/15,13:14:54,43.7,20.0,22.9,95.0,34.9,46.7,1023,0
2026/7/15,13:14:59,43.7,21.0,22.6,95.0,34.9,46.7,1019,0
2026/7/15,13:15:4,43.7,21.0,22.6,95.0,34.9,46.7,1019,0
2026/7/15,13:15:9,43.7,20.0,23.0,95.0,34.9,46.7,1022,0
2026/7/15,13:15:14,43.7,20.0,22.9,95.0,34.9,46.7,1021,0
2026/7/15,13:15:19,43.7,20.0,23.0,95.0,34.9,46.5,1022,0
2026/7/15,13:15:24,43.7,20.0,22.5,95.0,34.9,46.4,1023,0
2026/7/15,13:15:29,43.8,20.0,23.0,95.0,34.9,46.4,1019,0
2026/7/15,13:15:34,43.7,20.0,23.0,95.0,35.0,46.4,1019,0
2026/7/15,13:15:39,43.7,20.0,22.6,95.0,35.0,46.4,1023,0
2026/7/15,13:15:44,43.8,20.0,23.1,95.0,35.0,46.3,1021,0
2026/7/15,13:15:49,43.8,20.0,22.6,95.0,35.0,46.4,1023,0
2026/7/15,13:15:54,43.7,20.0,22.7,95.0,35.0,46.2,1023,0
2026/7/15,13:15:59,43.7,20.0,22.7,95.0,35.0,46.2,1023,0
2026/7/15,13:16:4,43.8,20.0,23.0,95.0,34.9,46.3,1019,0
2026/7/15,13:16:9,43.8,20.0,22.7,95.0,35.0,46.3,1021,0
2026/7/15,13:16:14,43.8,20.0,23.0,95.0,35.0,46.4,1019,0
2026/7/15,13:16:19,43.8,20.0,23.0,95.0,35.0,46.4,1023,0
2026/7/15,13:16:24,43.8,20.0,23.0,95.0,35.0,46.5,1021,0
2026/7/15,13:16:29,43.8,20.0,22.9,95.0,35.0,46.6,1022,0
2026/7/15,13:16:34,43.8,20.0,22.6,95.0,35.0,46.4,1023,0
2026/7/15,13:16:39,43.8,20.0,22.9,95.0,35.0,46.1,1023,0
2026/7/15,13:16:44,43.7,20.0,22.6,95.0,35.0,46.0,1019,0
2026/7/15,13:16:49,43.7,20.0,23.0,95.0,35.0,46.2,1022,0
2026/7/15,13:16:54,43.7,20.0,22.6,95.0,35.0,46.4,1019,0
2026/7/15,13:16:59,43.7,20.0,22.9,95.0,35.0,46.3,1023,0
2026/7/15,13:17:4,43.6,20.0,22.5,95.0,35.0,46.3,1023,0
2026/7/15,13:17:9,43.6,21.0,22.6,95.0,35.0,46.4,1023,0
2026/7/15,13:17:14,43.6,21.0,22.6,95.0,35.0,46.6,1022,0
2026/7/15,13:17:19,43.5,21.0,22.6,95.0,35.1,46.6,1023,0
2026/7/15,13:17:25,43.6,21.0,23.0,95.0,35.1,46.6,1022,0
2026/7/15,13:17:30,43.5,21.0,23.1,95.0,35.1,46.4,1021,0
2026/7/15,13:17:35,43.4,21.0,23.0,95.0,35.1,46.4,1021,0
2026/7/15,13:17:40,43.5,21.0,23.0,95.0,35.1,46.4,1023,0
2026/7/15,13:17:45,43.5,21.0,23.0,95.0,35.1,46.2,1021,0
2026/7/15,13:17:50,43.5,21.0,22.6,95.0,35.1,46.2,1019,0
2026/7/15,13:17:55,43.4,21.0,23.1,95.0,35.1,46.1,1022,0
2026/7/15,13:18:0,43.3,21.0,23.0,95.0,35.0,46.1,1023,0
2026/7/15,13:18:5,43.3,21.0,23.0,95.0,35.1,46.0,1022,0
2026/7/15,13:18:10,43.3,21.0,23.1,95.0,35.0,46.0,1019,0
2026/7/15,13:18:15,43.2,21.0,23.0,95.0,35.0,46.0,1023,0
2026/7/15,13:18:20,43.3,21.0,22.6,95.0,35.0,46.1,1023,0
2026/7/15,13:18:25,43.3,21.0,22.6,95.0,35.0,46.2,1023,0
2026/7/15,13:18:30,43.2,21.0,23.0,95.0,35.0,46.3,1019,0
2026/7/15,13:18:35,43.4,21.0,23.1,95.0,35.0,46.0,1023,0
2026/7/15,13:18:40,43.3,21.0,23.0,95.0,35.0,45.9,1022,0
2026/7/15,13:18:45,43.2,21.0,22.6,95.0,35.0,46.1,1019,0
2026/7/15,13:18:50,43.3,22.0,22.7,95.0,35.0,46.6,1019,0
2026/7/15,13:18:55,43.3,22.0,22.6,95.0,35.0,46.6,1022,0
2026/7/15,13:19:0,43.1,21.0,23.1,95.0,35.0,46.6,1023,0
2026/7/15,13:19:5,43.1,21.0,23.1,95.0,35.0,46.6,1021,0
2026/7/15,13:19:10,43.2,21.0,22.6,95.0,35.0,46.6,1021,0
2026/7/15,13:19:15,43.4,21.0,23.1,95.0,35.0,46.5,1023,0
2026/7/15,13:19:20,43.5,21.0,22.6,95.0,35.1,46.5,1022,0
2026/7/15,13:19:25,43.5,21.0,22.6,95.0,35.1,46.2,1023,0
2026/7/15,13:19:30,43.6,21.0,22.6,95.0,35.1,46.2,1021,0
2026/7/15,13:19:35,43.6,21.0,23.0,95.0,35.1,46.2,1019,0
2026/7/15,13:19:40,43.7,20.0,23.1,95.0,35.1,46.2,1019,0
2026/7/15,13:19:45,43.6,21.0,22.7,95.0,35.1,46.3,1023,0
2026/7/15,13:19:50,43.7,21.0,23.1,95.0,35.1,46.2,1023,0
2026/7/15,13:19:55,43.7,20.0,23.1,95.0,35.1,46.3,1021,0
2026/7/15,13:20:0,43.6,20.0,23.1,95.0,35.1,46.2,1023,0
2026/7/15,13:20:5,43.7,20.0,22.8,95.0,35.1,46.0,1023,0
2026/7/15,13:20:10,43.7,20.0,22.6,95.0,35.1,45.8,1023,0
2026/7/15,13:20:15,43.7,20.0,23.1,95.0,35.1,45.7,1021,0
2026/7/15,13:20:20,43.7,20.0,23.1,95.0,35.1,45.8,1019,0
2026/7/15,13:20:25,43.7,20.0,22.6,95.0,35.0,45.8,1019,0
2026/7/15,13:20:30,43.7,20.0,23.1,95.0,35.1,45.9,1019,0
2026/7/15,13:20:35,43.7,20.0,23.1,95.0,35.1,46.0,1019,0
2026/7/15,13:20:40,43.8,21.0,22.6,95.0,35.1,46.1,1023,0
2026/7/15,13:20:45,43.7,21.0,23.1,95.0,35.1,46.2,1022,0
2026/7/15,13:20:50,43.8,21.0,23.1,95.0,35.1,46.3,1023,0
2026/7/15,13:20:55,43.8,21.0,22.7,95.0,35.1,46.4,1022,0
2026/7/15,13:21:0,43.8,20.0,23.0,95.0,35.1,46.4,1023,0
2026/7/15,13:21:5,43.9,20.0,22.6,95.0,35.1,46.5,1023,0
2026/7/15,13:21:10,43.9,20.0,22.7,95.0,35.1,46.6,1022,0
2026/7/15,13:21:15,43.9,20.0,23.1,95.0,35.1,46.7,1023,0
2026/7/15,13:21:20,43.9,20.0,22.6,95.0,35.1,46.4,1021,0
2026/7/15,13:21:25,43.9,20.0,23.0,95.0,35.1,46.3,1021,0
2026/7/15,13:21:30,43.9,19.0,23.1,95.0,35.2,46.3,1022,0
2026/7/15,13:21:35,43.8,20.0,23.1,95.0,35.2,46.2,1019,0
2026/7/15,13:21:40,43.9,20.0,23.1,95.0,35.2,46.2,1023,0
2026/7/15,13:21:45,43.8,20.0,23.1,95.0,35.2,46.1,1022,0
2026/7/15,13:21:50,44.0,21.0,22.6,95.0,35.2,45.9,1023,0
2026/7/15,13:21:55,43.8,20.0,22.9,95.0,35.2,45.9,1023,0
2026/7/15,13:22:0,43.8,20.0,22.9,95.0,35.2,46.1,1021,0
2026/7/15,13:22:5,43.9,20.0,23.1,95.0,35.2,46.2,1023,0
2026/7/15,13:22:10,43.9,21.0,22.7,95.0,35.2,46.4,1021,0
2026/7/15,13:22:15,44.0,21.0,22.7,95.0,35.2,46.1,1021,0
2026/7/15,13:22:20,43.9,20.0,23.1,95.0,35.2,46.1,1023,0
2026/7/15,13:22:25,43.8,20.0,22.9,95.0,35.2,46.2,1019,0
2026/7/15,13:22:30,43.9,20.0,23.1,95.0,35.2,46.1,1019,0
2026/7/15,13:22:35,43.9,20.0,23.1,95.0,35.2,46.2,1023,0
2026/7/15,13:22:40,43.8,20.0,23.1,95.0,35.2,46.1,1023,0
2026/7/15,13:22:45,43.8,20.0,23.1,95.0,35.2,45.9,1023,0
2026/7/15,13:22:50,43.8,20.0,22.7,95.0,35.2,45.8,1019,0
2026/7/15,13:22:55,43.8,20.0,23.1,95.0,35.2,45.9,1019,0
2026/7/15,13:23:0,43.7,20.0,22.8,95.0,35.2,45.9,1019,0
2026/7/15,13:23:5,43.8,20.0,23.1,95.0,35.2,46.0,1023,0
2026/7/15,13:23:10,43.8,20.0,22.9,95.0,35.2,46.0,1023,0
2026/7/15,13:23:15,43.8,20.0,23.1,95.0,35.3,46.0,1021,0
2026/7/15,13:23:20,43.9,20.0,23.1,95.0,35.3,46.0,1023,0
2026/7/15,13:23:25,44.1,21.0,23.2,95.0,35.3,46.1,1023,0
2026/7/15,13:23:30,44.1,21.0,23.1,95.0,35.3,46.1,1023,0
2026/7/15,13:23:35,43.9,20.0,22.7,95.0,35.3,46.0,1019,0
2026/7/15,13:23:40,43.9,20.0,22.9,95.0,35.3,46.0,1023,0
2026/7/15,13:23:45,43.9,20.0,23.0,95.0,35.3,45.8,1022,0
2026/7/15,13:23:50,43.8,20.0,23.0,95.0,35.3,45.8,1021,0
2026/7/15,13:23:55,43.8,20.0,23.1,95.0,35.3,45.5,1023,0
2026/7/15,13:24:0,43.8,19.0,22.7,95.0,35.3,45.4,1023,0
2026/7/15,13:24:5,43.8,20.0,22.7,95.0,35.3,45.4,1023,0
2026/7/15,13:24:10,43.8,20.0,23.0,95.0,35.2,45.4,1023,0
2026/7/15,13:24:15,43.9,19.0,23.0,95.0,35.2,45.5,1023,0
2026/7/15,13:24:20,44.0,21.0,23.0,95.0,35.2,45.5,1022,0
2026/7/15,13:24:25,43.8,20.0,23.0,95.0,35.2,45.5,1023,0
2026/7/15,13:24:30,43.9,20.0,23.0,95.0,35.3,45.6,1023,0
2026/7/15,13:24:35,43.9,20.0,23.2,95.0,35.3,45.5,1021,0
2026/7/15,13:24:40,44.1,21.0,22.8,95.0,35.3,45.6,1023,0
2026/7/15,13:24:45,44.1,21.0,23.0,95.0,35.2,45.7,1021,0
2026/7/15,13:24:50,44.0,21.0,22.9,95.0,35.2,45.4,1023,0
2026/7/15,13:24:55,43.9,19.0,23.1,95.0,35.2,45.2,1022,0
2026/7/15,13:25:0,44.0,20.0,23.0,95.0,35.2,45.2,1021,0
2026/7/15,13:25:5,44.0,20.0,23.0,95.0,35.2,45.2,1023,0
2026/7/15,13:25:10,44.0,20.0,23.0,95.0,35.2,45.3,1023,0
2026/7/15,13:25:15,44.0,21.0,23.1,95.0,35.1,45.3,1022,0
2026/7/15,13:25:20,43.9,20.0,23.1,95.0,35.2,45.4,1023,0
2026/7/15,13:25:25,44.0,21.0,23.0,95.0,35.1,45.5,1021,0
2026/7/15,13:25:30,44.0,20.0,23.1,95.0,35.2,45.6,1023,0
2026/7/15,13:25:35,44.0,20.0,23.0,95.0,35.1,45.6,1021,0
2026/7/15,13:25:40,44.1,21.0,22.9,95.0,35.1,45.7,1023,0
2026/7/15,13:25:45,44.1,21.0,23.2,95.0,35.2,45.8,1022,0
2026/7/15,13:25:50,44.2,21.0,23.1,95.0,35.2,45.8,1022,0
2026/7/15,13:25:55,44.4,21.0,23.1,95.0,35.2,45.9,1023,0
2026/7/15,13:26:0,44.2,21.0,22.9,95.0,35.2,46.0,1023,0
2026/7/15,13:26:5,44.4,21.0,23.0,95.0,35.2,46.0,1019,0
2026/7/15,13:26:10,44.4,20.0,22.7,95.0,35.2,45.9,1019,0
2026/7/15,13:26:15,44.1,20.0,23.0,95.0,35.2,45.9,1021,0
2026/7/15,13:26:20,44.0,20.0,23.0,95.0,35.2,45.7,1022,0
2026/7/15,13:26:25,44.0,20.0,23.0,95.0,35.2,45.6,1021,0
2026/7/15,13:26:30,44.0,20.0,23.0,95.0,35.2,45.5,1023,0
2026/7/15,13:26:35,44.0,20.0,23.0,95.0,35.2,45.6,1019,0
2026/7/15,13:26:40,43.9,19.0,23.0,95.0,35.2,45.5,1021,0
2026/7/15,13:26:45,43.9,19.0,22.9,95.0,35.2,45.6,1021,0
2026/7/15,13:26:50,44.0,20.0,23.1,95.0,35.2,45.3,1023,0
2026/7/15,13:26:55,43.8,19.0,22.7,95.0,35.1,45.3,1023,0
2026/7/15,13:27:0,44.0,20.0,23.0,95.0,35.1,45.2,1023,0
2026/7/15,13:27:5,43.8,19.0,22.9,95.0,35.1,44.9,1023,0
2026/7/15,13:27:10,43.9,19.0,23.1,95.0,35.0,44.5,1023,0
2026/7/15,13:27:15,43.6,19.0,23.2,95.0,35.0,44.4,1021,0
2026/7/15,13:27:20,43.6,19.0,23.0,95.0,34.9,44.5,1019,0
2026/7/15,13:27:25,43.5,19.0,23.1,95.0,34.9,44.7,1019,0
2026/7/15,13:27:30,43.4,20.0,23.0,95.0,34.9,44.8,1022,0
2026/7/15,13:27:35,43.4,20.0,23.1,95.0,34.9,44.9,1023,0
2026/7/15,13:27:40,43.3,20.0,23.0,95.0,34.8,45.0,1022,0
2026/7/15,13:27:45,43.3,21.0,22.9,95.0,34.8,45.2,1023,0
2026/7/15,13:27:50,43.3,21.0,23.2,95.0,34.8,45.3,1023,0
2026/7/15,13:27:55,43.1,21.0,23.1,95.0,34.8,45.3,1023,0
2026/7/15,13:28:0,43.2,21.0,23.2,95.0,34.8,45.5,1019,0
2026/7/15,13:28:5,43.2,21.0,23.2,95.0,34.8,45.5,1021,0
2026/7/15,13:28:10,43.2,21.0,23.2,95.0,34.8,45.4,1023,0
2026/7/15,13:28:15,43.3,21.0,22.7,95.0,34.7,45.4,1021,0
2026/7/15,13:28:20,43.1,21.0,22.8,95.0,34.7,45.4,1019,0
2026/7/15,13:28:26,43.2,21.0,23.0,95.0,34.7,45.5,1023,0
2026/7/15,13:28:31,42.8,20.0,23.0,95.0,34.7,45.5,1023,0
2026/7/15,13:28:36,43.1,21.0,23.1,95.0,34.7,45.7,1022,0
2026/7/15,13:28:41,42.8,20.0,23.0,95.0,34.7,45.9,1021,0
2026/7/15,13:28:46,43.1,21.0,23.1,95.0,34.7,45.9,1023,0
2026/7/15,13:28:51,43.2,21.0,23.0,95.0,34.7,46.0,1019,0
2026/7/15,13:28:56,42.8,20.0,23.2,95.0,34.7,46.0,1023,0
2026/7/15,13:29:1,43.0,21.0,23.0,95.0,34.7,46.0,1021,0
2026/7/15,13:29:6,43.0,21.0,23.1,95.0,34.7,46.1,1023,0
2026/7/15,13:29:11,42.8,21.0,22.9,95.0,34.7,46.1,1021,0
2026/7/15,13:29:16,42.8,21.0,23.0,95.0,34.7,46.1,1022,0
2026/7/15,13:29:21,42.6,21.0,23.1,95.0,34.7,46.2,1021,0
2026/7/15,13:29:26,42.6,21.0,23.0,95.0,34.8,46.2,1023,0
2026/7/15,13:29:31,42.7,21.0,23.1,95.0,34.8,46.4,1023,0
2026/7/15,13:29:36,42.6,21.0,23.1,95.0,34.8,46.4,1021,0
2026/7/15,13:29:41,42.6,22.0,23.1,95.0,34.7,46.4,1021,0
2026/7/15,13:29:46,42.3,22.0,22.7,95.0,34.8,46.4,1023,0
2026/7/15,13:29:51,42.4,22.0,23.0,95.0,34.8,46.5,1022,0
2026/7/15,13:29:56,42.0,23.0,23.2,95.0,34.8,46.5,1023,0
2026/7/15,13:30:1,41.9,22.0,23.2,95.0,34.8,46.5,1023,0
2026/7/15,13:30:6,42.1,22.0,23.0,95.0,34.8,46.6,1023,0
2026/7/15,13:30:11,41.8,22.0,23.2,95.0,34.8,46.6,1023,0
2026/7/15,13:30:16,41.9,22.0,23.1,95.0,34.8,46.6,1019,0
2026/7/15,13:30:21,41.7,23.0,23.2,95.0,34.9,46.6,1021,0
2026/7/15,13:30:26,41.6,23.0,23.2,95.0,34.8,46.6,1019,0
2026/7/15,13:30:31,41.5,23.0,22.8,95.0,34.8,46.3,1019,0
2026/7/15,13:30:36,41.3,23.0,23.2,95.0,34.8,46.2,1021,0
2026/7/15,13:30:41,41.1,23.0,23.1,95.0,34.8,46.3,1022,0
2026/7/15,13:30:46,41.1,24.0,22.7,95.0,34.8,46.2,1019,0
2026/7/15,13:30:51,41.0,24.0,23.2,95.0,34.8,46.3,1023,0
2026/7/15,13:30:56,40.5,23.0,22.7,95.0,34.8,46.3,1023,0
2026/7/15,13:31:1,40.6,23.0,23.2,95.0,34.8,46.3,1021,0
2026/7/15,13:31:6,40.5,24.0,23.0,95.0,34.8,46.4,1021,0
2026/7/15,13:31:11,40.0,24.0,23.2,95.0,34.8,46.4,1022,0
2026/7/15,13:31:16,40.5,24.0,23.1,95.0,34.8,46.3,1023,0
2026/7/15,13:31:21,40.1,24.0,23.2,95.0,34.8,46.4,1022,0
2026/7/15,13:31:26,39.9,25.0,23.2,95.0,34.7,46.4,1023,0
2026/7/15,13:31:31,39.7,25.0,23.0,95.0,34.7,46.4,1023,0
2026/7/15,13:31:36,39.7,25.0,23.2,95.0,34.7,46.4,1023,0
2026/7/15,13:31:41,39.7,25.0,22.9,95.0,34.7,46.4,1023,0
2026/7/15,13:31:46,39.7,25.0,23.2,95.0,34.7,46.5,1021,0
2026/7/15,13:31:51,39.5,25.0,23.2,95.0,34.7,46.6,1022,0
2026/7/15,13:31:56,39.6,25.0,22.7,95.0,34.7,46.7,1023,0
2026/7/15,13:32:1,39.5,26.0,23.0,95.0,34.7,46.7,1021,0
2026/7/15,13:32:6,39.5,26.0,22.9,95.0,34.6,46.8,1021,0
2026/7/15,13:32:11,39.5,26.0,23.2,95.0,34.6,46.9,1023,0
2026/7/15,13:32:16,39.6,26.0,22.9,95.0,34.6,46.9,1023,0
2026/7/15,13:32:21,39.5,26.0,23.2,95.0,34.6,47.0,1022,0
2026/7/15,13:32:26,39.5,26.0,23.2,95.0,34.6,46.8,1023,0
2026/7/15,13:32:31,39.6,25.0,23.2,95.0,34.6,46.8,1021,0
2026/7/15,13:32:36,39.6,25.0,23.2,95.0,34.6,47.0,1023,0
2026/7/15,13:32:41,39.6,25.0,23.2,95.0,34.6,47.1,1023,0
2026/7/15,13:32:46,39.7,26.0,23.2,95.0,34.6,47.3,1022,0
2026/7/15,13:32:51,39.7,26.0,22.7,95.0,34.5,47.4,1023,0
2026/7/15,13:32:56,39.7,25.0,23.1,95.0,34.5,47.4,1019,0
2026/7/15,13:33:1,39.7,25.0,23.1,95.0,34.5,47.4,1023,0
2026/7/15,13:33:6,39.6,25.0,23.1,95.0,34.5,47.4,1023,0
2026/7/15,13:33:11,39.9,25.0,23.2,95.0,34.5,47.4,1023,0
2026/7/15,13:33:16,39.8,25.0,23.2,95.0,34.5,47.4,1021,0
2026/7/15,13:33:21,39.7,25.0,23.2,95.0,34.5,47.5,1021,0
2026/7/15,13:33:26,39.8,25.0,23.2,95.0,34.5,47.5,1023,0
2026/7/15,13:33:31,39.7,25.0,22.8,95.0,34.5,47.5,1022,0
2026/7/15,13:33:36,39.8,25.0,23.2,95.0,34.5,47.7,1023,0
2026/7/15,13:33:41,40.0,25.0,22.9,95.0,34.5,47.7,1022,0
2026/7/15,13:33:46,40.0,25.0,23.0,95.0,34.5,47.7,1023,0
2026/7/15,13:33:51,40.1,25.0,23.2,95.0,34.5,47.7,1021,0
2026/7/15,13:33:56,40.4,25.0,23.2,95.0,34.5,47.9,1023,0
2026/7/15,13:34:1,40.3,25.0,23.2,95.0,34.5,47.9,1023,0
2026/7/15,13:34:6,40.1,25.0,23.2,95.0,34.5,48.0,1019,0
2026/7/15,13:34:11,40.5,25.0,23.2,95.0,34.5,47.9,1023,0
2026/7/15,13:34:16,40.4,25.0,22.8,95.0,34.6,47.9,1023,0
2026/7/15,13:34:21,39.9,24.0,23.1,95.0,34.6,47.9,1023,0
2026/7/15,13:34:26,40.0,24.0,22.7,95.0,34.6,47.9,1023,0
2026/7/15,13:34:31,39.9,25.0,22.8,95.0,34.6,47.9,1023,0
2026/7/15,13:34:36,40.2,24.0,23.2,95.0,34.6,47.8,1022,0
2026/7/15,13:34:41,40.2,24.0,23.3,95.0,34.6,47.8,1023,0
2026/7/15,13:34:46,40.5,25.0,23.2,95.0,34.6,47.8,1021,0
2026/7/15,13:34:51,40.3,25.0,23.2,95.0,34.6,47.8,1023,0
2026/7/15,13:34:56,40.3,25.0,23.2,95.0,34.6,47.8,1023,0
2026/7/15,13:35:1,40.7,24.0,23.2,95.0,34.6,47.8,1021,0
2026/7/15,13:35:6,40.6,24.0,23.2,95.0,34.6,47.4,1023,0
2026/7/15,13:35:11,40.5,24.0,23.2,95.0,34.6,47.3,1023,0
2026/7/15,13:35:16,40.6,24.0,23.3,95.0,34.6,47.2,1023,0
2026/7/15,13:35:21,40.5,24.0,23.2,95.0,34.6,47.3,1022,0
2026/7/15,13:35:26,40.6,24.0,23.3,95.0,34.6,47.3,1019,0
2026/7/15,13:35:31,40.7,24.0,23.2,95.0,34.6,47.4,1021,0
2026/7/15,13:35:36,40.8,24.0,23.3,95.0,34.6,47.5,1023,0
2026/7/15,13:35:41,41.0,25.0,23.0,95.0,34.6,47.5,1023,0
2026/7/15,13:35:46,40.7,24.0,23.2,95.0,34.6,47.6,1023,0
2026/7/15,13:35:51,40.8,24.0,23.3,95.0,34.6,47.6,1021,0
2026/7/15,13:35:56,41.1,25.0,23.2,95.0,34.6,47.7,1019,0
2026/7/15,13:36:1,41.0,25.0,23.3,95.0,34.6,47.8,1023,0
2026/7/15,13:36:6,40.8,24.0,23.2,95.0,34.6,47.9,1023,0
2026/7/15,13:36:11,41.2,25.0,23.3,95.0,34.6,47.9,1023,0
2026/7/15,13:36:16,41.1,25.0,22.8,95.0,34.6,48.0,1021,0
2026/7/15,13:36:21,41.2,25.0,23.2,95.0,34.6,48.0,1023,0
2026/7/15,13:36:26,41.0,25.0,23.3,95.0,34.6,48.1,1023,0
2026/7/15,13:36:31,41.1,25.0,23.2,95.0,34.6,48.1,1022,0
2026/7/15,13:36:36,41.3,24.0,23.2,95.0,34.6,47.7,1021,0
2026/7/15,13:36:41,41.2,24.0,23.2,95.0,34.6,47.6,1023,0
2026/7/15,13:36:46,41.2,24.0,23.3,95.0,34.6,47.5,1023,0
2026/7/15,13:36:51,41.2,25.0,23.2,95.0,34.6,47.6,1023,0
2026/7/15,13:36:56,41.0,25.0,23.2,95.0,34.6,47.6,1021,0
2026/7/15,13:37:1,41.0,25.0,23.3,95.0,34.6,47.5,1022,0
2026/7/15,13:37:6,41.2,25.0,23.3,95.0,34.6,47.5,1023,0
2026/7/15,13:37:11,40.8,24.0,23.3,95.0,34.6,47.5,1021,0
2026/7/15,13:37:16,41.0,25.0,23.3,95.0,34.6,47.4,1022,0
2026/7/15,13:37:21,41.2,24.0,23.3,95.0,34.6,47.3,1022,0
2026/7/15,13:37:26,41.2,24.0,23.2,95.0,34.6,47.3,1023,0
2026/7/15,13:37:31,41.2,24.0,23.3,95.0,34.6,47.2,1023,0
2026/7/15,13:37:36,41.2,24.0,23.3,95.0,34.5,47.2,1023,0
2026/7/15,13:37:41,41.3,24.0,23.2,95.0,34.5,47.1,1023,0
2026/7/15,13:37:46,41.3,24.0,23.3,95.0,34.5,47.2,1022,0
2026/7/15,13:37:51,41.3,24.0,23.3,95.0,34.5,47.2,1022,0
2026/7/15,13:37:56,41.2,24.0,23.3,95.0,34.4,47.1,1021,0
2026/7/15,13:38:1,41.3,24.0,23.2,95.0,34.4,47.1,1023,0
2026/7/15,13:38:6,41.3,24.0,22.9,95.0,34.4,47.1,1023,0
2026/7/15,13:38:11,41.3,24.0,23.0,95.0,34.4,47.2,1023,0
2026/7/15,13:38:16,41.3,24.0,23.2,95.0,34.4,47.4,1021,0
2026/7/15,13:38:21,41.3,24.0,23.0,95.0,34.4,47.5,1023,0
2026/7/15,13:38:26,41.3,25.0,23.1,95.0,34.4,47.6,1022,0
2026/7/15,13:38:31,41.4,24.0,23.3,95.0,34.4,47.7,1023,0
2026/7/15,13:38:36,41.3,24.0,23.2,95.0,34.4,47.8,1022,0
2026/7/15,13:38:41,41.4,24.0,23.3,95.0,34.4,47.8,1023,0
2026/7/15,13:38:46,41.4,24.0,23.2,95.0,34.4,47.8,1023,0
2026/7/15,13:38:51,41.5,24.0,23.2,95.0,34.4,47.8,1023,0
2026/7/15,13:38:56,41.6,24.0,23.3,95.0,34.4,47.8,1023,0
2026/7/15,13:39:1,41.6,23.0,23.0,95.0,34.4,47.8,1023,0
2026/7/15,13:39:6,41.7,23.0,23.2,95.0,34.4,47.8,1023,0
2026/7/15,13:39:11,41.7,23.0,23.3,95.0,34.4,48.0,1022,0
2026/7/15,13:39:16,41.7,23.0,23.0,95.0,34.4,47.9,1023,0
2026/7/15,13:39:21,41.8,23.0,23.3,95.0,34.4,47.9,1023,0
2026/7/15,13:39:26,41.8,23.0,23.2,95.0,34.4,47.9,1023,0
2026/7/15,13:39:31,41.8,23.0,23.2,95.0,34.4,47.9,1023,0
2026/7/15,13:39:36,41.9,23.0,22.8,95.0,34.4,47.9,1023,0
2026/7/15,13:39:41,41.9,23.0,22.9,95.0,34.4,47.9,1021,0
2026/7/15,13:39:46,41.8,23.0,23.2,95.0,34.4,47.9,1023,0
2026/7/15,13:39:52,41.9,23.0,23.3,95.0,34.4,48.1,1019,0
2026/7/15,13:39:57,41.9,23.0,23.3,95.0,34.4,48.1,1023,0
2026/7/15,13:40:2,41.9,23.0,23.3,95.0,34.4,48.2,1019,0
2026/7/15,13:40:7,42.0,23.0,23.2,95.0,34.4,48.4,1021,0
2026/7/15,13:40:12,41.9,23.0,23.0,95.0,34.4,48.3,1021,0
2026/7/15,13:40:17,41.9,23.0,23.2,95.0,34.4,48.2,1022,0
2026/7/15,13:40:22,42.0,23.0,23.3,95.0,34.4,48.2,1019,0
2026/7/15,13:40:27,41.9,22.0,23.3,95.0,34.4,47.9,1021,0
2026/7/15,13:40:32,41.9,22.0,23.3,95.0,34.4,47.6,1023,0
2026/7/15,13:40:37,41.9,22.0,23.2,95.0,34.4,47.2,1023,0
2026/7/15,13:40:42,42.0,22.0,23.2,95.0,34.4,47.1,1023,0
2026/7/15,13:40:47,41.9,22.0,23.3,95.0,34.4,47.1,1019,0
2026/7/15,13:40:52,42.0,22.0,23.3,95.0,34.4,47.1,1022,0
2026/7/15,13:40:57,42.0,22.0,23.3,95.0,34.4,47.2,1023,0
2026/7/15,13:41:2,42.0,22.0,23.2,95.0,34.4,47.2,1021,0
2026/7/15,13:41:7,42.5,22.0,23.1,95.0,34.4,47.1,1023,0
2026/7/15,13:41:12,42.4,22.0,23.1,95.0,34.4,47.2,1021,0
2026/7/15,13:41:17,42.1,21.0,23.3,95.0,34.4,47.1,1023,0
2026/7/15,13:41:22,42.5,21.0,23.2,95.0,34.4,47.0,1019,0
2026/7/15,13:41:27,42.4,21.0,23.3,95.0,34.4,46.9,1023,0
2026/7/15,13:41:32,42.3,21.0,23.3,95.0,34.4,46.9,1021,0
2026/7/15,13:41:37,42.1,21.0,23.2,95.0,34.4,46.9,1023,0
2026/7/15,13:41:42,42.1,21.0,23.1,95.0,34.4,46.9,1023,0
2026/7/15,13:41:47,42.1,22.0,23.1,95.0,34.3,47.0,1023,0
2026/7/15,13:41:52,42.5,22.0,23.3,95.0,34.3,47.1,1022,0
2026/7/15,13:41:57,42.2,22.0,22.9,95.0,34.4,47.1,1021,0
2026/7/15,13:42:2,42.7,22.0,23.3,95.0,34.4,47.2,1022,0
2026/7/15,13:42:7,42.7,22.0,23.3,95.0,34.4,47.3,1022,0
2026/7/15,13:42:12,42.5,22.0,22.8,95.0,34.4,47.4,1023,0
2026/7/15,13:42:17,42.2,22.0,23.2,95.0,34.4,47.5,1021,0
2026/7/15,13:42:22,42.8,22.0,23.3,95.0,34.3,47.5,1023,0
2026/7/15,13:42:27,42.6,22.0,23.3,95.0,34.3,47.5,1021,0
2026/7/15,13:42:32,42.6,21.0,23.3,95.0,34.4,47.3,1023,0
2026/7/15,13:42:37,42.1,21.0,23.2,95.0,34.4,47.1,1019,0
2026/7/15,13:42:42,42.1,21.0,23.3,95.0,34.3,47.0,1019,0
2026/7/15,13:42:47,42.0,21.0,23.0,95.0,34.3,46.9,1023,0
2026/7/15,13:42:52,42.3,21.0,23.3,95.0,34.3,46.9,1023,0
2026/7/15,13:42:57,42.3,21.0,23.3,95.0,34.3,46.9,1021,0
2026/7/15,13:43:2,42.0,22.0,23.3,95.0,34.2,47.0,1022,0
2026/7/15,13:43:7,41.9,22.0,23.3,95.0,34.2,47.2,1023,0
2026/7/15,13:43:12,41.9,22.0,23.0,95.0,34.2,47.2,1019,0
2026/7/15,13:43:17,41.8,22.0,23.1,95.0,34.2,47.0,1023,0
2026/7/15,13:43:22,41.8,22.0,23.3,95.0,34.2,47.0,1023,0
2026/7/15,13:43:27,41.7,22.0,23.3,95.0,34.2,47.0,1022,0
2026/7/15,13:43:32,41.6,22.0,22.9,95.0,34.2,46.9,1021,0
2026/7/15,13:43:37,41.5,22.0,23.3,95.0,34.1,46.9,1022,0
2026/7/15,13:43:42,41.4,23.0,23.3,95.0,34.1,47.0,1023,0
2026/7/15,13:43:47,41.4,23.0,23.3,95.0,34.1,47.1,1023,0
2026/7/15,13:43:52,41.4,23.0,22.9,95.0,34.1,47.1,1021,0
2026/7/15,13:43:57,41.2,23.0,23.1,95.0,34.0,47.3,1023,0
2026/7/15,13:44:2,41.4,23.0,22.9,95.0,34.1,47.3,1022,0
2026/7/15,13:44:7,41.3,23.0,22.9,95.0,34.0,47.4,1023,0
2026/7/15,13:44:12,41.2,23.0,23.2,95.0,34.0,47.3,1023,0
2026/7/15,13:44:17,41.1,23.0,23.3,95.0,34.0,47.3,1023,0
2026/7/15,13:44:22,40.7,22.0,22.9,95.0,34.0,47.2,1023,0
2026/7/15,13:44:27,40.8,22.0,23.3,95.0,33.9,47.2,1023,0
2026/7/15,13:44:32,40.8,23.0,23.3,95.0,33.9,47.2,1023,0
2026/7/15,13:44:37,40.8,23.0,22.9,95.0,33.9,47.3,1019,0
2026/7/15,13:44:42,41.0,24.0,23.3,95.0,33.9,47.4,1022,0
2026/7/15,13:44:47,40.6,23.0,23.3,95.0,33.9,47.7,1019,0
2026/7/15,13:44:52,40.8,23.0,23.3,95.0,33.9,47.9,1023,0
2026/7/15,13:44:57,40.7,23.0,23.3,95.0,33.8,47.7,1019,0
2026/7/15,13:45:2,40.6,23.0,23.3,95.0,33.8,47.8,1022,0
2026/7/15,13:45:7,41.0,24.0,23.2,95.0,33.8,47.9,1023,0
2026/7/15,13:45:12,40.6,23.0,23.2,95.0,33.8,47.7,1023,0
2026/7/15,13:45:17,40.8,23.0,23.3,95.0,33.8,47.7,1023,0
2026/7/15,13:45:22,40.7,23.0,23.2,95.0,33.8,47.7,1021,0
2026/7/15,13:45:27,40.8,23.0,22.9,95.0,33.8,47.7,1019,0
2026/7/15,13:45:32,40.8,23.0,23.3,95.0,33.7,47.8,1021,0
2026/7/15,13:45:37,40.7,23.0,22.9,95.0,33.7,47.9,1023,0
2026/7/15,13:45:42,40.7,23.0,23.1,95.0,33.7,47.9,1021,0
2026/7/15,13:45:47,40.3,23.0,23.3,95.0,33.7,47.5,1019,0
2026/7/15,13:45:52,40.6,23.0,23.1,95.0,33.7,47.3,1023,0
2026/7/15,13:45:57,40.1,23.0,23.3,95.0,33.6,47.3,1023,0
2026/7/15,13:46:2,40.6,23.0,22.9,95.0,33.6,47.3,1019,0
2026/7/15,13:46:7,40.6,23.0,23.1,95.0,33.6,47.4,1019,0
2026/7/15,13:46:12,39.9,23.0,23.0,95.0,33.6,47.4,1022,0
2026/7/15,13:46:17,39.9,24.0,23.2,95.0,33.6,47.5,1022,0
2026/7/15,13:46:22,39.9,24.0,22.9,95.0,33.6,47.6,1022,0
2026/7/15,13:46:27,40.6,24.0,23.3,95.0,33.5,47.7,1021,0
2026/7/15,13:46:32,40.6,24.0,23.2,95.0,33.5,47.8,1023,0
2026/7/15,13:46:37,40.0,24.0,23.3,95.0,33.5,47.9,1021,0
2026/7/15,13:46:42,40.6,24.0,23.0,95.0,33.5,48.0,1021,0
2026/7/15,13:46:47,40.7,24.0,23.3,95.0,33.5,48.0,1019,0
2026/7/15,13:46:52,40.1,24.0,23.0,95.0,33.5,48.1,1021,0
2026/7/15,13:46:57,40.7,24.0,23.3,95.0,33.6,48.1,1022,0
2026/7/15,13:47:2,40.5,24.0,23.3,95.0,33.6,48.2,1019,0
2026/7/15,13:47:7,40.6,24.0,23.1,95.0,33.6,48.3,1019,0
2026/7/15,13:47:12,40.6,24.0,23.0,95.0,33.6,48.3,1019,0
2026/7/15,13:47:17,40.8,24.0,23.3,95.0,33.6,48.4,1021,0
2026/7/15,13:47:22,40.7,24.0,22.9,95.0,33.6,48.5,1023,0
2026/7/15,13:47:27,41.0,25.0,23.3,95.0,33.6,48.7,1023,0
2026/7/15,13:47:32,41.1,25.0,23.3,95.0,33.6,48.8,1023,0
2026/7/15,13:47:37,41.0,25.0,23.1,95.0,33.6,48.7,1019,0
2026/7/15,13:47:42,40.7,24.0,23.3,95.0,33.6,48.8,1023,0
2026/7/15,13:47:47,41.2,25.0,23.3,95.0,33.6,49.1,1022,0
2026/7/15,13:47:52,41.3,25.0,23.0,95.0,33.6,49.2,1023,0
2026/7/15,13:47:57,41.3,25.0,23.3,95.0,33.6,49.2,1019,0
2026/7/15,13:48:2,41.3,24.0,22.9,95.0,33.7,49.1,1023,0
2026/7/15,13:48:7,41.4,24.0,22.9,95.0,33.7,49.0,1021,0
2026/7/15,13:48:12,41.5,24.0,23.3,95.0,33.7,49.0,1021,0
2026/7/15,13:48:17,41.4,24.0,23.3,95.0,33.7,48.9,1023,0
2026/7/15,13:48:22,41.3,23.0,23.2,95.0,33.6,48.4,1023,0
2026/7/15,13:48:27,41.3,23.0,23.1,95.0,33.6,48.2,1021,0
2026/7/15,13:48:32,41.3,23.0,23.1,95.0,33.6,48.0,1019,0
2026/7/15,13:48:37,41.0,23.0,23.3,95.0,33.6,47.9,1022,0
2026/7/15,13:48:42,40.8,22.0,23.3,95.0,33.6,47.9,1022,0
2026/7/15,13:48:47,41.0,24.0,23.2,95.0,33.6,48.0,1023,0
2026/7/15,13:48:52,41.0,24.0,23.3,95.0,33.5,48.1,1023,0
2026/7/15,13:48:57,41.0,24.0,23.3,95.0,33.6,48.2,1023,0
2026/7/15,13:49:2,41.1,24.0,23.1,95.0,33.5,48.2,1021,0
2026/7/15,13:49:7,40.8,23.0,23.3,95.0,33.5,48.3,1023,0
2026/7/15,13:49:12,41.2,24.0,22.9,95.0,33.5,48.3,1019,0
2026/7/15,13:49:17,41.1,24.0,23.3,95.0,33.6,48.4,1019,0
2026/7/15,13:49:22,41.0,24.0,23.3,95.0,33.5,48.6,1021,0
2026/7/15,13:49:27,41.0,24.0,23.1,95.0,33.5,48.6,1019,0
2026/7/15,13:49:32,41.0,24.0,23.3,95.0,33.5,48.6,1023,0
2026/7/15,13:49:37,41.2,24.0,23.1,95.0,33.5,48.7,1021,0
2026/7/15,13:49:42,41.3,24.0,23.3,95.0,33.5,48.8,1022,0
2026/7/15,13:49:47,41.1,24.0,23.3,95.0,33.5,48.9,1019,0
2026/7/15,13:49:52,40.8,23.0,23.3,95.0,33.5,48.9,1023,0
2026/7/15,13:49:57,41.3,24.0,23.4,95.0,33.5,48.8,1023,0
2026/7/15,13:50:2,40.8,23.0,23.3,95.0,33.5,48.7,1022,0
2026/7/15,13:50:7,41.3,24.0,23.3,95.0,33.5,48.7,1022,0
2026/7/15,13:50:12,41.0,24.0,23.4,95.0,33.5,48.8,1023,0
2026/7/15,13:50:17,41.0,24.0,23.3,95.0,33.5,48.8,1023,0
2026/7/15,13:50:22,41.1,24.0,23.1,95.0,33.5,48.9,1021,0
2026/7/15,13:50:27,41.3,24.0,23.0,95.0,33.6,49.0,1023,0
2026/7/15,13:50:32,41.3,24.0,23.3,95.0,33.6,49.1,1023,0
2026/7/15,13:50:37,41.0,24.0,23.3,95.0,33.6,49.0,1023,0
2026/7/15,13:50:42,41.0,24.0,23.3,95.0,33.6,49.1,1019,0
2026/7/15,13:50:47,40.8,23.0,23.3,95.0,33.6,49.2,1021,0
2026/7/15,13:50:52,40.8,24.0,23.3,95.0,33.6,49.2,1021,0
2026/7/15,13:50:57,41.0,25.0,23.4,95.0,33.6,49.2,1021,0
2026/7/15,13:51:3,41.2,25.0,23.3,95.0,33.6,49.3,1023,0
2026/7/15,13:51:8,41.1,25.0,23.3,95.0,33.6,49.3,1021,0
2026/7/15,13:51:13,40.8,24.0,23.3,95.0,33.6,49.3,1021,0
2026/7/15,13:51:18,41.2,25.0,23.2,95.0,33.6,49.3,1021,0
2026/7/15,13:51:23,41.0,25.0,23.3,95.0,33.6,49.3,1019,0
2026/7/15,13:51:28,41.0,25.0,23.3,95.0,33.6,49.3,1021,0
2026/7/15,13:51:33,41.2,25.0,23.3,95.0,33.7,49.3,1021,0
2026/7/15,13:51:38,40.7,24.0,23.3,95.0,33.7,49.2,1023,0
2026/7/15,13:51:43,41.1,25.0,23.3,95.0,33.7,49.2,1023,0
2026/7/15,13:51:48,41.0,25.0,23.1,95.0,33.7,49.2,1022,0
2026/7/15,13:51:53,40.8,24.0,23.3,95.0,33.7,49.3,1023,0
2026/7/15,13:51:58,40.8,24.0,23.2,95.0,33.7,49.3,1023,0
2026/7/15,13:52:3,41.1,25.0,23.3,95.0,33.7,49.2,1023,0
2026/7/15,13:52:8,40.7,24.0,23.2,95.0,33.7,49.3,1023,0
2026/7/15,13:52:13,40.5,24.0,23.1,95.0,33.7,49.3,1019,0
2026/7/15,13:52:18,40.8,24.0,23.4,95.0,33.7,49.4,1023,0
2026/7/15,13:52:23,40.8,24.0,23.3,95.0,33.7,49.4,1023,0
2026/7/15,13:52:28,41.0,25.0,23.2,95.0,33.7,49.4,1019,0
2026/7/15,13:52:33,40.8,24.0,23.3,95.0,33.7,49.5,1021,0
2026/7/15,13:52:38,41.1,25.0,23.3,95.0,33.8,49.5,1023,0
2026/7/15,13:52:43,40.8,24.0,23.3,95.0,33.8,49.4,1023,0
2026/7/15,13:52:48,41.0,25.0,23.3,95.0,33.8,49.5,1023,0
2026/7/15,13:52:53,41.1,25.0,23.2,95.0,33.8,49.6,1019,0
2026/7/15,13:52:58,41.0,25.0,23.1,95.0,33.8,49.5,1023,0
2026/7/15,13:53:3,40.8,24.0,23.3,95.0,33.8,49.6,1019,0
2026/7/15,13:53:8,41.0,25.0,23.3,95.0,33.8,49.6,1023,0
2026/7/15,13:53:13,41.0,25.0,23.4,95.0,33.8,49.6,1021,0
2026/7/15,13:53:18,41.0,25.0,23.3,95.0,33.8,49.6,1022,0
2026/7/15,13:53:23,41.0,25.0,23.4,95.0,33.8,49.7,1022,0
2026/7/15,13:53:28,41.2,25.0,23.3,95.0,33.9,49.7,1019,0
2026/7/15,13:53:33,41.3,25.0,23.4,95.0,33.8,49.8,1021,0
2026/7/15,13:53:38,41.1,25.0,23.3,95.0,33.9,50.0,1023,0
2026/7/15,13:53:43,41.1,25.0,23.3,95.0,33.8,50.0,1021,0
2026/7/15,13:53:48,40.8,24.0,23.3,95.0,33.9,49.7,1019,0
2026/7/15,13:53:53,41.0,24.0,23.4,95.0,33.9,49.6,1021,0
2026/7/15,13:53:58,41.2,24.0,23.4,95.0,33.9,49.4,1019,0
2026/7/15,13:54:3,41.1,24.0,23.3,95.0,33.9,49.3,1019,0
2026/7/15,13:54:8,41.3,24.0,23.4,95.0,33.9,49.3,1021,0
2026/7/15,13:54:13,41.3,25.0,23.3,95.0,33.9,49.3,1023,0
2026/7/15,13:54:18,41.3,25.0,23.2,95.0,33.9,49.4,1021,0
2026/7/15,13:54:23,41.0,24.0,23.3,95.0,33.9,49.5,1023,0
2026/7/15,13:54:28,41.0,24.0,23.4,95.0,33.9,49.3,1023,0
2026/7/15,13:54:33,41.0,24.0,23.3,95.0,33.9,49.3,1021,0
2026/7/15,13:54:38,41.1,24.0,23.4,95.0,33.9,49.3,1019,0
2026/7/15,13:54:43,40.6,23.0,23.4,95.0,33.9,49.2,1023,0
2026/7/15,13:54:48,40.7,23.0,23.1,95.0,33.9,49.1,1023,0
2026/7/15,13:54:53,40.1,23.0,23.1,95.0,33.8,48.7,1019,0
2026/7/15,13:54:58,40.0,23.0,23.3,95.0,33.8,48.1,1023,0
2026/7/15,13:55:3,40.2,23.0,23.4,95.0,33.8,47.9,1021,0
2026/7/15,13:55:8,39.8,24.0,23.4,95.0,33.8,47.8,1021,0
2026/7/15,13:55:13,39.7,24.0,23.2,95.0,33.8,47.6,1021,0
2026/7/15,13:55:18,39.7,24.0,23.1,95.0,33.7,47.6,1022,0
2026/7/15,13:55:23,39.5,24.0,23.4,95.0,33.7,47.6,1023,0
2026/7/15,13:55:28,39.6,25.0,23.2,95.0,33.7,47.7,1022,0
2026/7/15,13:55:33,39.5,25.0,23.3,95.0,33.7,48.0,1023,0
2026/7/15,13:55:38,39.5,26.0,23.2,95.0,33.7,48.1,1023,0
2026/7/15,13:55:43,39.5,25.0,23.4,95.0,33.7,48.2,1019,0
2026/7/15,13:55:48,39.5,25.0,23.4,95.0,33.6,48.0,1023,0
2026/7/15,13:55:53,39.5,25.0,23.4,95.0,33.6,47.9,1019,0
2026/7/15,13:55:58,39.5,25.0,23.4,95.0,33.6,48.0,1021,0
2026/7/15,13:56:3,39.4,25.0,23.4,95.0,33.6,48.0,1021,0
2026/7/15,13:56:8,39.5,25.0,23.2,95.0,33.6,48.1,1021,0
2026/7/15,13:56:13,39.5,25.0,23.4,95.0,33.6,48.1,1021,0
2026/7/15,13:56:18,39.5,25.0,23.4,95.0,33.6,48.1,1021,0
2026/7/15,13:56:23,39.5,25.0,23.3,95.0,33.5,48.1,1022,0
2026/7/15,13:56:28,39.4,25.0,23.4,95.0,33.5,48.2,1021,0
2026/7/15,13:56:33,39.4,26.0,23.4,95.0,33.5,48.3,1019,0
2026/7/15,13:56:38,39.4,26.0,23.4,95.0,33.5,48.3,1021,0
2026/7/15,13:56:43,39.5,26.0,23.4,95.0,33.5,48.3,1023,0
2026/7/15,13:56:48,39.4,25.0,23.4,95.0,33.5,48.1,1022,0
2026/7/15,13:56:53,39.4,25.0,23.4,95.0,33.5,48.2,1019,0
2026/7/15,13:56:58,39.3,26.0,23.2,95.0,33.4,48.2,1023,0
2026/7/15,13:57:3,39.3,26.0,23.4,95.0,33.4,48.2,1019,0
2026/7/15,13:57:8,39.3,26.0,23.4,95.0,33.4,48.3,1023,0
2026/7/15,13:57:13,39.2,26.0,23.4,95.0,33.4,48.4,1023,0
2026/7/15,13:57:18,39.1,26.0,23.2,95.0,33.4,48.6,1022,0
2026/7/15,13:57:23,39.2,26.0,23.4,95.0,33.4,48.6,1021,0
2026/7/15,13:57:28,39.3,26.0,23.4,95.0,33.4,48.7,1019,0
2026/7/15,13:57:33,39.3,26.0,23.4,95.0,33.4,48.4,1023,0
2026/7/15,13:57:38,39.0,26.0,23.4,95.0,33.4,48.3,1019,0
2026/7/15,13:57:43,39.4,26.0,23.4,95.0,33.3,48.3,1022,0
2026/7/15,13:57:48,39.0,26.0,23.3,95.0,33.3,48.4,1023,0
2026/7/15,13:57:53,39.1,26.0,23.3,95.0,33.3,48.4,1021,0
2026/7/15,13:57:58,39.0,26.0,23.4,95.0,33.3,48.5,1023,0
2026/7/15,13:58:3,39.0,26.0,23.4,95.0,33.3,48.5,1022,0
2026/7/15,13:58:8,39.0,27.0,23.1,95.0,33.3,48.6,1023,0
2026/7/15,13:58:13,39.1,27.0,23.3,95.0,33.3,48.7,1023,0
2026/7/15,13:58:18,39.0,26.0,23.4,95.0,33.3,48.7,1023,0
2026/7/15,13:58:23,39.1,26.0,23.4,95.0,33.3,48.7,1019,0
2026/7/15,13:58:28,38.9,25.0,23.4,95.0,33.3,48.6,1019,0
2026/7/15,13:58:33,38.8,25.0,23.4,95.0,33.3,48.4,1019,0
2026/7/15,13:58:38,38.8,25.0,23.4,95.0,33.3,48.4,1022,0
2026/7/15,13:58:43,39.0,27.0,23.4,95.0,33.3,48.5,1022,0
2026/7/15,13:58:48,38.8,26.0,23.4,95.0,33.3,48.7,1019,0
2026/7/15,13:58:53,38.4,26.0,23.4,95.0,33.3,48.7,1022,0
2026/7/15,13:58:58,38.5,26.0,23.4,95.0,33.2,48.7,1019,0
2026/7/15,13:59:3,38.7,26.0,23.4,95.0,33.3,48.9,1023,0
2026/7/15,13:59:8,38.9,26.0,23.4,95.0,33.3,48.8,1021,0
2026/7/15,13:59:13,38.5,26.0,23.4,95.0,33.2,48.8,1023,0
2026/7/15,13:59:18,38.1,26.0,23.4,95.0,33.2,48.9,1021,0
2026/7/15,13:59:23,38.1,27.0,23.4,95.0,33.2,49.0,1021,0
2026/7/15,13:59:28,38.3,27.0,23.4,95.0,33.2,49.2,1019,0
2026/7/15,13:59:33,38.2,27.0,23.2,95.0,33.2,49.3,1019,0
2026/7/15,13:59:38,38.1,27.0,23.2,95.0,33.2,49.3,1023,0
2026/7/15,13:59:43,38.0,27.0,23.4,95.0,33.2,49.2,1019,0
2026/7/15,13:59:48,38.0,28.0,23.4,95.0,33.2,49.3,1021,0
2026/7/15,13:59:53,37.8,27.0,23.4,95.0,33.2,49.4,1023,0
2026/7/15,13:59:58,37.9,27.0,23.4,95.0,33.2,49.4,1023,0
2026/7/15,14:0:3,37.8,27.0,23.4,95.0,33.2,49.5,1023,0
2026/7/15,14:0:8,37.8,27.0,23.3,95.0,33.2,49.5,1021,0
2026/7/15,14:0:13,37.8,27.0,23.4,95.0,33.2,49.4,1023,0
2026/7/15,14:0:18,37.7,27.0,23.4,95.0,33.2,49.4,1023,0
2026/7/15,14:0:23,37.8,28.0,23.3,95.0,33.2,49.4,1019,0
2026/7/15,14:0:28,37.7,28.0,23.4,95.0,33.1,49.7,1022,0
2026/7/15,14:0:33,37.6,28.0,23.4,95.0,33.2,49.8,1022,0
2026/7/15,14:0:38,37.6,28.0,23.5,95.0,33.1,49.8,1021,0
2026/7/15,14:0:43,37.6,28.0,23.4,95.0,33.1,49.9,1019,0
2026/7/15,14:0:48,37.5,29.0,23.4,95.0,33.1,50.0,1019,0
2026/7/15,14:0:53,37.5,29.0,23.4,95.0,33.2,50.1,1019,0
2026/7/15,14:0:58,37.4,29.0,23.3,95.0,33.2,50.1,1019,0
2026/7/15,14:1:3,37.5,29.0,23.0,95.0,33.2,50.1,1023,0
2026/7/15,14:1:8,37.4,29.0,23.4,95.0,33.2,50.1,1022,0
2026/7/15,14:1:13,37.5,29.0,23.4,95.0,33.2,50.1,1023,0
2026/7/15,14:1:18,37.3,29.0,23.5,95.0,33.2,50.1,1023,0
2026/7/15,14:1:23,37.4,29.0,23.2,95.0,33.2,50.1,1023,0
2026/7/15,14:1:28,37.4,29.0,23.4,95.0,33.2,50.0,1023,0
2026/7/15,14:1:33,37.3,29.0,23.3,95.0,33.2,49.9,1022,0
2026/7/15,14:1:38,37.3,29.0,23.0,95.0,33.2,50.0,1019,0
2026/7/15,14:1:43,37.1,29.0,23.4,95.0,33.2,50.1,1023,0
2026/7/15,14:1:48,37.1,29.0,23.4,95.0,33.2,50.2,1023,0
2026/7/15,14:1:53,37.1,29.0,23.4,95.0,33.2,50.2,1022,0
2026/7/15,14:1:58,37.2,30.0,23.4,95.0,33.2,50.1,1022,0
2026/7/15,14:2:3,36.5,30.0,23.4,95.0,33.2,50.1,1019,0
2026/7/15,14:2:8,36.7,30.0,23.4,95.0,33.2,49.9,1019,0
2026/7/15,14:2:14,36.6,30.0,23.4,95.0,33.2,49.9,1021,0
2026/7/15,14:2:19,37.0,30.0,23.4,95.0,33.2,49.8,1021,0
2026/7/15,14:2:24,36.7,30.0,23.4,95.0,33.3,49.9,1021,0
2026/7/15,14:2:29,36.9,30.0,23.3,95.0,33.3,50.0,1022,0
2026/7/15,14:2:34,36.5,30.0,23.4,95.0,33.2,50.0,1021,0
2026/7/15,14:2:39,36.5,30.0,23.4,95.0,33.3,50.2,1022,0
2026/7/15,14:2:44,36.4,31.0,23.2,95.0,33.3,50.2,1021,0
2026/7/15,14:2:49,36.5,31.0,23.4,95.0,33.3,50.3,1021,0
2026/7/15,14:2:54,36.4,31.0,23.4,95.0,33.3,50.3,1022,0
2026/7/15,14:2:59,36.5,31.0,23.3,95.0,33.3,50.4,1023,0
2026/7/15,14:3:4,36.5,31.0,23.4,95.0,33.3,50.3,1021,0
2026/7/15,14:3:9,36.5,31.0,23.4,95.0,33.3,50.3,1022,0
2026/7/15,14:3:14,36.4,31.0,23.2,95.0,33.3,50.3,1019,0
2026/7/15,14:3:19,36.4,31.0,23.3,95.0,33.3,50.2,1021,0
2026/7/15,14:3:24,36.3,31.0,23.4,95.0,33.3,50.2,1023,0
2026/7/15,14:3:29,36.3,31.0,23.4,95.0,33.3,50.2,1023,0
2026/7/15,14:3:34,36.5,31.0,23.3,95.0,33.3,50.2,1023,0
2026/7/15,14:3:39,36.3,31.0,23.2,95.0,33.3,50.2,1023,0
2026/7/15,14:3:44,36.2,31.0,23.4,95.0,33.4,50.2,1021,0
2026/7/15,14:3:49,36.1,30.0,23.4,95.0,33.4,50.1,1019,0
2026/7/15,14:3:54,36.2,30.0,23.4,95.0,33.4,49.9,1022,0
2026/7/15,14:3:59,36.0,31.0,23.4,95.0,33.4,49.9,1019,0
2026/7/15,14:4:4,36.2,31.0,23.4,95.0,33.4,49.8,1019,0
2026/7/15,14:4:9,36.0,31.0,23.4,95.0,33.4,49.8,1023,0
2026/7/15,14:4:14,36.0,31.0,23.3,95.0,33.4,49.7,1023,0
2026/7/15,14:4:19,36.0,31.0,23.4,95.0,33.4,49.7,1021,0
2026/7/15,14:4:24,36.0,31.0,23.4,95.0,33.4,49.7,1022,0
2026/7/15,14:4:29,35.9,31.0,23.2,95.0,33.4,49.7,1022,0
2026/7/15,14:4:34,36.0,32.0,23.3,95.0,33.4,49.8,1023,0
2026/7/15,14:4:39,35.9,31.0,23.3,95.0,33.4,49.7,1023,0
2026/7/15,14:4:44,35.9,31.0,23.3,95.0,33.4,49.7,1021,0
2026/7/15,14:4:49,35.8,31.0,23.4,95.0,33.4,49.7,1023,0
2026/7/15,14:4:54,35.8,31.0,23.3,95.0,33.4,49.7,1023,0
2026/7/15,14:4:59,35.8,31.0,23.4,95.0,33.4,49.7,1023,0
2026/7/15,14:5:4,35.8,31.0,23.4,95.0,33.4,49.7,1023,0
2026/7/15,14:5:9,35.8,31.0,23.4,95.0,33.3,49.5,1021,0
2026/7/15,14:5:14,35.7,31.0,23.3,95.0,33.3,49.5,1021,0
2026/7/15,14:5:19,35.7,31.0,23.2,95.0,33.3,49.5,1023,0
2026/7/15,14:5:24,35.4,31.0,23.2,95.0,33.3,49.4,1021,0
2026/7/15,14:5:29,35.6,31.0,23.4,95.0,33.3,49.4,1022,0
2026/7/15,14:5:34,35.5,31.0,23.5,95.0,33.3,49.4,1021,0
2026/7/15,14:5:39,35.3,31.0,23.5,95.0,33.3,49.5,1023,0
2026/7/15,14:5:44,35.5,32.0,23.4,95.0,33.3,49.4,1023,0
2026/7/15,14:5:49,35.3,32.0,23.3,95.0,33.3,49.4,1022,0
2026/7/15,14:5:54,35.4,32.0,23.4,95.0,33.3,49.5,1023,0
2026/7/15,14:5:59,35.3,32.0,23.4,95.0,33.3,49.6,1023,0
2026/7/15,14:6:4,35.3,33.0,23.4,95.0,33.3,49.6,1021,0
2026/7/15,14:6:9,35.3,33.0,23.3,95.0,33.3,49.7,1023,0
2026/7/15,14:6:14,35.1,33.0,23.4,95.0,33.3,49.7,1023,0
2026/7/15,14:6:19,35.2,33.0,23.4,95.0,33.3,49.7,1023,0
2026/7/15,14:6:24,35.1,32.0,23.4,95.0,33.3,49.4,1021,0
2026/7/15,14:6:29,35.2,32.0,23.4,95.0,33.3,49.5,1023,0
2026/7/15,14:6:34,34.6,32.0,23.3,95.0,33.3,49.6,1021,0
2026/7/15,14:6:39,34.6,32.0,23.4,95.0,33.3,49.6,1023,0
2026/7/15,14:6:44,35.0,32.0,23.4,95.0,33.3,49.5,1021,0
2026/7/15,14:6:49,34.9,32.0,23.3,95.0,33.3,49.5,1023,0
2026/7/15,14:6:54,34.8,32.0,23.3,95.0,33.4,49.5,1021,0
2026/7/15,14:6:59,34.6,32.0,23.3,95.0,33.4,49.4,1023,0
2026/7/15,14:7:4,34.5,32.0,23.4,95.0,33.4,49.3,1019,0
2026/7/15,14:7:9,34.8,32.0,23.4,95.0,33.3,49.3,1022,0
2026/7/15,14:7:14,34.7,33.0,23.2,95.0,33.4,49.3,1021,0
2026/7/15,14:7:19,34.8,33.0,23.5,95.0,33.4,49.3,1021,0
2026/7/15,14:7:24,34.9,33.0,23.4,95.0,33.3,49.4,1023,0
2026/7/15,14:7:29,34.5,33.0,23.4,95.0,33.4,49.5,1023,0
2026/7/15,14:7:34,34.8,33.0,23.4,95.0,33.4,49.3,1022,0
2026/7/15,14:7:39,34.7,33.0,23.4,95.0,33.3,48.9,1021,0
2026/7/15,14:7:44,34.7,32.0,23.4,95.0,33.3,48.6,1022,0
2026/7/15,14:7:49,34.6,32.0,23.4,95.0,33.3,48.4,1022,0
2026/7/15,14:7:54,34.6,32.0,23.5,95.0,33.3,48.3,1019,0
2026/7/15,14:7:59,34.5,32.0,23.4,95.0,33.3,48.3,1023,0
2026/7/15,14:8:4,34.4,33.0,23.3,95.0,33.3,48.4,1022,0
2026/7/15,14:8:9,34.4,33.0,23.5,95.0,33.3,48.4,1022,0
2026/7/15,14:8:14,34.5,33.0,23.1,95.0,33.3,48.4,1022,0
2026/7/15,14:8:19,34.4,33.0,23.5,95.0,33.3,48.5,1023,0
2026/7/15,14:8:24,34.5,33.0,23.4,95.0,33.3,48.5,1023,0
2026/7/15,14:8:29,34.4,33.0,23.3,95.0,33.3,48.6,1023,0
2026/7/15,14:8:34,34.5,33.0,23.4,95.0,33.3,48.6,1023,0
2026/7/15,14:8:39,34.5,34.0,23.4,95.0,33.3,48.8,1023,0
2026/7/15,14:8:44,34.3,34.0,23.4,95.0,33.3,48.9,1021,0
2026/7/15,14:8:49,34.4,34.0,23.4,95.0,33.3,49.0,1019,0
2026/7/15,14:8:54,34.4,34.0,23.4,95.0,33.3,49.1,1023,0
2026/7/15,14:8:59,34.3,34.0,23.5,95.0,33.2,49.1,1023,0
2026/7/15,14:9:4,34.4,34.0,23.2,95.0,33.2,49.0,1023,0
2026/7/15,14:9:9,34.3,34.0,23.5,95.0,33.3,48.9,1021,0
2026/7/15,14:9:14,34.3,34.0,23.5,95.0,33.2,48.8,1021,0
2026/7/15,14:9:19,34.3,34.0,23.5,95.0,33.2,48.9,1021,0
2026/7/15,14:9:24,34.3,34.0,23.5,95.0,33.2,49.0,1021,0
2026/7/15,14:9:29,34.2,34.0,23.4,95.0,33.2,49.2,1023,0
2026/7/15,14:9:34,34.3,34.0,23.3,95.0,33.2,49.4,1023,0
2026/7/15,14:9:39,34.3,34.0,23.5,95.0,33.2,49.7,1019,0
2026/7/15,14:9:44,34.3,35.0,23.4,95.0,33.2,49.7,1022,0
2026/7/15,14:9:49,34.3,34.0,23.5,95.0,33.2,49.8,1023,0
2026/7/15,14:9:54,34.2,35.0,23.5,95.0,33.2,50.0,1021,0
2026/7/15,14:9:59,34.3,35.0,23.4,95.0,33.2,50.0,1022,0
2026/7/15,14:10:4,34.3,34.0,23.4,95.0,33.3,50.0,1023,0
2026/7/15,14:10:9,34.2,35.0,23.4,95.0,33.2,49.9,1022,0
2026/7/15,14:10:14,34.2,34.0,23.5,95.0,33.2,49.9,1023,0
2026/7/15,14:10:19,34.2,34.0,23.4,95.0,33.3,49.8,1022,0
2026/7/15,14:10:24,34.2,34.0,23.5,95.0,33.3,49.8,1023,0
2026/7/15,14:10:29,34.2,34.0,23.4,95.0,33.3,49.7,1021,0
2026/7/15,14:10:34,34.2,34.0,23.4,95.0,33.3,49.7,1023,0
2026/7/15,14:10:39,34.2,34.0,23.5,95.0,33.3,49.4,1022,0
2026/7/15,14:10:44,34.2,34.0,23.4,95.0,33.3,49.4,1023,0
2026/7/15,14:10:49,34.2,34.0,23.4,95.0,33.3,49.4,1022,0
2026/7/15,14:10:54,34.2,34.0,23.4,95.0,33.3,49.4,1022,0
2026/7/15,14:10:59,34.2,34.0,23.5,95.0,33.3,49.2,1021,0
2026/7/15,14:11:4,34.1,33.0,23.5,95.0,33.3,48.8,1019,0
2026/7/15,14:11:9,34.2,33.0,23.3,95.0,33.3,48.7,1019,0
2026/7/15,14:11:14,34.2,34.0,23.4,95.0,33.3,48.6,1023,0
2026/7/15,14:11:19,34.2,34.0,23.3,95.0,33.2,48.5,1023,0
2026/7/15,14:11:24,34.2,34.0,23.4,95.0,33.2,48.5,1019,0
2026/7/15,14:11:29,34.1,34.0,23.3,95.0,33.2,48.6,1021,0
2026/7/15,14:11:34,34.1,34.0,23.5,95.0,33.2,48.6,1023,0
2026/7/15,14:11:39,34.1,34.0,23.4,95.0,33.2,48.6,1022,0
2026/7/15,14:11:44,34.1,34.0,23.5,95.0,33.2,48.7,1023,0
2026/7/15,14:11:49,34.0,34.0,23.5,95.0,33.2,48.7,1023,0
2026/7/15,14:11:54,34.0,33.0,23.3,95.0,33.2,48.7,1023,0
2026/7/15,14:11:59,34.0,34.0,23.3,95.0,33.2,48.7,1023,0
2026/7/15,14:12:4,34.0,34.0,23.4,95.0,33.2,48.6,1021,0
2026/7/15,14:12:9,34.0,34.0,23.5,95.0,33.2,48.6,1019,0
2026/7/15,14:12:14,34.0,34.0,23.5,95.0,33.2,48.5,1019,0
2026/7/15,14:12:19,34.0,34.0,23.3,95.0,33.2,48.6,1023,0
2026/7/15,14:12:24,34.0,34.0,23.5,95.0,33.2,48.7,1023,0
2026/7/15,14:12:29,33.9,34.0,23.2,95.0,33.2,48.8,1023,0
2026/7/15,14:12:34,34.0,35.0,23.4,95.0,33.2,48.8,1023,0
2026/7/15,14:12:39,34.0,35.0,23.5,95.0,33.2,48.9,1023,0
2026/7/15,14:12:44,34.0,35.0,23.5,95.0,33.2,49.0,1023,0
2026/7/15,14:12:49,33.8,35.0,23.4,95.0,33.2,49.0,1023,0
2026/7/15,14:12:54,34.0,35.0,23.4,95.0,33.2,49.1,1021,0
2026/7/15,14:12:59,34.0,34.0,23.4,95.0,33.2,49.1,1021,0
2026/7/15,14:13:4,34.0,34.0,23.5,95.0,33.2,49.1,1022,0
2026/7/15,14:13:9,34.0,34.0,23.2,95.0,33.2,49.1,1021,0
2026/7/15,14:13:14,33.9,34.0,23.4,95.0,33.2,49.1,1019,0
2026/7/15,14:13:20,34.0,34.0,23.3,95.0,33.2,49.0,1022,0
2026/7/15,14:13:25,34.0,35.0,23.5,95.0,33.1,49.0,1021,0
2026/7/15,14:13:30,33.8,35.0,23.4,95.0,33.1,49.2,1019,0
2026/7/15,14:13:35,33.9,35.0,23.5,95.0,33.1,49.1,1022,0
2026/7/15,14:13:40,33.9,35.0,23.5,95.0,33.1,49.2,1023,0
2026/7/15,14:13:45,33.5,36.0,23.5,95.0,33.1,49.2,1022,0
2026/7/15,14:13:50,33.8,36.0,23.4,95.0,33.2,49.2,1023,0
2026/7/15,14:13:55,33.9,36.0,23.4,95.0,33.1,49.3,1022,0
2026/7/15,14:14:0,34.0,36.0,23.4,95.0,33.1,49.3,1023,0
2026/7/15,14:14:5,33.9,36.0,23.4,95.0,33.2,49.4,1023,0
2026/7/15,14:14:10,34.0,36.0,23.5,95.0,33.2,49.5,1023,0
2026/7/15,14:14:15,34.0,36.0,23.5,95.0,33.1,49.5,1022,0
2026/7/15,14:14:20,34.0,36.0,23.5,95.0,33.1,49.5,1023,0
2026/7/15,14:14:25,34.0,36.0,23.4,95.0,33.2,49.6,1022,0
2026/7/15,14:14:30,34.0,36.0,23.5,95.0,33.1,49.6,1019,0
2026/7/15,14:14:35,34.0,36.0,23.4,95.0,33.1,49.7,1019,0
2026/7/15,14:14:40,33.8,36.0,23.5,95.0,33.1,49.7,1019,0
2026/7/15,14:14:45,33.8,35.0,23.5,95.0,33.1,49.4,1023,0
2026/7/15,14:14:50,34.0,35.0,23.5,95.0,33.1,49.3,1023,0
2026/7/15,14:14:55,34.0,35.0,23.3,95.0,33.1,49.2,1023,0
2026/7/15,14:15:0,33.9,36.0,23.4,95.0,33.1,49.6,1021,0
2026/7/15,14:15:5,34.0,36.0,23.5,95.0,33.1,49.8,1019,0
2026/7/15,14:15:10,34.0,36.0,23.5,95.0,33.1,49.7,1023,0
2026/7/15,14:15:15,33.8,36.0,23.5,95.0,33.1,49.8,1023,0
2026/7/15,14:15:20,33.9,36.0,23.4,95.0,33.1,49.8,1023,0
2026/7/15,14:15:25,34.0,36.0,23.4,95.0,33.1,49.8,1021,0
2026/7/15,14:15:30,34.0,36.0,23.5,95.0,33.1,49.9,1023,0
2026/7/15,14:15:35,33.9,36.0,23.4,95.0,33.1,49.8,1019,0
2026/7/15,14:15:40,33.9,36.0,23.4,95.0,33.1,49.8,1021,0
2026/7/15,14:15:45,33.9,35.0,23.5,95.0,33.1,49.4,1021,0
2026/7/15,14:15:50,34.0,35.0,23.5,95.0,33.1,49.4,1023,0
2026/7/15,14:15:55,34.0,35.0,23.5,95.0,33.1,49.3,1023,0
2026/7/15,14:16:0,34.0,35.0,23.5,95.0,33.1,49.4,1023,0
2026/7/15,14:16:5,34.0,36.0,23.3,95.0,33.1,49.5,1019,0
2026/7/15,14:16:10,34.0,36.0,23.5,95.0,33.1,49.7,1023,0
2026/7/15,14:16:15,34.0,36.0,23.5,95.0,33.1,49.7,1023,0
2026/7/15,14:16:20,34.0,36.0,23.5,95.0,33.1,49.7,1023,0
2026/7/15,14:16:25,34.0,36.0,23.6,95.0,33.1,49.7,1023,0
2026/7/15,14:16:30,34.0,36.0,23.4,95.0,33.1,49.8,1022,0
2026/7/15,14:16:35,34.0,35.0,23.5,95.0,33.1,49.7,1022,0
2026/7/15,14:16:40,33.8,35.0,23.5,95.0,33.1,49.7,1021,0
2026/7/15,14:16:45,33.9,35.0,23.5,95.0,33.1,49.7,1022,0
2026/7/15,14:16:50,34.0,35.0,23.5,95.0,33.1,49.5,1023,0
2026/7/15,14:16:55,34.0,35.0,23.4,95.0,33.1,49.6,1023,0
2026/7/15,14:17:0,34.0,35.0,23.5,95.0,33.1,49.5,1022,0
2026/7/15,14:17:5,34.0,35.0,23.5,95.0,33.1,49.6,1023,0
2026/7/15,14:17:10,34.0,35.0,23.5,95.0,33.1,49.5,1023,0
2026/7/15,14:17:15,34.0,35.0,23.5,95.0,33.1,49.5,1022,0
2026/7/15,14:17:20,34.0,35.0,23.4,95.0,33.1,49.4,1021,0
2026/7/15,14:17:25,34.0,35.0,23.5,95.0,33.1,49.4,1023,0
2026/7/15,14:17:30,33.9,35.0,23.5,95.0,33.1,49.4,1022,0
2026/7/15,14:17:35,34.0,35.0,23.5,95.0,33.1,49.4,1019,0
2026/7/15,14:17:40,34.0,35.0,23.5,95.0,33.1,49.5,1021,0
2026/7/15,14:17:45,34.0,35.0,23.5,95.0,33.1,49.5,1021,0
2026/7/15,14:17:50,34.0,35.0,23.5,95.0,33.1,49.6,1023,0
2026/7/15,14:17:55,34.0,35.0,23.5,95.0,33.0,49.6,1023,0
2026/7/15,14:18:0,34.0,35.0,23.5,95.0,33.1,49.6,1021,0
2026/7/15,14:18:5,34.0,35.0,23.5,95.0,33.1,49.4,1019,0
2026/7/15,14:18:10,34.0,35.0,23.5,95.0,33.1,49.1,1021,0
2026/7/15,14:18:15,34.0,34.0,23.5,95.0,33.1,49.0,1019,0
2026/7/15,14:18:20,34.0,34.0,23.4,95.0,33.0,49.0,1023,0
2026/7/15,14:18:25,34.0,34.0,23.5,95.0,33.0,48.9,1023,0
2026/7/15,14:18:30,34.0,34.0,23.4,95.0,33.0,48.9,1023,0
2026/7/15,14:18:35,34.0,34.0,23.6,95.0,33.0,49.0,1022,0
2026/7/15,14:18:40,33.8,34.0,23.5,95.0,33.0,49.1,1021,0
2026/7/15,14:18:45,34.0,34.0,23.5,95.0,33.0,49.1,1023,0
2026/7/15,14:18:50,34.0,35.0,23.4,95.0,33.0,49.2,1023,0
2026/7/15,14:18:55,34.1,35.0,23.5,95.0,33.0,49.2,1019,0
2026/7/15,14:19:0,34.0,35.0,23.5,95.0,33.0,49.3,1023,0
2026/7/15,14:19:5,34.0,35.0,23.5,95.0,33.0,49.3,1023,0
2026/7/15,14:19:10,34.0,35.0,23.5,95.0,33.0,49.4,1023,0
2026/7/15,14:19:15,34.1,35.0,23.5,95.0,33.0,49.6,1023,0
2026/7/15,14:19:20,34.1,35.0,23.5,95.0,33.0,49.6,1019,0
2026/7/15,14:19:25,34.1,34.0,23.4,95.0,33.0,49.4,1019,0
2026/7/15,14:19:30,34.0,34.0,23.5,95.0,32.9,49.3,1023,0
2026/7/15,14:19:35,34.1,34.0,23.5,95.0,33.0,49.3,1023,0
2026/7/15,14:19:40,34.1,34.0,23.3,95.0,33.0,49.4,1021,0
2026/7/15,14:19:45,34.0,34.0,23.5,95.0,33.0,49.5,1021,0
2026/7/15,14:19:50,34.1,34.0,23.5,95.0,33.0,49.5,1021,0
2026/7/15,14:19:55,34.1,34.0,23.5,95.0,32.9,49.6,1021,0
2026/7/15,14:20:0,34.1,34.0,23.6,95.0,32.9,49.6,1023,0
2026/7/15,14:20:5,34.1,34.0,23.5,95.0,33.0,49.5,1021,0
2026/7/15,14:20:10,34.0,34.0,23.5,95.0,32.9,49.4,1023,0
2026/7/15,14:20:15,34.2,34.0,23.6,95.0,32.9,49.4,1023,0
2026/7/15,14:20:20,34.1,34.0,23.5,95.0,32.9,49.4,1023,0
2026/7/15,14:20:25,34.2,34.0,23.5,95.0,32.9,49.5,1023,0
2026/7/15,14:20:30,34.2,34.0,23.5,95.0,32.9,49.5,1019,0
2026/7/15,14:20:35,34.1,34.0,23.3,95.0,32.9,49.5,1023,0
2026/7/15,14:20:40,34.1,34.0,23.5,95.0,32.9,49.6,1021,0
2026/7/15,14:20:45,34.2,35.0,23.5,95.0,32.9,49.8,1019,0
2026/7/15,14:20:50,34.2,34.0,23.5,95.0,32.9,49.8,1022,0
2026/7/15,14:20:55,34.2,34.0,23.6,95.0,32.9,49.6,1023,0
2026/7/15,14:21:0,34.2,34.0,23.5,95.0,32.9,49.6,1023,0
2026/7/15,14:21:5,34.1,34.0,23.5,95.0,32.9,49.5,1019,0
2026/7/15,14:21:10,34.2,34.0,23.5,95.0,32.9,49.4,1023,0
2026/7/15,14:21:15,34.2,34.0,23.5,95.0,32.9,49.4,1022,0
2026/7/15,14:21:20,34.2,34.0,23.4,95.0,32.8,49.5,1022,0
2026/7/15,14:21:25,34.2,34.0,23.6,95.0,32.8,49.6,1023,0
2026/7/15,14:21:30,34.2,34.0,23.5,95.0,32.8,49.6,1021,0
2026/7/15,14:21:35,34.4,34.0,23.5,95.0,32.8,49.8,1023,0
2026/7/15,14:21:40,34.3,34.0,23.5,95.0,32.8,49.9,1019,0
2026/7/15,14:21:45,34.2,34.0,23.6,95.0,32.8,50.0,1023,0
2026/7/15,14:21:50,34.3,34.0,23.5,95.0,32.8,50.1,1023,0
2026/7/15,14:21:55,34.3,34.0,23.5,95.0,32.8,50.1,1023,0
2026/7/15,14:22:0,34.3,35.0,23.5,95.0,32.8,50.2,1021,0
2026/7/15,14:22:5,34.3,35.0,23.6,95.0,32.8,50.2,1021,0
2026/7/15,14:22:10,34.3,34.0,23.6,95.0,32.8,50.2,1019,0
2026/7/15,14:22:15,34.3,34.0,23.6,95.0,32.8,50.0,1023,0
2026/7/15,14:22:20,34.3,34.0,23.5,95.0,32.8,49.8,1023,0
2026/7/15,14:22:25,34.2,34.0,23.5,95.0,32.8,49.7,1021,0
2026/7/15,14:22:30,34.2,34.0,23.6,95.0,32.8,49.7,1022,0
2026/7/15,14:22:35,34.2,34.0,23.5,95.0,32.8,49.6,1019,0
2026/7/15,14:22:40,34.3,34.0,23.5,95.0,32.8,49.7,1021,0
2026/7/15,14:22:45,34.2,34.0,23.5,95.0,32.8,49.8,1021,0
2026/7/15,14:22:50,34.2,34.0,23.4,95.0,32.8,49.8,1023,0
2026/7/15,14:22:55,34.2,34.0,23.5,95.0,32.8,49.8,1023,0
2026/7/15,14:23:0,34.3,34.0,23.5,95.0,32.8,49.7,1023,0
2026/7/15,14:23:5,34.2,34.0,23.6,95.0,32.8,49.7,1022,0
2026/7/15,14:23:10,34.2,34.0,23.5,95.0,32.8,49.6,1023,0
2026/7/15,14:23:15,34.2,34.0,23.5,95.0,32.8,49.5,1021,0
2026/7/15,14:23:20,34.2,34.0,23.5,95.0,32.8,49.5,1023,0
2026/7/15,14:23:25,34.2,34.0,23.5,95.0,32.8,49.5,1023,0
2026/7/15,14:23:30,34.2,34.0,23.6,95.0,32.8,49.5,1023,0
2026/7/15,14:23:35,34.2,34.0,23.5,95.0,32.8,49.6,1022,0
2026/7/15,14:23:40,34.2,34.0,23.4,95.0,32.8,49.6,1023,0
2026/7/15,14:23:45,34.2,34.0,23.5,95.0,32.8,49.8,1019,0
2026/7/15,14:23:50,34.2,34.0,23.6,95.0,32.8,49.8,1023,0
2026/7/15,14:23:56,34.2,34.0,23.6,95.0,32.8,49.6,1023,0
2026/7/15,14:24:1,34.2,34.0,23.3,95.0,32.7,49.6,1023,0
2026/7/15,14:24:6,34.2,34.0,23.5,95.0,32.8,49.7,1023,0
2026/7/15,14:24:11,34.2,34.0,23.6,95.0,32.8,49.8,1019,0
2026/7/15,14:24:16,34.1,34.0,23.6,95.0,32.8,49.8,1023,0
2026/7/15,14:24:21,34.2,34.0,23.5,95.0,32.8,49.9,1019,0
2026/7/15,14:24:26,34.2,34.0,23.5,95.0,32.7,50.0,1023,0
2026/7/15,14:24:31,34.2,34.0,23.4,95.0,32.7,50.1,1021,0
2026/7/15,14:24:36,34.2,34.0,23.5,95.0,32.8,50.2,1019,0
2026/7/15,14:24:41,34.2,34.0,23.5,95.0,32.7,50.1,1023,0
2026/7/15,14:24:46,34.2,34.0,23.4,94.0,32.7,50.0,1023,0
2026/7/15,14:24:51,34.2,34.0,23.5,93.0,32.7,49.9,1023,0
2026/7/15,14:24:56,34.2,34.0,23.5,92.0,32.7,49.8,1021,0
2026/7/15,14:25:1,34.2,34.0,23.4,91.0,32.7,49.8,1022,0
2026/7/15,14:25:6,34.2,34.0,23.4,90.0,32.7,49.9,1019,0
2026/7/15,14:25:11,34.2,34.0,23.3,89.0,32.7,50.0,1019,0
2026/7/15,14:25:16,34.2,34.0,23.4,89.0,32.7,50.1,1023,0
2026/7/15,14:25:21,34.2,34.0,23.5,89.0,32.7,50.1,1023,0
2026/7/15,14:25:26,34.2,34.0,23.5,89.0,32.7,50.1,1023,0
2026/7/15,14:25:31,34.2,34.0,23.5,89.0,32.7,50.1,1021,0
2026/7/15,14:25:36,34.2,34.0,23.4,89.0,32.7,50.1,1022,0
2026/7/15,14:25:41,34.2,34.0,23.5,89.0,32.7,50.2,1022,0
2026/7/15,14:25:46,34.2,34.0,23.5,88.0,32.7,50.2,1022,0
2026/7/15,14:25:51,34.2,34.0,23.5,88.0,32.7,50.1,1023,0
2026/7/15,14:25:56,34.3,34.0,23.5,89.0,32.7,50.2,1021,0
2026/7/15,14:26:1,34.2,35.0,23.6,91.0,32.7,50.3,1022,0
2026/7/15,14:26:6,34.2,34.0,23.4,88.0,32.7,50.2,1023,0
2026/7/15,14:26:11,34.2,34.0,23.5,86.0,32.7,50.1,1022,0
2026/7/15,14:26:16,34.2,34.0,23.4,85.0,32.7,50.0,1022,0
2026/7/15,14:26:21,34.1,34.0,23.5,86.0,32.7,50.0,1021,0
2026/7/15,14:26:26,34.2,34.0,23.4,88.0,32.7,49.9,1022,0
2026/7/15,14:26:31,34.2,34.0,23.5,88.0,32.7,49.9,1023,0
2026/7/15,14:26:36,34.2,34.0,23.5,89.0,32.7,49.9,1022,0
2026/7/15,14:26:41,34.1,34.0,23.6,90.0,32.7,49.9,1022,0
2026/7/15,14:26:46,34.1,34.0,23.5,89.0,32.7,49.9,1019,0
2026/7/15,14:26:51,34.1,34.0,23.6,86.0,32.7,49.6,1019,0
2026/7/15,14:26:56,34.2,34.0,23.5,86.0,32.7,49.5,1023,0
2026/7/15,14:27:1,34.0,34.0,23.4,86.0,32.6,49.5,1021,0
2026/7/15,14:27:6,34.0,34.0,23.5,85.0,32.6,49.5,1021,0
2026/7/15,14:27:11,34.1,34.0,23.5,86.0,32.6,49.5,1022,0
2026/7/15,14:27:16,34.0,34.0,23.4,89.0,32.6,49.6,1023,0
2026/7/15,14:27:21,34.0,34.0,23.5,90.0,32.6,49.6,1023,0
2026/7/15,14:27:26,34.0,34.0,23.4,95.0,32.6,49.7,1021,0
2026/7/15,14:27:31,34.0,34.0,23.6,95.0,32.6,49.6,1023,0
2026/7/15,14:27:36,33.8,34.0,23.4,95.0,32.6,49.4,1022,0
2026/7/15,14:27:41,34.0,34.0,23.6,95.0,32.6,49.4,1023,0
2026/7/15,14:27:46,34.0,34.0,23.5,95.0,32.6,49.4,1023,0
2026/7/15,14:27:51,34.0,34.0,23.5,95.0,32.6,49.4,1022,0
2026/7/15,14:27:56,34.0,34.0,23.5,95.0,32.6,49.3,1021,0
2026/7/15,14:28:1,34.0,34.0,23.5,95.0,32.6,49.4,1023,0
2026/7/15,14:28:6,34.0,34.0,23.5,95.0,32.6,49.5,1023,0
2026/7/15,14:28:11,34.0,34.0,23.5,95.0,32.6,49.5,1023,0
2026/7/15,14:28:16,33.8,34.0,23.6,95.0,32.6,49.6,1023,0
2026/7/15,14:28:21,34.0,34.0,23.6,95.0,32.6,49.6,1019,0
2026/7/15,14:28:26,33.9,34.0,23.5,95.0,32.6,49.7,1022,0
2026/7/15,14:28:31,34.0,35.0,23.5,95.0,32.6,49.8,1023,0
2026/7/15,14:28:36,34.0,35.0,23.6,95.0,32.6,49.8,1023,0
2026/7/15,14:28:41,34.0,35.0,23.6,95.0,32.6,49.9,1023,0
2026/7/15,14:28:46,34.0,35.0,23.6,95.0,32.6,50.1,1023,0
2026/7/15,14:28:51,34.1,35.0,23.5,95.0,32.6,50.3,1022,0
2026/7/15,14:28:56,34.2,35.0,23.6,95.0,32.6,50.3,1021,0
2026/7/15,14:29:1,34.2,35.0,23.6,95.0,32.6,50.5,1023,0
2026/7/15,14:29:6,34.2,35.0,23.6,95.0,32.6,50.6,1019,0
2026/7/15,14:29:11,34.2,35.0,23.6,95.0,32.6,50.6,1022,0
2026/7/15,14:29:16,34.2,34.0,23.6,95.0,32.6,50.5,1021,0
2026/7/15,14:29:21,34.2,34.0,23.5,95.0,32.6,50.5,1023,0
2026/7/15,14:29:26,34.2,34.0,23.6,95.0,32.6,50.4,1021,0
2026/7/15,14:29:31,34.2,34.0,23.6,95.0,32.6,50.4,1021,0
2026/7/15,14:29:36,34.2,34.0,23.5,95.0,32.6,50.4,1022,0
2026/7/15,14:29:41,34.3,34.0,23.6,95.0,32.6,50.4,1021,0
2026/7/15,14:29:46,34.3,34.0,23.6,95.0,32.6,50.5,1019,0
2026/7/15,14:29:51,34.3,34.0,23.6,95.0,32.6,50.4,1022,0
2026/7/15,14:29:56,34.3,34.0,23.6,95.0,32.6,50.4,1023,0
2026/7/15,14:30:1,34.3,34.0,23.6,95.0,32.6,50.3,1021,0
2026/7/15,14:30:6,34.4,34.0,23.6,95.0,32.6,50.3,1021,0
2026/7/15,14:30:11,34.4,34.0,23.6,95.0,32.6,50.3,1019,0
2026/7/15,14:30:16,34.3,34.0,23.6,95.0,32.6,50.4,1023,0
2026/7/15,14:30:21,34.4,34.0,23.6,95.0,32.6,50.5,1022,0
2026/7/15,14:30:26,34.4,34.0,23.4,95.0,32.6,50.4,1022,0
2026/7/15,14:30:31,34.4,34.0,23.6,95.0,32.6,50.4,1023,0
2026/7/15,14:30:36,34.4,34.0,23.6,95.0,32.6,50.4,1023,0
2026/7/15,14:30:41,34.4,33.0,23.6,95.0,32.6,50.4,1022,0
2026/7/15,14:30:46,34.4,33.0,23.6,95.0,32.6,50.5,1023,0
2026/7/15,14:30:51,34.5,34.0,23.6,95.0,32.7,50.4,1019,0
2026/7/15,14:30:56,34.4,34.0,23.6,95.0,32.7,50.5,1023,0
2026/7/15,14:31:1,34.5,34.0,23.6,95.0,32.7,50.5,1022,0
2026/7/15,14:31:6,34.5,34.0,23.6,95.0,32.7,50.5,1022,0
2026/7/15,14:31:11,34.5,34.0,23.6,95.0,32.7,50.5,1019,0
2026/7/15,14:31:16,34.4,34.0,23.6,95.0,32.7,50.7,1023,0
2026/7/15,14:31:21,34.4,34.0,23.6,95.0,32.7,50.7,1023,0
2026/7/15,14:31:26,34.6,34.0,23.6,95.0,32.7,50.7,1019,0
2026/7/15,14:31:31,34.6,34.0,23.6,95.0,32.7,50.8,1023,0
2026/7/15,14:31:36,34.6,34.0,23.6,95.0,32.7,50.9,1023,0
2026/7/15,14:31:41,34.6,34.0,23.6,95.0,32.7,51.0,1021,0
2026/7/15,14:31:46,34.5,34.0,23.6,95.0,32.7,50.9,1021,0
2026/7/15,14:31:51,34.6,34.0,23.4,95.0,32.7,50.9,1023,0
2026/7/15,14:31:56,34.7,33.0,23.6,95.0,32.8,50.8,1023,0
2026/7/15,14:32:1,34.6,33.0,23.5,95.0,32.8,50.7,1021,0
2026/7/15,14:32:6,34.6,33.0,23.6,95.0,32.8,50.7,1023,0
2026/7/15,14:32:11,34.9,34.0,23.6,95.0,32.8,50.7,1019,0
2026/7/15,14:32:16,34.8,33.0,23.6,95.0,32.8,50.7,1023,0
2026/7/15,14:32:21,34.6,33.0,23.6,95.0,32.8,50.7,1021,0
2026/7/15,14:32:26,34.6,33.0,23.5,95.0,32.8,50.6,1023,0
2026/7/15,14:32:31,34.8,33.0,23.6,95.0,32.8,50.6,1023,0
2026/7/15,14:32:36,34.6,33.0,23.6,95.0,32.8,50.4,1023,0
2026/7/15,14:32:41,34.6,33.0,23.6,95.0,32.8,50.4,1021,0
2026/7/15,14:32:46,34.8,33.0,23.5,95.0,32.9,50.4,1023,0
2026/7/15,14:32:51,34.8,33.0,23.6,95.0,32.8,50.3,1021,0
2026/7/15,14:32:56,34.9,33.0,23.6,95.0,32.8,50.4,1023,0
2026/7/15,14:33:1,34.9,33.0,23.6,95.0,32.9,50.4,1023,0
2026/7/15,14:33:6,34.7,33.0,23.6,95.0,32.8,50.4,1023,0
2026/7/15,14:33:11,35.0,33.0,23.6,95.0,32.9,50.5,1019,0
2026/7/15,14:33:16,35.0,33.0,23.6,95.0,32.9,50.5,1019,0
2026/7/15,14:33:21,35.0,33.0,23.6,95.0,32.9,50.4,1023,0
2026/7/15,14:33:26,34.6,33.0,23.5,95.0,32.9,50.4,1022,0
2026/7/15,14:33:31,35.0,33.0,23.6,95.0,32.9,50.5,1023,0
2026/7/15,14:33:36,34.6,33.0,23.7,95.0,32.9,50.4,1021,0
2026/7/15,14:33:41,35.1,33.0,23.6,95.0,32.9,50.5,1023,0
2026/7/15,14:33:46,34.8,33.0,23.6,95.0,32.9,50.4,1022,0
2026/7/15,14:33:51,34.6,33.0,23.6,95.0,32.9,50.5,1023,0
2026/7/15,14:33:56,34.8,33.0,23.6,95.0,32.9,50.5,1021,0
2026/7/15,14:34:1,34.7,33.0,23.5,95.0,32.9,50.5,1023,0
2026/7/15,14:34:6,35.3,33.0,23.6,95.0,32.9,50.5,1019,0
2026/7/15,14:34:11,35.0,33.0,23.6,95.0,32.9,50.4,1023,0
2026/7/15,14:34:16,35.0,33.0,23.6,95.0,32.9,50.4,1022,0
2026/7/15,14:34:21,35.2,33.0,23.5,95.0,33.0,50.4,1023,0
2026/7/15,14:34:26,34.8,32.0,23.6,95.0,33.0,50.4,1023,0
2026/7/15,14:34:31,35.2,32.0,23.7,95.0,33.0,50.5,1023,0
2026/7/15,14:34:36,35.3,32.0,23.6,95.0,33.0,50.4,1023,0
2026/7/15,14:34:41,35.2,32.0,23.6,95.0,33.0,50.1,1023,0
2026/7/15,14:34:46,35.3,32.0,23.6,95.0,33.0,50.0,1019,0
2026/7/15,14:34:52,35.3,32.0,23.6,95.0,33.0,49.9,1022,0
2026/7/15,14:34:57,34.8,32.0,23.6,95.0,33.0,49.9,1019,0
2026/7/15,14:35:2,35.1,32.0,23.6,95.0,33.0,49.8,1021,0
2026/7/15,14:35:7,35.3,32.0,23.6,95.0,33.0,49.8,1021,0
2026/7/15,14:35:12,35.0,32.0,23.6,95.0,33.0,49.9,1022,0
2026/7/15,14:35:17,35.1,32.0,23.5,95.0,33.0,49.8,1021,0
2026/7/15,14:35:22,35.0,32.0,23.7,95.0,33.0,49.9,1021,0
2026/7/15,14:35:27,35.2,32.0,23.6,95.0,33.0,49.8,1023,0
2026/7/15,14:35:32,34.8,32.0,23.6,95.0,33.0,49.7,1019,0
2026/7/15,14:35:37,35.1,32.0,23.6,95.0,33.0,49.5,1023,0
2026/7/15,14:35:42,35.1,32.0,23.6,95.0,32.9,49.4,1021,0
2026/7/15,14:35:47,34.8,32.0,23.6,95.0,32.9,49.3,1021,0
2026/7/15,14:35:52,34.7,32.0,23.6,95.0,32.9,49.3,1022,0
2026/7/15,14:35:57,35.1,32.0,23.6,95.0,32.9,49.5,1021,0
2026/7/15,14:36:2,35.2,33.0,23.6,95.0,32.9,49.7,1019,0
2026/7/15,14:36:7,34.6,33.0,23.6,95.0,32.9,49.7,1022,0
2026/7/15,14:36:12,34.6,33.0,23.6,95.0,32.9,49.7,1023,0
2026/7/15,14:36:17,34.6,32.0,23.6,95.0,32.9,49.5,1022,0
2026/7/15,14:36:22,35.1,32.0,23.6,95.0,32.8,49.3,1021,0
2026/7/15,14:36:27,34.8,32.0,23.6,95.0,32.9,49.3,1023,0
2026/7/15,14:36:32,34.8,32.0,23.6,95.0,32.8,49.4,1023,0
2026/7/15,14:36:37,34.8,33.0,23.6,95.0,32.8,49.4,1023,0
2026/7/15,14:36:42,34.8,33.0,23.6,95.0,32.8,49.5,1021,0
2026/7/15,14:36:47,34.8,33.0,23.6,95.0,32.8,49.5,1023,0
2026/7/15,14:36:52,34.6,33.0,23.6,95.0,32.8,49.5,1022,0
2026/7/15,14:36:57,35.0,33.0,23.6,95.0,32.8,49.7,1019,0
2026/7/15,14:37:2,34.5,33.0,23.6,95.0,32.8,49.7,1022,0
2026/7/15,14:37:7,34.8,33.0,23.6,95.0,32.8,49.8,1021,0
2026/7/15,14:37:12,34.7,33.0,23.6,95.0,32.8,49.8,1022,0
2026/7/15,14:37:17,34.6,33.0,23.7,95.0,32.8,49.8,1021,0
2026/7/15,14:37:22,34.6,33.0,23.6,95.0,32.8,49.8,1021,0
2026/7/15,14:37:27,34.5,33.0,23.6,95.0,32.8,49.9,1023,0
2026/7/15,14:37:32,34.6,33.0,23.6,95.0,32.8,49.9,1021,0
2026/7/15,14:37:37,34.8,33.0,23.7,95.0,32.8,49.9,1023,0
2026/7/15,14:37:42,34.6,33.0,23.6,95.0,32.8,50.0,1023,0
2026/7/15,14:37:47,34.6,33.0,23.6,95.0,32.8,50.1,1023,0
2026/7/15,14:37:52,34.7,34.0,23.7,95.0,32.8,50.3,1019,0
2026/7/15,14:37:57,34.5,34.0,23.6,95.0,32.8,50.4,1023,0
2026/7/15,14:38:2,34.7,34.0,23.5,95.0,32.8,50.4,1021,0
2026/7/15,14:38:7,34.8,34.0,23.6,95.0,32.8,50.5,1023,0
2026/7/15,14:38:12,34.5,34.0,23.6,95.0,32.8,50.5,1019,0
2026/7/15,14:38:17,34.7,34.0,23.6,95.0,32.8,50.6,1023,0
2026/7/15,14:38:22,34.6,34.0,23.6,95.0,32.8,50.5,1023,0
2026/7/15,14:38:27,34.6,34.0,23.6,95.0,32.8,50.4,1021,0
2026/7/15,14:38:32,34.6,34.0,23.6,95.0,32.8,50.3,1023,0
2026/7/15,14:38:37,34.6,34.0,23.5,95.0,32.8,50.3,1023,0
2026/7/15,14:38:42,34.8,34.0,23.6,95.0,32.9,50.4,1023,0
2026/7/15,14:38:47,34.8,34.0,23.5,95.0,32.9,50.2,1019,0
2026/7/15,14:38:52,34.7,33.0,23.6,95.0,32.9,50.1,1022,0
2026/7/15,14:38:57,34.6,33.0,23.6,95.0,32.9,50.1,1023,0
2026/7/15,14:39:2,34.6,33.0,23.6,95.0,32.9,50.1,1021,0
2026/7/15,14:39:7,34.6,33.0,23.6,95.0,32.9,50.1,1021,0
2026/7/15,14:39:12,34.8,33.0,23.6,95.0,32.9,50.1,1021,0
2026/7/15,14:39:17,34.7,33.0,23.6,95.0,32.9,50.1,1023,0
2026/7/15,14:39:22,34.8,34.0,23.6,95.0,32.9,50.1,1021,0
2026/7/15,14:39:27,34.6,34.0,23.6,95.0,32.9,50.1,1023,0
2026/7/15,14:39:32,34.5,34.0,23.6,95.0,32.9,50.1,1023,0
2026/7/15,14:39:37,34.6,34.0,23.6,95.0,32.9,50.2,1023,0
2026/7/15,14:39:42,34.4,34.0,23.6,95.0,32.9,50.2,1023,0
2026/7/15,14:39:47,34.4,34.0,23.6,95.0,32.9,50.2,1023,0
2026/7/15,14:39:52,34.6,34.0,23.6,95.0,32.9,50.3,1021,0
2026/7/15,14:39:57,34.7,34.0,23.7,95.0,32.9,50.3,1019,0
2026/7/15,14:40:2,34.6,34.0,23.6,95.0,32.9,50.3,1021,0
2026/7/15,14:40:7,34.5,34.0,23.6,95.0,32.9,50.3,1023,0
2026/7/15,14:40:12,34.6,34.0,23.6,95.0,32.9,50.3,1019,0
2026/7/15,14:40:17,34.6,34.0,23.7,95.0,32.9,50.5,1023,0
2026/7/15,14:40:22,34.6,34.0,23.6,95.0,32.9,50.5,1023,0
2026/7/15,14:40:27,34.4,34.0,23.6,95.0,32.9,50.5,1023,0
2026/7/15,14:40:32,34.6,34.0,23.7,95.0,32.9,50.5,1021,0
2026/7/15,14:40:37,34.4,34.0,23.6,95.0,32.9,50.6,1022,0
2026/7/15,14:40:42,34.6,34.0,23.6,95.0,32.9,50.6,1019,0
2026/7/15,14:40:47,34.4,34.0,23.6,95.0,32.9,50.6,1019,0
2026/7/15,14:40:52,34.4,35.0,23.6,95.0,32.9,51.0,1021,0
2026/7/15,14:40:57,34.2,35.0,23.6,95.0,32.9,50.9,1022,0
2026/7/15,14:41:2,34.3,35.0,23.6,95.0,32.9,50.9,1023,0
2026/7/15,14:41:7,34.4,35.0,23.6,95.0,32.9,50.9,1023,0
2026/7/15,14:41:12,34.2,35.0,23.6,95.0,33.0,50.9,1023,0
2026/7/15,14:41:17,34.2,35.0,23.6,95.0,32.9,50.8,1023,0
2026/7/15,14:41:22,34.2,35.0,23.6,95.0,32.9,50.6,1022,0
2026/7/15,14:41:27,34.2,34.0,23.6,95.0,32.9,50.5,1023,0
2026/7/15,14:41:32,34.1,35.0,23.6,95.0,32.9,50.4,1022,0
2026/7/15,14:41:37,34.2,34.0,23.6,95.0,32.9,50.1,1021,0
2026/7/15,14:41:42,34.1,34.0,23.6,95.0,32.9,50.0,1022,0
2026/7/15,14:41:47,34.2,34.0,23.7,95.0,32.9,49.8,1023,0
2026/7/15,14:41:52,34.1,34.0,23.6,95.0,32.9,49.9,1019,0
2026/7/15,14:41:57,34.0,34.0,23.6,95.0,32.9,49.9,1022,0
2026/7/15,14:42:2,34.0,35.0,23.7,95.0,32.9,50.0,1021,0
2026/7/15,14:42:7,34.0,35.0,23.6,95.0,32.9,50.0,1019,0
2026/7/15,14:42:12,34.0,35.0,23.6,95.0,32.9,49.9,1023,0
2026/7/15,14:42:17,34.0,35.0,23.6,95.0,32.9,49.8,1021,0
2026/7/15,14:42:22,34.0,35.0,23.6,95.0,32.9,49.8,1019,0
2026/7/15,14:42:27,34.0,35.0,23.7,95.0,32.9,49.9,1023,0
2026/7/15,14:42:32,34.0,35.0,23.6,95.0,32.9,49.9,1023,0
2026/7/15,14:42:37,33.8,35.0,23.6,95.0,32.9,49.7,1022,0
2026/7/15,14:42:42,33.8,35.0,23.6,95.0,32.9,49.7,1023,0
2026/7/15,14:42:47,33.8,35.0,23.6,95.0,32.9,49.7,1023,0
2026/7/15,14:42:52,33.7,35.0,23.6,95.0,32.9,49.6,1019,0
2026/7/15,14:42:57,33.8,35.0,23.6,95.0,32.9,49.5,1023,0
2026/7/15,14:43:2,33.8,34.0,23.6,95.0,32.9,49.5,1023,0
2026/7/15,14:43:7,33.7,35.0,23.6,95.0,32.9,49.6,1022,0
2026/7/15,14:43:12,33.8,35.0,23.6,95.0,32.9,49.4,1023,0
2026/7/15,14:43:17,33.7,34.0,23.6,95.0,32.8,49.2,1023,0
2026/7/15,14:43:22,33.7,35.0,23.7,95.0,32.8,49.1,1019,0
2026/7/15,14:43:27,33.4,35.0,23.6,95.0,32.8,49.2,1023,0
2026/7/15,14:43:32,33.7,35.0,23.6,95.0,32.8,49.3,1021,0
2026/7/15,14:43:37,33.3,35.0,23.6,95.0,32.8,49.3,1023,0
2026/7/15,14:43:42,33.6,36.0,23.6,95.0,32.8,49.2,1019,0
2026/7/15,14:43:47,33.4,36.0,23.6,95.0,32.8,49.4,1021,0
2026/7/15,14:43:52,33.3,36.0,23.6,95.0,32.8,49.5,1023,0
2026/7/15,14:43:57,33.0,36.0,23.6,95.0,32.8,49.7,1023,0
2026/7/15,14:44:2,33.6,36.0,23.6,95.0,32.8,49.8,1019,0
2026/7/15,14:44:7,33.5,36.0,23.7,95.0,32.8,49.8,1023,0
2026/7/15,14:44:12,33.5,36.0,23.6,95.0,32.8,49.8,1023,0
2026/7/15,14:44:17,33.5,36.0,23.7,95.0,32.8,49.8,1019,0
2026/7/15,14:44:22,33.4,36.0,23.7,95.0,32.8,49.8,1023,0
2026/7/15,14:44:27,33.2,36.0,23.6,95.0,32.8,49.8,1022,0
2026/7/15,14:44:32,33.4,36.0,23.7,95.0,32.8,49.6,1021,0
2026/7/15,14:44:37,33.0,36.0,23.6,95.0,32.8,49.4,1023,0
2026/7/15,14:44:42,33.2,36.0,23.6,95.0,32.8,49.2,1022,0
2026/7/15,14:44:47,33.2,36.0,23.7,95.0,32.8,49.2,1023,0
2026/7/15,14:44:52,33.2,36.0,23.7,95.0,32.8,49.2,1019,0
2026/7/15,14:44:57,33.2,36.0,23.7,95.0,32.8,49.2,1023,0
2026/7/15,14:45:2,33.5,36.0,23.6,95.0,32.8,49.3,1023,0
2026/7/15,14:45:7,33.0,36.0,23.6,95.0,32.8,49.3,1019,0
2026/7/15,14:45:12,33.3,36.0,23.7,95.0,32.8,49.3,1023,0
2026/7/15,14:45:17,33.1,36.0,23.6,95.0,32.8,49.4,1022,0
2026/7/15,14:45:22,33.2,37.0,23.7,95.0,32.8,49.4,1023,0
2026/7/15,14:45:27,32.9,36.0,23.7,95.0,32.8,49.5,1023,0
2026/7/15,14:45:32,33.2,37.0,23.6,95.0,32.8,49.6,1023,0
2026/7/15,14:45:37,32.9,36.0,23.6,95.0,32.8,49.7,1021,0
2026/7/15,14:45:43,33.2,37.0,23.7,95.0,32.8,49.7,1022,0
2026/7/15,14:45:48,33.2,37.0,23.6,95.0,32.8,49.7,1023,0
2026/7/15,14:45:53,33.2,37.0,23.6,95.0,32.8,49.7,1022,0
2026/7/15,14:45:58,33.2,37.0,23.7,95.0,32.8,49.7,1023,0
2026/7/15,14:46:3,33.1,37.0,23.7,95.0,32.8,49.9,1023,0
2026/7/15,14:46:8,33.1,37.0,23.6,95.0,32.8,49.9,1023,0
2026/7/15,14:46:13,33.3,37.0,23.7,95.0,32.8,49.9,1019,0
2026/7/15,14:46:18,33.3,37.0,23.7,95.0,32.8,50.0,1023,0
2026/7/15,14:46:23,33.0,37.0,23.7,95.0,32.8,50.0,1023,0
2026/7/15,14:46:28,33.2,37.0,23.6,95.0,32.8,49.9,1023,0
2026/7/15,14:46:33,33.2,37.0,23.6,95.0,32.8,49.8,1021,0
2026/7/15,14:46:38,33.2,37.0,23.7,95.0,32.8,49.9,1023,0
2026/7/15,14:46:43,33.0,37.0,23.6,95.0,32.8,49.8,1023,0
2026/7/15,14:46:48,33.0,36.0,23.7,95.0,32.8,49.4,1023,0
2026/7/15,14:46:53,33.2,36.0,23.7,95.0,32.8,49.4,1019,0
2026/7/15,14:46:58,33.0,36.0,23.7,95.0,32.7,49.3,1023,0
2026/7/15,14:47:3,32.9,35.0,23.7,95.0,32.7,49.2,1023,0
2026/7/15,14:47:8,32.9,35.0,23.7,95.0,32.7,49.3,1021,0
2026/7/15,14:47:13,33.0,37.0,23.7,95.0,32.7,49.4,1019,0
2026/7/15,14:47:18,32.9,36.0,23.7,95.0,32.7,49.4,1021,0
2026/7/15,14:47:23,32.8,36.0,23.6,95.0,32.7,49.4,1021,0
2026/7/15,14:47:28,32.8,36.0,23.7,95.0,32.7,49.5,1023,0
2026/7/15,14:47:33,32.8,36.0,23.7,95.0,32.7,49.5,1021,0
2026/7/15,14:47:38,32.7,36.0,23.7,95.0,32.7,49.6,1023,0
2026/7/15,14:47:43,32.7,36.0,23.6,95.0,32.7,49.6,1022,0
2026/7/15,14:47:48,32.9,36.0,23.6,95.0,32.7,49.6,1019,0
2026/7/15,14:47:53,32.7,36.0,23.6,95.0,32.7,49.7,1023,0
2026/7/15,14:47:58,32.8,36.0,23.7,95.0,32.7,49.7,1021,0
2026/7/15,14:48:3,32.7,36.0,23.7,95.0,32.7,49.7,1023,0
2026/7/15,14:48:8,32.7,36.0,23.7,95.0,32.7,49.7,1021,0
2026/7/15,14:48:13,32.9,36.0,23.6,95.0,32.7,49.7,1021,0
2026/7/15,14:48:18,32.9,36.0,23.6,95.0,32.7,49.7,1019,0
2026/7/15,14:48:23,32.7,37.0,23.7,95.0,32.7,49.9,1021,0
2026/7/15,14:48:28,32.8,37.0,23.7,95.0,32.7,49.9,1023,0
2026/7/15,14:48:33,32.8,37.0,23.7,95.0,32.8,50.0,1023,0
2026/7/15,14:48:38,32.7,37.0,23.7,95.0,32.7,50.0,1019,0
2026/7/15,14:48:43,32.7,37.0,23.7,95.0,32.7,50.0,1019,0
2026/7/15,14:48:48,32.7,37.0,23.6,95.0,32.7,50.0,1019,0
2026/7/15,14:48:53,32.7,37.0,23.6,95.0,32.7,50.0,1019,0
2026/7/15,14:48:58,32.8,37.0,23.7,95.0,32.7,50.0,1019,0
2026/7/15,14:49:3,32.7,37.0,23.7,95.0,32.7,50.0,1023,0
2026/7/15,14:49:8,32.7,37.0,23.6,95.0,32.7,50.1,1023,0
2026/7/15,14:49:13,32.7,37.0,23.7,95.0,32.7,50.3,1023,0
2026/7/15,14:49:18,32.7,37.0,23.7,95.0,32.7,50.3,1019,0
2026/7/15,14:49:23,32.8,37.0,23.7,95.0,32.7,50.3,1021,0
2026/7/15,14:49:28,32.9,37.0,23.7,95.0,32.7,50.3,1023,0
2026/7/15,14:49:33,33.0,38.0,23.7,95.0,32.7,50.3,1021,0
2026/7/15,14:49:38,32.7,37.0,23.6,95.0,32.7,50.4,1023,0
2026/7/15,14:49:43,32.8,37.0,23.7,95.0,32.7,50.6,1023,0
2026/7/15,14:49:48,32.8,37.0,23.7,95.0,32.7,50.7,1021,0
2026/7/15,14:49:53,33.0,38.0,23.7,95.0,32.7,50.7,1021,0
2026/7/15,14:49:58,32.8,37.0,23.6,95.0,32.7,50.7,1023,0
2026/7/15,14:50:3,32.9,37.0,23.7,95.0,32.7,50.6,1021,0
2026/7/15,14:50:8,32.7,37.0,23.7,94.0,32.7,50.7,1023,0
2026/7/15,14:50:13,32.9,37.0,23.7,94.0,32.7,50.6,1023,0
2026/7/15,14:50:18,32.8,37.0,23.6,94.0,32.7,50.3,1023,0
2026/7/15,14:50:23,32.7,36.0,23.7,94.0,32.7,50.2,1019,0
2026/7/15,14:50:28,32.7,36.0,23.7,94.0,32.7,50.2,1019,0
2026/7/15,14:50:33,32.8,36.0,23.6,95.0,32.7,50.1,1019,0
2026/7/15,14:50:38,32.8,36.0,23.6,95.0,32.7,50.1,1023,0
2026/7/15,14:50:43,32.8,36.0,23.7,94.0,32.7,50.0,1019,0
2026/7/15,14:50:48,32.8,36.0,23.6,94.0,32.7,50.0,1023,0
2026/7/15,14:50:53,32.9,36.0,23.7,94.0,32.7,50.0,1023,0
2026/7/15,14:50:58,32.7,37.0,23.7,94.0,32.7,50.1,1023,0
2026/7/15,14:51:3,33.0,38.0,23.7,93.0,32.7,50.2,1023,0
2026/7/15,14:51:8,33.0,38.0,23.6,94.0,32.7,50.3,1021,0
2026/7/15,14:51:13,32.8,37.0,23.7,95.0,32.7,50.4,1023,0
2026/7/15,14:51:18,33.0,38.0,23.7,95.0,32.7,50.5,1019,0
2026/7/15,14:51:23,32.8,37.0,23.7,95.0,32.7,50.6,1021,0
2026/7/15,14:51:28,32.8,37.0,23.7,95.0,32.7,50.7,1019,0
2026/7/15,14:51:33,32.8,37.0,23.7,95.0,32.7,50.7,1023,0
2026/7/15,14:51:38,32.9,37.0,23.7,95.0,32.7,50.7,1022,0
2026/7/15,14:51:43,32.9,37.0,23.7,95.0,32.7,50.6,1019,0
2026/7/15,14:51:48,32.7,37.0,23.7,95.0,32.7,50.6,1023,0
2026/7/15,14:51:53,32.9,37.0,23.7,95.0,32.7,50.6,1023,0
2026/7/15,14:51:58,33.0,38.0,23.7,94.0,32.7,50.7,1021,0
2026/7/15,14:52:3,32.7,37.0,23.7,95.0,32.7,50.8,1023,0
2026/7/15,14:52:8,32.8,37.0,23.7,95.0,32.7,50.8,1019,0
2026/7/15,14:52:13,32.8,37.0,23.7,95.0,32.6,50.6,1023,0
2026/7/15,14:52:18,33.0,38.0,23.6,95.0,32.7,50.5,1023,0
2026/7/15,14:52:23,33.0,38.0,23.7,95.0,32.7,50.5,1023,0
2026/7/15,14:52:28,32.8,37.0,23.7,95.0,32.6,50.6,1021,0
2026/7/15,14:52:33,32.9,37.0,23.7,95.0,32.7,50.5,1023,0
2026/7/15,14:52:38,32.9,37.0,23.7,95.0,32.6,50.5,1019,0
2026/7/15,14:52:43,32.9,37.0,23.7,95.0,32.6,50.6,1023,0
2026/7/15,14:52:48,32.7,37.0,23.7,95.0,32.6,50.6,1021,0
2026/7/15,14:52:53,32.8,37.0,23.7,95.0,32.6,50.8,1023,0
2026/7/15,14:52:58,32.7,37.0,23.7,95.0,32.6,50.9,1022,0
2026/7/15,14:53:3,32.9,37.0,23.7,95.0,32.6,50.9,1022,0
2026/7/15,14:53:8,33.0,38.0,23.7,95.0,32.6,50.7,1021,0
2026/7/15,14:53:13,32.9,36.0,23.7,95.0,32.6,50.5,1021,0
2026/7/15,14:53:18,32.8,36.0,23.7,95.0,32.6,50.3,1023,0
2026/7/15,14:53:23,33.0,37.0,23.7,95.0,32.6,50.0,1022,0
2026/7/15,14:53:28,32.7,36.0,23.7,95.0,32.6,49.9,1021,0
2026/7/15,14:53:33,32.7,36.0,23.7,95.0,32.6,49.9,1019,0
2026/7/15,14:53:38,32.9,36.0,23.7,95.0,32.6,49.9,1019,0
2026/7/15,14:53:43,32.9,36.0,23.7,95.0,32.6,49.9,1022,0
2026/7/15,14:53:48,32.8,36.0,23.6,95.0,32.5,50.0,1021,0
2026/7/15,14:53:53,32.7,36.0,23.7,95.0,32.5,50.0,1023,0
2026/7/15,14:53:58,32.8,36.0,23.6,95.0,32.5,50.1,1019,0
2026/7/15,14:54:3,32.8,37.0,23.7,95.0,32.6,50.3,1019,0
2026/7/15,14:54:8,32.8,37.0,23.7,95.0,32.6,50.2,1023,0
2026/7/15,14:54:13,32.7,36.0,23.7,95.0,32.5,50.2,1023,0
2026/7/15,14:54:18,32.7,36.0,23.7,95.0,32.5,50.2,1019,0
2026/7/15,14:54:23,32.8,36.0,23.7,95.0,32.5,50.2,1023,0
2026/7/15,14:54:28,32.8,36.0,23.7,95.0,32.5,50.3,1022,0
2026/7/15,14:54:33,32.7,36.0,23.7,95.0,32.6,50.3,1023,0
2026/7/15,14:54:38,32.7,36.0,23.7,95.0,32.6,50.3,1023,0
2026/7/15,14:54:43,32.7,36.0,23.8,95.0,32.6,50.4,1023,0
2026/7/15,14:54:48,32.8,37.0,23.7,95.0,32.6,50.4,1023,0
2026/7/15,14:54:53,32.8,37.0,23.8,95.0,32.6,50.5,1022,0
2026/7/15,14:54:58,32.9,37.0,23.7,95.0,32.6,50.6,1023,0
2026/7/15,14:55:3,32.7,37.0,23.7,95.0,32.6,50.6,1023,0
2026/7/15,14:55:8,32.7,37.0,23.7,95.0,32.6,50.6,1021,0
2026/7/15,14:55:13,32.7,37.0,23.7,95.0,32.6,50.6,1022,0
2026/7/15,14:55:18,32.9,37.0,23.7,95.0,32.6,50.7,1021,0
2026/7/15,14:55:23,32.9,37.0,23.7,95.0,32.6,50.7,1023,0
2026/7/15,14:55:28,32.7,37.0,23.7,95.0,32.6,50.7,1019,0
2026/7/15,14:55:33,33.0,38.0,23.7,95.0,32.6,50.5,1021,0
2026/7/15,14:55:38,32.8,37.0,23.7,95.0,32.6,50.4,1023,0
2026/7/15,14:55:43,33.0,38.0,23.8,95.0,32.6,50.5,1021,0
2026/7/15,14:55:48,32.7,37.0,23.7,95.0,32.6,50.6,1019,0
2026/7/15,14:55:53,33.0,37.0,23.7,95.0,32.6,50.6,1021,0
2026/7/15,14:55:58,32.7,36.0,23.7,95.0,32.6,50.6,1019,0
2026/7/15,14:56:3,32.8,36.0,23.7,95.0,32.7,50.6,1023,0
2026/7/15,14:56:8,32.9,36.0,23.8,95.0,32.7,50.6,1023,0
2026/7/15,14:56:13,32.7,37.0,23.7,95.0,32.7,50.7,1023,0
2026/7/15,14:56:18,33.0,38.0,23.6,95.0,32.7,50.7,1022,0
2026/7/15,14:56:23,32.7,37.0,23.7,95.0,32.7,50.8,1023,0
2026/7/15,14:56:29,33.3,38.0,23.7,95.0,32.7,50.6,1023,0
2026/7/15,14:56:34,33.2,37.0,23.7,95.0,32.7,50.4,1022,0
2026/7/15,14:56:39,33.4,37.0,23.6,95.0,32.7,50.4,1021,0
2026/7/15,14:56:44,32.8,36.0,23.7,95.0,32.7,50.4,1023,0
2026/7/15,14:56:49,33.2,37.0,23.6,95.0,32.7,50.5,1021,0
2026/7/15,14:56:54,33.0,37.0,23.7,95.0,32.7,50.5,1021,0
2026/7/15,14:56:59,32.9,37.0,23.7,95.0,32.7,50.5,1021,0
2026/7/15,14:57:4,32.8,36.0,23.7,95.0,32.7,50.2,1023,0
2026/7/15,14:57:9,33.4,37.0,23.7,95.0,32.7,49.9,1023,0
2026/7/15,14:57:14,32.9,35.0,23.6,95.0,32.7,49.9,1019,0
2026/7/15,14:57:19,33.2,36.0,23.7,95.0,32.6,49.9,1023,0
2026/7/15,14:57:24,33.5,36.0,23.7,95.0,32.6,49.9,1022,0
2026/7/15,14:57:29,33.2,36.0,23.7,95.0,32.6,50.0,1023,0
2026/7/15,14:57:34,33.0,36.0,23.7,95.0,32.6,50.1,1023,0
2026/7/15,14:57:39,33.0,36.0,23.7,95.0,32.6,50.0,1021,0
2026/7/15,14:57:44,33.3,36.0,23.7,95.0,32.6,50.1,1021,0
2026/7/15,14:57:49,33.6,37.0,23.7,95.0,32.6,50.3,1021,0
2026/7/15,14:57:54,33.2,37.0,23.7,95.0,32.6,50.3,1023,0
2026/7/15,14:57:59,33.5,37.0,23.7,95.0,32.7,50.3,1021,0
2026/7/15,14:58:4,33.2,37.0,23.8,95.0,32.7,50.3,1023,0
2026/7/15,14:58:9,33.5,37.0,23.7,95.0,32.7,50.3,1021,0
2026/7/15,14:58:14,33.5,36.0,23.7,95.0,32.7,50.2,1023,0
2026/7/15,14:58:19,33.5,36.0,23.7,95.0,32.7,50.1,1021,0
2026/7/15,14:58:24,33.6,36.0,23.7,95.0,32.7,50.1,1023,0
2026/7/15,14:58:29,33.5,36.0,23.7,95.0,32.7,50.2,1022,0
2026/7/15,14:58:34,33.5,36.0,23.6,95.0,32.7,50.3,1021,0
2026/7/15,14:58:39,33.7,35.0,23.7,95.0,32.7,50.3,1023,0
2026/7/15,14:58:44,33.6,35.0,23.8,95.0,32.7,50.2,1023,0
2026/7/15,14:58:49,33.5,35.0,23.7,95.0,32.7,50.2,1019,0
2026/7/15,14:58:54,33.5,36.0,23.6,95.0,32.7,50.2,1023,0
2026/7/15,14:58:59,33.5,36.0,23.8,95.0,32.7,50.3,1023,0
2026/7/15,14:59:4,33.5,36.0,23.7,95.0,32.7,50.3,1019,0
2026/7/15,14:59:9,33.6,36.0,23.8,95.0,32.7,50.2,1019,0
2026/7/15,14:59:14,33.4,36.0,23.6,95.0,32.7,50.2,1019,0
2026/7/15,14:59:19,33.3,36.0,23.7,95.0,32.7,50.2,1023,0
2026/7/15,14:59:24,33.1,36.0,23.7,95.0,32.7,50.3,1023,0
2026/7/15,14:59:29,33.5,37.0,23.7,95.0,32.7,50.3,1023,0
2026/7/15,14:59:34,33.4,36.0,23.7,95.0,32.6,50.2,1019,0
2026/7/15,14:59:39,32.9,35.0,23.7,95.0,32.6,50.2,1023,0
2026/7/15,14:59:44,33.2,37.0,23.7,95.0,32.6,50.2,1021,0
2026/7/15,14:59:49,32.9,36.0,23.7,95.0,32.6,50.3,1023,0
2026/7/15,14:59:54,32.9,36.0,23.8,95.0,32.6,50.3,1023,0
2026/7/15,14:59:59,32.9,36.0,23.7,95.0,32.6,50.4,1022,0
2026/7/15,15:0:4,33.0,37.0,23.7,95.0,32.6,50.1,1023,0
2026/7/15,15:0:9,32.7,35.0,23.7,95.0,32.6,49.9,1022,0
2026/7/15,15:0:14,32.5,35.0,23.7,95.0,32.5,49.8,1023,0
2026/7/15,15:0:19,32.5,35.0,23.7,95.0,32.5,49.8,1023,0
2026/7/15,15:0:24,32.5,36.0,23.7,95.0,32.5,49.8,1021,0
2026/7/15,15:0:29,32.5,36.0,23.6,95.0,32.5,49.7,1023,0
2026/7/15,15:0:34,32.4,36.0,23.6,95.0,32.5,49.8,1019,0
2026/7/15,15:0:39,32.4,36.0,23.7,95.0,32.5,49.8,1019,0
2026/7/15,15:0:44,32.3,36.0,23.9,95.0,32.4,49.8,1023,0
2026/7/15,15:0:49,32.2,36.0,23.7,95.0,32.4,49.8,1022,0
2026/7/15,15:0:54,32.2,37.0,23.7,95.0,32.4,49.9,1023,0
2026/7/15,15:0:59,32.2,37.0,23.7,95.0,32.4,49.9,1023,0
2026/7/15,15:1:4,32.3,37.0,23.7,95.0,32.4,50.0,1023,0
2026/7/15,15:1:9,32.2,37.0,23.7,95.0,32.4,50.0,1023,0
2026/7/15,15:1:14,32.2,38.0,23.7,95.0,32.4,50.1,1022,0
2026/7/15,15:1:19,32.1,38.0,23.8,95.0,32.4,50.2,1021,0
2026/7/15,15:1:24,32.2,38.0,23.7,95.0,32.3,50.2,1019,0
2026/7/15,15:1:29,31.8,38.0,23.7,95.0,32.3,50.3,1021,0
2026/7/15,15:1:34,31.9,38.0,23.7,95.0,32.2,50.3,1021,0
2026/7/15,15:1:39,31.7,38.0,23.7,95.0,32.2,50.4,1023,0
2026/7/15,15:1:44,32.0,38.0,23.7,95.0,32.2,50.3,1019,0
2026/7/15,15:1:49,31.6,38.0,23.7,95.0,32.2,50.2,1022,0
2026/7/15,15:1:54,31.7,38.0,23.7,95.0,32.1,50.2,1021,0
2026/7/15,15:1:59,31.3,38.0,23.7,95.0,32.1,50.1,1022,0
2026/7/15,15:2:4,31.7,38.0,23.7,95.0,32.1,50.1,1021,0
2026/7/15,15:2:9,31.4,39.0,23.7,95.0,32.0,50.2,1019,0
2026/7/15,15:2:14,31.4,39.0,23.7,95.0,32.0,50.3,1023,0
2026/7/15,15:2:19,31.3,39.0,23.6,95.0,32.0,50.3,1019,0
2026/7/15,15:2:24,31.5,39.0,23.7,95.0,32.0,50.3,1023,0
2026/7/15,15:2:29,31.2,39.0,23.7,95.0,31.9,50.4,1023,0
2026/7/15,15:2:34,31.0,39.0,23.8,95.0,31.9,50.4,1023,0
2026/7/15,15:2:39,31.1,40.0,23.7,95.0,31.9,50.5,1021,0
2026/7/15,15:2:44,31.1,40.0,23.7,95.0,31.9,50.5,1021,0
2026/7/15,15:2:49,31.2,40.0,23.8,95.0,31.8,50.6,1023,0
2026/7/15,15:2:54,31.0,40.0,23.7,95.0,31.8,50.7,1019,0
2026/7/15,15:2:59,31.0,40.0,23.8,95.0,31.8,50.8,1019,0
2026/7/15,15:3:4,31.0,40.0,23.8,95.0,31.8,50.8,1019,0
2026/7/15,15:3:9,31.0,41.0,23.7,95.0,31.8,50.9,1023,0
2026/7/15,15:3:14,31.0,40.0,23.7,95.0,31.8,51.0,1023,0
2026/7/15,15:3:19,30.9,39.0,23.8,95.0,31.8,50.9,1023,0
2026/7/15,15:3:24,31.0,40.0,23.8,95.0,31.7,50.9,1021,0
2026/7/15,15:3:29,30.9,40.0,23.8,95.0,31.7,51.0,1023,0
2026/7/15,15:3:34,30.9,40.0,23.8,95.0,31.7,51.1,1022,0
2026/7/15,15:3:39,30.9,40.0,23.7,95.0,31.7,51.1,1022,0
2026/7/15,15:3:44,30.6,40.0,23.8,95.0,31.6,51.3,1022,0
2026/7/15,15:3:49,30.7,40.0,23.7,95.0,31.6,51.3,1023,0
2026/7/15,15:3:54,30.5,40.0,23.7,95.0,31.6,51.4,1023,0
2026/7/15,15:3:59,30.7,40.0,23.7,95.0,31.6,51.4,1023,0
2026/7/15,15:4:4,30.7,41.0,23.7,95.0,31.6,51.4,1023,0
2026/7/15,15:4:9,30.7,41.0,23.8,95.0,31.5,51.4,1023,0
2026/7/15,15:4:14,30.6,41.0,23.7,95.0,31.5,51.4,1021,0
2026/7/15,15:4:19,30.7,41.0,23.8,95.0,31.5,51.4,1021,0
2026/7/15,15:4:24,30.0,41.0,23.8,95.0,31.5,51.4,1021,0
2026/7/15,15:4:29,30.6,41.0,23.8,95.0,31.5,51.4,1023,0
2026/7/15,15:4:34,30.7,41.0,23.7,95.0,31.4,51.5,1019,0
2026/7/15,15:4:39,30.6,41.0,23.8,95.0,31.4,51.5,1019,0
2026/7/15,15:4:44,30.5,41.0,23.8,95.0,31.4,51.6,1019,0
2026/7/15,15:4:49,30.4,41.0,23.8,95.0,31.4,51.6,1021,0
2026/7/15,15:4:54,30.5,41.0,23.7,95.0,31.4,51.6,1023,0
2026/7/15,15:4:59,30.5,41.0,23.8,95.0,31.4,51.7,1023,0
2026/7/15,15:5:4,30.3,41.0,23.8,95.0,31.4,51.8,1019,0
2026/7/15,15:5:9,30.6,41.0,23.8,95.0,31.4,51.8,1022,0
2026/7/15,15:5:14,30.5,41.0,23.8,95.0,31.4,51.9,1021,0
2026/7/15,15:5:19,30.7,41.0,23.8,95.0,31.4,51.9,1019,0
2026/7/15,15:5:24,30.7,41.0,23.8,95.0,31.3,52.0,1023,0
2026/7/15,15:5:29,30.5,41.0,23.7,95.0,31.4,52.1,1021,0
2026/7/15,15:5:34,31.0,41.0,23.7,95.0,31.3,52.2,1022,0
2026/7/15,15:5:39,31.0,41.0,23.8,95.0,31.3,52.2,1022,0
2026/7/15,15:5:44,31.1,41.0,23.7,95.0,31.3,52.2,1023,0
2026/7/15,15:5:49,31.2,41.0,23.8,95.0,31.3,52.3,1023,0
2026/7/15,15:5:54,31.2,41.0,23.7,95.0,31.3,52.2,1023,0
2026/7/15,15:5:59,31.2,40.0,23.8,95.0,31.3,52.2,1019,0
2026/7/15,15:6:4,31.4,40.0,23.7,95.0,31.3,52.3,1023,0
2026/7/15,15:6:9,31.5,40.0,23.8,95.0,31.3,52.3,1023,0
2026/7/15,15:6:14,31.5,40.0,23.8,95.0,31.3,52.3,1021,0
2026/7/15,15:6:19,31.4,40.0,23.8,95.0,31.4,52.4,1019,0
2026/7/15,15:6:24,31.9,40.0,23.8,95.0,31.3,52.5,1022,0
2026/7/15,15:6:29,32.1,40.0,23.8,95.0,31.3,52.6,1023,0
2026/7/15,15:6:34,31.7,39.0,23.8,95.0,31.3,52.6,1022,0
2026/7/15,15:6:39,32.2,39.0,23.7,95.0,31.3,52.7,1023,0
2026/7/15,15:6:44,32.2,39.0,23.8,95.0,31.3,52.7,1023,0
2026/7/15,15:6:50,32.4,38.0,23.8,95.0,31.3,52.8,1021,0
2026/7/15,15:6:55,32.5,38.0,23.8,95.0,31.3,53.0,1021,0
2026/7/15,15:7:0,32.5,38.0,23.8,95.0,31.3,53.1,1022,0
2026/7/15,15:7:5,32.5,37.0,23.8,95.0,31.3,53.1,1023,0
2026/7/15,15:7:10,32.6,36.0,23.7,95.0,31.3,53.1,1023,0
2026/7/15,15:7:15,32.6,36.0,23.8,95.0,31.3,52.8,1019,0
2026/7/15,15:7:20,32.7,36.0,23.7,95.0,31.3,52.8,1019,0
2026/7/15,15:7:25,32.8,37.0,23.8,95.0,31.3,52.9,1023,0
2026/7/15,15:7:30,32.7,37.0,23.7,95.0,31.3,52.9,1021,0
2026/7/15,15:7:35,32.8,37.0,23.8,95.0,31.3,53.0,1019,0
2026/7/15,15:7:40,32.8,37.0,23.7,95.0,31.3,53.2,1021,0
2026/7/15,15:7:45,33.2,38.0,23.7,95.0,31.3,53.4,1022,0
2026/7/15,15:7:50,33.1,38.0,23.7,95.0,31.3,53.4,1023,0
2026/7/15,15:7:55,33.5,38.0,23.8,95.0,31.3,53.5,1022,0
2026/7/15,15:8:0,33.5,37.0,23.7,95.0,31.3,53.5,1019,0
2026/7/15,15:8:5,33.5,37.0,23.8,95.0,31.3,53.5,1019,0
2026/7/15,15:8:10,33.7,37.0,23.7,95.0,31.3,53.5,1022,0
2026/7/15,15:8:15,33.7,36.0,23.8,95.0,31.3,53.5,1021,0
2026/7/15,15:8:20,33.7,36.0,23.8,95.0,31.3,53.5,1023,0
2026/7/15,15:8:25,33.9,36.0,23.7,95.0,31.4,53.5,1022,0
2026/7/15,15:8:30,34.0,36.0,23.8,95.0,31.3,53.6,1023,0
2026/7/15,15:8:35,34.0,36.0,23.7,95.0,31.4,53.6,1023,0
2026/7/15,15:8:40,34.0,36.0,23.7,95.0,31.4,53.6,1023,0
2026/7/15,15:8:45,34.0,35.0,23.7,95.0,31.4,53.7,1019,0
2026/7/15,15:8:50,34.1,35.0,23.8,95.0,31.4,53.5,1022,0
2026/7/15,15:8:55,34.3,34.0,23.7,95.0,31.4,53.4,1021,0
2026/7/15,15:9:0,34.2,34.0,23.7,95.0,31.4,53.2,1023,0
2026/7/15,15:9:5,34.3,34.0,23.8,95.0,31.5,52.9,1023,0
2026/7/15,15:9:10,34.2,34.0,23.8,95.0,31.4,52.7,1023,0
2026/7/15,15:9:15,34.3,34.0,23.7,95.0,31.4,52.7,1023,0
2026/7/15,15:9:20,34.2,33.0,23.8,95.0,31.5,52.6,1019,0
2026/7/15,15:9:25,34.2,33.0,23.7,95.0,31.5,52.4,1022,0
2026/7/15,15:9:30,34.3,33.0,23.8,95.0,31.5,52.3,1022,0
2026/7/15,15:9:35,34.4,33.0,23.8,95.0,31.5,52.2,1019,0
2026/7/15,15:9:40,34.4,33.0,23.7,95.0,31.5,51.9,1023,0
2026/7/15,15:9:45,34.2,33.0,23.8,95.0,31.5,51.7,1022,0
2026/7/15,15:9:50,34.6,33.0,23.7,95.0,31.5,51.7,1023,0
2026/7/15,15:9:55,34.5,33.0,23.7,95.0,31.5,51.7,1023,0
2026/7/15,15:10:0,34.3,33.0,23.8,95.0,31.5,51.7,1022,0
2026/7/15,15:10:5,34.2,33.0,23.7,95.0,31.5,51.8,1023,0
2026/7/15,15:10:10,34.5,33.0,23.8,95.0,31.5,51.8,1023,0
2026/7/15,15:10:15,34.3,33.0,23.9,95.0,31.5,51.8,1023,0
2026/7/15,15:10:20,34.4,33.0,23.7,95.0,31.5,51.9,1023,0
2026/7/15,15:10:25,34.5,33.0,23.8,95.0,31.5,51.9,1019,0
2026/7/15,15:10:30,34.5,33.0,23.7,95.0,31.6,52.0,1023,0
2026/7/15,15:10:35,34.5,33.0,23.8,95.0,31.6,51.9,1021,0
2026/7/15,15:10:40,34.5,33.0,23.7,95.0,31.6,52.0,1023,0
2026/7/15,15:10:45,34.7,33.0,23.7,95.0,31.6,52.1,1019,0
2026/7/15,15:10:50,34.8,33.0,23.8,95.0,31.6,52.0,1019,0
2026/7/15,15:10:55,34.4,33.0,23.8,95.0,31.6,51.9,1022,0
2026/7/15,15:11:0,34.8,33.0,23.8,95.0,31.6,51.9,1023,0
2026/7/15,15:11:5,34.6,33.0,23.7,95.0,31.6,51.9,1023,0
2026/7/15,15:11:10,34.5,33.0,23.7,95.0,31.6,51.9,1023,0
2026/7/15,15:11:15,34.6,33.0,23.7,95.0,31.6,52.0,1021,0
2026/7/15,15:11:20,34.8,33.0,23.7,95.0,31.6,52.0,1022,0
2026/7/15,15:11:25,34.4,33.0,23.8,95.0,31.6,52.1,1023,0
2026/7/15,15:11:30,34.5,34.0,23.8,95.0,31.6,52.2,1021,0
2026/7/15,15:11:35,34.6,33.0,23.7,95.0,31.7,52.2,1019,0
2026/7/15,15:11:40,34.6,33.0,23.8,95.0,31.7,52.2,1023,0
2026/7/15,15:11:45,34.5,33.0,23.7,95.0,31.7,52.2,1021,0
2026/7/15,15:11:50,34.9,33.0,23.7,95.0,31.7,52.0,1019,0
2026/7/15,15:11:55,34.5,32.0,23.7,95.0,31.7,51.9,1021,0
2026/7/15,15:12:0,35.0,32.0,23.8,95.0,31.8,51.6,1023,0
2026/7/15,15:12:5,35.0,32.0,23.8,95.0,31.7,51.3,1022,0
2026/7/15,15:12:10,34.9,32.0,23.8,95.0,31.8,51.2,1023,0
2026/7/15,15:12:15,35.0,32.0,23.8,95.0,31.7,51.4,1023,0
2026/7/15,15:12:20,34.8,32.0,23.8,95.0,31.8,51.3,1023,0
2026/7/15,15:12:25,34.7,32.0,23.8,95.0,31.8,51.4,1022,0
2026/7/15,15:12:30,35.0,32.0,23.8,95.0,31.7,51.4,1023,0
2026/7/15,15:12:35,34.7,32.0,23.8,95.0,31.8,51.2,1022,0
2026/7/15,15:12:40,35.0,32.0,23.7,95.0,31.8,51.1,1023,0
2026/7/15,15:12:45,34.6,32.0,23.8,95.0,31.8,51.1,1023,0
2026/7/15,15:12:50,34.6,32.0,23.7,95.0,31.8,51.0,1023,0
2026/7/15,15:12:55,35.0,32.0,23.8,95.0,31.8,51.0,1023,0
2026/7/15,15:13:0,34.9,32.0,23.7,95.0,31.8,50.9,1019,0
2026/7/15,15:13:5,34.8,32.0,23.7,95.0,31.8,50.9,1021,0
2026/7/15,15:13:10,34.8,32.0,23.8,95.0,31.8,50.9,1023,0
2026/7/15,15:13:15,34.9,32.0,23.8,95.0,31.8,50.8,1019,0
2026/7/15,15:13:20,34.8,31.0,23.7,95.0,31.8,50.7,1022,0
2026/7/15,15:13:25,34.9,32.0,23.9,95.0,31.8,50.8,1023,0
2026/7/15,15:13:30,35.0,32.0,23.9,95.0,31.8,51.0,1023,0
2026/7/15,15:13:35,35.0,32.0,23.7,95.0,31.8,50.9,1019,0
2026/7/15,15:13:40,34.6,32.0,23.8,95.0,31.8,50.8,1023,0
2026/7/15,15:13:45,34.9,32.0,23.8,95.0,31.8,50.7,1022,0
2026/7/15,15:13:50,34.6,32.0,23.8,95.0,31.8,50.7,1022,0
2026/7/15,15:13:55,35.0,31.0,23.7,95.0,31.8,50.6,1019,0
2026/7/15,15:14:0,34.8,31.0,23.7,95.0,31.7,50.5,1021,0
2026/7/15,15:14:5,34.6,31.0,23.7,95.0,31.7,50.3,1022,0
2026/7/15,15:14:10,34.6,31.0,23.9,95.0,31.7,50.2,1019,0
2026/7/15,15:14:15,34.6,31.0,23.8,95.0,31.7,50.1,1023,0
2026/7/15,15:14:20,34.6,31.0,23.8,95.0,31.7,50.2,1019,0
2026/7/15,15:14:25,34.6,31.0,23.7,95.0,31.7,50.3,1022,0
2026/7/15,15:14:30,34.6,32.0,23.7,95.0,31.7,50.3,1021,0
2026/7/15,15:14:35,34.8,32.0,23.7,95.0,31.7,50.5,1023,0
2026/7/15,15:14:40,34.8,32.0,23.9,95.0,31.7,50.6,1023,0
2026/7/15,15:14:45,34.6,32.0,23.8,95.0,31.7,50.7,1023,0
2026/7/15,15:14:50,34.7,33.0,23.8,95.0,31.7,50.8,1023,0
2026/7/15,15:14:55,34.9,33.0,23.8,95.0,31.7,50.8,1019,0
2026/7/15,15:15:0,34.8,32.0,23.9,95.0,31.7,50.9,1019,0
2026/7/15,15:15:5,35.1,32.0,23.8,95.0,31.7,51.0,1022,0
2026/7/15,15:15:10,34.8,32.0,23.8,95.0,31.7,50.9,1022,0
2026/7/15,15:15:15,34.9,32.0,23.7,95.0,31.7,50.8,1022,0
2026/7/15,15:15:20,34.9,31.0,23.8,95.0,31.7,50.7,1023,0
2026/7/15,15:15:25,35.0,31.0,23.7,95.0,31.7,50.5,1022,0
2026/7/15,15:15:30,34.8,31.0,23.9,95.0,31.7,50.4,1021,0
2026/7/15,15:15:35,35.1,31.0,23.8,95.0,31.7,50.4,1019,0
2026/7/15,15:15:40,35.1,31.0,23.8,95.0,31.7,50.4,1023,0
2026/7/15,15:15:45,35.0,31.0,23.9,95.0,31.7,50.4,1023,0
2026/7/15,15:15:50,35.1,31.0,23.7,95.0,31.7,50.4,1023,0
2026/7/15,15:15:55,35.0,31.0,23.8,95.0,31.7,50.5,1023,0
2026/7/15,15:16:0,35.0,31.0,23.8,95.0,31.7,50.7,1019,0
2026/7/15,15:16:5,34.9,31.0,23.7,95.0,31.7,50.8,1023,0
2026/7/15,15:16:10,35.0,31.0,23.8,95.0,31.7,50.7,1021,0
2026/7/15,15:16:15,35.1,31.0,23.9,95.0,31.7,50.6,1019,0
2026/7/15,15:16:20,35.2,31.0,23.7,95.0,31.7,50.6,1023,0
2026/7/15,15:16:25,35.0,31.0,23.8,95.0,31.7,50.6,1019,0
2026/7/15,15:16:30,35.1,31.0,23.8,95.0,31.7,50.6,1023,0
2026/7/15,15:16:35,35.2,31.0,23.8,95.0,31.7,50.6,1021,0
2026/7/15,15:16:40,35.0,31.0,23.8,95.0,31.7,50.6,1021,0
2026/7/15,15:16:45,35.0,31.0,23.8,95.0,31.7,50.6,1023,0
2026/7/15,15:16:50,35.1,31.0,23.8,95.0,31.7,50.7,1019,0
2026/7/15,15:16:55,35.1,31.0,23.8,95.0,31.7,50.7,1023,0
2026/7/15,15:17:0,35.4,31.0,23.8,95.0,31.7,50.7,1021,0
2026/7/15,15:17:5,35.4,31.0,23.7,95.0,31.7,50.7,1019,0
2026/7/15,15:17:10,35.3,31.0,23.8,95.0,31.7,50.9,1019,0
2026/7/15,15:17:16,35.3,31.0,23.8,95.0,31.7,50.9,1023,0
2026/7/15,15:17:21,35.3,31.0,23.8,95.0,31.7,50.9,1022,0
2026/7/15,15:17:26,35.3,31.0,23.8,95.0,31.7,51.1,1023,0
2026/7/15,15:17:31,35.3,31.0,23.8,95.0,31.7,51.3,1023,0
2026/7/15,15:17:36,35.4,31.0,23.7,95.0,31.7,51.3,1019,0
2026/7/15,15:17:41,35.3,32.0,23.8,95.0,31.7,51.3,1023,0
2026/7/15,15:17:46,35.4,31.0,24.0,95.0,31.7,51.4,1021,0
2026/7/15,15:17:51,35.4,32.0,23.8,95.0,31.7,51.5,1023,0
2026/7/15,15:17:56,35.4,32.0,23.8,95.0,31.8,51.6,1021,0
2026/7/15,15:18:1,35.3,31.0,23.8,95.0,31.7,51.6,1023,0
2026/7/15,15:18:6,35.2,31.0,23.8,95.0,31.8,51.6,1021,0
2026/7/15,15:18:11,35.2,31.0,23.8,95.0,31.8,51.6,1019,0
2026/7/15,15:18:16,35.4,31.0,23.8,95.0,31.8,51.3,1023,0
2026/7/15,15:18:21,35.3,31.0,23.8,95.0,31.8,51.3,1023,0
2026/7/15,15:18:26,35.3,31.0,23.8,95.0,31.8,51.3,1023,0
2026/7/15,15:18:31,35.1,31.0,23.8,95.0,31.8,51.4,1022,0
2026/7/15,15:18:36,35.2,31.0,23.8,95.0,31.8,51.3,1021,0
2026/7/15,15:18:41,35.1,31.0,23.8,95.0,31.8,51.1,1022,0
2026/7/15,15:18:46,35.2,31.0,23.8,95.0,31.8,51.2,1021,0
2026/7/15,15:18:51,35.0,31.0,23.8,95.0,31.8,51.1,1023,0
2026/7/15,15:18:56,34.9,31.0,23.8,95.0,31.8,51.0,1023,0
2026/7/15,15:19:1,35.2,31.0,23.8,95.0,31.8,51.0,1019,0
2026/7/15,15:19:6,34.9,31.0,23.8,95.0,31.8,51.0,1019,0
2026/7/15,15:19:11,35.0,32.0,23.8,95.0,31.8,51.1,1023,0
2026/7/15,15:19:16,34.9,32.0,23.8,95.0,31.7,51.1,1021,0
2026/7/15,15:19:21,35.1,32.0,23.9,95.0,31.8,51.1,1021,0
2026/7/15,15:19:26,35.0,32.0,23.8,95.0,31.8,51.2,1021,0
2026/7/15,15:19:31,34.6,32.0,23.8,95.0,31.8,51.2,1023,0
2026/7/15,15:19:36,35.0,33.0,23.8,95.0,31.8,51.5,1023,0
2026/7/15,15:19:41,34.6,33.0,23.8,95.0,31.8,51.6,1019,0
2026/7/15,15:19:46,35.0,33.0,23.8,95.0,31.8,51.6,1023,0
2026/7/15,15:19:51,34.4,33.0,23.8,95.0,31.8,51.8,1023,0
2026/7/15,15:19:56,34.7,33.0,23.8,95.0,31.8,51.9,1022,0
2026/7/15,15:20:1,34.5,33.0,23.8,95.0,31.8,51.9,1021,0
2026/7/15,15:20:6,34.6,34.0,23.8,95.0,31.8,52.0,1019,0
2026/7/15,15:20:11,34.4,34.0,23.8,95.0,31.8,52.0,1023,0
2026/7/15,15:20:16,34.6,34.0,23.8,95.0,31.8,52.0,1021,0
2026/7/15,15:20:21,34.3,33.0,23.8,95.0,31.8,51.9,1023,0
2026/7/15,15:20:26,34.3,33.0,23.8,95.0,31.8,51.9,1023,0
2026/7/15,15:20:31,34.3,33.0,23.9,95.0,31.8,51.8,1019,0
2026/7/15,15:20:36,34.2,33.0,23.9,95.0,31.8,51.6,1023,0
2026/7/15,15:20:41,34.1,34.0,23.8,95.0,31.8,51.5,1022,0
2026/7/15,15:20:46,34.2,33.0,23.8,95.0,31.8,51.4,1023,0
2026/7/15,15:20:51,34.0,33.0,23.8,95.0,31.8,51.4,1021,0
2026/7/15,15:20:56,34.0,33.0,23.8,95.0,31.8,51.4,1022,0
2026/7/15,15:21:1,34.0,33.0,23.9,95.0,31.8,51.3,1019,0
2026/7/15,15:21:6,34.0,34.0,23.8,95.0,31.8,51.3,1023,0
2026/7/15,15:21:11,34.0,34.0,23.8,95.0,31.8,51.3,1023,0
2026/7/15,15:21:16,34.0,34.0,23.8,95.0,31.8,51.3,1021,0
2026/7/15,15:21:21,33.9,34.0,23.9,95.0,31.8,51.3,1021,0
2026/7/15,15:21:26,33.8,34.0,23.9,95.0,31.8,51.2,1023,0
2026/7/15,15:21:31,33.9,34.0,23.9,95.0,31.8,51.2,1019,0
2026/7/15,15:21:36,33.8,34.0,24.0,95.0,31.8,51.2,1019,0
2026/7/15,15:21:41,33.8,34.0,23.8,95.0,31.8,51.1,1021,0
2026/7/15,15:21:46,33.2,34.0,23.8,95.0,31.8,51.0,1021,0
2026/7/15,15:21:51,33.7,35.0,23.8,95.0,31.8,51.0,1021,0
2026/7/15,15:21:56,33.6,35.0,24.0,95.0,31.8,51.0,1021,0
2026/7/15,15:22:1,33.7,35.0,23.8,95.0,31.8,51.0,1023,0
2026/7/15,15:22:6,33.3,35.0,23.9,95.0,31.8,51.1,1021,0
2026/7/15,15:22:11,33.5,35.0,23.9,95.0,31.8,51.0,1023,0
2026/7/15,15:22:16,33.5,35.0,23.8,95.0,31.8,50.9,1019,0
2026/7/15,15:22:21,33.0,35.0,23.8,95.0,31.8,51.0,1021,0
2026/7/15,15:22:26,33.5,35.0,23.8,95.0,31.8,51.0,1019,0
2026/7/15,15:22:31,33.4,35.0,23.9,95.0,31.8,51.0,1019,0
2026/7/15,15:22:36,33.0,35.0,23.8,95.0,31.8,51.1,1023,0
2026/7/15,15:22:41,33.3,36.0,23.9,95.0,31.8,51.1,1019,0
2026/7/15,15:22:46,33.3,36.0,23.8,95.0,31.9,51.1,1023,0
2026/7/15,15:22:51,33.0,35.0,23.9,95.0,31.9,51.0,1019,0
2026/7/15,15:22:56,33.2,35.0,24.0,95.0,31.8,51.0,1021,0
2026/7/15,15:23:1,33.1,35.0,23.8,95.0,31.8,51.0,1023,0
2026/7/15,15:23:6,33.0,35.0,23.8,95.0,31.8,51.0,1023,0
2026/7/15,15:23:11,33.2,35.0,23.8,95.0,31.8,51.0,1023,0
2026/7/15,15:23:16,33.0,35.0,23.8,95.0,31.8,51.0,1022,0
2026/7/15,15:23:21,33.2,35.0,23.8,95.0,31.9,51.0,1023,0
2026/7/15,15:23:26,32.9,34.0,23.8,95.0,31.9,50.9,1022,0
2026/7/15,15:23:31,33.2,35.0,23.9,95.0,31.9,50.6,1023,0
2026/7/15,15:23:36,33.0,35.0,23.9,95.0,31.8,50.5,1022,0
2026/7/15,15:23:41,33.2,36.0,23.8,95.0,31.8,50.5,1023,0
2026/7/15,15:23:46,32.9,35.0,23.9,95.0,31.8,50.6,1019,0
2026/7/15,15:23:51,33.0,36.0,23.8,95.0,31.8,50.6,1022,0
2026/7/15,15:23:56,32.9,35.0,23.9,95.0,31.8,50.6,1021,0
2026/7/15,15:24:1,32.9,35.0,23.9,95.0,31.8,50.7,1019,0
2026/7/15,15:24:6,32.9,35.0,23.9,95.0,31.8,50.7,1022,0
2026/7/15,15:24:11,33.0,36.0,23.8,95.0,31.8,50.7,1019,0
2026/7/15,15:24:16,32.9,35.0,24.0,95.0,31.8,50.9,1021,0
2026/7/15,15:24:21,33.0,36.0,23.8,95.0,31.8,51.1,1023,0
2026/7/15,15:24:26,32.9,36.0,23.9,95.0,31.8,51.0,1022,0
2026/7/15,15:24:31,32.7,36.0,23.8,95.0,31.8,51.2,1021,0
2026/7/15,15:24:36,32.8,36.0,23.8,95.0,31.8,51.3,1021,0
2026/7/15,15:24:41,32.8,36.0,23.9,95.0,31.8,51.4,1022,0
2026/7/15,15:24:46,32.7,36.0,23.8,95.0,31.8,51.6,1019,0
2026/7/15,15:24:51,32.8,37.0,23.9,95.0,31.8,51.8,1021,0
2026/7/15,15:24:56,32.8,36.0,23.8,95.0,31.8,51.7,1019,0
2026/7/15,15:25:1,33.0,37.0,23.9,95.0,31.8,51.4,1022,0
2026/7/15,15:25:6,32.7,36.0,24.0,95.0,31.8,51.3,1023,0
2026/7/15,15:25:11,32.8,36.0,23.9,95.0,31.8,51.3,1023,0
2026/7/15,15:25:16,32.9,36.0,23.9,95.0,31.7,51.4,1022,0
2026/7/15,15:25:21,33.0,37.0,23.8,95.0,31.8,51.3,1022,0
2026/7/15,15:25:26,32.8,36.0,23.9,95.0,31.7,51.4,1019,0
2026/7/15,15:25:31,32.9,36.0,24.0,95.0,31.7,51.4,1021,0
2026/7/15,15:25:36,33.0,37.0,23.8,95.0,31.7,51.4,1023,0
2026/7/15,15:25:41,32.9,36.0,23.9,95.0,31.7,51.4,1023,0
2026/7/15,15:25:46,33.0,37.0,23.9,95.0,31.7,51.4,1023,0
2026/7/15,15:25:51,33.0,37.0,23.9,95.0,31.7,51.5,1022,0
2026/7/15,15:25:56,32.9,36.0,23.9,95.0,31.7,51.4,1021,0
2026/7/15,15:26:1,32.9,36.0,23.9,95.0,31.7,51.4,1019,0
2026/7/15,15:26:6,32.7,36.0,23.8,95.0,31.7,51.5,1023,0
2026/7/15,15:26:11,33.0,37.0,23.9,95.0,31.7,51.5,1022,0
2026/7/15,15:26:16,33.0,37.0,24.0,95.0,31.7,51.5,1019,0
2026/7/15,15:26:21,32.8,36.0,24.0,95.0,31.7,51.5,1021,0
2026/7/15,15:26:26,32.8,35.0,23.8,95.0,31.7,51.1,1023,0
2026/7/15,15:26:31,32.8,35.0,23.9,95.0,31.7,51.0,1019,0
2026/7/15,15:26:36,33.2,36.0,23.9,95.0,31.7,51.1,1023,0
2026/7/15,15:26:41,33.2,36.0,23.8,95.0,31.7,51.1,1021,0
2026/7/15,15:26:46,33.5,36.0,23.8,95.0,31.7,51.2,1023,0
2026/7/15,15:26:51,32.9,35.0,23.8,95.0,31.7,51.2,1023,0
2026/7/15,15:26:56,33.3,36.0,23.9,95.0,31.7,51.3,1023,0
2026/7/15,15:27:1,33.1,36.0,23.9,95.0,31.7,51.4,1022,0
2026/7/15,15:27:6,33.0,37.0,23.8,95.0,31.7,51.5,1022,0
2026/7/15,15:27:11,33.1,37.0,23.9,95.0,31.7,51.6,1023,0
2026/7/15,15:27:16,33.5,37.0,23.9,95.0,31.7,51.8,1019,0
2026/7/15,15:27:21,33.4,37.0,23.8,95.0,31.7,51.8,1022,0
2026/7/15,15:27:26,33.5,37.0,23.8,95.0,31.7,51.9,1019,0
2026/7/15,15:27:31,33.5,37.0,24.0,95.0,31.7,51.9,1021,0
2026/7/15,15:27:36,33.5,37.0,23.8,95.0,31.7,52.0,1021,0
2026/7/15,15:27:41,33.5,37.0,23.9,95.0,31.7,52.0,1019,0
2026/7/15,15:27:47,33.3,37.0,24.0,95.0,31.7,51.8,1023,0
2026/7/15,15:27:52,33.0,37.0,24.0,95.0,31.7,51.7,1023,0
2026/7/15,15:27:57,33.4,36.0,24.0,95.0,31.7,51.6,1023,0
2026/7/15,15:28:2,33.4,36.0,23.8,95.0,31.7,51.6,1021,0
2026/7/15,15:28:7,33.5,36.0,23.8,95.0,31.8,51.6,1023,0
2026/7/15,15:28:12,33.7,36.0,23.8,95.0,31.7,51.7,1021,0
2026/7/15,15:28:17,33.7,36.0,24.0,95.0,31.7,51.6,1023,0
2026/7/15,15:28:22,33.5,36.0,23.9,95.0,31.7,51.6,1021,0
2026/7/15,15:28:27,33.7,36.0,23.9,95.0,31.7,51.7,1023,0
2026/7/15,15:28:32,33.7,36.0,23.9,95.0,31.7,51.8,1023,0
2026/7/15,15:28:37,33.7,36.0,23.8,95.0,31.7,51.8,1019,0
2026/7/15,15:28:42,33.7,36.0,23.8,95.0,31.7,51.7,1023,0
2026/7/15,15:28:47,33.8,35.0,23.8,95.0,31.7,51.6,1023,0
2026/7/15,15:28:52,33.9,35.0,23.8,95.0,31.7,51.5,1021,0
2026/7/15,15:28:57,33.6,35.0,23.9,95.0,31.7,51.6,1023,0
2026/7/15,15:29:2,33.7,36.0,23.9,95.0,31.7,52.0,1019,0
2026/7/15,15:29:7,33.9,36.0,23.8,95.0,31.7,52.1,1022,0
2026/7/15,15:29:12,33.7,36.0,23.9,95.0,31.7,52.1,1021,0
2026/7/15,15:29:17,34.0,36.0,24.0,95.0,31.7,52.1,1021,0
2026/7/15,15:29:22,33.8,35.0,23.8,95.0,31.7,52.2,1022,0
2026/7/15,15:29:27,33.9,35.0,23.9,95.0,31.8,52.1,1021,0
2026/7/15,15:29:32,33.9,35.0,23.9,95.0,31.7,52.1,1023,0
2026/7/15,15:29:37,33.7,35.0,23.9,95.0,31.7,51.6,1023,0
2026/7/15,15:29:42,33.7,34.0,23.8,95.0,31.7,51.3,1023,0
2026/7/15,15:29:47,33.9,34.0,23.9,95.0,31.7,51.1,1023,0
2026/7/15,15:29:52,33.9,34.0,23.9,95.0,31.7,51.1,1023,0
2026/7/15,15:29:57,33.7,34.0,23.9,95.0,31.7,51.2,1021,0
2026/7/15,15:30:2,33.8,34.0,23.9,95.0,31.7,51.2,1023,0
2026/7/15,15:30:7,33.9,34.0,24.0,95.0,31.7,51.2,1023,0
2026/7/15,15:30:12,33.5,34.0,23.9,95.0,31.6,51.0,1022,0
2026/7/15,15:30:17,33.9,34.0,23.9,95.0,31.7,51.0,1023,0
2026/7/15,15:30:22,33.8,34.0,23.9,95.0,31.7,51.1,1023,0
2026/7/15,15:30:27,33.7,34.0,24.0,95.0,31.7,50.9,1021,0
2026/7/15,15:30:32,33.7,34.0,24.0,95.0,31.6,50.9,1023,0
2026/7/15,15:30:37,33.9,34.0,23.9,95.0,31.6,50.9,1019,0
2026/7/15,15:30:42,33.5,34.0,23.8,95.0,31.6,50.9,1023,0
2026/7/15,15:30:47,33.8,35.0,23.9,95.0,31.6,50.9,1022,0
2026/7/15,15:30:52,33.7,35.0,23.9,95.0,31.6,51.1,1023,0
2026/7/15,15:30:57,33.6,35.0,23.9,95.0,31.6,51.2,1023,0
2026/7/15,15:31:2,33.7,35.0,23.9,95.0,31.6,51.2,1021,0
2026/7/15,15:31:7,33.7,35.0,23.9,95.0,31.6,51.4,1021,0
2026/7/15,15:31:12,33.7,35.0,23.9,95.0,31.6,51.4,1023,0
2026/7/15,15:31:17,33.7,35.0,23.9,95.0,31.6,51.6,1023,0
2026/7/15,15:31:22,33.9,35.0,24.0,95.0,31.6,51.6,1023,0
2026/7/15,15:31:27,34.0,34.0,23.9,95.0,31.6,51.3,1023,0
2026/7/15,15:31:32,33.9,34.0,24.0,95.0,31.6,51.0,1023,0
2026/7/15,15:31:37,33.7,34.0,23.8,95.0,31.5,50.8,1019,0
2026/7/15,15:31:42,33.9,34.0,23.9,95.0,31.5,50.9,1021,0
2026/7/15,15:31:47,33.8,34.0,23.9,95.0,31.5,50.9,1019,0
2026/7/15,15:31:52,33.2,34.0,23.9,95.0,31.5,50.9,1022,0
2026/7/15,15:31:57,33.2,35.0,24.0,95.0,31.5,51.0,1022,0
2026/7/15,15:32:2,33.4,35.0,24.0,95.0,31.5,51.0,1022,0
2026/7/15,15:32:7,33.1,35.0,23.9,95.0,31.5,51.1,1023,0
2026/7/15,15:32:12,33.6,35.0,23.9,95.0,31.5,51.2,1019,0
2026/7/15,15:32:17,33.7,35.0,23.9,95.0,31.5,51.1,1022,0
2026/7/15,15:32:22,33.4,35.0,24.0,95.0,31.5,51.1,1022,0
2026/7/15,15:32:27,33.7,35.0,24.0,95.0,31.4,51.1,1021,0
2026/7/15,15:32:32,33.7,35.0,24.0,95.0,31.4,51.2,1023,0
2026/7/15,15:32:37,33.7,35.0,23.9,95.0,31.4,51.3,1023,0
2026/7/15,15:32:42,33.2,35.0,23.9,95.0,31.4,51.3,1022,0
2026/7/15,15:32:47,33.7,35.0,24.0,95.0,31.4,51.4,1019,0
2026/7/15,15:32:52,33.4,35.0,23.9,95.0,31.4,51.4,1022,0
2026/7/15,15:32:57,33.7,35.0,23.9,95.0,31.4,51.4,1022,0
2026/7/15,15:33:2,33.7,35.0,23.9,95.0,31.4,51.4,1021,0
2026/7/15,15:33:7,33.7,35.0,24.0,95.0,31.4,51.5,1022,0
2026/7/15,15:33:12,33.7,35.0,24.0,95.0,31.4,51.5,1021,0
2026/7/15,15:33:17,33.7,35.0,23.9,95.0,31.4,51.6,1022,0
2026/7/15,15:33:22,33.7,35.0,23.9,95.0,31.4,51.6,1022,0
2026/7/15,15:33:27,33.7,35.0,23.9,95.0,31.4,51.7,1019,0
2026/7/15,15:33:32,33.6,35.0,23.9,95.0,31.4,51.8,1023,0
2026/7/15,15:33:37,33.8,35.0,23.9,95.0,31.4,51.7,1023,0
2026/7/15,15:33:42,33.9,34.0,24.0,95.0,31.3,51.7,1023,0
2026/7/15,15:33:47,33.8,34.0,23.9,95.0,31.3,51.7,1023,0
2026/7/15,15:33:52,33.9,34.0,23.9,95.0,31.3,51.8,1023,0
2026/7/15,15:33:57,33.9,34.0,24.0,95.0,31.3,51.8,1023,0
2026/7/15,15:34:2,34.0,34.0,24.0,95.0,31.3,51.8,1023,0
2026/7/15,15:34:7,34.0,34.0,24.0,95.0,31.3,51.9,1023,0
2026/7/15,15:34:12,34.0,34.0,24.0,95.0,31.3,52.0,1023,0
2026/7/15,15:34:17,34.0,34.0,24.0,95.0,31.3,52.0,1023,0
2026/7/15,15:34:22,34.0,34.0,24.0,95.0,31.3,52.1,1021,0
2026/7/15,15:34:27,33.9,34.0,24.0,95.0,31.4,52.1,1019,0
2026/7/15,15:34:32,34.0,34.0,23.9,95.0,31.3,52.1,1019,0
2026/7/15,15:34:37,34.1,34.0,23.9,95.0,31.3,52.3,1019,0
2026/7/15,15:34:42,34.1,34.0,24.0,95.0,31.3,52.4,1022,0
2026/7/15,15:34:47,34.2,35.0,23.9,95.0,31.3,52.4,1022,0
2026/7/15,15:34:52,34.2,34.0,24.0,95.0,31.3,52.5,1023,0
2026/7/15,15:34:57,34.2,34.0,24.0,95.0,31.3,52.5,1019,0
2026/7/15,15:35:2,34.1,34.0,24.0,95.0,31.3,52.2,1023,0
2026/7/15,15:35:7,34.2,34.0,24.0,95.0,31.3,52.1,1023,0
2026/7/15,15:35:12,34.1,34.0,23.9,95.0,31.3,52.2,1023,0
2026/7/15,15:35:17,34.2,34.0,23.9,95.0,31.3,52.1,1019,0
2026/7/15,15:35:22,34.2,34.0,24.0,95.0,31.3,52.2,1023,0
2026/7/15,15:35:27,34.2,34.0,23.9,95.0,31.3,52.2,1019,0
2026/7/15,15:35:32,34.2,34.0,24.0,95.0,31.3,52.2,1019,0
2026/7/15,15:35:37,34.3,34.0,23.9,95.0,31.3,52.2,1023,0
2026/7/15,15:35:42,34.3,34.0,24.0,95.0,31.3,52.5,1022,0
2026/7/15,15:35:47,34.2,34.0,24.0,95.0,31.3,52.5,1023,0
2026/7/15,15:35:52,34.3,34.0,23.9,95.0,31.3,52.5,1021,0
2026/7/15,15:35:57,34.3,34.0,24.0,95.0,31.3,52.5,1023,0
2026/7/15,15:36:2,34.3,34.0,23.9,95.0,31.3,52.6,1023,0
2026/7/15,15:36:7,34.2,34.0,24.0,95.0,31.3,52.6,1023,0
2026/7/15,15:36:12,34.3,34.0,23.9,95.0,31.3,52.6,1023,0
2026/7/15,15:36:17,34.3,34.0,24.0,95.0,31.4,52.6,1023,0
2026/7/15,15:36:22,34.5,34.0,24.0,95.0,31.4,52.7,1019,0
2026/7/15,15:36:27,34.6,34.0,24.0,95.0,31.3,52.8,1021,0
2026/7/15,15:36:32,34.4,34.0,24.0,95.0,31.3,52.8,1021,0
2026/7/15,15:36:37,34.4,34.0,24.0,95.0,31.3,52.8,1021,0
2026/7/15,15:36:42,34.6,33.0,24.0,95.0,31.3,52.9,1023,0
2026/7/15,15:36:47,34.4,34.0,24.0,95.0,31.3,52.9,1023,0
2026/7/15,15:36:52,34.4,34.0,24.0,95.0,31.3,52.9,1022,0
2026/7/15,15:36:57,34.4,34.0,24.0,95.0,31.3,52.9,1019,0
2026/7/15,15:37:2,34.6,34.0,24.0,95.0,31.3,52.9,1019,0
2026/7/15,15:37:7,34.6,34.0,24.0,95.0,31.3,52.9,1023,0
2026/7/15,15:37:12,34.6,34.0,24.0,95.0,31.4,52.9,1022,0
2026/7/15,15:37:17,34.6,34.0,24.0,95.0,31.3,52.9,1022,0
2026/7/15,15:37:22,34.6,34.0,24.0,95.0,31.4,53.0,1023,0
2026/7/15,15:37:27,34.6,34.0,24.0,95.0,31.4,52.9,1021,0
2026/7/15,15:37:32,34.6,34.0,24.0,95.0,31.4,53.0,1023,0
2026/7/15,15:37:37,34.5,34.0,24.0,95.0,31.4,53.0,1023,0
2026/7/15,15:37:42,34.5,34.0,23.9,95.0,31.4,53.1,1023,0
2026/7/15,15:37:47,34.5,34.0,24.0,95.0,31.4,53.2,1019,0
2026/7/15,15:37:52,34.5,34.0,24.0,95.0,31.4,53.2,1019,0
2026/7/15,15:37:57,34.8,34.0,24.0,95.0,31.4,53.1,1021,0
2026/7/15,15:38:2,34.6,34.0,24.0,95.0,31.4,53.0,1023,0
2026/7/15,15:38:7,34.8,33.0,24.0,95.0,31.4,53.0,1023,0
2026/7/15,15:38:12,34.6,34.0,24.0,95.0,31.4,53.2,1023,0
2026/7/15,15:38:17,34.6,34.0,24.0,95.0,31.4,52.9,1023,0
2026/7/15,15:38:22,34.7,33.0,24.0,95.0,31.4,52.8,1021,0
2026/7/15,15:38:27,34.6,33.0,24.0,95.0,31.4,52.6,1019,0
2026/7/15,15:38:32,34.8,33.0,23.9,95.0,31.4,52.5,1019,0
2026/7/15,15:38:37,34.5,32.0,24.0,95.0,31.4,52.4,1019,0
2026/7/15,15:38:42,34.6,32.0,24.0,95.0,31.5,52.4,1021,0
2026/7/15,15:38:47,34.6,32.0,24.0,95.0,31.5,52.4,1023,0
2026/7/15,15:38:52,34.4,32.0,24.0,95.0,31.4,52.3,1023,0
2026/7/15,15:38:58,34.4,32.0,24.0,95.0,31.5,52.3,1022,0
2026/7/15,15:39:3,34.5,32.0,24.0,95.0,31.5,52.1,1021,0
2026/7/15,15:39:8,34.4,32.0,24.0,95.0,31.5,52.0,1021,0
2026/7/15,15:39:13,34.4,33.0,24.0,95.0,31.5,52.0,1023,0
2026/7/15,15:39:18,34.4,33.0,24.0,95.0,31.5,52.0,1023,0
2026/7/15,15:39:23,34.4,33.0,24.0,95.0,31.5,52.0,1023,0
2026/7/15,15:39:28,34.4,33.0,24.0,95.0,31.5,52.1,1023,0
2026/7/15,15:39:33,34.4,33.0,24.0,95.0,31.5,52.0,1022,0
2026/7/15,15:39:38,34.3,33.0,24.0,95.0,31.5,52.1,1023,0
2026/7/15,15:39:43,34.4,33.0,24.0,95.0,31.5,52.2,1019,0
2026/7/15,15:39:48,34.4,33.0,24.0,95.0,31.5,52.2,1023,0
2026/7/15,15:39:53,34.4,34.0,24.0,95.0,31.5,52.1,1022,0
2026/7/15,15:39:58,34.4,33.0,24.0,95.0,31.5,52.1,1023,0
2026/7/15,15:40:3,34.3,33.0,24.0,95.0,31.5,52.0,1023,0
2026/7/15,15:40:8,34.3,33.0,24.0,95.0,31.5,51.9,1019,0
2026/7/15,15:40:13,34.3,33.0,24.0,95.0,31.5,51.9,1022,0
2026/7/15,15:40:18,34.4,33.0,24.0,95.0,31.5,51.9,1022,0
2026/7/15,15:40:23,34.3,33.0,24.0,95.0,31.5,51.9,1023,0
2026/7/15,15:40:28,34.3,33.0,23.9,95.0,31.6,51.9,1023,0
2026/7/15,15:40:33,34.2,33.0,24.0,95.0,31.5,51.7,1019,0
2026/7/15,15:40:38,34.2,33.0,24.0,95.0,31.5,51.7,1023,0
2026/7/15,15:40:43,34.1,33.0,24.0,95.0,31.5,51.7,1023,0
2026/7/15,15:40:48,34.1,34.0,24.0,95.0,31.5,51.7,1023,0
2026/7/15,15:40:53,34.2,34.0,24.0,95.0,31.6,51.7,1023,0
2026/7/15,15:40:58,34.1,34.0,24.0,95.0,31.5,51.7,1021,0
2026/7/15,15:41:3,34.2,34.0,24.0,95.0,31.6,51.7,1023,0
2026/7/15,15:41:8,34.2,34.0,24.0,95.0,31.6,51.8,1021,0
2026/7/15,15:41:13,34.1,34.0,24.0,95.0,31.6,51.8,1022,0
2026/7/15,15:41:18,34.2,34.0,24.0,95.0,31.6,51.8,1023,0
2026/7/15,15:41:23,34.1,34.0,24.0,95.0,31.6,51.8,1023,0
2026/7/15,15:41:28,34.1,34.0,24.0,95.0,31.6,51.8,1021,0
2026/7/15,15:41:33,34.1,34.0,24.0,95.0,31.6,51.9,1019,0
2026/7/15,15:41:38,34.1,34.0,24.0,95.0,31.6,51.8,1021,0
2026/7/15,15:41:43,34.1,34.0,24.0,95.0,31.6,51.8,1021,0
2026/7/15,15:41:48,34.1,34.0,24.0,95.0,31.6,51.9,1019,0
2026/7/15,15:41:53,34.0,34.0,23.9,95.0,31.6,52.0,1023,0
2026/7/15,15:41:58,34.0,35.0,24.0,95.0,31.6,52.1,1023,0
2026/7/15,15:42:3,34.0,34.0,24.0,95.0,31.6,52.1,1019,0
2026/7/15,15:42:8,34.0,34.0,24.0,95.0,31.6,52.1,1022,0
2026/7/15,15:42:13,34.0,35.0,24.0,95.0,31.6,52.2,1023,0
2026/7/15,15:42:18,34.0,35.0,24.0,95.0,31.6,52.2,1022,0
2026/7/15,15:42:23,33.6,34.0,24.0,95.0,31.6,52.2,1023,0
2026/7/15,15:42:28,33.6,34.0,24.0,95.0,31.6,52.1,1019,0
2026/7/15,15:42:33,33.8,34.0,23.9,95.0,31.6,52.0,1019,0
2026/7/15,15:42:38,33.8,35.0,24.0,95.0,31.6,51.8,1019,0
2026/7/15,15:42:43,33.3,35.0,24.0,95.0,31.6,51.7,1021,0
2026/7/15,15:42:48,33.7,35.0,24.0,95.0,31.6,51.7,1023,0
2026/7/15,15:42:53,33.7,35.0,24.0,95.0,31.6,51.6,1022,0
2026/7/15,15:42:58,33.7,35.0,23.9,95.0,31.6,51.6,1019,0
2026/7/15,15:43:3,33.5,35.0,23.9,95.0,31.6,51.6,1023,0
2026/7/15,15:43:8,33.7,35.0,24.0,95.0,31.6,51.6,1023,0
2026/7/15,15:43:13,33.5,35.0,24.0,95.0,31.6,51.7,1019,0
2026/7/15,15:43:18,33.2,36.0,24.0,95.0,31.6,51.8,1023,0
2026/7/15,15:43:23,33.2,36.0,24.0,95.0,31.6,51.7,1021,0
2026/7/15,15:43:28,33.2,35.0,23.9,95.0,31.6,51.4,1021,0
2026/7/15,15:43:33,33.4,35.0,24.0,95.0,31.6,51.3,1021,0
2026/7/15,15:43:38,33.3,35.0,24.0,95.0,31.6,51.3,1023,0
2026/7/15,15:43:43,33.2,35.0,24.0,95.0,31.6,51.3,1023,0
2026/7/15,15:43:48,33.2,35.0,24.0,95.0,31.6,51.4,1023,0
2026/7/15,15:43:53,33.2,36.0,24.0,95.0,31.6,51.4,1019,0
2026/7/15,15:43:58,33.2,36.0,24.0,95.0,31.5,51.4,1021,0
2026/7/15,15:44:3,33.2,36.0,24.0,95.0,31.6,51.3,1019,0
2026/7/15,15:44:8,33.0,36.0,24.0,95.0,31.5,51.3,1023,0
2026/7/15,15:44:13,33.2,36.0,24.0,95.0,31.5,51.3,1023,0
2026/7/15,15:44:18,33.0,36.0,24.0,95.0,31.5,51.4,1022,0
2026/7/15,15:44:23,33.2,36.0,24.0,95.0,31.5,51.4,1023,0
2026/7/15,15:44:28,33.2,36.0,24.0,95.0,31.6,51.5,1023,0
2026/7/15,15:44:33,33.1,36.0,24.0,95.0,31.6,51.5,1023,0
2026/7/15,15:44:38,32.8,35.0,24.0,95.0,31.5,51.4,1019,0
2026/7/15,15:44:43,32.9,35.0,24.1,95.0,31.5,51.2,1023,0
2026/7/15,15:44:48,33.0,36.0,23.9,95.0,31.5,51.1,1021,0
2026/7/15,15:44:53,32.9,35.0,24.0,95.0,31.5,51.2,1021,0
2026/7/15,15:44:58,32.7,35.0,24.0,95.0,31.5,51.1,1022,0
2026/7/15,15:45:3,32.8,35.0,24.0,95.0,31.5,51.1,1019,0
2026/7/15,15:45:8,32.8,35.0,24.0,95.0,31.5,51.1,1019,0
2026/7/15,15:45:13,32.9,35.0,24.0,95.0,31.5,51.1,1021,0
2026/7/15,15:45:18,32.8,35.0,24.1,95.0,31.5,51.1,1023,0
2026/7/15,15:45:23,32.7,35.0,23.9,95.0,31.5,51.2,1023,0
2026/7/15,15:45:28,32.9,35.0,24.0,95.0,31.5,51.2,1023,0
2026/7/15,15:45:33,32.7,35.0,24.0,95.0,31.6,51.3,1023,0
2026/7/15,15:45:38,32.8,36.0,24.0,95.0,31.6,51.4,1023,0
2026/7/15,15:45:43,32.8,36.0,24.1,95.0,31.6,51.4,1023,0
2026/7/15,15:45:48,32.8,36.0,24.0,95.0,31.6,51.4,1023,0
2026/7/15,15:45:53,32.9,36.0,24.0,95.0,31.6,51.5,1021,0
2026/7/15,15:45:58,32.7,36.0,24.0,95.0,31.6,51.6,1019,0
2026/7/15,15:46:3,32.7,35.0,24.1,95.0,31.6,51.3,1019,0
2026/7/15,15:46:8,32.7,35.0,24.0,95.0,31.6,51.0,1021,0
2026/7/15,15:46:13,32.7,35.0,24.0,95.0,31.6,51.0,1023,0
2026/7/15,15:46:18,32.7,35.0,23.9,95.0,31.6,50.9,1021,0
2026/7/15,15:46:23,32.7,35.0,24.0,95.0,31.6,51.0,1023,0
2026/7/15,15:46:28,32.5,35.0,24.0,95.0,31.6,50.9,1023,0
2026/7/15,15:46:33,32.5,36.0,24.0,95.0,31.6,51.0,1021,0
2026/7/15,15:46:38,32.5,36.0,24.0,95.0,31.6,51.0,1021,0
2026/7/15,15:46:43,32.5,36.0,24.0,95.0,31.6,51.0,1021,0
2026/7/15,15:46:48,32.6,36.0,24.1,95.0,31.6,51.1,1021,0
2026/7/15,15:46:53,32.6,36.0,24.0,95.0,31.6,51.1,1023,0
2026/7/15,15:46:58,32.6,36.0,24.1,95.0,31.6,51.1,1022,0
2026/7/15,15:47:3,32.7,36.0,24.0,95.0,31.6,51.1,1022,0
2026/7/15,15:47:8,32.7,36.0,24.0,95.0,31.6,51.2,1019,0
2026/7/15,15:47:13,32.7,36.0,24.0,95.0,31.6,51.1,1023,0
2026/7/15,15:47:18,32.6,36.0,24.1,95.0,31.6,51.1,1023,0
2026/7/15,15:47:23,32.7,36.0,24.0,95.0,31.6,51.2,1023,0
2026/7/15,15:47:28,32.6,36.0,24.0,95.0,31.6,51.3,1019,0
2026/7/15,15:47:33,32.7,36.0,24.0,95.0,31.6,51.4,1019,0
2026/7/15,15:47:38,32.8,36.0,24.0,95.0,31.6,51.5,1022,0
2026/7/15,15:47:43,32.8,36.0,24.0,95.0,31.6,51.6,1021,0
2026/7/15,15:47:48,32.7,36.0,24.0,95.0,31.6,51.7,1019,0
2026/7/15,15:47:53,32.8,36.0,24.0,95.0,31.6,51.7,1023,0
2026/7/15,15:47:58,32.7,36.0,24.0,95.0,31.6,51.7,1022,0
2026/7/15,15:48:3,33.0,37.0,24.0,95.0,31.6,51.7,1021,0
2026/7/15,15:48:8,32.8,36.0,24.0,95.0,31.6,51.8,1021,0
2026/7/15,15:48:13,33.0,36.0,24.0,95.0,31.6,51.7,1019,0
2026/7/15,15:48:18,32.7,35.0,24.0,95.0,31.7,52.0,1022,0
2026/7/15,15:48:23,33.0,36.0,24.0,95.0,31.6,51.8,1022,0
2026/7/15,15:48:28,32.9,35.0,24.0,95.0,31.6,51.8,1021,0
2026/7/15,15:48:33,33.2,36.0,24.1,95.0,31.7,51.8,1022,0
2026/7/15,15:48:38,33.0,36.0,24.0,95.0,31.7,51.7,1021,0
2026/7/15,15:48:43,33.1,36.0,24.0,95.0,31.7,51.7,1023,0
2026/7/15,15:48:48,33.0,36.0,24.0,95.0,31.7,51.6,1023,0
2026/7/15,15:48:53,33.3,36.0,24.0,95.0,31.6,51.5,1023,0
2026/7/15,15:48:58,33.0,36.0,24.1,95.0,31.7,51.5,1023,0
2026/7/15,15:49:3,33.2,36.0,24.0,95.0,31.6,51.5,1023,0
2026/7/15,15:49:8,33.1,36.0,24.1,95.0,31.6,51.6,1023,0
2026/7/15,15:49:13,33.6,36.0,23.9,95.0,31.7,51.7,1022,0
2026/7/15,15:49:18,33.5,36.0,24.0,95.0,31.7,51.8,1023,0
2026/7/15,15:49:23,33.1,36.0,24.0,95.0,31.7,51.7,1021,0
2026/7/15,15:49:28,33.4,35.0,24.0,95.0,31.7,51.6,1019,0
2026/7/15,15:49:33,33.5,35.0,24.1,95.0,31.7,51.5,1021,0
2026/7/15,15:49:38,33.5,35.0,24.0,95.0,31.7,51.6,1022,0
2026/7/15,15:49:43,33.3,35.0,24.0,95.0,31.7,51.5,1019,0
2026/7/15,15:49:48,33.5,35.0,24.0,95.0,31.7,51.5,1023,0
2026/7/15,15:49:53,33.7,35.0,24.0,95.0,31.7,51.5,1023,0
2026/7/15,15:49:58,33.7,35.0,24.1,95.0,31.7,51.6,1023,0
2026/7/15,15:50:3,33.7,35.0,24.1,95.0,31.7,51.5,1023,0
2026/7/15,15:50:8,33.6,35.0,24.0,95.0,31.7,51.5,1023,0
2026/7/15,15:50:13,33.7,34.0,24.0,95.0,31.7,51.5,1023,0
2026/7/15,15:50:18,33.6,34.0,24.0,95.0,31.7,51.5,1023,0
2026/7/15,15:50:23,33.7,34.0,24.0,95.0,31.7,51.5,1021,0
2026/7/15,15:50:28,33.8,34.0,24.0,95.0,31.7,51.5,1021,0
2026/7/15,15:50:33,33.9,34.0,24.0,95.0,31.7,51.5,1023,0
2026/7/15,15:50:38,33.9,34.0,23.9,95.0,31.7,51.5,1023,0
2026/7/15,15:50:44,33.9,34.0,24.0,95.0,31.8,51.5,1019,0
2026/7/15,15:50:49,34.0,34.0,24.0,95.0,31.8,51.4,1023,0
2026/7/15,15:50:54,33.9,34.0,24.0,95.0,31.8,51.4,1023,0
2026/7/15,15:50:59,34.0,34.0,24.1,95.0,31.7,51.5,1019,0
2026/7/15,15:51:4,33.9,34.0,24.1,95.0,31.7,51.4,1021,0
2026/7/15,15:51:9,33.9,34.0,23.9,95.0,31.7,51.5,1023,0
2026/7/15,15:51:14,34.0,34.0,24.1,95.0,31.7,51.6,1019,0
2026/7/15,15:51:19,34.0,34.0,24.1,95.0,31.7,51.7,1022,0
2026/7/15,15:51:24,34.0,34.0,24.0,95.0,31.7,51.7,1019,0
2026/7/15,15:51:29,34.0,34.0,24.1,95.0,31.8,51.7,1021,0
2026/7/15,15:51:34,34.0,34.0,24.0,95.0,31.7,51.7,1023,0
2026/7/15,15:51:39,34.0,34.0,24.0,95.0,31.8,51.8,1023,0
2026/7/15,15:51:44,33.9,34.0,24.1,95.0,31.8,51.8,1023,0
2026/7/15,15:51:49,34.0,34.0,24.1,95.0,31.8,51.8,1023,0
2026/7/15,15:51:54,34.0,34.0,24.0,95.0,31.8,51.8,1021,0
2026/7/15,15:51:59,34.1,34.0,24.0,95.0,31.8,51.5,1023,0
2026/7/15,15:52:4,34.0,34.0,24.0,95.0,31.8,51.3,1023,0
2026/7/15,15:52:9,34.0,34.0,23.9,95.0,31.7,51.3,1023,0
2026/7/15,15:52:14,34.0,34.0,24.0,95.0,31.8,51.3,1021,0
2026/7/15,15:52:19,34.0,34.0,24.0,95.0,31.8,51.2,1021,0
2026/7/15,15:52:24,33.9,34.0,24.1,95.0,31.7,51.3,1019,0
2026/7/15,15:52:29,33.9,34.0,24.0,95.0,31.7,51.3,1023,0
2026/7/15,15:52:34,33.9,34.0,24.0,95.0,31.7,51.3,1019,0
2026/7/15,15:52:39,33.8,34.0,24.0,95.0,31.7,51.4,1022,0
2026/7/15,15:52:44,33.8,34.0,23.9,95.0,31.7,51.5,1023,0
2026/7/15,15:52:49,33.9,34.0,24.0,95.0,31.7,51.5,1023,0
2026/7/15,15:52:54,33.9,34.0,24.0,95.0,31.7,51.6,1022,0
2026/7/15,15:52:59,33.9,34.0,24.0,95.0,31.7,51.7,1023,0
2026/7/15,15:53:4,33.9,34.0,24.0,95.0,31.7,51.6,1023,0
2026/7/15,15:53:9,33.9,34.0,24.0,95.0,31.7,51.6,1023,0
2026/7/15,15:53:14,33.9,34.0,24.0,95.0,31.7,51.6,1022,0
2026/7/15,15:53:19,33.8,34.0,24.0,95.0,31.7,51.5,1021,0
2026/7/15,15:53:24,33.8,34.0,24.1,95.0,31.7,51.5,1023,0
2026/7/15,15:53:29,33.8,34.0,24.1,95.0,31.7,51.5,1022,0
2026/7/15,15:53:34,33.8,34.0,24.0,95.0,31.7,51.5,1021,0
2026/7/15,15:53:39,33.9,34.0,24.1,95.0,31.7,51.5,1022,0
2026/7/15,15:53:44,33.8,34.0,24.0,95.0,31.7,51.5,1023,0
2026/7/15,15:53:49,33.8,34.0,24.0,95.0,31.7,51.5,1023,0
2026/7/15,15:53:54,33.8,34.0,24.0,95.0,31.7,51.5,1023,0
2026/7/15,15:53:59,33.7,34.0,24.1,95.0,31.7,51.5,1021,0
2026/7/15,15:54:4,33.9,34.0,24.1,95.0,31.7,51.4,1021,0
2026/7/15,15:54:9,33.8,34.0,24.0,95.0,31.7,51.4,1022,0
2026/7/15,15:54:14,33.7,34.0,24.1,95.0,31.7,51.5,1023,0
2026/7/15,15:54:19,33.7,35.0,24.1,95.0,31.7,51.5,1021,0
2026/7/15,15:54:24,33.6,35.0,24.0,95.0,31.7,51.5,1019,0
2026/7/15,15:54:29,33.6,35.0,24.0,95.0,31.7,51.6,1021,0
2026/7/15,15:54:34,33.7,35.0,24.0,95.0,31.7,51.5,1021,0
2026/7/15,15:54:39,33.7,35.0,24.1,95.0,31.8,51.5,1022,0
2026/7/15,15:54:44,33.7,35.0,24.0,95.0,31.8,51.5,1023,0
2026/7/15,15:54:49,33.6,35.0,24.0,95.0,31.8,51.6,1022,0
2026/7/15,15:54:54,33.5,35.0,24.1,95.0,31.8,51.6,1021,0
2026/7/15,15:54:59,33.7,35.0,24.1,95.0,31.8,51.6,1022,0
2026/7/15,15:55:4,33.7,35.0,24.0,95.0,31.8,51.6,1023,0
2026/7/15,15:55:9,33.7,35.0,24.0,95.0,31.8,51.6,1019,0
2026/7/15,15:55:14,33.7,35.0,24.1,95.0,31.8,51.6,1022,0
2026/7/15,15:55:19,33.5,35.0,24.0,95.0,31.8,51.7,1021,0
2026/7/15,15:55:24,33.7,36.0,23.9,95.0,31.8,51.7,1022,0
2026/7/15,15:55:29,33.6,36.0,24.0,95.0,31.8,51.7,1021,0
2026/7/15,15:55:34,33.5,35.0,23.9,95.0,31.8,51.5,1021,0
2026/7/15,15:55:39,33.5,35.0,24.0,95.0,31.8,51.4,1023,0
2026/7/15,15:55:44,33.2,35.0,24.0,95.0,31.8,51.4,1019,0
2026/7/15,15:55:49,33.4,35.0,23.9,95.0,31.8,51.4,1021,0
2026/7/15,15:55:54,33.5,36.0,23.9,95.0,31.8,51.4,1023,0
2026/7/15,15:55:59,33.3,35.0,24.1,95.0,31.8,51.2,1021,0
2026/7/15,15:56:4,33.2,36.0,24.3,95.0,31.8,51.2,1022,0
2026/7/15,15:56:9,33.0,36.0,24.2,95.0,31.8,51.2,1023,0
2026/7/15,15:56:14,33.0,36.0,24.1,95.0,31.8,51.4,1019,0
2026/7/15,15:56:19,33.2,36.0,24.3,95.0,31.8,51.5,1022,0
2026/7/15,15:56:24,32.9,35.0,24.2,95.0,31.8,51.6,1023,0
2026/7/15,15:56:29,32.9,36.0,24.0,95.0,31.8,51.6,1022,0
2026/7/15,15:56:34,33.1,37.0,24.0,95.0,31.8,51.8,1023,0
2026/7/15,15:56:39,33.2,37.0,24.1,95.0,31.8,51.7,1021,0
2026/7/15,15:56:44,33.2,37.0,24.0,95.0,31.8,51.7,1022,0
2026/7/15,15:56:49,32.9,36.0,24.0,95.0,31.8,51.8,1021,0
2026/7/15,15:56:54,33.0,37.0,24.3,95.0,31.8,51.8,1022,0
2026/7/15,15:56:59,32.8,36.0,24.2,95.0,31.9,51.8,1019,0
2026/7/15,15:57:4,33.3,37.0,24.1,95.0,31.9,51.7,1021,0
2026/7/15,15:57:9,32.8,36.0,24.2,95.0,31.8,51.7,1023,0
2026/7/15,15:57:14,33.0,37.0,24.2,95.0,31.9,51.6,1023,0
2026/7/15,15:57:19,32.7,37.0,24.0,95.0,31.8,51.7,1021,0
2026/7/15,15:57:24,32.6,37.0,24.1,95.0,31.9,51.8,1021,0
2026/7/15,15:57:29,32.7,37.0,24.1,95.0,31.8,51.8,1021,0
2026/7/15,15:57:34,32.7,37.0,24.1,95.0,31.9,51.7,1023,0
2026/7/15,15:57:39,32.6,37.0,24.2,95.0,31.9,51.7,1023,0
2026/7/15,15:57:44,32.5,36.0,24.1,95.0,31.9,51.6,1023,0
2026/7/15,15:57:49,32.5,36.0,24.1,95.0,31.9,51.6,1023,0
2026/7/15,15:57:54,32.5,36.0,24.0,95.0,31.8,51.6,1023,0
2026/7/15,15:57:59,32.6,37.0,24.2,95.0,31.9,51.6,1023,0
2026/7/15,15:58:4,32.6,37.0,24.1,95.0,31.9,51.6,1021,0
2026/7/15,15:58:9,32.8,37.0,24.0,95.0,31.8,51.6,1023,0
2026/7/15,15:58:14,32.7,37.0,24.0,95.0,31.9,51.6,1023,0
2026/7/15,15:58:19,32.5,37.0,24.0,95.0,31.9,51.8,1021,0
2026/7/15,15:58:24,32.6,37.0,24.0,95.0,31.9,51.8,1023,0
2026/7/15,15:58:29,32.5,37.0,24.1,95.0,31.9,51.8,1023,0
2026/7/15,15:58:34,32.7,37.0,24.2,95.0,31.9,51.8,1019,0
2026/7/15,15:58:39,32.5,37.0,24.1,95.0,31.9,51.8,1022,0
2026/7/15,15:58:44,32.6,37.0,24.0,95.0,31.9,51.9,1019,0
2026/7/15,15:58:49,32.5,37.0,24.2,95.0,31.9,51.9,1022,0
2026/7/15,15:58:54,32.5,37.0,23.9,95.0,31.9,51.9,1022,0
2026/7/15,15:58:59,32.5,37.0,24.0,95.0,31.9,51.8,1021,0
2026/7/15,15:59:4,32.7,37.0,24.1,95.0,31.9,51.7,1023,0
2026/7/15,15:59:9,32.5,37.0,24.0,95.0,31.9,51.7,1023,0
2026/7/15,15:59:14,32.5,37.0,24.0,95.0,31.9,51.6,1023,0
2026/7/15,15:59:19,32.4,37.0,24.0,95.0,31.9,51.5,1022,0
2026/7/15,15:59:24,32.5,37.0,24.0,95.0,31.9,51.3,1023,0
2026/7/15,15:59:29,32.5,37.0,24.1,95.0,31.8,51.2,1023,0
2026/7/15,15:59:34,32.4,37.0,24.0,95.0,31.9,51.3,1023,0
2026/7/15,15:59:39,32.4,37.0,24.0,95.0,31.8,51.3,1021,0
2026/7/15,15:59:44,32.4,37.0,24.1,95.0,31.8,51.3,1023,0
2026/7/15,15:59:49,32.4,37.0,24.0,95.0,31.8,51.4,1021,0
2026/7/15,15:59:54,32.5,37.0,24.0,95.0,31.9,51.5,1019,0
2026/7/15,15:59:59,32.4,37.0,24.1,95.0,31.9,51.4,1023,0
2026/7/15,16:0:4,32.4,37.0,24.1,95.0,31.8,51.3,1021,0
2026/7/15,16:0:9,32.4,37.0,24.0,95.0,31.8,51.2,1023,0
2026/7/15,16:0:14,32.3,37.0,24.1,95.0,31.8,51.5,1021,0
2026/7/15,16:0:19,32.3,38.0,24.1,95.0,31.8,51.7,1023,0
2026/7/15,16:0:24,32.4,38.0,24.2,95.0,31.8,51.7,1021,0
2026/7/15,16:0:29,32.2,38.0,24.1,95.0,31.8,51.8,1023,0
2026/7/15,16:0:34,32.5,38.0,24.2,95.0,31.8,51.8,1019,0
2026/7/15,16:0:39,32.2,38.0,24.1,95.0,31.8,51.8,1021,0
2026/7/15,16:0:44,32.2,38.0,24.0,95.0,31.8,51.9,1021,0
2026/7/15,16:0:49,32.2,38.0,24.2,95.0,31.8,52.0,1021,0
2026/7/15,16:0:54,32.3,38.0,24.3,95.0,31.8,52.0,1022,0
2026/7/15,16:0:59,32.4,38.0,24.0,95.0,31.8,52.0,1021,0
2026/7/15,16:1:4,32.2,38.0,24.0,95.0,31.8,52.0,1021,0
2026/7/15,16:1:9,32.2,38.0,24.2,95.0,31.8,52.0,1021,0
2026/7/15,16:1:14,32.3,37.0,24.1,95.0,31.8,52.0,1023,0
2026/7/15,16:1:19,32.2,37.0,24.2,95.0,31.8,52.0,1019,0
2026/7/15,16:1:24,32.2,37.0,24.0,95.0,31.8,52.0,1023,0
2026/7/15,16:1:29,32.2,37.0,24.2,95.0,31.8,51.9,1023,0
2026/7/15,16:1:34,32.1,37.0,24.1,95.0,31.8,51.6,1022,0
2026/7/15,16:1:39,32.2,37.0,24.2,95.0,31.8,51.4,1023,0
2026/7/15,16:1:44,32.2,37.0,24.1,95.0,31.8,51.2,1023,0
2026/7/15,16:1:49,32.0,37.0,24.1,95.0,31.8,51.1,1023,0
2026/7/15,16:1:54,32.1,37.0,24.1,95.0,31.8,51.2,1022,0
2026/7/15,16:1:59,32.2,38.0,24.1,95.0,31.8,51.2,1021,0
2026/7/15,16:2:4,32.2,38.0,24.1,95.0,31.8,51.4,1021,0
2026/7/15,16:2:9,32.2,38.0,24.1,95.0,31.8,51.4,1022,0
2026/7/15,16:2:14,32.2,38.0,24.0,95.0,31.8,51.4,1023,0
2026/7/15,16:2:19,32.2,38.0,24.2,95.0,31.8,51.4,1023,0
2026/7/15,16:2:24,32.1,38.0,24.0,95.0,31.8,51.3,1022,0
2026/7/15,16:2:29,32.0,38.0,24.0,95.0,31.7,51.4,1023,0
2026/7/15,16:2:34,32.2,38.0,24.0,95.0,31.7,51.5,1019,0
2026/7/15,16:2:40,32.0,38.0,24.2,95.0,31.8,51.6,1021,0
2026/7/15,16:2:45,32.0,38.0,24.2,95.0,31.8,51.6,1023,0
2026/7/15,16:2:50,32.0,38.0,24.0,95.0,31.7,51.6,1022,0
2026/7/15,16:2:55,32.0,38.0,24.0,95.0,31.7,51.2,1023,0
2026/7/15,16:3:0,32.0,37.0,24.2,95.0,31.7,50.9,1023,0
2026/7/15,16:3:5,32.0,37.0,24.0,95.0,31.7,50.9,1022,0
2026/7/15,16:3:10,31.5,38.0,24.1,95.0,31.7,50.9,1023,0
2026/7/15,16:3:15,32.1,38.0,24.0,95.0,31.7,50.9,1023,0
2026/7/15,16:3:20,32.0,38.0,24.1,95.0,31.7,51.0,1023,0
2026/7/15,16:3:25,31.7,38.0,24.0,95.0,31.7,50.9,1021,0
2026/7/15,16:3:30,31.7,38.0,24.1,95.0,31.7,50.8,1023,0
2026/7/15,16:3:35,32.1,38.0,24.1,95.0,31.7,50.7,1023,0
2026/7/15,16:3:40,32.0,38.0,24.2,95.0,31.7,50.6,1021,0
2026/7/15,16:3:45,32.0,38.0,24.0,95.0,31.6,50.6,1022,0
2026/7/15,16:3:50,32.0,38.0,24.0,95.0,31.6,50.7,1019,0
2026/7/15,16:3:55,31.9,38.0,24.2,95.0,31.6,50.7,1021,0
2026/7/15,16:4:0,32.0,38.0,24.1,95.0,31.6,50.8,1023,0
2026/7/15,16:4:5,31.8,38.0,24.2,95.0,31.6,50.8,1021,0
2026/7/15,16:4:10,32.0,38.0,24.1,95.0,31.6,50.9,1019,0
2026/7/15,16:4:15,32.0,38.0,24.0,95.0,31.6,50.9,1023,0
2026/7/15,16:4:20,32.0,38.0,24.0,95.0,31.6,51.0,1023,0
2026/7/15,16:4:25,32.1,38.0,24.1,95.0,31.6,51.0,1023,0
2026/7/15,16:4:30,31.9,38.0,24.1,95.0,31.6,51.0,1023,0
2026/7/15,16:4:35,32.0,38.0,24.1,95.0,31.7,51.1,1022,0
2026/7/15,16:4:40,32.0,38.0,24.2,95.0,31.7,51.1,1023,0
2026/7/15,16:4:45,32.0,38.0,24.2,95.0,31.7,51.2,1021,0
2026/7/15,16:4:50,32.1,38.0,24.2,95.0,31.7,51.2,1021,0
2026/7/15,16:4:55,32.1,38.0,24.1,95.0,31.7,51.2,1023,0
2026/7/15,16:5:0,31.8,38.0,24.0,95.0,31.7,51.3,1023,0
2026/7/15,16:5:5,32.0,39.0,24.2,95.0,31.7,51.3,1022,0
2026/7/15,16:5:10,32.0,39.0,24.2,95.0,31.7,51.3,1023,0
2026/7/15,16:5:15,32.0,38.0,24.1,95.0,31.7,51.3,1023,0
2026/7/15,16:5:20,32.2,38.0,24.2,95.0,31.7,51.3,1023,0
2026/7/15,16:5:25,32.2,38.0,24.1,95.0,31.7,51.3,1021,0
2026/7/15,16:5:30,32.0,38.0,24.1,95.0,31.7,51.1,1021,0
2026/7/15,16:5:35,32.2,37.0,24.1,95.0,31.7,50.8,1021,0
2026/7/15,16:5:40,32.1,37.0,24.0,95.0,31.7,50.6,1021,0
2026/7/15,16:5:45,32.1,37.0,24.2,95.0,31.7,50.4,1019,0
2026/7/15,16:5:50,32.0,37.0,24.2,95.0,31.7,50.5,1023,0
2026/7/15,16:5:55,32.0,37.0,24.0,95.0,31.6,50.4,1023,0
2026/7/15,16:6:0,31.9,37.0,24.2,95.0,31.6,50.6,1021,0
2026/7/15,16:6:5,32.1,37.0,24.1,95.0,31.6,50.7,1021,0
2026/7/15,16:6:10,32.2,38.0,24.1,95.0,31.6,50.8,1023,0
2026/7/15,16:6:15,32.1,38.0,24.2,95.0,31.6,50.9,1019,0
2026/7/15,16:6:20,32.1,37.0,24.1,95.0,31.6,50.8,1022,0
2026/7/15,16:6:25,31.9,38.0,24.1,95.0,31.5,50.8,1023,0
2026/7/15,16:6:30,31.7,38.0,24.1,95.0,31.6,50.8,1023,0
2026/7/15,16:6:35,32.2,37.0,24.1,95.0,31.6,50.8,1019,0
2026/7/15,16:6:40,32.1,37.0,24.1,95.0,31.5,50.8,1022,0
2026/7/15,16:6:45,32.2,38.0,24.3,95.0,31.5,50.9,1021,0
2026/7/15,16:6:50,32.2,37.0,24.2,95.0,31.5,50.9,1019,0
2026/7/15,16:6:55,31.7,37.0,24.1,95.0,31.5,51.0,1022,0
2026/7/15,16:7:0,32.2,38.0,24.1,95.0,31.5,51.1,1021,0
2026/7/15,16:7:5,32.2,38.0,24.1,95.0,31.5,51.0,1023,0
2026/7/15,16:7:10,32.1,38.0,24.1,95.0,31.5,51.1,1023,0
2026/7/15,16:7:15,32.2,38.0,24.0,95.0,31.5,51.2,1023,0
2026/7/15,16:7:20,32.0,38.0,24.2,95.0,31.5,51.2,1023,0
2026/7/15,16:7:25,32.1,38.0,24.1,95.0,31.5,51.2,1023,0
2026/7/15,16:7:30,32.4,37.0,24.2,95.0,31.5,51.2,1023,0
2026/7/15,16:7:35,32.4,37.0,24.0,95.0,31.5,51.2,1021,0
2026/7/15,16:7:40,32.3,37.0,24.1,95.0,31.5,51.3,1023,0
2026/7/15,16:7:45,32.4,37.0,24.1,95.0,31.5,51.3,1021,0
2026/7/15,16:7:50,32.2,37.0,24.1,95.0,31.5,51.4,1021,0
2026/7/15,16:7:55,32.5,37.0,24.2,95.0,31.5,51.6,1023,0
2026/7/15,16:8:0,32.4,37.0,24.0,95.0,31.5,51.6,1023,0
2026/7/15,16:8:5,32.4,38.0,24.1,95.0,31.4,51.6,1021,0
2026/7/15,16:8:10,32.4,37.0,24.0,95.0,31.5,51.6,1021,0
2026/7/15,16:8:15,32.5,38.0,24.1,95.0,31.5,51.6,1023,0
2026/7/15,16:8:20,32.5,37.0,24.0,95.0,31.4,51.6,1023,0
2026/7/15,16:8:25,32.5,37.0,24.0,95.0,31.4,51.6,1019,0
2026/7/15,16:8:30,32.5,37.0,24.0,95.0,31.5,51.6,1019,0
2026/7/15,16:8:35,32.5,37.0,24.2,95.0,31.5,51.6,1022,0
2026/7/15,16:8:40,32.5,37.0,24.1,95.0,31.5,51.3,1022,0
2026/7/15,16:8:45,32.5,36.0,24.1,95.0,31.4,51.2,1022,0
2026/7/15,16:8:50,32.5,36.0,24.0,95.0,31.5,51.1,1021,0
2026/7/15,16:8:55,32.6,36.0,24.0,95.0,31.4,51.0,1019,0
2026/7/15,16:9:0,32.7,36.0,24.0,95.0,31.4,51.0,1023,0
2026/7/15,16:9:5,32.7,36.0,24.1,95.0,31.4,50.9,1019,0
2026/7/15,16:9:10,32.7,35.0,24.1,95.0,31.4,51.0,1021,0
2026/7/15,16:9:15,32.7,35.0,24.0,95.0,31.4,51.0,1023,0
2026/7/15,16:9:20,32.7,36.0,24.0,95.0,31.4,51.2,1019,0
2026/7/15,16:9:25,33.0,37.0,24.2,95.0,31.4,51.3,1023,0
2026/7/15,16:9:30,32.8,36.0,24.1,95.0,31.4,51.5,1023,0
2026/7/15,16:9:35,32.8,36.0,24.1,95.0,31.4,51.5,1023,0
2026/7/15,16:9:40,32.9,36.0,24.1,95.0,31.5,51.6,1022,0
2026/7/15,16:9:45,33.0,37.0,24.1,95.0,31.4,51.7,1022,0
2026/7/15,16:9:50,32.8,36.0,24.1,95.0,31.4,51.7,1021,0
2026/7/15,16:9:55,33.1,36.0,24.1,95.0,31.5,51.7,1022,0
2026/7/15,16:10:0,33.2,36.0,24.0,95.0,31.4,51.8,1023,0
2026/7/15,16:10:5,33.0,36.0,24.1,95.0,31.4,51.8,1021,0
2026/7/15,16:10:10,33.0,36.0,24.1,95.0,31.4,51.8,1023,0
2026/7/15,16:10:15,33.5,36.0,24.1,95.0,31.4,51.9,1023,0
2026/7/15,16:10:20,33.3,36.0,24.1,95.0,31.4,51.8,1019,0
2026/7/15,16:10:25,33.7,36.0,24.0,95.0,31.4,51.9,1023,0
2026/7/15,16:10:30,33.5,36.0,24.2,95.0,31.4,51.9,1023,0
2026/7/15,16:10:35,33.7,36.0,24.0,95.0,31.4,51.9,1021,0
2026/7/15,16:10:40,33.8,36.0,24.0,95.0,31.4,51.9,1023,0
2026/7/15,16:10:45,33.8,35.0,24.2,95.0,31.4,52.0,1019,0
2026/7/15,16:10:50,33.8,35.0,24.0,95.0,31.4,52.1,1023,0
2026/7/15,16:10:55,33.9,35.0,24.1,95.0,31.4,52.0,1019,0
2026/7/15,16:11:0,34.0,35.0,24.0,95.0,31.4,52.0,1021,0
2026/7/15,16:11:5,34.0,35.0,24.1,95.0,31.4,52.0,1022,0
2026/7/15,16:11:10,33.9,35.0,24.2,95.0,31.4,52.1,1023,0
2026/7/15,16:11:15,34.1,35.0,24.0,95.0,31.4,52.1,1023,0
2026/7/15,16:11:20,34.1,34.0,24.1,95.0,31.4,52.1,1022,0
2026/7/15,16:11:25,34.0,34.0,24.2,95.0,31.4,52.1,1021,0
2026/7/15,16:11:30,34.1,34.0,24.1,95.0,31.4,52.2,1022,0
2026/7/15,16:11:35,34.1,34.0,24.0,95.0,31.4,52.3,1023,0
2026/7/15,16:11:40,34.2,34.0,24.1,95.0,31.4,52.1,1021,0
2026/7/15,16:11:45,34.2,34.0,24.1,95.0,31.4,51.8,1023,0
2026/7/15,16:11:50,34.2,34.0,24.1,95.0,31.4,51.7,1022,0
2026/7/15,16:11:55,34.3,33.0,24.1,95.0,31.4,51.7,1021,0
2026/7/15,16:12:0,34.2,33.0,24.1,95.0,31.4,51.7,1019,0
2026/7/15,16:12:5,34.2,33.0,24.1,95.0,31.4,51.6,1019,0
2026/7/15,16:12:10,34.2,33.0,24.1,95.0,31.4,51.6,1019,0
2026/7/15,16:12:15,34.4,33.0,24.1,95.0,31.4,51.7,1022,0
2026/7/15,16:12:20,34.4,33.0,24.0,95.0,31.4,51.7,1019,0
2026/7/15,16:12:25,34.5,33.0,24.2,95.0,31.4,51.8,1019,0
2026/7/15,16:12:30,34.4,33.0,24.1,95.0,31.4,51.5,1021,0
2026/7/15,16:12:35,34.4,32.0,24.1,95.0,31.4,51.4,1022,0
2026/7/15,16:12:40,34.5,32.0,24.2,95.0,31.4,51.3,1019,0
2026/7/15,16:12:45,34.4,32.0,24.1,95.0,31.4,51.3,1021,0
2026/7/15,16:12:50,34.5,32.0,24.1,95.0,31.4,51.1,1021,0
2026/7/15,16:12:55,34.4,32.0,24.1,95.0,31.4,51.1,1023,0
2026/7/15,16:13:0,34.5,32.0,24.1,95.0,31.4,51.2,1023,0
2026/7/15,16:13:5,34.4,32.0,24.1,95.0,31.4,51.3,1023,0
2026/7/15,16:13:10,34.4,33.0,24.2,95.0,31.4,51.5,1023,0
2026/7/15,16:13:15,34.4,33.0,24.1,95.0,31.4,51.5,1021,0
2026/7/15,16:13:20,34.4,33.0,24.1,95.0,31.3,51.5,1023,0
2026/7/15,16:13:25,34.3,33.0,24.0,95.0,31.3,51.6,1023,0
2026/7/15,16:13:30,34.4,33.0,24.1,95.0,31.3,51.5,1021,0
2026/7/15,16:13:35,34.3,33.0,24.1,95.0,31.4,51.5,1023,0
2026/7/15,16:13:40,34.4,33.0,24.1,95.0,31.3,51.5,1019,0
2026/7/15,16:13:45,34.3,33.0,24.1,95.0,31.3,51.6,1019,0
2026/7/15,16:13:50,34.4,33.0,24.1,95.0,31.3,51.5,1023,0
2026/7/15,16:13:55,34.2,33.0,24.0,95.0,31.3,51.6,1022,0
2026/7/15,16:14:0,34.2,33.0,24.1,95.0,31.3,51.6,1019,0
2026/7/15,16:14:5,34.2,33.0,24.1,95.0,31.3,51.6,1023,0
2026/7/15,16:14:11,34.2,33.0,24.1,95.0,31.3,51.7,1023,0
2026/7/15,16:14:16,34.2,33.0,24.1,95.0,31.3,51.8,1019,0
2026/7/15,16:14:21,34.2,33.0,24.1,95.0,31.3,51.7,1023,0
2026/7/15,16:14:26,34.2,33.0,24.1,95.0,31.3,51.6,1023,0
2026/7/15,16:14:31,34.3,33.0,24.1,95.0,31.3,51.5,1019,0
2026/7/15,16:14:36,34.2,33.0,24.0,95.0,31.3,51.5,1019,0
2026/7/15,16:14:41,34.0,34.0,24.1,95.0,31.3,51.5,1021,0
2026/7/15,16:14:46,34.2,34.0,24.1,95.0,31.3,51.5,1023,0
2026/7/15,16:14:51,34.2,34.0,24.1,95.0,31.3,51.6,1021,0
2026/7/15,16:14:56,34.1,34.0,24.0,95.0,31.3,51.6,1023,0
2026/7/15,16:15:1,34.2,34.0,24.1,95.0,31.3,51.7,1023,0
2026/7/15,16:15:6,34.0,34.0,24.1,95.0,31.3,51.7,1022,0
2026/7/15,16:15:11,34.0,34.0,24.1,95.0,31.3,51.7,1023,0
2026/7/15,16:15:16,33.7,34.0,24.1,95.0,31.3,51.8,1021,0
2026/7/15,16:15:21,34.0,34.0,24.1,95.0,31.3,51.7,1019,0
2026/7/15,16:15:26,33.9,34.0,24.2,95.0,31.2,51.8,1023,0
2026/7/15,16:15:31,33.9,34.0,24.1,95.0,31.3,51.8,1021,0
2026/7/15,16:15:36,34.0,34.0,24.1,95.0,31.3,51.9,1023,0
2026/7/15,16:15:41,33.9,34.0,24.1,95.0,31.3,51.9,1023,0
2026/7/15,16:15:46,33.8,34.0,24.2,95.0,31.2,51.9,1023,0
2026/7/15,16:15:51,33.8,34.0,24.2,95.0,31.3,51.9,1023,0
2026/7/15,16:15:56,33.8,34.0,24.1,95.0,31.3,51.9,1023,0
2026/7/15,16:16:1,33.8,34.0,24.1,95.0,31.3,51.9,1023,0
2026/7/15,16:16:6,33.6,34.0,24.1,95.0,31.3,51.9,1021,0
2026/7/15,16:16:11,33.4,34.0,24.2,95.0,31.3,51.9,1021,0
2026/7/15,16:16:16,33.5,34.0,24.1,95.0,31.3,51.9,1021,0
2026/7/15,16:16:21,33.7,34.0,24.1,95.0,31.2,51.8,1023,0
2026/7/15,16:16:26,33.7,34.0,24.1,95.0,31.3,51.7,1021,0
2026/7/15,16:16:31,33.4,34.0,24.0,95.0,31.3,51.6,1023,0
2026/7/15,16:16:36,33.5,34.0,24.1,95.0,31.2,51.6,1019,0
2026/7/15,16:16:41,33.5,34.0,24.1,95.0,31.2,51.6,1023,0
2026/7/15,16:16:46,33.5,34.0,24.1,95.0,31.2,51.6,1021,0
2026/7/15,16:16:51,33.4,35.0,24.1,95.0,31.2,51.6,1019,0
2026/7/15,16:16:56,33.5,35.0,24.1,95.0,31.2,51.7,1023,0
2026/7/15,16:17:1,33.2,35.0,24.2,95.0,31.2,51.7,1023,0
2026/7/15,16:17:6,33.2,35.0,24.1,95.0,31.2,51.9,1021,0
2026/7/15,16:17:11,33.2,35.0,24.2,95.0,31.2,52.0,1019,0
2026/7/15,16:17:16,33.1,35.0,24.1,95.0,31.2,52.1,1023,0
2026/7/15,16:17:21,33.0,35.0,24.2,95.0,31.2,52.0,1019,0
2026/7/15,16:17:26,33.4,36.0,24.1,95.0,31.2,52.2,1021,0
2026/7/15,16:17:31,33.2,36.0,24.1,95.0,31.2,52.2,1021,0
2026/7/15,16:17:36,33.2,36.0,24.1,95.0,31.2,52.3,1023,0
2026/7/15,16:17:41,33.1,36.0,24.1,95.0,31.2,52.3,1021,0
2026/7/15,16:17:46,33.0,36.0,24.1,95.0,31.2,52.3,1022,0
2026/7/15,16:17:51,33.2,36.0,24.2,95.0,31.2,52.3,1019,0
2026/7/15,16:17:56,33.1,36.0,24.1,95.0,31.2,52.3,1021,0
2026/7/15,16:18:1,33.0,36.0,24.2,95.0,31.2,52.4,1021,0
2026/7/15,16:18:6,33.3,36.0,24.1,95.0,31.2,52.4,1022,0
2026/7/15,16:18:11,33.2,36.0,24.1,95.0,31.2,52.4,1023,0
2026/7/15,16:18:16,33.1,36.0,24.1,95.0,31.2,52.3,1023,0
2026/7/15,16:18:21,33.1,36.0,24.1,95.0,31.2,52.3,1023,0
2026/7/15,16:18:26,33.2,36.0,24.1,95.0,31.2,52.3,1023,0
2026/7/15,16:18:31,33.1,36.0,24.1,95.0,31.2,52.3,1019,0
2026/7/15,16:18:36,33.2,36.0,24.1,95.0,31.2,52.3,1023,0
2026/7/15,16:18:41,33.3,35.0,24.1,95.0,31.2,52.2,1022,0
2026/7/15,16:18:46,33.3,35.0,24.1,95.0,31.2,52.2,1022,0
2026/7/15,16:18:51,33.4,35.0,24.1,95.0,31.2,52.2,1022,0
2026/7/15,16:18:56,33.3,35.0,24.1,95.0,31.2,52.2,1021,0
2026/7/15,16:19:1,33.3,36.0,24.1,95.0,31.2,52.3,1019,0
2026/7/15,16:19:6,33.3,35.0,24.1,95.0,31.2,52.2,1022,0
2026/7/15,16:19:11,33.5,35.0,24.1,95.0,31.2,52.3,1023,0
2026/7/15,16:19:16,33.5,36.0,24.1,95.0,31.2,52.3,1023,0
2026/7/15,16:19:21,33.7,36.0,24.1,95.0,31.2,52.4,1019,0
2026/7/15,16:19:26,33.7,35.0,24.1,95.0,31.2,52.5,1019,0
2026/7/15,16:19:31,33.5,35.0,24.1,95.0,31.2,52.5,1023,0
2026/7/15,16:19:36,33.5,35.0,24.1,95.0,31.2,52.3,1019,0
2026/7/15,16:19:41,33.8,34.0,24.1,95.0,31.3,52.2,1021,0
2026/7/15,16:19:46,33.8,34.0,24.1,95.0,31.2,52.2,1019,0
2026/7/15,16:19:51,33.8,34.0,24.1,95.0,31.2,52.2,1021,0
2026/7/15,16:19:56,33.9,34.0,24.2,95.0,31.2,52.1,1019,0
2026/7/15,16:20:1,33.5,34.0,24.2,95.0,31.2,52.1,1023,0
2026/7/15,16:20:6,33.7,34.0,24.1,95.0,31.3,52.2,1022,0
2026/7/15,16:20:11,33.8,34.0,24.2,95.0,31.3,52.2,1023,0
2026/7/15,16:20:16,33.9,34.0,24.1,95.0,31.2,52.1,1021,0
2026/7/15,16:20:21,34.0,34.0,24.1,95.0,31.3,52.2,1022,0
2026/7/15,16:20:26,34.0,34.0,24.1,95.0,31.3,52.0,1023,0
2026/7/15,16:20:31,34.0,34.0,24.1,95.0,31.3,52.1,1023,0
2026/7/15,16:20:36,34.0,34.0,24.1,95.0,31.3,52.1,1021,0
2026/7/15,16:20:41,34.0,34.0,24.1,95.0,31.3,52.1,1023,0
2026/7/15,16:20:46,34.0,34.0,24.2,95.0,31.3,52.1,1021,0
2026/7/15,16:20:51,34.0,34.0,24.1,95.0,31.3,52.0,1021,0
2026/7/15,16:20:56,34.0,34.0,24.1,95.0,31.3,51.9,1023,0
2026/7/15,16:21:1,34.0,34.0,24.1,95.0,31.3,51.9,1019,0
2026/7/15,16:21:6,34.1,34.0,24.2,95.0,31.3,52.0,1023,0
2026/7/15,16:21:11,34.0,34.0,24.1,95.0,31.3,52.0,1023,0
2026/7/15,16:21:16,34.0,34.0,24.1,95.0,31.3,52.0,1021,0
2026/7/15,16:21:21,33.9,34.0,24.1,95.0,31.3,51.9,1022,0
2026/7/15,16:21:26,34.0,34.0,24.2,95.0,31.3,51.9,1023,0
2026/7/15,16:21:31,34.0,34.0,24.2,95.0,31.3,52.0,1021,0
2026/7/15,16:21:36,33.8,34.0,24.2,95.0,31.3,52.0,1023,0
2026/7/15,16:21:41,33.9,34.0,24.2,95.0,31.3,51.9,1019,0
2026/7/15,16:21:46,33.9,34.0,24.2,95.0,31.3,51.9,1023,0
2026/7/15,16:21:51,33.9,34.0,24.1,95.0,31.3,51.8,1021,0
2026/7/15,16:21:56,33.9,34.0,24.1,95.0,31.3,51.8,1023,0
2026/7/15,16:22:1,33.8,34.0,24.1,95.0,31.3,51.7,1023,0
2026/7/15,16:22:6,33.9,34.0,24.1,95.0,31.3,51.7,1023,0
2026/7/15,16:22:11,33.6,34.0,24.2,95.0,31.3,51.5,1022,0
2026/7/15,16:22:16,33.7,34.0,24.1,95.0,31.3,51.6,1022,0
2026/7/15,16:22:21,33.8,34.0,24.2,95.0,31.3,51.6,1022,0
2026/7/15,16:22:26,33.7,34.0,24.2,95.0,31.3,51.6,1021,0
2026/7/15,16:22:31,33.7,34.0,24.2,95.0,31.3,51.6,1023,0
2026/7/15,16:22:36,33.5,34.0,24.1,95.0,31.3,51.7,1023,0
2026/7/15,16:22:41,33.4,35.0,24.2,95.0,31.3,51.7,1022,0
2026/7/15,16:22:46,33.4,35.0,24.1,95.0,31.3,51.8,1022,0
2026/7/15,16:22:51,33.6,35.0,24.3,95.0,31.3,51.8,1023,0
2026/7/15,16:22:56,33.5,35.0,24.1,95.0,31.3,51.9,1023,0
2026/7/15,16:23:1,33.3,35.0,24.2,95.0,31.3,51.9,1023,0
2026/7/15,16:23:6,33.2,36.0,24.1,95.0,31.3,52.1,1023,0
2026/7/15,16:23:11,33.3,36.0,24.2,95.0,31.3,52.0,1019,0
2026/7/15,16:23:16,33.2,36.0,24.2,95.0,31.3,52.1,1023,0
2026/7/15,16:23:21,33.0,36.0,24.1,95.0,31.3,52.0,1019,0
2026/7/15,16:23:26,33.2,35.0,24.1,95.0,31.3,52.0,1021,0
2026/7/15,16:23:31,33.1,35.0,24.1,95.0,31.3,51.9,1019,0
2026/7/15,16:23:36,33.2,35.0,24.2,95.0,31.3,51.8,1023,0
2026/7/15,16:23:41,33.1,36.0,24.1,95.0,31.3,51.8,1023,0
2026/7/15,16:23:46,33.1,36.0,24.2,95.0,31.3,51.9,1023,0
2026/7/15,16:23:51,32.9,35.0,24.2,95.0,31.3,51.9,1019,0
2026/7/15,16:23:56,33.0,36.0,24.2,95.0,31.3,51.9,1023,0
2026/7/15,16:24:1,32.8,35.0,24.1,95.0,31.3,51.9,1022,0
2026/7/15,16:24:6,32.8,36.0,24.2,95.0,31.3,52.2,1021,0
2026/7/15,16:24:11,33.0,37.0,24.1,95.0,31.3,52.3,1022,0
2026/7/15,16:24:16,32.7,36.0,24.3,95.0,31.3,52.4,1021,0
2026/7/15,16:24:21,32.7,36.0,24.2,95.0,31.3,52.5,1023,0
2026/7/15,16:24:26,32.7,36.0,24.2,95.0,31.3,52.5,1021,0
2026/7/15,16:24:31,32.7,36.0,24.3,95.0,31.3,52.5,1021,0
2026/7/15,16:24:36,32.7,36.0,24.2,95.0,31.3,52.4,1019,0
2026/7/15,16:24:41,32.6,36.0,24.1,95.0,31.3,52.2,1023,0
2026/7/15,16:24:46,32.6,36.0,24.2,95.0,31.3,52.0,1021,0
2026/7/15,16:24:51,32.5,36.0,24.2,95.0,31.3,52.0,1023,0
2026/7/15,16:24:56,32.5,36.0,24.2,95.0,31.3,52.0,1022,0
2026/7/15,16:25:1,32.4,36.0,24.1,95.0,31.3,52.1,1023,0
2026/7/15,16:25:6,32.2,36.0,24.1,95.0,31.3,52.0,1023,0
2026/7/15,16:25:11,32.2,36.0,24.1,95.0,31.3,52.0,1022,0
2026/7/15,16:25:16,32.4,36.0,24.1,95.0,31.3,52.0,1023,0
2026/7/15,16:25:21,32.3,36.0,24.2,95.0,31.3,52.0,1021,0
2026/7/15,16:25:26,32.1,36.0,24.2,95.0,31.3,52.1,1022,0
2026/7/15,16:25:31,32.2,36.0,24.2,95.0,31.3,52.1,1021,0
2026/7/15,16:25:36,32.0,37.0,24.1,95.0,31.3,52.1,1019,0
2026/7/15,16:25:41,32.1,37.0,24.2,95.0,31.3,52.1,1021,0
2026/7/15,16:25:46,32.0,37.0,24.1,95.0,31.3,52.1,1023,0
2026/7/15,16:25:51,31.9,37.0,24.3,95.0,31.3,51.9,1022,0
2026/7/15,16:25:56,32.0,37.0,24.2,95.0,31.3,51.9,1023,0
2026/7/15,16:26:2,32.0,38.0,24.1,95.0,31.3,51.9,1022,0
2026/7/15,16:26:7,32.0,38.0,24.2,95.0,31.3,51.9,1021,0
2026/7/15,16:26:12,31.8,38.0,24.1,95.0,31.3,52.0,1023,0
2026/7/15,16:26:17,31.9,39.0,24.2,95.0,31.3,52.0,1019,0
2026/7/15,16:26:22,31.6,39.0,24.2,95.0,31.3,52.0,1021,0
2026/7/15,16:26:27,31.8,39.0,24.3,95.0,31.3,52.0,1021,0
2026/7/15,16:26:32,31.8,38.0,24.2,95.0,31.3,52.0,1023,0
2026/7/15,16:26:37,31.7,38.0,24.2,95.0,31.3,52.0,1023,0
2026/7/15,16:26:42,31.6,38.0,24.2,95.0,31.3,52.0,1019,0
2026/7/15,16:26:47,31.5,38.0,24.2,95.0,31.3,52.0,1023,0
2026/7/15,16:26:52,31.5,38.0,24.1,95.0,31.3,51.9,1021,0
2026/7/15,16:26:57,31.5,38.0,24.2,95.0,31.3,51.8,1023,0
2026/7/15,16:27:2,31.5,38.0,24.2,95.0,31.3,51.7,1022,0
2026/7/15,16:27:7,31.5,38.0,24.2,95.0,31.3,51.7,1019,0
2026/7/15,16:27:12,31.5,38.0,24.1,95.0,31.3,51.7,1023,0
2026/7/15,16:27:17,31.4,38.0,24.1,95.0,31.3,51.6,1021,0
2026/7/15,16:27:22,31.6,38.0,24.2,95.0,31.3,51.7,1023,0
2026/7/15,16:27:27,31.3,39.0,24.2,95.0,31.3,51.9,1023,0
2026/7/15,16:27:32,31.5,39.0,24.2,95.0,31.3,52.0,1021,0
2026/7/15,16:27:37,31.5,39.0,24.2,95.0,31.3,52.1,1021,0
2026/7/15,16:27:42,31.2,39.0,24.2,95.0,31.3,52.1,1022,0
2026/7/15,16:27:47,31.2,39.0,24.1,95.0,31.3,52.2,1023,0
2026/7/15,16:27:52,31.2,39.0,24.2,95.0,31.3,52.1,1023,0
2026/7/15,16:27:57,31.2,39.0,24.2,95.0,31.3,52.2,1023,0
2026/7/15,16:28:2,31.3,39.0,24.2,95.0,31.3,52.2,1023,0
2026/7/15,16:28:7,31.2,40.0,24.2,95.0,31.3,52.2,1023,0
2026/7/15,16:28:12,31.2,40.0,24.1,95.0,31.3,52.2,1021,0
2026/7/15,16:28:17,31.2,40.0,24.1,95.0,31.3,52.2,1022,0
2026/7/15,16:28:22,31.2,40.0,24.2,95.0,31.2,52.2,1022,0
2026/7/15,16:28:27,31.2,40.0,24.2,95.0,31.3,52.2,1021,0
2026/7/15,16:28:32,31.3,40.0,24.2,95.0,31.3,52.3,1019,0
2026/7/15,16:28:37,31.2,40.0,24.1,95.0,31.3,52.3,1022,0
2026/7/15,16:28:42,31.2,40.0,24.2,95.0,31.3,52.4,1023,0
2026/7/15,16:28:47,31.2,40.0,24.1,95.0,31.2,52.4,1022,0
2026/7/15,16:28:52,31.2,40.0,24.2,95.0,31.3,52.5,1019,0
2026/7/15,16:28:57,31.2,40.0,24.2,95.0,31.2,52.4,1023,0
2026/7/15,16:29:2,31.1,40.0,24.2,95.0,31.3,52.5,1023,0
2026/7/15,16:29:7,31.2,40.0,24.2,95.0,31.3,52.5,1019,0
2026/7/15,16:29:12,31.2,40.0,24.2,95.0,31.3,52.6,1023,0
2026/7/15,16:29:17,31.1,40.0,24.2,95.0,31.3,52.7,1023,0
2026/7/15,16:29:22,31.2,41.0,24.3,95.0,31.3,52.7,1023,0
2026/7/15,16:29:27,31.1,41.0,24.2,95.0,31.3,52.8,1023,0
2026/7/15,16:29:32,31.2,41.0,24.2,95.0,31.2,52.8,1023,0
2026/7/15,16:29:37,31.1,41.0,24.2,95.0,31.3,52.9,1021,0
2026/7/15,16:29:42,31.2,41.0,24.2,95.0,31.3,52.9,1019,0
2026/7/15,16:29:47,31.0,41.0,24.2,95.0,31.2,53.0,1023,0
2026/7/15,16:29:52,31.1,41.0,24.2,95.0,31.2,53.0,1022,0
2026/7/15,16:29:57,31.1,41.0,24.2,95.0,31.3,53.0,1023,0
2026/7/15,16:30:2,31.0,41.0,24.3,95.0,31.2,53.1,1021,0
2026/7/15,16:30:7,31.0,41.0,24.3,95.0,31.2,53.1,1019,0
2026/7/15,16:30:12,31.1,41.0,24.2,95.0,31.2,53.1,1022,0
2026/7/15,16:30:17,31.1,41.0,24.2,95.0,31.2,53.2,1021,0
2026/7/15,16:30:22,31.1,41.0,24.2,95.0,31.2,53.2,1022,0
2026/7/15,16:30:27,31.1,42.0,24.1,95.0,31.2,53.2,1023,0
2026/7/15,16:30:32,31.0,42.0,24.2,95.0,31.2,53.2,1023,0
2026/7/15,16:30:37,31.1,42.0,24.2,95.0,31.2,53.1,1023,0
2026/7/15,16:30:42,31.0,41.0,24.2,95.0,31.2,53.0,1023,0
2026/7/15,16:30:47,31.0,41.0,24.2,95.0,31.2,53.0,1023,0
2026/7/15,16:30:52,31.0,41.0,24.2,95.0,31.1,53.0,1023,0
2026/7/15,16:30:57,31.0,41.0,24.2,95.0,31.1,53.2,1023,0
2026/7/15,16:31:2,30.9,40.0,24.2,95.0,31.1,53.1,1023,0
2026/7/15,16:31:7,31.0,41.0,24.3,95.0,31.1,53.1,1019,0
2026/7/15,16:31:12,31.0,41.0,24.2,95.0,31.1,53.1,1023,0
2026/7/15,16:31:17,30.9,40.0,24.2,95.0,31.1,53.1,1022,0
2026/7/15,16:31:22,31.0,41.0,24.1,95.0,31.1,53.0,1022,0
2026/7/15,16:31:27,31.0,41.0,24.2,95.0,31.1,53.1,1023,0
2026/7/15,16:31:32,30.9,40.0,24.2,95.0,31.1,53.1,1023,0
2026/7/15,16:31:37,31.0,41.0,24.2,95.0,31.1,53.1,1023,0
2026/7/15,16:31:42,30.9,40.0,24.1,95.0,31.1,53.0,1022,0
2026/7/15,16:31:47,31.0,41.0,24.3,95.0,31.1,53.1,1022,0
2026/7/15,16:31:52,30.8,40.0,24.2,95.0,31.1,53.0,1019,0
2026/7/15,16:31:57,30.9,40.0,24.2,95.0,31.1,53.0,1021,0
2026/7/15,16:32:2,30.9,40.0,24.4,95.0,31.1,53.0,1023,0
2026/7/15,16:32:7,30.9,40.0,24.2,95.0,31.1,53.0,1023,0
2026/7/15,16:32:12,30.9,40.0,24.2,95.0,31.2,53.0,1023,0
2026/7/15,16:32:17,30.9,40.0,24.3,95.0,31.1,53.0,1023,0
2026/7/15,16:32:22,30.8,40.0,24.2,95.0,31.2,53.0,1021,0
2026/7/15,16:32:27,30.8,40.0,24.1,95.0,31.1,53.0,1021,0
2026/7/15,16:32:32,30.9,40.0,24.2,95.0,31.1,53.0,1023,0
2026/7/15,16:32:37,30.7,40.0,24.2,95.0,31.1,53.0,1019,0
2026/7/15,16:32:42,30.7,41.0,24.1,95.0,31.2,53.0,1023,0
2026/7/15,16:32:47,30.8,40.0,24.2,95.0,31.1,53.1,1021,0
2026/7/15,16:32:52,30.8,40.0,24.1,95.0,31.1,53.1,1023,0
2026/7/15,16:32:57,30.7,41.0,24.2,95.0,31.1,53.2,1021,0
2026/7/15,16:33:2,30.8,41.0,24.2,95.0,31.2,53.2,1023,0
2026/7/15,16:33:7,30.7,41.0,24.2,95.0,31.1,53.2,1022,0
2026/7/15,16:33:12,30.4,41.0,24.2,95.0,31.1,53.3,1023,0
2026/7/15,16:33:17,30.7,41.0,24.2,95.0,31.1,53.4,1023,0
2026/7/15,16:33:22,30.7,41.0,24.2,95.0,31.1,53.4,1019,0
2026/7/15,16:33:27,30.5,41.0,24.2,95.0,31.1,53.5,1023,0
2026/7/15,16:33:32,30.7,42.0,24.2,95.0,31.1,53.5,1021,0
2026/7/15,16:33:37,30.7,41.0,24.1,95.0,31.1,53.6,1022,0
2026/7/15,16:33:42,30.6,41.0,24.2,95.0,31.1,53.7,1023,0
2026/7/15,16:33:47,30.6,41.0,24.2,95.0,31.1,53.7,1019,0
2026/7/15,16:33:52,30.7,41.0,24.3,95.0,31.1,53.7,1023,0
2026/7/15,16:33:57,30.7,41.0,24.3,95.0,31.1,53.7,1021,0
2026/7/15,16:34:2,30.5,41.0,24.1,95.0,31.1,53.7,1023,0
2026/7/15,16:34:7,30.7,41.0,24.2,95.0,31.1,53.7,1023,0
2026/7/15,16:34:12,30.6,41.0,24.2,95.0,31.1,53.9,1019,0
2026/7/15,16:34:17,30.5,42.0,24.3,95.0,31.1,53.9,1023,0
2026/7/15,16:34:22,30.6,42.0,24.3,95.0,31.1,53.9,1023,0
2026/7/15,16:34:27,30.5,42.0,24.2,95.0,31.1,54.0,1023,0
2026/7/15,16:34:32,30.7,42.0,24.1,95.0,31.1,54.0,1021,0
2026/7/15,16:34:37,30.5,41.0,24.2,95.0,31.1,53.8,1019,0
2026/7/15,16:34:42,30.7,41.0,24.2,95.0,31.1,53.6,1023,0
2026/7/15,16:34:47,30.5,41.0,24.2,95.0,31.1,53.5,1021,0
2026/7/15,16:34:52,30.5,40.0,24.1,95.0,31.1,53.5,1023,0
2026/7/15,16:34:57,30.5,40.0,24.1,95.0,31.1,53.5,1022,0
2026/7/15,16:35:2,30.7,40.0,24.1,95.0,31.1,53.4,1021,0
2026/7/15,16:35:7,30.5,40.0,24.2,95.0,31.1,53.4,1023,0
2026/7/15,16:35:12,30.3,41.0,24.2,95.0,31.1,53.3,1021,0
2026/7/15,16:35:17,30.5,41.0,24.2,95.0,31.1,53.3,1019,0
2026/7/15,16:35:22,30.2,41.0,24.1,95.0,31.1,53.2,1023,0
2026/7/15,16:35:27,30.3,41.0,24.2,95.0,31.1,53.1,1019,0
2026/7/15,16:35:32,30.3,41.0,24.3,95.0,31.1,53.0,1023,0
2026/7/15,16:35:37,30.4,41.0,24.2,95.0,31.1,53.0,1022,0
2026/7/15,16:35:42,30.3,41.0,24.2,95.0,31.1,53.1,1023,0
2026/7/15,16:35:47,30.3,41.0,24.1,95.0,31.1,53.2,1023,0
2026/7/15,16:35:52,30.4,42.0,24.2,95.0,31.0,53.3,1022,0
2026/7/15,16:35:57,30.2,42.0,24.2,95.0,31.0,53.2,1021,0
2026/7/15,16:36:2,30.3,41.0,24.2,95.0,31.0,53.3,1023,0
2026/7/15,16:36:7,30.3,41.0,24.4,95.0,31.0,53.2,1023,0
2026/7/15,16:36:12,30.1,41.0,24.3,95.0,31.0,53.1,1022,0
2026/7/15,16:36:17,30.4,41.0,24.3,95.0,31.0,53.0,1022,0
2026/7/15,16:36:22,30.2,41.0,24.2,95.0,31.0,53.0,1021,0
2026/7/15,16:36:27,30.2,42.0,24.2,95.0,31.0,53.1,1023,0
2026/7/15,16:36:32,30.3,42.0,24.2,95.0,31.0,53.1,1021,0
2026/7/15,16:36:37,30.2,42.0,24.2,95.0,31.0,53.2,1023,0
2026/7/15,16:36:42,30.3,42.0,24.2,95.0,31.0,53.2,1021,0
2026/7/15,16:36:47,30.2,42.0,24.2,95.0,30.9,53.3,1023,0
2026/7/15,16:36:52,30.2,42.0,24.1,95.0,30.9,53.3,1023,0
2026/7/15,16:36:57,30.2,42.0,24.1,95.0,30.9,53.3,1023,0
2026/7/15,16:37:2,30.4,42.0,24.3,95.0,30.9,53.4,1019,0
2026/7/15,16:37:7,30.2,42.0,24.3,95.0,30.9,53.6,1023,0
2026/7/15,16:37:12,30.4,41.0,24.2,95.0,30.9,53.5,1019,0
2026/7/15,16:37:17,30.2,41.0,24.2,95.0,30.9,53.6,1022,0
2026/7/15,16:37:22,30.3,41.0,24.2,95.0,30.9,53.6,1023,0
2026/7/15,16:37:27,30.2,41.0,24.1,95.0,30.9,53.6,1021,0
2026/7/15,16:37:32,30.4,41.0,24.3,95.0,30.9,53.6,1023,0
2026/7/15,16:37:38,30.5,41.0,24.1,95.0,30.9,53.6,1021,0
2026/7/15,16:37:43,30.3,42.0,24.2,95.0,30.9,53.7,1022,0
2026/7/15,16:37:48,30.5,42.0,24.2,95.0,30.9,53.6,1023,0
2026/7/15,16:37:53,30.4,42.0,24.3,95.0,30.9,53.6,1021,0
2026/7/15,16:37:58,30.3,42.0,24.2,95.0,30.9,53.4,1023,0
2026/7/15,16:38:3,30.2,42.0,24.2,95.0,30.8,53.3,1021,0
2026/7/15,16:38:8,30.2,42.0,24.3,95.0,30.8,53.4,1021,0
2026/7/15,16:38:13,30.2,42.0,24.2,95.0,30.8,53.4,1023,0
2026/7/15,16:38:18,30.2,42.0,24.2,95.0,30.8,53.5,1022,0
2026/7/15,16:38:23,30.0,42.0,24.1,95.0,30.8,53.6,1019,0
2026/7/15,16:38:28,30.3,42.0,24.3,95.0,30.8,53.6,1021,0
2026/7/15,16:38:33,30.5,42.0,24.2,95.0,30.8,53.7,1021,0
2026/7/15,16:38:38,30.1,42.0,24.3,95.0,30.8,53.6,1021,0
2026/7/15,16:38:43,30.2,42.0,24.2,95.0,30.8,53.7,1023,0
2026/7/15,16:38:48,30.2,42.0,24.2,95.0,30.8,53.7,1023,0
2026/7/15,16:38:53,30.3,42.0,24.2,95.0,30.8,53.7,1022,0
2026/7/15,16:38:58,30.3,42.0,24.3,95.0,30.8,53.7,1021,0
2026/7/15,16:39:3,30.2,42.0,24.2,95.0,30.8,53.8,1023,0
2026/7/15,16:39:8,30.2,42.0,24.3,95.0,30.8,53.8,1023,0
2026/7/15,16:39:13,30.2,42.0,24.3,95.0,30.8,53.8,1019,0
2026/7/15,16:39:18,30.4,42.0,24.2,95.0,30.8,53.9,1023,0
2026/7/15,16:39:23,30.2,42.0,24.3,95.0,30.8,54.0,1019,0
2026/7/15,16:39:28,30.2,42.0,24.2,95.0,30.8,53.9,1019,0
2026/7/15,16:39:33,30.2,42.0,24.2,95.0,30.7,53.9,1019,0
2026/7/15,16:39:38,30.1,42.0,24.2,95.0,30.7,54.0,1021,0
2026/7/15,16:39:43,30.1,42.0,24.2,95.0,30.7,54.1,1019,0
2026/7/15,16:39:48,30.2,42.0,24.2,95.0,30.7,54.2,1022,0
2026/7/15,16:39:53,30.1,42.0,24.2,95.0,30.7,54.2,1022,0
2026/7/15,16:39:58,30.1,43.0,24.2,95.0,30.7,54.2,1023,0
2026/7/15,16:40:3,30.2,42.0,24.1,95.0,30.7,54.3,1022,0
2026/7/15,16:40:8,30.2,42.0,24.2,95.0,30.7,54.3,1023,0
2026/7/15,16:40:13,30.2,42.0,24.2,95.0,30.7,54.2,1023,0
2026/7/15,16:40:18,30.2,42.0,24.2,95.0,30.7,54.1,1023,0
2026/7/15,16:40:23,30.0,42.0,24.1,95.0,30.7,54.1,1019,0
2026/7/15,16:40:28,29.9,42.0,24.2,95.0,30.7,54.1,1023,0
2026/7/15,16:40:33,30.1,42.0,24.1,95.0,30.6,54.2,1021,0
2026/7/15,16:40:38,30.0,42.0,24.1,95.0,30.6,54.2,1023,0
2026/7/15,16:40:43,30.1,42.0,24.3,95.0,30.6,54.2,1023,0
2026/7/15,16:40:48,30.0,42.0,24.3,95.0,30.6,54.2,1023,0
2026/7/15,16:40:53,29.9,42.0,24.3,95.0,30.6,54.1,1021,0
2026/7/15,16:40:58,29.9,42.0,24.1,95.0,30.6,53.9,1022,0
2026/7/15,16:41:3,29.9,42.0,24.2,95.0,30.6,53.7,1022,0
2026/7/15,16:41:8,29.9,42.0,24.2,95.0,30.6,53.7,1023,0
2026/7/15,16:41:13,29.9,42.0,24.2,95.0,30.6,53.6,1019,0
2026/7/15,16:41:18,29.8,42.0,24.2,95.0,30.5,53.6,1022,0
2026/7/15,16:41:23,29.8,42.0,24.2,95.0,30.5,53.5,1019,0
2026/7/15,16:41:28,29.8,42.0,24.2,95.0,30.5,53.6,1023,0
2026/7/15,16:41:33,29.9,42.0,24.3,95.0,30.5,53.7,1022,0
2026/7/15,16:41:38,29.9,42.0,24.2,95.0,30.5,53.8,1021,0
2026/7/15,16:41:43,29.8,42.0,24.2,95.0,30.5,53.8,1022,0
2026/7/15,16:41:48,29.8,42.0,24.2,95.0,30.5,53.9,1022,0
2026/7/15,16:41:53,29.8,42.0,24.1,95.0,30.5,54.0,1019,0
2026/7/15,16:41:58,29.8,43.0,24.2,95.0,30.5,54.1,1023,0
2026/7/15,16:42:3,29.8,43.0,24.2,95.0,30.5,54.1,1023,0
2026/7/15,16:42:8,29.8,43.0,24.3,95.0,30.5,54.1,1022,0
2026/7/15,16:42:13,29.8,43.0,24.1,95.0,30.5,54.2,1019,0
2026/7/15,16:42:18,29.8,44.0,24.2,95.0,30.5,54.2,1023,0
2026/7/15,16:42:23,29.8,44.0,24.2,95.0,30.4,54.2,1023,0
2026/7/15,16:42:28,29.8,43.0,24.3,95.0,30.4,54.3,1023,0
2026/7/15,16:42:33,29.8,43.0,24.1,95.0,30.4,54.3,1021,0
2026/7/15,16:42:38,29.8,43.0,24.3,95.0,30.4,54.3,1023,0
2026/7/15,16:42:43,29.8,43.0,24.2,95.0,30.4,54.3,1021,0
2026/7/15,16:42:48,29.8,43.0,24.2,95.0,30.4,54.4,1023,0
2026/7/15,16:42:53,29.8,43.0,24.2,95.0,30.4,54.4,1023,0
2026/7/15,16:42:58,29.7,43.0,24.3,95.0,30.4,54.4,1022,0
2026/7/15,16:43:3,29.8,43.0,24.2,95.0,30.4,54.6,1023,0
2026/7/15,16:43:8,29.7,43.0,24.2,95.0,30.4,54.5,1023,0
2026/7/15,16:43:13,29.7,43.0,24.3,95.0,30.4,54.5,1023,0
2026/7/15,16:43:18,29.7,43.0,24.1,95.0,30.4,54.5,1023,0
2026/7/15,16:43:23,29.7,43.0,24.2,95.0,30.3,54.6,1022,0
2026/7/15,16:43:28,29.7,43.0,24.2,95.0,30.3,54.6,1022,0
2026/7/15,16:43:33,29.7,43.0,24.2,95.0,30.3,54.6,1021,0
2026/7/15,16:43:38,29.7,43.0,24.1,95.0,30.3,54.6,1021,0
2026/7/15,16:43:43,29.6,43.0,24.2,95.0,30.3,54.5,1023,0
2026/7/15,16:43:48,29.7,43.0,24.2,95.0,30.3,54.5,1022,0
2026/7/15,16:43:53,29.6,43.0,24.2,95.0,30.3,54.5,1021,0
2026/7/15,16:43:58,29.6,43.0,24.2,95.0,30.3,54.5,1021,0
2026/7/15,16:44:3,29.6,43.0,24.2,95.0,30.2,54.6,1019,0
2026/7/15,16:44:8,29.6,43.0,24.2,95.0,30.2,54.7,1023,0
2026/7/15,16:44:13,29.6,44.0,24.2,95.0,30.2,54.7,1023,0
2026/7/15,16:44:18,29.6,44.0,24.2,95.0,30.2,54.7,1021,0
2026/7/15,16:44:23,29.6,44.0,24.2,95.0,30.2,54.7,1021,0
2026/7/15,16:44:28,29.6,44.0,24.2,95.0,30.2,54.8,1022,0
2026/7/15,16:44:33,29.6,44.0,24.2,95.0,30.2,54.8,1021,0
2026/7/15,16:44:38,29.6,44.0,24.2,95.0,30.2,54.8,1021,0
2026/7/15,16:44:43,29.4,44.0,24.2,95.0,30.2,54.8,1023,0
2026/7/15,16:44:48,29.5,44.0,24.3,95.0,30.2,54.9,1019,0
2026/7/15,16:44:53,29.5,44.0,24.1,95.0,30.2,54.9,1021,0
2026/7/15,16:44:58,29.3,44.0,24.2,95.0,30.2,54.9,1019,0
2026/7/15,16:45:3,29.5,44.0,24.1,95.0,30.2,55.0,1023,0
2026/7/15,16:45:8,29.4,44.0,24.2,95.0,30.2,55.0,1022,0
2026/7/15,16:45:13,29.5,44.0,24.1,95.0,30.1,55.0,1022,0
2026/7/15,16:45:18,29.2,44.0,24.2,95.0,30.1,54.8,1023,0
2026/7/15,16:45:23,29.3,44.0,24.2,95.0,30.1,54.8,1019,0
2026/7/15,16:45:28,29.5,44.0,24.2,95.0,30.1,54.9,1021,0
2026/7/15,16:45:33,29.3,44.0,24.2,95.0,30.1,54.9,1022,0
2026/7/15,16:45:38,29.2,44.0,24.3,95.0,30.0,54.9,1023,0
2026/7/15,16:45:43,29.2,44.0,24.2,95.0,30.0,54.9,1021,0
2026/7/15,16:45:48,29.3,44.0,24.2,95.0,30.0,55.0,1019,0
2026/7/15,16:45:53,29.2,44.0,24.2,95.0,30.0,55.0,1023,0
2026/7/15,16:45:58,29.3,44.0,24.2,95.0,30.0,55.1,1019,0
2026/7/15,16:46:3,29.2,44.0,24.2,95.0,30.0,54.9,1019,0
2026/7/15,16:46:8,29.3,44.0,24.2,95.0,30.0,54.9,1019,0
2026/7/15,16:46:13,29.2,44.0,24.2,95.0,30.0,54.9,1019,0
2026/7/15,16:46:18,29.2,44.0,24.2,95.0,29.9,54.9,1023,0
2026/7/15,16:46:23,29.2,43.0,24.1,95.0,30.0,54.9,1022,0
2026/7/15,16:46:28,29.2,43.0,24.2,95.0,29.9,54.8,1019,0
2026/7/15,16:46:33,29.1,43.0,24.5,95.0,29.9,54.9,1019,0
2026/7/15,16:46:38,29.1,44.0,24.2,95.0,29.9,54.9,1019,0
2026/7/15,16:46:43,29.2,44.0,24.2,95.0,29.9,54.8,1019,0
2026/7/15,16:46:48,29.1,44.0,24.2,95.0,29.9,54.7,1023,0
2026/7/15,16:46:53,29.1,44.0,24.1,95.0,29.9,54.8,1019,0
2026/7/15,16:46:58,29.1,44.0,24.2,95.0,29.9,54.9,1019,0
2026/7/15,16:47:3,29.1,44.0,24.3,95.0,29.9,54.8,1019,0
2026/7/15,16:47:8,29.1,44.0,24.2,95.0,29.9,54.7,1021,0
2026/7/15,16:47:13,29.1,44.0,24.2,95.0,29.9,54.7,1023,0
2026/7/15,16:47:18,29.0,44.0,24.2,95.0,29.8,54.7,1023,0
2026/7/15,16:47:23,29.0,44.0,24.2,95.0,29.8,54.6,1023,0
2026/7/15,16:47:28,28.9,43.0,24.2,95.0,29.8,54.5,1019,0
2026/7/15,16:47:33,29.0,44.0,24.2,95.0,29.8,54.5,1023,0
2026/7/15,16:47:38,29.0,44.0,24.4,95.0,29.8,54.5,1023,0
2026/7/15,16:47:43,28.9,44.0,24.2,95.0,29.8,54.6,1021,0
2026/7/15,16:47:48,28.8,44.0,24.2,95.0,29.8,54.6,1023,0
2026/7/15,16:47:53,29.0,45.0,24.2,95.0,29.8,54.6,1021,0
2026/7/15,16:47:58,28.8,44.0,24.2,95.0,29.8,54.8,1022,0
2026/7/15,16:48:3,29.0,45.0,24.3,95.0,29.8,54.8,1023,0
2026/7/15,16:48:8,28.8,44.0,24.2,95.0,29.8,55.0,1022,0
2026/7/15,16:48:13,29.0,45.0,24.2,95.0,29.8,55.1,1023,0
2026/7/15,16:48:18,28.8,44.0,24.2,95.0,29.8,55.1,1023,0
2026/7/15,16:48:23,28.8,44.0,24.2,95.0,29.8,55.2,1023,0
2026/7/15,16:48:28,28.8,44.0,24.3,95.0,29.8,55.3,1021,0
2026/7/15,16:48:33,28.8,44.0,24.2,95.0,29.7,55.3,1023,0
2026/7/15,16:48:38,28.8,44.0,24.5,95.0,29.7,55.3,1021,0
2026/7/15,16:48:43,28.8,44.0,24.3,95.0,29.7,55.3,1023,0
2026/7/15,16:48:48,28.8,44.0,24.2,95.0,29.7,55.2,1023,0
2026/7/15,16:48:53,28.8,44.0,24.2,95.0,29.7,55.4,1023,0
2026/7/15,16:48:58,28.7,44.0,24.2,95.0,29.7,55.4,1023,0
2026/7/15,16:49:3,28.8,44.0,24.1,95.0,29.7,55.4,1023,0
2026/7/15,16:49:8,28.8,44.0,24.2,95.0,29.7,55.4,1023,0
2026/7/15,16:49:13,28.8,44.0,24.4,95.0,29.7,55.5,1019,0
2026/7/15,16:49:18,28.7,45.0,24.3,95.0,29.7,55.5,1023,0
2026/7/15,16:49:24,28.8,44.0,24.2,95.0,29.7,55.5,1019,0
2026/7/15,16:49:29,28.8,44.0,24.2,95.0,29.7,55.5,1021,0
2026/7/15,16:49:34,28.8,44.0,24.3,95.0,29.7,55.7,1022,0
2026/7/15,16:49:39,28.8,44.0,24.2,95.0,29.6,55.7,1023,0
2026/7/15,16:49:44,28.7,44.0,24.2,95.0,29.6,55.6,1022,0
2026/7/15,16:49:49,28.8,44.0,24.2,95.0,29.6,55.4,1021,0
2026/7/15,16:49:54,28.8,44.0,24.2,95.0,29.6,55.1,1022,0
2026/7/15,16:49:59,28.8,44.0,24.3,95.0,29.6,54.9,1023,0
2026/7/15,16:50:4,28.7,44.0,24.2,95.0,29.6,54.9,1023,0
2026/7/15,16:50:9,28.8,44.0,24.2,95.0,29.6,55.0,1023,0
2026/7/15,16:50:14,28.8,44.0,24.2,95.0,29.6,55.1,1023,0
2026/7/15,16:50:19,28.8,44.0,24.2,95.0,29.6,55.1,1021,0
2026/7/15,16:50:24,28.8,44.0,24.2,95.0,29.6,55.2,1019,0
2026/7/15,16:50:29,28.7,44.0,24.3,95.0,29.6,55.2,1019,0
2026/7/15,16:50:34,28.7,44.0,24.2,95.0,29.6,55.2,1023,0
2026/7/15,16:50:39,28.8,44.0,24.3,95.0,29.5,55.3,1021,0
2026/7/15,16:50:44,28.8,44.0,24.3,95.0,29.5,55.4,1023,0
2026/7/15,16:50:49,28.7,44.0,24.2,95.0,29.6,55.5,1019,0
2026/7/15,16:50:54,28.8,44.0,24.3,95.0,29.5,55.4,1023,0
2026/7/15,16:50:59,28.7,44.0,24.2,95.0,29.6,55.3,1022,0
2026/7/15,16:51:4,28.8,44.0,24.3,95.0,29.5,55.4,1023,0
2026/7/15,16:51:9,28.7,44.0,24.2,95.0,29.5,55.4,1023,0
2026/7/15,16:51:14,28.7,44.0,24.2,95.0,29.5,55.3,1023,0
2026/7/15,16:51:19,28.8,44.0,24.3,95.0,29.5,55.4,1023,0
2026/7/15,16:51:24,28.7,44.0,24.2,95.0,29.5,55.4,1023,0
2026/7/15,16:51:29,28.8,44.0,24.3,95.0,29.5,55.5,1019,0
2026/7/15,16:51:34,28.8,44.0,24.3,95.0,29.5,55.5,1019,0
2026/7/15,16:51:39,28.8,44.0,24.3,95.0,29.5,55.5,1022,0
2026/7/15,16:51:44,28.8,44.0,24.2,95.0,29.5,55.5,1021,0
2026/7/15,16:51:49,28.8,44.0,24.2,95.0,29.5,55.5,1021,0
2026/7/15,16:51:54,28.7,44.0,24.2,95.0,29.5,55.5,1019,0
2026/7/15,16:51:59,28.8,44.0,24.2,95.0,29.4,55.5,1023,0
2026/7/15,16:52:4,28.7,44.0,24.2,95.0,29.4,55.5,1021,0
2026/7/15,16:52:9,28.8,45.0,24.3,95.0,29.4,55.6,1022,0
2026/7/15,16:52:14,28.8,45.0,24.3,95.0,29.4,55.6,1023,0
2026/7/15,16:52:19,28.7,45.0,24.3,95.0,29.4,55.6,1023,0
2026/7/15,16:52:24,28.8,45.0,24.3,95.0,29.4,55.7,1023,0
2026/7/15,16:52:29,28.8,45.0,24.2,95.0,29.4,55.7,1021,0
2026/7/15,16:52:34,28.8,45.0,24.3,95.0,29.4,55.8,1022,0
2026/7/15,16:52:39,28.8,45.0,24.3,95.0,29.4,55.9,1023,0
2026/7/15,16:52:44,28.7,45.0,24.3,95.0,29.4,55.9,1019,0
2026/7/15,16:52:49,28.8,45.0,24.2,95.0,29.4,56.0,1023,0
2026/7/15,16:52:54,28.8,45.0,24.3,95.0,29.4,56.0,1021,0
2026/7/15,16:52:59,28.8,45.0,24.2,95.0,29.4,56.0,1019,0
2026/7/15,16:53:4,28.8,45.0,24.2,95.0,29.4,56.3,1023,0
2026/7/15,16:53:9,28.8,45.0,24.2,95.0,29.4,56.4,1023,0
2026/7/15,16:53:14,28.8,45.0,24.2,95.0,29.3,56.5,1023,0
2026/7/15,16:53:19,28.8,45.0,24.2,95.0,29.4,56.6,1023,0
2026/7/15,16:53:24,28.8,45.0,24.3,95.0,29.3,56.6,1021,0
2026/7/15,16:53:29,28.8,45.0,24.3,95.0,29.3,56.7,1019,0
2026/7/15,16:53:34,28.8,45.0,24.3,95.0,29.3,56.8,1021,0
2026/7/15,16:53:39,28.8,45.0,24.3,95.0,29.3,56.8,1023,0
2026/7/15,16:53:44,28.8,45.0,24.3,95.0,29.3,56.8,1021,0
2026/7/15,16:53:49,28.8,45.0,24.2,95.0,29.3,56.7,1021,0
2026/7/15,16:53:54,28.8,45.0,24.2,95.0,29.3,56.7,1021,0
2026/7/15,16:53:59,28.8,45.0,24.3,95.0,29.3,56.7,1019,0
2026/7/15,16:54:4,28.8,45.0,24.2,95.0,29.3,56.7,1022,0
2026/7/15,16:54:9,28.8,45.0,24.3,95.0,29.2,56.7,1022,0
2026/7/15,16:54:14,28.8,45.0,24.4,95.0,29.2,56.7,1023,0
2026/7/15,16:54:19,28.8,45.0,24.3,95.0,29.3,56.7,1021,0
2026/7/15,16:54:24,28.8,45.0,24.3,95.0,29.3,56.8,1019,0
2026/7/15,16:54:29,28.8,45.0,24.2,95.0,29.2,56.8,1021,0
2026/7/15,16:54:34,28.8,45.0,24.2,95.0,29.2,56.8,1023,0
2026/7/15,16:54:39,28.8,45.0,24.2,95.0,29.2,56.8,1023,0
2026/7/15,16:54:44,28.8,45.0,24.3,95.0,29.2,56.9,1019,0
2026/7/15,16:54:49,28.7,45.0,24.2,95.0,29.2,56.9,1022,0
2026/7/15,16:54:54,28.8,45.0,24.2,95.0,29.2,56.9,1021,0
2026/7/15,16:54:59,28.7,45.0,24.2,95.0,29.2,56.9,1023,0
2026/7/15,16:55:4,28.7,45.0,24.2,95.0,29.2,57.0,1023,0
2026/7/15,16:55:9,28.8,45.0,24.2,95.0,29.2,57.1,1021,0
2026/7/15,16:55:14,28.7,45.0,24.2,95.0,29.2,57.1,1023,0
2026/7/15,16:55:19,28.7,46.0,24.3,95.0,29.2,57.1,1023,0
2026/7/15,16:55:24,28.7,46.0,24.2,95.0,29.2,57.1,1023,0
2026/7/15,16:55:29,28.5,46.0,24.2,95.0,29.2,57.1,1019,0
2026/7/15,16:55:34,28.7,46.0,24.2,95.0,29.2,57.1,1021,0
2026/7/15,16:55:39,28.6,46.0,24.3,95.0,29.2,57.2,1021,0
2026/7/15,16:55:44,28.7,46.0,24.2,95.0,29.2,57.2,1023,0
2026/7/15,16:55:49,28.5,46.0,24.2,95.0,29.1,57.3,1023,0
2026/7/15,16:55:54,28.6,46.0,24.2,95.0,29.1,57.3,1023,0
2026/7/15,16:55:59,28.5,46.0,24.3,95.0,29.1,57.5,1023,0
2026/7/15,16:56:4,28.4,47.0,24.3,95.0,29.1,57.5,1023,0
2026/7/15,16:56:9,28.4,46.0,24.2,95.0,29.1,57.4,1019,0
2026/7/15,16:56:14,28.4,46.0,24.3,95.0,29.1,57.4,1021,0
2026/7/15,16:56:19,28.4,46.0,24.2,95.0,29.1,57.4,1021,0
2026/7/15,16:56:24,28.5,46.0,24.2,95.0,29.1,57.4,1023,0
2026/7/15,16:56:29,28.2,46.0,24.3,95.0,29.1,57.2,1021,0
2026/7/15,16:56:34,28.2,46.0,24.2,95.0,29.1,57.0,1019,0
2026/7/15,16:56:39,28.2,46.0,24.2,95.0,29.1,57.0,1023,0
2026/7/15,16:56:44,28.2,46.0,24.3,95.0,29.0,57.0,1019,0
2026/7/15,16:56:49,28.2,46.0,24.3,95.0,29.0,57.0,1022,0
2026/7/15,16:56:54,28.1,46.0,24.2,95.0,29.0,57.1,1022,0
2026/7/15,16:56:59,28.1,47.0,24.3,95.0,29.0,57.2,1019,0
2026/7/15,16:57:4,28.3,47.0,24.3,95.0,29.0,57.3,1019,0
2026/7/15,16:57:9,28.0,47.0,24.3,95.0,29.0,57.3,1019,0
2026/7/15,16:57:14,28.1,47.0,24.2,95.0,29.0,57.3,1019,0
2026/7/15,16:57:19,28.1,47.0,24.3,95.0,29.0,57.5,1023,0
2026/7/15,16:57:24,27.9,46.0,24.3,95.0,29.0,57.6,1021,0
2026/7/15,16:57:29,27.9,46.0,24.3,95.0,29.0,57.6,1023,0
2026/7/15,16:57:34,28.1,47.0,24.2,95.0,29.0,57.6,1023,0
2026/7/15,16:57:39,27.8,46.0,24.3,95.0,28.9,57.7,1021,0
2026/7/15,16:57:44,28.0,47.0,24.3,95.0,28.9,57.8,1023,0
2026/7/15,16:57:49,27.8,46.0,24.3,95.0,28.9,57.8,1023,0
2026/7/15,16:57:54,27.8,46.0,24.4,95.0,28.9,57.8,1021,0
2026/7/15,16:57:59,27.8,46.0,24.3,95.0,28.9,57.9,1022,0
2026/7/15,16:58:4,27.8,46.0,24.2,95.0,28.9,57.8,1023,0
2026/7/15,16:58:9,27.8,46.0,24.3,95.0,28.9,57.8,1019,0
2026/7/15,16:58:14,27.8,46.0,24.2,95.0,28.9,57.8,1021,0
2026/7/15,16:58:19,27.7,46.0,24.3,95.0,28.9,57.8,1019,0
2026/7/15,16:58:24,27.7,47.0,24.3,95.0,28.9,57.8,1022,0
2026/7/15,16:58:29,27.8,47.0,24.3,95.0,28.9,57.9,1019,0
2026/7/15,16:58:34,27.7,47.0,24.3,95.0,28.8,58.0,1023,0
2026/7/15,16:58:39,27.7,47.0,24.3,95.0,28.8,58.0,1021,0
2026/7/15,16:58:44,27.7,47.0,24.3,95.0,28.8,57.9,1021,0
2026/7/15,16:58:49,27.6,47.0,24.3,95.0,28.8,57.9,1023,0
2026/7/15,16:58:54,27.7,47.0,24.3,95.0,28.8,57.8,1023,0
2026/7/15,16:58:59,27.7,47.0,24.3,95.0,28.8,57.8,1023,0
2026/7/15,16:59:4,27.7,47.0,24.3,95.0,28.8,57.8,1019,0
2026/7/15,16:59:9,27.6,47.0,24.4,95.0,28.8,57.8,1021,0
2026/7/15,16:59:14,27.7,47.0,24.3,95.0,28.8,57.9,1023,0
2026/7/15,16:59:19,27.6,47.0,24.3,95.0,28.8,57.9,1021,0
2026/7/15,16:59:24,27.6,47.0,24.3,95.0,28.8,57.9,1023,0
2026/7/15,16:59:29,27.6,47.0,24.3,95.0,28.7,58.0,1022,0
2026/7/15,16:59:34,27.7,47.0,24.3,95.0,28.7,58.0,1023,0
2026/7/15,16:59:39,27.6,47.0,24.2,95.0,28.7,58.0,1021,0
2026/7/15,16:59:44,27.6,47.0,24.2,95.0,28.7,58.1,1023,0
2026/7/15,16:59:49,27.6,47.0,24.3,95.0,28.7,58.1,1019,0
2026/7/15,16:59:54,27.6,48.0,24.3,95.0,28.7,58.2,1021,0
2026/7/15,16:59:59,27.6,48.0,24.3,95.0,28.7,58.2,1023,0
2026/7/15,17:0:4,27.6,48.0,24.3,95.0,28.7,58.2,1022,0
2026/7/15,17:0:9,27.6,48.0,24.3,95.0,28.7,58.2,1023,0
2026/7/15,17:0:14,27.6,48.0,24.3,95.0,28.7,58.3,1022,0
2026/7/15,17:0:19,27.6,48.0,24.3,95.0,28.7,58.3,1022,0
2026/7/15,17:0:24,27.6,48.0,24.3,95.0,28.7,58.3,1022,0
2026/7/15,17:0:29,27.6,49.0,24.3,95.0,28.7,58.4,1023,0
2026/7/15,17:0:34,27.5,49.0,24.3,95.0,28.7,58.5,1023,0
2026/7/15,17:0:39,27.5,49.0,24.3,95.0,28.7,58.5,1019,0
2026/7/15,17:0:44,27.3,49.0,24.3,95.0,28.7,58.5,1021,0
2026/7/15,17:0:50,27.5,50.0,24.3,95.0,28.7,58.6,1019,0
2026/7/15,17:0:55,27.4,50.0,24.3,95.0,28.7,58.6,1021,0
2026/7/15,17:1:0,27.5,50.0,24.3,95.0,28.6,58.7,1019,0
2026/7/15,17:1:5,27.5,50.0,24.3,95.0,28.6,58.7,1022,0
2026/7/15,17:1:10,27.4,49.0,24.3,95.0,28.6,58.8,1021,0
2026/7/15,17:1:15,27.5,49.0,24.2,95.0,28.6,58.8,1023,0
2026/7/15,17:1:20,27.3,49.0,24.3,95.0,28.6,58.8,1022,0
2026/7/15,17:1:25,27.5,49.0,24.3,95.0,28.6,58.8,1023,0
2026/7/15,17:1:30,27.3,48.0,24.2,95.0,28.6,58.5,1022,0
2026/7/15,17:1:35,27.4,48.0,24.3,95.0,28.6,58.4,1019,0
2026/7/15,17:1:40,27.2,48.0,24.4,95.0,28.6,58.4,1021,0
2026/7/15,17:1:45,27.3,48.0,24.3,95.0,28.6,58.4,1023,0
2026/7/15,17:1:50,27.3,48.0,24.3,95.0,28.6,58.5,1021,0
2026/7/15,17:1:55,27.3,49.0,24.5,95.0,28.5,58.6,1022,0
2026/7/15,17:2:0,27.1,49.0,24.3,95.0,28.5,58.6,1019,0
2026/7/15,17:2:5,27.1,49.0,24.3,95.0,28.6,58.7,1023,0
2026/7/15,17:2:10,27.2,49.0,24.3,95.0,28.5,58.7,1023,0
2026/7/15,17:2:15,26.9,49.0,24.3,95.0,28.5,58.8,1021,0
2026/7/15,17:2:20,27.1,49.0,24.3,95.0,28.5,58.8,1019,0
2026/7/15,17:2:25,27.1,49.0,24.3,95.0,28.5,58.9,1021,0
2026/7/15,17:2:30,27.2,49.0,24.3,95.0,28.5,58.9,1023,0
2026/7/15,17:2:35,27.1,49.0,24.3,95.0,28.5,58.9,1019,0
2026/7/15,17:2:40,26.9,49.0,24.3,95.0,28.5,59.0,1023,0
2026/7/15,17:2:45,27.1,49.0,24.3,95.0,28.5,59.1,1022,0
2026/7/15,17:2:50,27.0,49.0,24.3,95.0,28.5,59.1,1023,0
2026/7/15,17:2:55,27.3,50.0,24.3,95.0,28.5,59.2,1019,0
2026/7/15,17:3:0,27.1,50.0,24.4,95.0,28.5,59.2,1023,0
2026/7/15,17:3:5,27.0,50.0,24.3,95.0,28.5,59.2,1023,0
2026/7/15,17:3:10,27.2,50.0,24.3,95.0,28.4,59.2,1022,0
2026/7/15,17:3:15,26.9,50.0,24.3,95.0,28.4,59.3,1023,0
2026/7/15,17:3:20,27.1,50.0,24.4,95.0,28.4,59.3,1019,0
2026/7/15,17:3:25,27.0,50.0,24.3,95.0,28.4,59.5,1023,0
2026/7/15,17:3:30,27.0,50.0,24.3,95.0,28.4,59.4,1019,0
2026/7/15,17:3:35,27.1,50.0,24.3,95.0,28.4,59.5,1023,0
2026/7/15,17:3:40,27.2,50.0,24.3,95.0,28.4,59.5,1019,0
2026/7/15,17:3:45,26.8,50.0,24.4,95.0,28.4,59.5,1023,0
2026/7/15,17:3:50,26.8,50.0,24.3,95.0,28.4,59.5,1019,0
2026/7/15,17:3:55,26.8,50.0,24.4,95.0,28.4,59.5,1023,0
2026/7/15,17:4:0,26.9,50.0,24.3,95.0,28.4,59.5,1021,0
2026/7/15,17:4:5,26.8,50.0,24.4,95.0,28.4,59.6,1023,0
2026/7/15,17:4:10,26.7,50.0,24.3,95.0,28.4,59.6,1023,0
2026/7/15,17:4:15,26.7,50.0,24.3,95.0,28.3,59.7,1023,0
2026/7/15,17:4:20,27.1,51.0,24.3,95.0,28.4,59.7,1022,0
2026/7/15,17:4:25,27.0,51.0,24.3,95.0,28.4,59.8,1023,0
2026/7/15,17:4:30,26.8,51.0,24.3,95.0,28.3,59.8,1023,0
2026/7/15,17:4:35,26.7,50.0,24.3,95.0,28.3,59.8,1023,0
2026/7/15,17:4:40,26.8,50.0,24.3,95.0,28.3,59.8,1023,0
2026/7/15,17:4:45,26.7,50.0,24.3,95.0,28.3,59.8,1023,0
2026/7/15,17:4:50,26.7,51.0,24.3,95.0,28.3,59.8,1021,0
2026/7/15,17:4:55,26.7,51.0,24.3,95.0,28.3,59.9,1023,0
2026/7/15,17:5:0,26.7,51.0,24.4,95.0,28.3,60.0,1019,0
2026/7/15,17:5:5,27.1,51.0,24.3,95.0,28.3,60.1,1019,0
2026/7/15,17:5:10,26.7,52.0,24.3,95.0,28.3,60.2,1023,0
2026/7/15,17:5:15,26.7,51.0,24.3,95.0,28.3,60.2,1023,0
2026/7/15,17:5:20,26.8,51.0,24.3,95.0,28.3,60.2,1019,0
2026/7/15,17:5:25,26.7,51.0,24.3,95.0,28.3,60.2,1023,0
2026/7/15,17:5:30,26.7,51.0,24.4,95.0,28.2,60.2,1023,0
2026/7/15,17:5:35,26.6,51.0,24.3,95.0,28.2,60.1,1023,0
2026/7/15,17:5:40,26.7,51.0,24.3,95.0,28.2,60.1,1023,0
2026/7/15,17:5:45,26.6,51.0,24.3,95.0,28.2,60.2,1019,0
2026/7/15,17:5:50,26.7,51.0,24.4,95.0,28.2,60.2,1019,0
2026/7/15,17:5:55,26.6,51.0,24.3,95.0,28.2,60.2,1022,0
2026/7/15,17:6:0,26.6,51.0,24.4,95.0,28.2,60.2,1023,0
2026/7/15,17:6:5,26.7,52.0,24.3,95.0,28.2,60.3,1022,0
2026/7/15,17:6:10,26.6,52.0,24.3,95.0,28.2,60.4,1022,0
2026/7/15,17:6:15,26.6,52.0,24.4,95.0,28.2,60.5,1022,0
2026/7/15,17:6:20,26.6,52.0,24.3,95.0,28.2,60.6,1022,0
2026/7/15,17:6:25,26.5,52.0,24.3,95.0,28.2,60.5,1019,0
2026/7/15,17:6:30,26.5,52.0,24.4,95.0,28.2,60.6,1021,0
2026/7/15,17:6:35,26.7,52.0,24.4,95.0,28.2,60.6,1023,0
2026/7/15,17:6:40,26.6,52.0,24.3,95.0,28.1,60.7,1023,0
2026/7/15,17:6:45,26.6,52.0,24.3,95.0,28.2,60.7,1021,0
2026/7/15,17:6:50,26.6,52.0,24.3,95.0,28.1,60.8,1023,0
2026/7/15,17:6:55,26.6,53.0,24.4,95.0,28.1,60.8,1021,0
2026/7/15,17:7:0,26.5,52.0,24.4,95.0,28.1,60.9,1023,0
2026/7/15,17:7:5,26.5,52.0,24.4,95.0,28.1,60.9,1019,0
2026/7/15,17:7:10,26.5,52.0,24.4,95.0,28.1,60.9,1021,0
2026/7/15,17:7:15,26.5,52.0,24.3,95.0,28.1,60.9,1023,0
2026/7/15,17:7:20,26.6,52.0,24.3,95.0,28.1,60.9,1019,0
2026/7/15,17:7:25,26.5,52.0,24.3,95.0,28.1,60.9,1023,0
2026/7/15,17:7:30,26.5,52.0,24.3,95.0,28.1,61.0,1023,0
2026/7/15,17:7:35,26.5,52.0,24.3,95.0,28.1,61.0,1019,0
2026/7/15,17:7:40,26.6,53.0,24.4,95.0,28.1,61.1,1022,0
2026/7/15,17:7:45,26.5,53.0,24.4,95.0,28.0,61.2,1023,0
2026/7/15,17:7:50,26.5,53.0,24.3,95.0,28.1,61.2,1023,0
2026/7/15,17:7:55,26.5,53.0,24.3,95.0,28.0,61.3,1021,0
2026/7/15,17:8:0,26.5,53.0,24.3,95.0,28.1,61.4,1023,0
2026/7/15,17:8:5,26.5,53.0,24.4,95.0,28.0,61.5,1022,0
2026/7/15,17:8:10,26.5,53.0,24.4,95.0,28.0,61.5,1023,0
2026/7/15,17:8:15,26.5,53.0,24.3,95.0,28.0,61.5,1021,0
2026/7/15,17:8:20,26.6,53.0,24.3,95.0,28.0,61.4,1019,0
2026/7/15,17:8:25,26.5,53.0,24.3,95.0,28.0,61.4,1022,0
2026/7/15,17:8:30,26.4,53.0,24.3,95.0,28.0,61.5,1023,0
2026/7/15,17:8:35,26.4,53.0,24.3,95.0,27.9,61.4,1019,0
2026/7/15,17:8:40,26.5,53.0,24.4,95.0,28.0,61.4,1021,0
2026/7/15,17:8:45,26.5,53.0,24.4,95.0,28.0,61.4,1022,0
2026/7/15,17:8:50,26.5,53.0,24.4,95.0,27.9,61.4,1019,0
2026/7/15,17:8:55,26.4,53.0,24.4,95.0,27.9,61.4,1023,0
2026/7/15,17:9:0,26.4,53.0,24.4,95.0,27.9,61.4,1023,0
2026/7/15,17:9:5,26.5,53.0,24.3,95.0,27.9,61.4,1023,0
2026/7/15,17:9:10,26.5,53.0,24.4,95.0,27.9,61.4,1022,0
2026/7/15,17:9:15,26.5,53.0,24.3,95.0,27.9,61.4,1023,0
2026/7/15,17:9:20,26.4,53.0,24.4,95.0,27.9,61.5,1023,0
2026/7/15,17:9:25,26.5,53.0,24.4,95.0,27.9,61.6,1019,0
2026/7/15,17:9:30,26.5,53.0,24.3,95.0,27.9,61.6,1023,0
2026/7/15,17:9:35,26.5,53.0,24.4,95.0,27.9,61.7,1019,0
2026/7/15,17:9:40,26.4,53.0,24.3,95.0,27.9,61.7,1022,0
2026/7/15,17:9:45,26.4,54.0,24.3,95.0,27.9,61.7,1023,0
2026/7/15,17:9:50,26.4,54.0,24.4,95.0,27.9,61.8,1023,0
2026/7/15,17:9:55,26.4,54.0,24.4,95.0,27.9,61.7,1023,0
2026/7/15,17:10:0,26.5,54.0,24.4,95.0,27.9,61.8,1019,0
2026/7/15,17:10:5,26.4,54.0,24.3,95.0,27.8,61.7,1022,0
2026/7/15,17:10:10,26.4,54.0,24.4,95.0,27.9,61.8,1021,0
2026/7/15,17:10:15,26.5,53.0,24.4,95.0,27.9,61.8,1023,0
2026/7/15,17:10:20,26.4,53.0,24.4,95.0,27.9,61.8,1023,0
2026/7/15,17:10:25,26.4,53.0,24.4,95.0,27.8,61.9,1023,0
2026/7/15,17:10:30,26.5,54.0,24.4,95.0,27.8,61.9,1023,0
2026/7/15,17:10:35,26.4,54.0,24.3,95.0,27.8,61.9,1019,0
2026/7/15,17:10:40,26.4,54.0,24.3,95.0,27.8,62.0,1023,0
2026/7/15,17:10:45,26.5,54.0,24.3,95.0,27.8,62.0,1021,0
2026/7/15,17:10:50,26.4,54.0,24.3,95.0,27.8,62.0,1022,0
2026/7/15,17:10:55,26.4,54.0,24.4,95.0,27.8,62.0,1021,0
2026/7/15,17:11:0,26.5,53.0,24.4,95.0,27.8,62.0,1022,0
2026/7/15,17:11:5,26.4,53.0,24.4,95.0,27.8,61.9,1019,0
2026/7/15,17:11:10,26.3,52.0,24.4,95.0,27.8,61.8,1019,0
2026/7/15,17:11:15,26.3,52.0,24.3,95.0,27.8,61.8,1023,0
2026/7/15,17:11:20,26.4,52.0,24.4,95.0,27.8,61.8,1023,0
2026/7/15,17:11:25,26.4,51.0,24.4,95.0,27.8,61.8,1019,0
2026/7/15,17:11:30,26.4,51.0,24.4,95.0,27.8,61.8,1023,0
2026/7/15,17:11:35,26.4,51.0,24.3,95.0,27.8,61.8,1023,0
2026/7/15,17:11:40,26.4,51.0,24.4,95.0,27.8,61.8,1023,0
2026/7/15,17:11:45,26.3,51.0,24.3,95.0,27.7,61.7,1023,0
2026/7/15,17:11:50,26.4,51.0,24.2,95.0,27.8,61.8,1021,0
2026/7/15,17:11:55,26.3,51.0,24.4,95.0,27.8,61.8,1023,0
2026/7/15,17:12:1,26.4,51.0,24.3,95.0,27.8,61.8,1022,0
2026/7/15,17:12:6,26.4,52.0,24.4,95.0,27.7,61.8,1021,0
2026/7/15,17:12:11,26.3,52.0,24.4,95.0,27.7,61.8,1021,0
2026/7/15,17:12:16,26.4,53.0,24.3,95.0,27.7,61.8,1023,0
2026/7/15,17:12:21,26.4,53.0,24.4,95.0,27.7,61.9,1023,0
2026/7/15,17:12:26,26.4,53.0,24.3,95.0,27.7,61.9,1021,0
2026/7/15,17:12:31,26.3,53.0,24.4,95.0,27.7,62.0,1023,0
2026/7/15,17:12:36,26.4,53.0,24.4,95.0,27.7,62.0,1019,0
2026/7/15,17:12:41,26.4,53.0,24.4,95.0,27.7,62.0,1021,0
2026/7/15,17:12:46,26.3,53.0,24.4,95.0,27.7,62.1,1019,0
2026/7/15,17:12:51,26.4,53.0,24.4,95.0,27.7,62.1,1021,0
2026/7/15,17:12:56,26.4,53.0,24.4,95.0,27.7,62.1,1022,0
2026/7/15,17:13:1,26.4,53.0,24.4,95.0,27.7,62.2,1019,0
2026/7/15,17:13:6,26.4,53.0,24.3,95.0,27.7,62.2,1023,0
2026/7/15,17:13:11,26.4,53.0,24.4,95.0,27.7,62.2,1023,0
2026/7/15,17:13:16,26.4,53.0,24.4,95.0,27.7,62.3,1023,0
2026/7/15,17:13:21,26.4,54.0,24.4,95.0,27.7,62.4,1019,0
2026/7/15,17:13:26,26.5,54.0,24.4,95.0,27.7,62.4,1021,0
2026/7/15,17:13:31,26.5,54.0,24.3,95.0,27.7,62.4,1023,0
2026/7/15,17:13:36,26.5,54.0,24.4,95.0,27.7,62.4,1023,0
2026/7/15,17:13:41,26.4,54.0,24.4,95.0,27.7,62.5,1023,0
2026/7/15,17:13:46,26.4,54.0,24.4,95.0,27.7,62.5,1022,0
2026/7/15,17:13:51,26.4,54.0,24.4,95.0,27.7,62.5,1021,0
2026/7/15,17:13:56,26.3,54.0,24.4,95.0,27.6,62.5,1023,0
2026/7/15,17:14:1,26.3,54.0,24.4,95.0,27.7,62.5,1023,0
2026/7/15,17:14:6,26.4,53.0,24.4,95.0,27.6,62.5,1021,0
2026/7/15,17:14:11,26.3,53.0,24.4,95.0,27.6,62.5,1023,0
2026/7/15,17:14:16,26.4,53.0,24.3,95.0,27.6,62.5,1023,0
2026/7/15,17:14:21,26.4,53.0,24.4,95.0,27.6,62.5,1023,0
2026/7/15,17:14:26,26.4,53.0,24.4,95.0,27.6,62.5,1023,0
2026/7/15,17:14:31,26.4,53.0,24.4,95.0,27.6,62.5,1023,0
2026/7/15,17:14:36,26.5,53.0,24.3,95.0,27.6,62.5,1021,0
2026/7/15,17:14:41,26.5,53.0,24.3,95.0,27.6,62.5,1019,0
2026/7/15,17:14:46,26.4,53.0,24.4,95.0,27.6,62.5,1023,0
2026/7/15,17:14:51,26.4,53.0,24.4,95.0,27.6,62.6,1021,0
2026/7/15,17:14:56,26.5,53.0,24.3,95.0,27.6,62.6,1019,0
2026/7/15,17:15:1,26.4,53.0,24.3,95.0,27.6,62.5,1023,0
2026/7/15,17:15:6,26.1,53.0,24.4,95.0,27.6,62.6,1019,0
2026/7/15,17:15:11,26.5,53.0,24.3,95.0,27.6,62.6,1023,0
2026/7/15,17:15:16,26.4,54.0,24.4,95.0,27.6,62.6,1019,0
2026/7/15,17:15:21,26.5,54.0,24.4,95.0,27.6,62.7,1023,0
2026/7/15,17:15:26,26.4,54.0,24.4,95.0,27.6,62.7,1022,0
2026/7/15,17:15:31,26.4,54.0,24.4,95.0,27.6,62.7,1023,0
2026/7/15,17:15:36,26.4,54.0,24.3,95.0,27.6,62.7,1023,0
2026/7/15,17:15:41,26.4,53.0,24.3,95.0,27.6,62.7,1019,0
2026/7/15,17:15:46,26.3,53.0,24.4,95.0,27.6,62.7,1022,0
2026/7/15,17:15:51,26.4,53.0,24.4,95.0,27.5,62.8,1022,0
2026/7/15,17:15:56,26.4,52.0,24.4,95.0,27.5,62.7,1023,0
2026/7/15,17:16:1,26.5,52.0,24.4,95.0,27.5,62.6,1019,0
2026/7/15,17:16:6,26.4,52.0,24.3,95.0,27.5,62.3,1023,0
2026/7/15,17:16:11,26.4,52.0,24.5,95.0,27.5,62.2,1023,0
2026/7/15,17:16:16,26.4,52.0,24.4,95.0,27.5,62.1,1023,0
2026/7/15,17:16:21,26.5,52.0,24.3,95.0,27.5,62.1,1022,0
2026/7/15,17:16:26,26.4,53.0,24.4,95.0,27.5,62.2,1022,0
2026/7/15,17:16:31,26.3,53.0,24.4,95.0,27.5,62.2,1021,0
2026/7/15,17:16:36,26.3,53.0,24.3,95.0,27.5,62.2,1019,0
2026/7/15,17:16:41,26.3,53.0,24.4,95.0,27.5,62.2,1023,0
2026/7/15,17:16:46,26.4,53.0,24.4,95.0,27.5,62.3,1021,0
2026/7/15,17:16:51,26.4,53.0,24.4,95.0,27.5,62.2,1023,0
2026/7/15,17:16:56,26.3,53.0,24.3,95.0,27.5,62.3,1023,0
2026/7/15,17:17:1,26.5,53.0,24.3,95.0,27.5,62.3,1022,0
2026/7/15,17:17:6,26.4,53.0,24.3,95.0,27.5,62.2,1019,0
2026/7/15,17:17:11,26.5,53.0,24.4,95.0,27.5,62.1,1023,0
2026/7/15,17:17:16,26.4,53.0,24.4,95.0,27.5,62.1,1023,0
2026/7/15,17:17:21,26.4,53.0,24.3,95.0,27.5,62.2,1023,0
2026/7/15,17:17:26,26.3,53.0,24.5,95.0,27.5,62.2,1022,0
2026/7/15,17:17:31,26.3,53.0,24.4,95.0,27.5,62.2,1022,0
2026/7/15,17:17:36,26.3,53.0,24.4,95.0,27.5,62.0,1023,0
2026/7/15,17:17:41,26.5,53.0,24.4,95.0,27.5,61.8,1023,0
2026/7/15,17:17:46,26.2,52.0,24.4,95.0,27.5,61.8,1019,0
2026/7/15,17:17:51,26.4,52.0,24.3,95.0,27.5,61.7,1023,0
2026/7/15,17:17:56,26.3,52.0,24.4,95.0,27.5,61.7,1021,0
2026/7/15,17:18:1,26.2,52.0,24.4,95.0,27.5,61.9,1019,0
2026/7/15,17:18:6,26.4,53.0,24.2,95.0,27.4,62.0,1021,0
2026/7/15,17:18:11,26.2,53.0,24.4,95.0,27.4,62.0,1021,0
2026/7/15,17:18:16,26.4,53.0,24.3,95.0,27.4,62.1,1023,0
2026/7/15,17:18:21,26.4,53.0,24.4,95.0,27.4,62.2,1021,0
2026/7/15,17:18:26,26.4,52.0,24.4,95.0,27.4,62.3,1023,0
2026/7/15,17:18:31,26.2,52.0,24.4,95.0,27.4,62.3,1021,0
2026/7/15,17:18:36,26.4,52.0,24.4,95.0,27.4,62.3,1023,0
2026/7/15,17:18:41,26.3,52.0,24.3,95.0,27.4,62.3,1023,0
2026/7/15,17:18:46,26.1,52.0,24.3,95.0,27.4,62.3,1022,0
2026/7/15,17:18:51,26.4,52.0,24.3,95.0,27.4,62.4,1019,0
2026/7/15,17:18:56,26.2,53.0,24.4,95.0,27.4,62.5,1022,0
2026/7/15,17:19:1,26.3,53.0,24.4,95.0,27.4,62.5,1023,0
2026/7/15,17:19:6,26.2,53.0,24.3,95.0,27.4,62.5,1021,0
2026/7/15,17:19:11,26.4,52.0,24.4,95.0,27.4,62.5,1023,0
2026/7/15,17:19:16,26.2,52.0,24.3,95.0,27.4,62.5,1022,0
2026/7/15,17:19:21,26.2,52.0,24.5,95.0,27.4,62.4,1021,0
2026/7/15,17:19:26,26.5,52.0,24.4,95.0,27.4,62.3,1023,0
2026/7/15,17:19:31,26.3,52.0,24.4,95.0,27.4,61.8,1023,0
2026/7/15,17:19:36,26.2,52.0,24.4,95.0,27.4,61.6,1023,0
2026/7/15,17:19:41,26.3,51.0,24.4,95.0,27.4,61.3,1023,0
2026/7/15,17:19:46,26.3,51.0,24.3,95.0,27.4,61.3,1019,0
2026/7/15,17:19:51,26.2,51.0,24.4,95.0,27.4,61.2,1021,0
2026/7/15,17:19:56,26.2,51.0,24.4,95.0,27.4,61.2,1023,0
2026/7/15,17:20:1,26.2,51.0,24.4,95.0,27.4,61.2,1021,0
2026/7/15,17:20:6,26.2,51.0,24.4,95.0,27.4,61.2,1021,0
2026/7/15,17:20:11,26.5,51.0,24.4,95.0,27.4,61.1,1021,0
2026/7/15,17:20:16,26.2,51.0,24.5,95.0,27.3,60.9,1021,0
2026/7/15,17:20:21,26.3,51.0,24.4,95.0,27.4,61.0,1019,0
2026/7/15,17:20:26,26.4,51.0,24.4,95.0,27.4,61.1,1023,0
2026/7/15,17:20:31,26.2,51.0,24.4,95.0,27.3,61.1,1023,0
2026/7/15,17:20:36,26.4,51.0,24.3,95.0,27.3,61.2,1019,0
2026/7/15,17:20:41,26.1,52.0,24.3,95.0,27.3,61.3,1023,0
2026/7/15,17:20:46,26.1,52.0,24.5,95.0,27.3,61.4,1019,0
2026/7/15,17:20:51,25.9,51.0,24.5,95.0,27.3,61.4,1022,0
2026/7/15,17:20:56,26.4,52.0,24.3,95.0,27.3,61.4,1023,0
2026/7/15,17:21:1,26.4,52.0,24.5,95.0,27.3,61.6,1023,0
2026/7/15,17:21:6,26.5,52.0,24.5,95.0,27.3,61.6,1019,0
2026/7/15,17:21:11,26.1,52.0,24.5,95.0,27.3,61.7,1019,0
2026/7/15,17:21:16,26.2,53.0,24.5,95.0,27.3,61.7,1023,0
2026/7/15,17:21:21,25.9,52.0,24.4,95.0,27.3,61.8,1023,0
2026/7/15,17:21:26,25.8,52.0,24.4,95.0,27.3,61.8,1021,0
2026/7/15,17:21:31,26.4,53.0,24.3,95.0,27.3,61.8,1021,0
2026/7/15,17:21:36,26.4,53.0,24.5,95.0,27.3,61.9,1023,0
2026/7/15,17:21:41,26.2,53.0,24.5,95.0,27.3,61.9,1023,0
2026/7/15,17:21:46,26.1,53.0,24.4,95.0,27.3,61.9,1021,0
2026/7/15,17:21:51,25.8,52.0,24.5,95.0,27.3,61.9,1023,0
2026/7/15,17:21:56,26.4,53.0,24.3,95.0,27.3,62.1,1023,0
2026/7/15,17:22:1,26.2,53.0,24.5,95.0,27.3,62.2,1023,0
2026/7/15,17:22:6,26.0,54.0,24.4,95.0,27.3,62.2,1023,0
2026/7/15,17:22:11,25.8,53.0,24.5,95.0,27.3,62.2,1019,0
2026/7/15,17:22:16,26.4,54.0,24.4,95.0,27.3,62.3,1023,0
2026/7/15,17:22:21,26.4,54.0,24.4,95.0,27.3,62.3,1023,0
2026/7/15,17:22:26,26.4,54.0,24.4,95.0,27.3,62.3,1019,0
2026/7/15,17:22:31,26.3,54.0,24.3,95.0,27.3,62.4,1023,0
2026/7/15,17:22:36,26.3,53.0,24.4,95.0,27.3,62.3,1021,0
2026/7/15,17:22:41,26.4,53.0,24.3,95.0,27.2,62.4,1019,0
2026/7/15,17:22:46,25.7,52.0,24.4,95.0,27.2,62.3,1023,0
2026/7/15,17:22:51,26.3,52.0,24.4,95.0,27.2,62.3,1022,0
2026/7/15,17:22:56,26.0,52.0,24.4,95.0,27.3,62.2,1023,0
2026/7/15,17:23:1,25.8,51.0,24.4,95.0,27.2,62.3,1023,0
2026/7/15,17:23:6,25.7,51.0,24.4,95.0,27.3,62.2,1023,0
2026/7/15,17:23:11,25.7,51.0,24.5,95.0,27.3,62.3,1021,0
2026/7/15,17:23:17,26.2,52.0,24.5,95.0,27.3,62.2,1021,0
2026/7/15,17:23:22,25.7,52.0,24.4,95.0,27.2,62.1,1021,0
2026/7/15,17:23:27,25.7,52.0,24.4,95.0,27.2,62.1,1019,0
2026/7/15,17:23:32,26.0,53.0,24.4,95.0,27.2,62.1,1023,0
2026/7/15,17:23:37,25.9,52.0,24.5,95.0,27.2,62.1,1023,0
2026/7/15,17:23:42,25.7,52.0,24.5,95.0,27.2,62.0,1021,0
2026/7/15,17:23:47,26.2,53.0,24.4,95.0,27.2,62.0,1021,0
2026/7/15,17:23:52,25.7,52.0,24.5,95.0,27.2,62.1,1022,0
2026/7/15,17:23:57,25.7,52.0,24.4,95.0,27.2,62.1,1023,0
2026/7/15,17:24:2,25.8,53.0,24.3,95.0,27.2,62.2,1023,0
2026/7/15,17:24:7,25.7,53.0,24.3,95.0,27.2,62.3,1022,0
2026/7/15,17:24:12,26.1,54.0,24.4,95.0,27.2,62.3,1021,0
2026/7/15,17:24:17,25.8,53.0,24.5,95.0,27.2,62.3,1023,0
2026/7/15,17:24:22,25.8,53.0,24.5,95.0,27.2,62.4,1023,0
2026/7/15,17:24:27,26.2,54.0,24.4,95.0,27.2,62.4,1022,0
2026/7/15,17:24:32,25.9,53.0,24.4,95.0,27.2,62.5,1023,0
2026/7/15,17:24:37,25.6,53.0,24.4,95.0,27.2,62.5,1023,0
2026/7/15,17:24:42,25.6,53.0,24.5,95.0,27.2,62.6,1021,0
2026/7/15,17:24:47,25.6,53.0,24.3,95.0,27.1,62.6,1021,0
2026/7/15,17:24:52,25.7,54.0,24.4,95.0,27.1,62.7,1019,0
2026/7/15,17:24:57,25.6,54.0,24.4,95.0,27.2,62.7,1023,0
2026/7/15,17:25:2,25.6,54.0,24.5,95.0,27.1,62.7,1021,0
2026/7/15,17:25:7,25.7,54.0,24.5,95.0,27.2,62.7,1019,0
2026/7/15,17:25:12,25.8,54.0,24.5,95.0,27.1,62.8,1023,0
2026/7/15,17:25:17,25.7,54.0,24.5,95.0,27.1,62.8,1021,0
2026/7/15,17:25:22,25.7,54.0,24.5,95.0,27.2,62.8,1023,0
2026/7/15,17:25:27,25.7,54.0,24.5,95.0,27.1,62.9,1023,0
2026/7/15,17:25:32,25.8,54.0,24.5,95.0,27.1,62.9,1023,0
2026/7/15,17:25:37,25.6,54.0,24.5,95.0,27.1,63.0,1023,0
2026/7/15,17:25:42,25.7,54.0,24.4,95.0,27.1,63.0,1023,0
2026/7/15,17:25:47,25.7,54.0,24.5,95.0,27.1,63.1,1021,0
2026/7/15,17:25:52,25.7,54.0,24.4,95.0,27.1,63.1,1021,0
2026/7/15,17:25:57,25.6,54.0,24.5,95.0,27.1,63.1,1022,0
2026/7/15,17:26:2,25.6,55.0,24.5,95.0,27.1,63.2,1023,0
2026/7/15,17:26:7,25.6,55.0,24.5,95.0,27.1,63.2,1019,0
2026/7/15,17:26:12,25.6,55.0,24.5,95.0,27.1,63.3,1019,0
2026/7/15,17:26:17,25.6,55.0,24.5,95.0,27.1,63.4,1023,0
2026/7/15,17:26:22,25.7,55.0,24.4,95.0,27.1,63.3,1021,0
2026/7/15,17:26:27,25.6,55.0,24.5,95.0,27.1,63.4,1019,0
2026/7/15,17:26:32,25.6,55.0,24.5,95.0,27.1,63.4,1022,0
2026/7/15,17:26:37,25.6,55.0,24.3,95.0,27.1,63.4,1021,0
2026/7/15,17:26:42,25.6,55.0,24.5,95.0,27.0,63.4,1021,0
2026/7/15,17:26:47,25.5,55.0,24.5,95.0,27.0,63.4,1023,0
2026/7/15,17:26:52,25.6,55.0,24.4,95.0,27.0,63.4,1023,0
2026/7/15,17:26:57,25.6,55.0,24.5,95.0,27.0,63.5,1021,0
2026/7/15,17:27:2,25.5,55.0,24.4,95.0,27.0,63.5,1023,0
2026/7/15,17:27:7,25.5,55.0,24.5,95.0,27.0,63.5,1023,0
2026/7/15,17:27:12,25.5,55.0,24.5,95.0,27.0,63.6,1023,0
2026/7/15,17:27:17,25.6,55.0,24.5,95.0,27.0,63.5,1023,0
2026/7/15,17:27:22,25.5,55.0,24.5,95.0,27.0,63.5,1023,0
2026/7/15,17:27:27,25.6,55.0,24.4,95.0,27.0,63.6,1022,0
2026/7/15,17:27:32,25.5,55.0,24.5,95.0,27.0,63.5,1022,0
2026/7/15,17:27:37,25.5,55.0,24.5,95.0,27.0,63.6,1022,0
2026/7/15,17:27:42,25.5,55.0,24.5,95.0,27.0,63.6,1021,0
2026/7/15,17:27:47,25.5,55.0,24.5,95.0,27.0,63.6,1023,0
2026/7/15,17:27:52,25.5,55.0,24.4,95.0,27.0,63.6,1019,0
2026/7/15,17:27:57,25.5,56.0,24.5,95.0,26.9,63.7,1021,0
2026/7/15,17:28:2,25.5,56.0,24.4,95.0,27.0,63.7,1022,0
2026/7/15,17:28:7,25.5,56.0,24.5,95.0,26.9,63.7,1021,0
2026/7/15,17:28:12,25.5,56.0,24.5,95.0,26.9,63.8,1021,0
2026/7/15,17:28:17,25.4,56.0,24.5,95.0,27.0,63.8,1019,0
2026/7/15,17:28:22,25.5,56.0,24.5,95.0,26.9,63.9,1019,0
2026/7/15,17:28:27,25.4,56.0,24.5,95.0,26.9,63.9,1023,0
2026/7/15,17:28:32,25.5,56.0,24.5,95.0,26.9,64.0,1022,0
2026/7/15,17:28:37,25.4,55.0,24.5,95.0,26.9,64.0,1023,0
2026/7/15,17:28:42,25.3,55.0,24.5,95.0,26.9,64.0,1019,0
2026/7/15,17:28:47,25.4,55.0,24.5,95.0,26.9,64.1,1023,0
2026/7/15,17:28:52,25.5,55.0,24.5,95.0,26.9,64.0,1023,0
2026/7/15,17:28:57,25.4,55.0,24.5,95.0,26.9,64.1,1019,0
2026/7/15,17:29:2,25.5,55.0,24.5,95.0,26.9,64.1,1019,0
2026/7/15,17:29:7,25.4,56.0,24.4,95.0,26.9,64.1,1021,0
2026/7/15,17:29:12,25.3,56.0,24.4,95.0,26.9,64.1,1019,0
2026/7/15,17:29:17,25.5,56.0,24.3,95.0,26.9,64.2,1019,0
2026/7/15,17:29:22,25.4,56.0,24.4,95.0,26.9,64.2,1019,0
2026/7/15,17:29:27,25.2,56.0,24.4,95.0,26.9,64.2,1021,0
2026/7/15,17:29:32,25.3,56.0,24.5,95.0,26.9,64.2,1023,0
2026/7/15,17:29:37,25.3,56.0,24.5,95.0,26.8,64.2,1023,0
2026/7/15,17:29:42,25.5,56.0,24.3,95.0,26.8,64.2,1023,0
2026/7/15,17:29:47,25.2,56.0,24.5,95.0,26.8,64.2,1022,0
2026/7/15,17:29:52,25.5,56.0,24.5,95.0,26.8,64.3,1023,0
2026/7/15,17:29:57,25.4,56.0,24.5,95.0,26.8,64.3,1022,0
2026/7/15,17:30:2,25.5,57.0,24.5,95.0,26.8,64.3,1022,0
2026/7/15,17:30:7,25.2,57.0,24.5,95.0,26.8,64.4,1023,0
2026/7/15,17:30:12,25.3,56.0,24.5,95.0,26.8,64.4,1023,0
2026/7/15,17:30:17,25.1,56.0,24.4,95.0,26.8,64.4,1022,0
2026/7/15,17:30:22,25.2,56.0,24.5,95.0,26.8,64.5,1023,0
2026/7/15,17:30:27,25.2,57.0,24.5,95.0,26.8,64.5,1019,0
2026/7/15,17:30:32,25.4,57.0,24.5,95.0,26.8,64.5,1021,0
2026/7/15,17:30:37,25.2,57.0,24.5,95.0,26.8,64.5,1023,0
2026/7/15,17:30:42,25.4,57.0,24.4,95.0,26.8,64.6,1019,0
2026/7/15,17:30:47,25.3,57.0,24.5,95.0,26.8,64.6,1023,0
2026/7/15,17:30:52,25.1,57.0,24.3,95.0,26.8,64.6,1023,0
2026/7/15,17:30:57,25.5,57.0,24.4,95.0,26.8,64.7,1023,0
2026/7/15,17:31:2,25.4,57.0,24.4,95.0,26.8,64.7,1021,0
2026/7/15,17:31:7,25.3,57.0,24.5,95.0,26.8,64.7,1023,0
2026/7/15,17:31:12,25.3,57.0,24.4,95.0,26.8,64.7,1022,0
2026/7/15,17:31:17,25.3,56.0,24.4,95.0,26.8,64.8,1022,0
2026/7/15,17:31:22,25.3,57.0,24.5,95.0,26.8,64.8,1019,0
2026/7/15,17:31:27,25.3,57.0,24.5,95.0,26.7,64.8,1019,0
2026/7/15,17:31:32,25.3,57.0,24.5,95.0,26.7,64.7,1023,0
2026/7/15,17:31:37,25.2,57.0,24.5,95.0,26.7,64.8,1023,0
2026/7/15,17:31:42,25.3,57.0,24.5,95.0,26.7,64.9,1022,0
2026/7/15,17:31:47,24.9,57.0,24.5,95.0,26.7,64.9,1023,0
2026/7/15,17:31:52,25.2,57.0,24.5,95.0,26.7,64.9,1022,0
2026/7/15,17:31:57,24.8,57.0,24.5,95.0,26.7,64.9,1022,0
2026/7/15,17:32:2,25.1,57.0,24.4,95.0,26.7,64.9,1019,0
2026/7/15,17:32:7,24.9,57.0,24.5,95.0,26.7,64.9,1019,0
2026/7/15,17:32:12,25.3,57.0,24.4,95.0,26.7,65.0,1023,0
2026/7/15,17:32:17,25.2,57.0,24.5,95.0,26.7,65.0,1023,0
2026/7/15,17:32:22,24.7,57.0,24.5,95.0,26.7,65.0,1021,0
2026/7/15,17:32:27,24.7,57.0,24.5,95.0,26.7,65.1,1021,0
2026/7/15,17:32:32,24.7,57.0,24.5,95.0,26.7,65.1,1023,0
2026/7/15,17:32:37,24.8,57.0,24.5,95.0,26.7,65.1,1023,0
2026/7/15,17:32:42,24.8,58.0,24.5,95.0,26.7,65.2,1023,0
2026/7/15,17:32:47,24.7,58.0,24.5,95.0,26.6,65.2,1022,0
2026/7/15,17:32:52,25.0,58.0,24.5,95.0,26.7,65.2,1023,0
2026/7/15,17:32:57,25.2,58.0,24.5,95.0,26.6,65.2,1019,0
2026/7/15,17:33:2,24.9,58.0,24.5,95.0,26.6,65.2,1022,0
2026/7/15,17:33:7,24.7,58.0,24.4,95.0,26.6,65.3,1023,0
2026/7/15,17:33:12,24.7,58.0,24.5,95.0,26.6,65.2,1022,0
2026/7/15,17:33:17,25.2,58.0,24.5,95.0,26.6,65.4,1019,0
2026/7/15,17:33:22,24.9,58.0,24.5,95.0,26.6,65.4,1023,0
2026/7/15,17:33:27,24.7,58.0,24.5,95.0,26.6,65.5,1021,0
2026/7/15,17:33:32,24.7,58.0,24.5,95.0,26.6,65.4,1021,0
2026/7/15,17:33:37,24.8,58.0,24.5,95.0,26.6,65.5,1023,0
2026/7/15,17:33:42,24.8,58.0,24.5,95.0,26.6,65.5,1021,0
2026/7/15,17:33:47,24.9,58.0,24.5,95.0,26.6,65.6,1023,0
2026/7/15,17:33:52,24.9,58.0,24.5,95.0,26.6,65.5,1021,0
2026/7/15,17:33:57,24.8,58.0,24.5,95.0,26.6,65.5,1023,0
2026/7/15,17:34:2,25.1,58.0,24.5,95.0,26.6,65.5,1023,0
2026/7/15,17:34:7,24.9,58.0,24.5,95.0,26.6,65.5,1022,0
2026/7/15,17:34:12,24.7,59.0,24.4,95.0,26.6,65.5,1023,0
2026/7/15,17:34:18,24.6,59.0,24.3,95.0,26.6,65.6,1022,0
2026/7/15,17:34:23,24.8,59.0,24.5,95.0,26.5,65.6,1023,0
2026/7/15,17:34:28,24.9,59.0,24.5,95.0,26.5,65.6,1021,0
2026/7/15,17:34:33,24.8,59.0,24.5,95.0,26.6,65.7,1023,0
2026/7/15,17:34:38,25.1,59.0,24.3,95.0,26.5,65.7,1023,0
2026/7/15,17:34:43,24.6,59.0,24.4,95.0,26.5,65.7,1022,0
2026/7/15,17:34:48,24.8,59.0,24.5,95.0,26.5,65.7,1021,0
2026/7/15,17:34:53,24.7,59.0,24.5,95.0,26.5,65.7,1022,0
2026/7/15,17:34:58,24.8,59.0,24.4,95.0,26.5,65.8,1019,0
2026/7/15,17:35:3,24.6,59.0,24.4,95.0,26.5,65.8,1023,0
2026/7/15,17:35:8,24.7,59.0,24.5,95.0,26.5,65.8,1022,0
2026/7/15,17:35:13,24.7,59.0,24.5,95.0,26.5,65.8,1023,0
2026/7/15,17:35:18,24.8,59.0,24.5,95.0,26.5,65.9,1021,0
2026/7/15,17:35:23,24.6,59.0,24.5,95.0,26.5,65.9,1023,0
2026/7/15,17:35:28,24.8,59.0,24.5,95.0,26.5,66.0,1021,0
2026/7/15,17:35:33,24.8,59.0,24.5,95.0,26.5,65.9,1019,0
2026/7/15,17:35:38,24.7,59.0,24.4,95.0,26.5,66.0,1021,0
2026/7/15,17:35:43,24.7,59.0,24.5,95.0,26.5,66.1,1021,0
2026/7/15,17:35:48,24.6,59.0,24.5,95.0,26.5,66.0,1022,0
2026/7/15,17:35:53,24.7,59.0,24.5,95.0,26.5,66.1,1019,0
2026/7/15,17:35:58,24.5,59.0,24.5,95.0,26.5,66.1,1021,0
2026/7/15,17:36:3,24.8,59.0,24.5,95.0,26.5,66.2,1023,0
2026/7/15,17:36:8,24.6,59.0,24.5,95.0,26.4,66.1,1021,0
2026/7/15,17:36:13,24.8,59.0,24.5,95.0,26.4,66.1,1022,0
2026/7/15,17:36:18,24.7,59.0,24.4,95.0,26.4,66.2,1019,0
2026/7/15,17:36:23,24.6,59.0,24.5,95.0,26.4,66.2,1023,0
2026/7/15,17:36:28,24.6,60.0,24.5,95.0,26.4,66.2,1021,0
2026/7/15,17:36:33,24.6,60.0,24.5,95.0,26.4,66.2,1021,0
2026/7/15,17:36:38,24.5,59.0,24.3,95.0,26.4,66.2,1023,0
2026/7/15,17:36:43,24.5,59.0,24.5,95.0,26.4,66.2,1019,0
2026/7/15,17:36:48,24.6,59.0,24.3,95.0,26.4,66.3,1019,0
2026/7/15,17:36:53,24.5,59.0,24.0,95.0,26.4,66.3,1021,0
2026/7/15,17:36:58,24.5,60.0,24.5,95.0,26.4,66.3,1023,0
2026/7/15,17:37:3,24.5,60.0,24.5,95.0,26.4,66.4,1022,0
2026/7/15,17:37:8,24.5,60.0,24.5,95.0,26.4,66.4,1023,0
2026/7/15,17:37:13,24.5,60.0,24.5,95.0,26.4,66.4,1019,0
2026/7/15,17:37:18,24.5,60.0,24.5,95.0,26.4,66.5,1023,0
2026/7/15,17:37:23,24.5,60.0,24.5,95.0,26.4,66.5,1019,0
2026/7/15,17:37:28,24.5,60.0,24.4,95.0,26.4,66.5,1023,0
2026/7/15,17:37:33,24.5,60.0,24.5,95.0,26.4,66.5,1019,0
2026/7/15,17:37:38,24.5,60.0,24.5,95.0,26.4,66.6,1019,0
2026/7/15,17:37:43,24.5,60.0,24.4,95.0,26.4,66.5,1023,0
2026/7/15,17:37:48,24.5,60.0,24.5,95.0,26.4,66.5,1021,0
2026/7/15,17:37:53,24.5,60.0,24.2,95.0,26.3,66.5,1023,0
2026/7/15,17:37:58,24.5,60.0,24.5,95.0,26.3,66.6,1021,0
2026/7/15,17:38:3,24.5,60.0,24.5,95.0,26.3,66.6,1023,0
2026/7/15,17:38:8,24.5,60.0,24.5,95.0,26.3,66.7,1019,0
2026/7/15,17:38:13,24.5,60.0,24.5,95.0,26.3,66.7,1022,0
2026/7/15,17:38:18,24.5,60.0,24.5,95.0,26.3,66.7,1019,0
2026/7/15,17:38:23,24.5,60.0,24.5,95.0,26.3,66.8,1023,0
2026/7/15,17:38:28,24.5,60.0,24.5,95.0,26.3,66.7,1023,0
2026/7/15,17:38:33,24.5,60.0,24.5,95.0,26.3,66.8,1022,0
2026/7/15,17:38:38,24.5,60.0,24.4,95.0,26.3,66.7,1023,0
2026/7/15,17:38:43,24.5,60.0,24.2,95.0,26.3,66.8,1023,0
2026/7/15,17:38:48,24.5,60.0,24.5,95.0,26.3,66.8,1023,0
2026/7/15,17:38:53,24.5,60.0,24.5,95.0,26.3,66.8,1022,0
2026/7/15,17:38:58,24.5,59.0,24.4,95.0,26.3,66.8,1022,0
2026/7/15,17:39:3,24.4,59.0,24.5,95.0,26.2,66.8,1019,0
2026/7/15,17:39:8,24.5,60.0,24.5,95.0,26.3,66.8,1023,0
2026/7/15,17:39:13,24.5,60.0,24.5,95.0,26.3,66.8,1023,0
2026/7/15,17:39:18,24.5,60.0,24.5,95.0,26.2,66.8,1019,0
2026/7/15,17:39:23,24.5,60.0,24.4,95.0,26.3,66.8,1019,0
2026/7/15,17:39:28,24.5,60.0,24.5,95.0,26.2,66.8,1023,0
2026/7/15,17:39:33,24.5,60.0,24.5,95.0,26.2,66.8,1023,0
2026/7/15,17:39:38,24.5,60.0,24.5,95.0,26.2,66.8,1023,0
2026/7/15,17:39:43,24.5,60.0,24.0,95.0,26.2,66.9,1022,0
2026/7/15,17:39:48,24.5,60.0,24.5,95.0,26.2,66.9,1023,0
2026/7/15,17:39:53,24.5,61.0,24.2,95.0,26.2,66.9,1021,0
2026/7/15,17:39:58,24.4,61.0,24.5,95.0,26.2,66.9,1021,0
2026/7/15,17:40:3,24.4,61.0,24.5,95.0,26.2,66.9,1019,0
2026/7/15,17:40:8,24.4,61.0,24.5,95.0,26.2,66.9,1021,0
2026/7/15,17:40:13,24.5,61.0,24.5,95.0,26.2,66.9,1023,0
2026/7/15,17:40:18,24.5,61.0,24.5,95.0,26.2,66.9,1023,0
2026/7/15,17:40:23,24.4,61.0,24.5,95.0,26.2,66.9,1019,0
2026/7/15,17:40:28,24.5,61.0,24.5,95.0,26.2,67.1,1019,0
2026/7/15,17:40:33,24.4,60.0,24.5,95.0,26.2,67.0,1023,0
2026/7/15,17:40:38,24.5,60.0,24.5,95.0,26.2,67.0,1021,0
2026/7/15,17:40:43,24.5,61.0,24.5,95.0,26.2,67.0,1023,0
2026/7/15,17:40:48,24.5,60.0,24.5,95.0,26.2,67.0,1022,0
2026/7/15,17:40:53,24.4,60.0,24.5,95.0,26.2,67.0,1023,0
2026/7/15,17:40:58,24.5,60.0,24.5,95.0,26.1,67.0,1023,0
2026/7/15,17:41:3,24.5,60.0,24.5,95.0,26.1,67.0,1022,0
2026/7/15,17:41:8,24.3,60.0,24.5,95.0,26.1,67.0,1023,0
2026/7/15,17:41:13,24.4,60.0,24.5,95.0,26.1,67.0,1022,0
2026/7/15,17:41:18,24.4,60.0,24.5,95.0,26.1,67.0,1021,0
2026/7/15,17:41:23,24.4,60.0,24.5,95.0,26.1,67.1,1022,0
2026/7/15,17:41:28,24.4,61.0,24.5,95.0,26.1,67.1,1021,0
2026/7/15,17:41:33,24.4,61.0,24.5,95.0,26.1,67.1,1022,0
2026/7/15,17:41:38,24.4,61.0,24.5,95.0,26.1,67.3,1019,0
2026/7/15,17:41:43,24.4,61.0,24.5,95.0,26.1,67.3,1023,0
2026/7/15,17:41:48,24.4,61.0,24.5,95.0,26.1,67.3,1022,0
2026/7/15,17:41:53,24.4,61.0,24.5,95.0,26.1,67.3,1019,0
2026/7/15,17:41:58,24.4,61.0,24.5,95.0,26.1,67.3,1021,0
2026/7/15,17:42:3,24.4,61.0,24.5,95.0,26.1,67.3,1021,0
2026/7/15,17:42:8,24.0,61.0,24.5,95.0,26.1,67.3,1019,0
2026/7/15,17:42:13,24.4,61.0,24.4,95.0,26.0,67.2,1019,0
2026/7/15,17:42:18,24.4,61.0,24.5,95.0,26.0,67.2,1019,0
2026/7/15,17:42:23,24.4,60.0,24.5,95.0,26.0,67.3,1023,0
2026/7/15,17:42:28,24.3,60.0,24.5,95.0,26.0,67.2,1023,0
2026/7/15,17:42:33,24.3,60.0,24.4,95.0,26.0,67.2,1021,0
2026/7/15,17:42:38,24.4,61.0,24.5,95.0,26.0,67.2,1023,0
2026/7/15,17:42:43,24.1,61.0,24.4,95.0,26.0,67.3,1023,0
2026/7/15,17:42:48,23.9,61.0,24.5,95.0,26.0,67.3,1023,0
2026/7/15,17:42:53,24.4,61.0,24.5,95.0,26.0,67.3,1023,0
2026/7/15,17:42:58,24.3,61.0,24.5,95.0,26.0,67.3,1019,0
2026/7/15,17:43:3,24.3,61.0,24.5,95.0,26.0,67.4,1021,0
2026/7/15,17:43:8,24.3,61.0,24.4,95.0,26.0,67.3,1022,0
2026/7/15,17:43:13,24.3,61.0,24.5,95.0,26.0,67.4,1021,0
2026/7/15,17:43:18,23.9,61.0,24.5,95.0,26.0,67.3,1023,0
2026/7/15,17:43:23,24.3,61.0,24.5,95.0,26.0,67.4,1022,0
2026/7/15,17:43:28,24.3,61.0,24.5,95.0,26.0,67.4,1023,0
2026/7/15,17:43:33,23.8,61.0,24.5,95.0,26.0,67.4,1023,0
2026/7/15,17:43:38,24.0,62.0,24.5,95.0,26.0,67.4,1021,0
2026/7/15,17:43:43,24.3,62.0,24.4,95.0,26.0,67.5,1023,0
2026/7/15,17:43:48,24.3,62.0,24.5,95.0,26.0,67.5,1021,0
2026/7/15,17:43:53,24.2,62.0,24.3,95.0,26.0,67.5,1023,0
2026/7/15,17:43:58,24.0,62.0,24.5,95.0,26.0,67.5,1023,0
2026/7/15,17:44:3,24.0,62.0,24.5,95.0,25.9,67.5,1019,0
2026/7/15,17:44:8,23.8,62.0,24.2,95.0,25.9,67.5,1023,0
2026/7/15,17:44:13,24.1,61.0,24.5,95.0,25.9,67.5,1021,0
2026/7/15,17:44:18,24.0,61.0,24.5,95.0,25.9,67.6,1019,0
2026/7/15,17:44:23,24.3,61.0,24.5,95.0,25.9,67.6,1021,0
2026/7/15,17:44:28,24.2,62.0,24.5,95.0,25.9,67.6,1023,0
2026/7/15,17:44:33,24.3,62.0,24.5,95.0,25.9,67.6,1023,0
2026/7/15,17:44:38,24.2,61.0,24.5,95.0,25.9,67.6,1023,0
2026/7/15,17:44:43,24.1,62.0,24.5,95.0,25.9,67.6,1021,0
2026/7/15,17:44:48,24.3,61.0,24.5,95.0,25.9,67.6,1021,0
2026/7/15,17:44:53,24.0,61.0,24.5,95.0,25.9,67.7,1023,0
2026/7/15,17:44:58,24.2,61.0,24.1,95.0,25.9,67.7,1019,0
2026/7/15,17:45:3,23.8,61.0,24.5,95.0,25.9,67.7,1023,0
2026/7/15,17:45:8,24.2,61.0,24.1,95.0,25.9,67.7,1023,0
2026/7/15,17:45:13,23.9,62.0,24.5,95.0,25.9,67.7,1021,0
2026/7/15,17:45:19,24.0,61.0,24.5,95.0,25.9,67.7,1023,0
2026/7/15,17:45:24,24.0,61.0,24.5,95.0,25.9,67.7,1022,0
2026/7/15,17:45:29,23.9,61.0,24.5,95.0,25.9,67.7,1019,0
2026/7/15,17:45:34,24.0,61.0,24.2,95.0,25.9,67.7,1021,0
2026/7/15,17:45:39,24.0,62.0,24.5,95.0,25.9,67.7,1023,0
2026/7/15,17:45:44,23.9,62.0,24.5,95.0,25.8,67.8,1023,0
2026/7/15,17:45:49,24.0,62.0,24.5,95.0,25.8,67.8,1019,0
2026/7/15,17:45:54,24.0,62.0,24.3,95.0,25.8,67.8,1023,0
2026/7/15,17:45:59,24.0,62.0,24.4,95.0,25.8,67.8,1019,0
2026/7/15,17:46:4,23.9,62.0,24.4,95.0,25.8,67.8,1023,0
2026/7/15,17:46:9,23.9,62.0,24.5,95.0,25.8,67.8,1023,0
2026/7/15,17:46:14,23.9,62.0,24.5,95.0,25.8,67.8,1022,0
2026/7/15,17:46:19,23.7,62.0,24.5,95.0,25.8,67.8,1021,0
2026/7/15,17:46:24,24.1,62.0,24.5,95.0,25.8,67.8,1023,0
2026/7/15,17:46:29,23.7,61.0,24.5,95.0,25.8,67.9,1023,0
2026/7/15,17:46:34,23.7,62.0,24.4,95.0,25.8,67.9,1023,0
2026/7/15,17:46:39,23.7,62.0,24.5,95.0,25.8,67.8,1019,0
2026/7/15,17:46:44,23.9,62.0,24.5,95.0,25.8,67.9,1023,0
2026/7/15,17:46:49,23.7,62.0,24.3,95.0,25.8,67.9,1023,0
2026/7/15,17:46:54,23.8,62.0,24.4,95.0,25.8,67.9,1023,0
2026/7/15,17:46:59,24.1,62.0,24.5,95.0,25.7,68.0,1022,0
2026/7/15,17:47:4,24.0,62.0,24.4,95.0,25.8,68.0,1023,0
2026/7/15,17:47:9,23.7,62.0,24.5,95.0,25.8,68.0,1019,0
2026/7/15,17:47:14,23.9,62.0,24.5,95.0,25.7,68.1,1019,0
2026/7/15,17:47:19,23.9,62.0,24.5,95.0,25.8,68.1,1022,0
2026/7/15,17:47:24,23.8,62.0,24.5,95.0,25.7,68.1,1023,0
2026/7/15,17:47:29,23.9,62.0,24.5,95.0,25.7,68.1,1023,0
2026/7/15,17:47:34,24.0,62.0,24.5,95.0,25.7,68.1,1022,0
2026/7/15,17:47:39,23.8,63.0,24.5,95.0,25.7,68.2,1019,0
2026/7/15,17:47:44,23.8,63.0,24.5,95.0,25.7,68.2,1019,0
2026/7/15,17:47:49,24.0,63.0,24.5,95.0,25.7,68.2,1022,0
2026/7/15,17:47:54,23.8,63.0,24.5,95.0,25.7,68.2,1022,0
2026/7/15,17:47:59,23.8,63.0,24.0,95.0,25.7,68.2,1023,0
2026/7/15,17:48:4,23.8,63.0,24.5,95.0,25.7,68.3,1021,0
2026/7/15,17:48:9,23.7,63.0,24.5,95.0,25.7,68.3,1022,0
2026/7/15,17:48:14,24.0,63.0,24.5,95.0,25.7,68.3,1019,0
2026/7/15,17:48:19,23.8,63.0,24.4,95.0,25.7,68.3,1023,0
2026/7/15,17:48:24,23.8,63.0,24.0,95.0,25.7,68.3,1023,0
2026/7/15,17:48:29,23.9,63.0,24.5,95.0,25.7,68.3,1019,0
2026/7/15,17:48:34,23.8,63.0,24.4,95.0,25.7,68.3,1021,0
2026/7/15,17:48:39,23.8,63.0,24.5,95.0,25.7,68.3,1023,0
2026/7/15,17:48:44,23.8,63.0,24.5,95.0,25.7,68.4,1019,0
2026/7/15,17:48:49,23.8,63.0,24.5,95.0,25.7,68.4,1021,0
2026/7/15,17:48:54,23.7,63.0,24.5,95.0,25.7,68.5,1021,0
2026/7/15,17:48:59,23.7,63.0,24.5,95.0,25.7,68.5,1023,0
2026/7/15,17:49:4,23.7,63.0,24.5,95.0,25.6,68.5,1022,0
2026/7/15,17:49:9,23.7,63.0,24.4,95.0,25.7,68.5,1021,0
2026/7/15,17:49:14,23.7,63.0,24.0,95.0,25.6,68.5,1022,0
2026/7/15,17:49:19,23.7,64.0,24.5,95.0,25.7,68.6,1022,0
2026/7/15,17:49:24,23.8,64.0,24.5,95.0,25.6,68.6,1022,0
2026/7/15,17:49:29,23.7,64.0,24.5,95.0,25.6,68.6,1021,0
2026/7/15,17:49:34,23.7,64.0,24.2,95.0,25.6,68.5,1022,0
2026/7/15,17:49:39,23.7,63.0,24.0,95.0,25.6,68.6,1019,0
2026/7/15,17:49:44,23.7,63.0,24.5,95.0,25.6,68.6,1023,0
2026/7/15,17:49:49,23.7,64.0,24.0,95.0,25.6,68.6,1023,0
2026/7/15,17:49:54,23.7,64.0,24.5,95.0,25.6,68.6,1019,0
2026/7/15,17:49:59,23.7,64.0,24.2,95.0,25.6,68.6,1023,0
2026/7/15,17:50:4,23.7,63.0,24.5,95.0,25.6,68.6,1023,0
2026/7/15,17:50:9,23.6,63.0,24.5,95.0,25.6,68.6,1021,0
2026/7/15,17:50:14,23.7,63.0,24.0,95.0,25.6,68.6,1023,0
2026/7/15,17:50:19,23.7,63.0,24.5,95.0,25.6,68.6,1022,0
2026/7/15,17:50:24,23.6,63.0,24.2,95.0,25.6,68.6,1019,0
2026/7/15,17:50:29,23.7,63.0,24.3,95.0,25.6,68.6,1023,0
2026/7/15,17:50:34,23.7,63.0,24.5,95.0,25.6,68.7,1022,0
2026/7/15,17:50:39,23.7,63.0,24.5,95.0,25.6,68.7,1023,0
2026/7/15,17:50:44,23.7,63.0,24.5,95.0,25.6,68.7,1022,0
2026/7/15,17:50:49,23.7,63.0,24.5,95.0,25.6,68.7,1019,0
2026/7/15,17:50:54,23.7,63.0,24.5,95.0,25.6,68.7,1019,0
2026/7/15,17:50:59,23.6,63.0,24.5,95.0,25.6,68.7,1021,0
2026/7/15,17:51:4,23.6,63.0,24.5,95.0,25.5,68.7,1021,0
2026/7/15,17:51:9,23.7,63.0,24.5,95.0,25.5,68.8,1021,0
2026/7/15,17:51:14,23.6,63.0,24.5,95.0,25.6,68.9,1022,0
2026/7/15,17:51:19,23.6,63.0,24.4,95.0,25.5,68.8,1019,0
2026/7/15,17:51:24,23.7,63.0,24.5,95.0,25.5,68.8,1023,0
2026/7/15,17:51:29,23.7,63.0,24.5,95.0,25.5,68.8,1022,0
2026/7/15,17:51:34,23.6,63.0,24.5,95.0,25.5,68.8,1021,0
2026/7/15,17:51:39,23.6,63.0,24.5,95.0,25.5,68.9,1019,0
2026/7/15,17:51:44,23.6,63.0,24.5,95.0,25.5,68.9,1019,0
2026/7/15,17:51:49,23.5,63.0,24.5,95.0,25.5,69.0,1021,0
2026/7/15,17:51:54,23.6,63.0,24.5,95.0,25.5,68.9,1019,0
2026/7/15,17:51:59,23.7,63.0,24.5,95.0,25.5,69.0,1023,0
2026/7/15,17:52:4,23.6,63.0,24.4,95.0,25.5,69.0,1023,0
2026/7/15,17:52:9,23.6,62.0,24.5,95.0,25.5,69.0,1023,0
2026/7/15,17:52:14,23.6,62.0,24.5,95.0,25.5,69.0,1019,0
2026/7/15,17:52:19,23.6,62.0,24.5,95.0,25.5,69.0,1019,0
2026/7/15,17:52:24,23.5,62.0,24.5,95.0,25.5,69.0,1023,0
2026/7/15,17:52:29,23.5,62.0,24.5,95.0,25.5,69.0,1023,0
2026/7/15,17:52:34,23.6,63.0,24.2,95.0,25.5,69.0,1023,0
2026/7/15,17:52:39,23.6,63.0,24.5,95.0,25.5,69.0,1022,0
2026/7/15,17:52:44,23.6,63.0,24.5,95.0,25.4,69.0,1023,0
2026/7/15,17:52:49,23.6,63.0,24.5,95.0,25.4,69.0,1023,0
2026/7/15,17:52:54,23.7,63.0,24.5,95.0,25.5,69.0,1022,0
2026/7/15,17:52:59,23.6,63.0,24.5,95.0,25.4,68.9,1023,0
2026/7/15,17:53:4,23.5,64.0,24.5,95.0,25.4,69.0,1019,0
2026/7/15,17:53:9,23.6,64.0,24.4,95.0,25.4,69.0,1022,0
2026/7/15,17:53:14,23.6,64.0,24.0,95.0,25.4,69.0,1023,0
2026/7/15,17:53:19,23.6,64.0,24.5,95.0,25.4,69.0,1021,0
2026/7/15,17:53:24,23.5,63.0,24.5,95.0,25.4,69.0,1023,0
2026/7/15,17:53:29,23.5,63.0,24.5,95.0,25.4,69.1,1021,0
2026/7/15,17:53:34,23.6,63.0,24.0,95.0,25.4,69.0,1019,0
2026/7/15,17:53:39,23.6,64.0,24.5,95.0,25.4,69.1,1021,0
2026/7/15,17:53:44,23.5,64.0,24.5,95.0,25.4,69.1,1019,0
2026/7/15,17:53:49,23.5,64.0,24.0,95.0,25.4,69.1,1023,0
2026/7/15,17:53:54,23.6,64.0,24.5,95.0,25.4,69.1,1022,0
2026/7/15,17:53:59,23.5,65.0,24.5,95.0,25.4,69.2,1023,0
2026/7/15,17:54:4,23.5,65.0,24.0,95.0,25.4,69.2,1019,0
2026/7/15,17:54:9,23.5,65.0,24.5,95.0,25.4,69.2,1022,0
2026/7/15,17:54:14,23.4,65.0,24.3,95.0,25.4,69.2,1019,0
2026/7/15,17:54:19,23.5,65.0,24.5,95.0,25.4,69.2,1023,0
2026/7/15,17:54:24,23.5,65.0,24.1,95.0,25.4,69.3,1023,0
2026/7/15,17:54:29,23.6,65.0,24.5,95.0,25.3,69.3,1023,0
2026/7/15,17:54:34,23.5,65.0,24.5,95.0,25.4,69.3,1023,0
2026/7/15,17:54:39,23.5,64.0,24.3,95.0,25.3,69.3,1022,0
2026/7/15,17:54:44,23.5,64.0,24.5,95.0,25.3,69.4,1021,0
2026/7/15,17:54:49,23.4,64.0,24.1,95.0,25.3,69.4,1023,0
2026/7/15,17:54:54,23.6,64.0,24.5,95.0,25.3,69.4,1023,0
2026/7/15,17:54:59,23.5,64.0,24.5,95.0,25.3,69.4,1023,0
2026/7/15,17:55:4,23.5,64.0,24.5,95.0,25.3,69.3,1022,0
2026/7/15,17:55:9,23.4,64.0,24.5,95.0,25.3,69.4,1021,0
2026/7/15,17:55:14,23.5,64.0,24.5,95.0,25.3,69.4,1019,0
2026/7/15,17:55:19,23.5,64.0,24.5,95.0,25.3,69.4,1023,0
2026/7/15,17:55:24,23.5,64.0,24.5,95.0,25.3,69.4,1022,0
2026/7/15,17:55:29,23.5,64.0,24.5,95.0,25.3,69.4,1023,0
2026/7/15,17:55:34,23.5,64.0,24.5,95.0,25.3,69.4,1021,0
2026/7/15,17:55:39,23.0,64.0,24.5,95.0,25.3,69.4,1019,0
2026/7/15,17:55:44,23.4,64.0,24.5,95.0,25.3,69.4,1022,0
2026/7/15,17:55:50,23.4,64.0,24.5,95.0,25.3,69.4,1019,0
2026/7/15,17:55:55,23.5,64.0,24.5,95.0,25.3,69.4,1023,0
2026/7/15,17:56:0,23.5,64.0,24.5,95.0,25.3,69.5,1022,0
2026/7/15,17:56:5,23.4,64.0,24.5,95.0,25.3,69.5,1019,0
2026/7/15,17:56:10,23.5,64.0,24.5,95.0,25.3,69.4,1023,0
2026/7/15,17:56:15,23.5,64.0,24.5,95.0,25.3,69.5,1022,0
2026/7/15,17:56:20,23.4,64.0,24.5,95.0,25.2,69.5,1021,0
2026/7/15,17:56:25,23.0,64.0,24.5,95.0,25.2,69.5,1019,0
2026/7/15,17:56:30,23.4,64.0,24.3,95.0,25.2,69.5,1023,0
2026/7/15,17:56:35,23.4,64.0,24.5,95.0,25.2,69.5,1022,0
2026/7/15,17:56:40,22.9,64.0,24.5,95.0,25.2,69.5,1022,0
2026/7/15,17:56:45,23.4,64.0,24.5,95.0,25.2,69.5,1023,0
2026/7/15,17:56:50,22.9,64.0,24.5,95.0,25.2,69.5,1019,0
2026/7/15,17:56:55,23.4,65.0,24.5,95.0,25.2,69.6,1023,0
2026/7/15,17:57:0,23.4,65.0,24.5,95.0,25.2,69.6,1023,0
2026/7/15,17:57:5,23.3,64.0,24.5,95.0,25.2,69.6,1023,0
2026/7/15,17:57:10,23.4,64.0,24.5,95.0,25.2,69.6,1023,0
2026/7/15,17:57:15,23.4,64.0,24.3,95.0,25.2,69.6,1019,0
2026/7/15,17:57:20,23.3,65.0,24.5,95.0,25.2,69.6,1022,0
2026/7/15,17:57:25,23.4,65.0,24.3,95.0,25.2,69.6,1023,0
2026/7/15,17:57:30,23.3,65.0,24.5,95.0,25.2,69.7,1023,0
2026/7/15,17:57:35,23.4,65.0,24.5,95.0,25.2,69.7,1023,0
2026/7/15,17:57:40,23.1,65.0,24.3,95.0,25.2,69.7,1022,0
2026/7/15,17:57:45,23.3,65.0,24.5,95.0,25.2,69.7,1021,0
2026/7/15,17:57:50,23.3,65.0,24.5,95.0,25.2,69.7,1019,0
2026/7/15,17:57:55,23.3,65.0,24.5,95.0,25.2,69.7,1023,0
2026/7/15,17:58:0,23.2,65.0,24.5,95.0,25.2,69.8,1022,0
2026/7/15,17:58:5,23.3,65.0,24.5,95.0,25.1,69.7,1021,0
2026/7/15,17:58:10,23.3,65.0,24.5,95.0,25.1,69.8,1022,0
2026/7/15,17:58:15,23.1,66.0,24.5,95.0,25.1,69.8,1019,0
2026/7/15,17:58:20,23.1,66.0,24.5,95.0,25.1,69.8,1019,0
2026/7/15,17:58:25,23.1,66.0,24.5,95.0,25.1,69.8,1023,0
2026/7/15,17:58:30,23.1,66.0,24.5,95.0,25.1,69.9,1021,0
2026/7/15,17:58:35,23.1,66.0,24.5,95.0,25.1,69.9,1019,0
2026/7/15,17:58:40,23.2,66.0,24.5,95.0,25.1,69.9,1022,0
2026/7/15,17:58:45,23.0,66.0,24.5,95.0,25.1,69.9,1023,0
2026/7/15,17:58:50,23.1,66.0,24.5,95.0,25.1,70.0,1021,0
2026/7/15,17:58:55,23.0,66.0,24.0,95.0,25.1,69.9,1022,0
2026/7/15,17:59:0,23.0,66.0,24.5,95.0,25.1,69.9,1023,0
2026/7/15,17:59:5,23.1,66.0,24.3,95.0,25.1,70.0,1023,0
2026/7/15,17:59:10,23.1,65.0,24.5,95.0,25.1,70.0,1023,0
2026/7/15,17:59:15,23.0,66.0,24.5,95.0,25.1,70.0,1023,0
2026/7/15,17:59:20,23.0,66.0,24.5,95.0,25.1,70.1,1021,0
2026/7/15,17:59:25,23.0,66.0,24.5,95.0,25.0,70.0,1022,0
2026/7/15,17:59:30,23.1,65.0,24.5,95.0,25.0,70.0,1022,0
2026/7/15,17:59:35,23.1,65.0,24.5,95.0,25.0,70.1,1019,0
2026/7/15,17:59:40,22.9,65.0,24.5,95.0,25.0,70.1,1023,0
2026/7/15,17:59:45,23.0,65.0,24.5,95.0,25.0,70.1,1021,0
2026/7/15,17:59:50,23.0,65.0,24.3,95.0,25.0,70.1,1023,0
2026/7/15,17:59:55,23.0,66.0,24.4,95.0,25.0,70.1,1023,0
2026/7/15,18:0:0,23.0,66.0,24.5,95.0,25.0,70.1,1023,0
2026/7/15,18:0:5,23.0,66.0,24.4,95.0,25.0,70.1,1023,0
2026/7/15,18:0:10,23.0,66.0,24.5,95.0,25.0,70.2,1021,0
2026/7/15,18:0:15,22.9,66.0,24.3,95.0,25.0,70.1,1023,0
2026/7/15,18:0:20,23.0,66.0,24.4,95.0,25.0,70.2,1023,0
2026/7/15,18:0:25,23.0,65.0,24.5,95.0,25.0,70.1,1023,0
2026/7/15,18:0:30,23.0,65.0,24.4,95.0,25.0,70.1,1023,0
2026/7/15,18:0:35,22.8,66.0,24.5,95.0,25.0,70.1,1021,0
2026/7/15,18:0:40,22.9,66.0,24.3,95.0,25.0,70.2,1022,0
2026/7/15,18:0:45,23.0,66.0,24.4,95.0,25.0,70.2,1022,0
2026/7/15,18:0:50,22.9,66.0,24.4,95.0,25.0,70.3,1019,0
2026/7/15,18:0:55,22.8,66.0,24.5,95.0,25.0,70.3,1021,0
2026/7/15,18:1:0,22.8,66.0,24.3,95.0,25.0,70.3,1023,0
2026/7/15,18:1:5,22.9,66.0,24.5,95.0,25.0,70.3,1023,0
2026/7/15,18:1:10,22.8,66.0,24.4,95.0,24.9,70.3,1023,0
2026/7/15,18:1:15,22.8,66.0,24.4,95.0,24.9,70.3,1019,0
2026/7/15,18:1:20,22.9,65.0,24.3,95.0,25.0,70.3,1021,0
2026/7/15,18:1:25,22.8,65.0,24.3,95.0,24.9,70.3,1022,0
2026/7/15,18:1:30,22.9,65.0,24.3,95.0,24.9,70.4,1022,0
2026/7/15,18:1:35,22.9,65.0,24.5,95.0,24.9,70.4,1023,0
2026/7/15,18:1:40,22.7,66.0,24.1,95.0,24.9,70.4,1023,0
2026/7/15,18:1:45,22.9,66.0,24.4,95.0,24.9,70.4,1019,0
2026/7/15,18:1:50,22.8,66.0,24.4,95.0,24.9,70.4,1019,0
2026/7/15,18:1:55,22.9,65.0,24.5,95.0,24.9,70.4,1023,0
2026/7/15,18:2:0,22.8,65.0,24.4,95.0,24.9,70.5,1023,0
2026/7/15,18:2:5,22.8,66.0,24.3,95.0,24.9,70.5,1022,0
2026/7/15,18:2:10,22.8,66.0,24.4,95.0,24.9,70.5,1021,0
2026/7/15,18:2:15,22.8,66.0,24.5,95.0,24.9,70.6,1019,0
2026/7/15,18:2:20,22.8,66.0,24.5,95.0,24.9,70.6,1021,0
2026/7/15,18:2:25,22.8,66.0,24.3,95.0,24.9,70.6,1022,0
2026/7/15,18:2:30,22.8,67.0,24.4,95.0,24.9,70.6,1023,0
2026/7/15,18:2:35,22.8,67.0,24.5,95.0,24.9,70.6,1021,0
2026/7/15,18:2:40,22.8,67.0,24.4,95.0,24.9,70.6,1019,0
2026/7/15,18:2:45,22.8,66.0,24.5,95.0,24.9,70.6,1023,0
2026/7/15,18:2:50,22.8,66.0,24.4,95.0,24.9,70.6,1021,0
2026/7/15,18:2:55,22.8,66.0,24.3,95.0,24.8,70.7,1021,0
2026/7/15,18:3:0,22.8,66.0,24.5,95.0,24.8,70.7,1023,0
2026/7/15,18:3:5,22.8,66.0,24.3,95.0,24.9,70.7,1021,0
2026/7/15,18:3:10,22.8,66.0,24.3,95.0,24.8,70.7,1023,0
2026/7/15,18:3:15,22.8,66.0,24.4,95.0,24.8,70.7,1021,0
2026/7/15,18:3:20,22.7,66.0,24.3,95.0,24.8,70.7,1022,0
2026/7/15,18:3:25,22.7,67.0,24.4,95.0,24.8,70.8,1023,0
2026/7/15,18:3:30,22.8,67.0,24.4,95.0,24.8,70.8,1019,0
2026/7/15,18:3:35,22.7,67.0,24.4,95.0,24.8,70.8,1019,0
2026/7/15,18:3:40,22.8,67.0,24.3,95.0,24.8,70.8,1023,0
2026/7/15,18:3:45,22.8,67.0,24.3,95.0,24.8,70.8,1019,0
2026/7/15,18:3:50,22.7,67.0,24.5,95.0,24.8,70.8,1021,0
2026/7/15,18:3:55,22.8,67.0,24.5,95.0,24.8,70.8,1019,0
2026/7/15,18:4:0,22.7,67.0,24.5,95.0,24.8,70.9,1023,0
2026/7/15,18:4:5,22.7,67.0,24.5,95.0,24.8,70.9,1023,0
2026/7/15,18:4:10,22.7,67.0,24.3,95.0,24.8,70.9,1023,0
2026/7/15,18:4:15,22.8,68.0,24.5,95.0,24.8,70.9,1023,0
2026/7/15,18:4:20,22.8,68.0,24.5,95.0,24.8,71.0,1023,0
2026/7/15,18:4:25,22.7,68.0,24.4,95.0,24.8,71.0,1023,0
2026/7/15,18:4:30,22.7,68.0,24.4,95.0,24.8,71.0,1019,0
2026/7/15,18:4:35,22.7,68.0,24.3,95.0,24.8,71.0,1023,0
2026/7/15,18:4:40,22.7,68.0,24.5,95.0,24.8,71.0,1023,0
2026/7/15,18:4:45,22.7,68.0,24.3,95.0,24.8,71.0,1019,0
2026/7/15,18:4:50,22.7,68.0,24.3,95.0,24.8,71.1,1023,0
2026/7/15,18:4:55,22.7,68.0,24.5,95.0,24.7,71.1,1023,0
2026/7/15,18:5:0,22.7,68.0,24.4,95.0,24.8,71.1,1023,0
2026/7/15,18:5:5,22.7,68.0,24.4,95.0,24.8,71.1,1021,0
2026/7/15,18:5:10,22.7,68.0,24.4,95.0,24.7,71.2,1023,0
2026/7/15,18:5:15,22.7,68.0,24.4,95.0,24.7,71.1,1019,0
2026/7/15,18:5:20,22.6,68.0,24.5,95.0,24.7,71.2,1023,0
2026/7/15,18:5:25,22.7,68.0,24.3,95.0,24.7,71.2,1019,0
2026/7/15,18:5:30,22.7,68.0,24.5,95.0,24.7,71.2,1019,0
2026/7/15,18:5:35,22.7,68.0,24.5,95.0,24.7,71.2,1022,0
2026/7/15,18:5:40,22.7,68.0,24.4,95.0,24.7,71.2,1023,0
2026/7/15,18:5:45,22.7,68.0,24.4,95.0,24.7,71.3,1023,0
2026/7/15,18:5:50,22.6,68.0,24.4,95.0,24.7,71.3,1021,0
2026/7/15,18:5:55,22.7,68.0,24.3,95.0,24.7,71.3,1019,0
2026/7/15,18:6:0,22.7,68.0,24.4,95.0,24.7,71.4,1019,0
2026/7/15,18:6:5,22.7,68.0,24.4,95.0,24.7,71.4,1023,0
2026/7/15,18:6:10,22.7,69.0,24.3,95.0,24.7,71.4,1023,0
2026/7/15,18:6:15,22.7,69.0,24.4,95.0,24.7,71.4,1021,0
2026/7/15,18:6:20,22.6,69.0,24.3,95.0,24.7,71.4,1021,0
2026/7/15,18:6:25,22.7,69.0,24.4,95.0,24.7,71.4,1022,0
2026/7/15,18:6:30,22.7,69.0,24.3,95.0,24.7,71.4,1023,0
2026/7/15,18:6:35,22.6,69.0,24.4,95.0,24.6,71.5,1021,0
2026/7/15,18:6:40,22.6,68.0,24.3,95.0,24.7,71.4,1023,0
2026/7/15,18:6:45,22.6,68.0,24.4,95.0,24.7,71.5,1021,0
2026/7/15,18:6:50,22.6,68.0,24.5,95.0,24.6,71.5,1019,0
2026/7/15,18:6:55,22.7,68.0,24.4,95.0,24.6,71.5,1021,0
2026/7/15,18:7:0,22.7,68.0,24.3,95.0,24.6,71.4,1022,0
2026/7/15,18:7:6,22.6,68.0,24.4,95.0,24.6,71.5,1022,0
2026/7/15,18:7:11,22.6,68.0,24.5,95.0,24.7,71.5,1021,0
2026/7/15,18:7:16,22.7,68.0,24.4,95.0,24.6,71.5,1019,0
2026/7/15,18:7:21,22.6,68.0,24.4,95.0,24.6,71.5,1019,0
2026/7/15,18:7:26,22.6,69.0,24.4,95.0,24.6,71.5,1023,0
2026/7/15,18:7:31,22.6,69.0,24.5,95.0,24.6,71.6,1021,0
2026/7/15,18:7:36,22.6,69.0,24.4,95.0,24.6,71.6,1022,0
2026/7/15,18:7:41,22.7,69.0,24.5,95.0,24.6,71.6,1023,0
2026/7/15,18:7:46,22.6,69.0,24.4,95.0,24.6,71.6,1021,0
2026/7/15,18:7:51,22.6,69.0,24.5,95.0,24.6,71.7,1023,0
2026/7/15,18:7:56,22.6,68.0,24.5,95.0,24.6,71.7,1022,0
2026/7/15,18:8:1,22.6,68.0,24.5,95.0,24.6,71.7,1021,0
2026/7/15,18:8:6,22.6,68.0,24.5,95.0,24.6,71.7,1022,0
2026/7/15,18:8:11,22.6,68.0,24.3,95.0,24.6,71.8,1022,0
2026/7/15,18:8:16,22.6,68.0,24.4,95.0,24.6,71.7,1019,0
2026/7/15,18:8:21,22.6,68.0,24.4,95.0,24.6,71.7,1022,0
2026/7/15,18:8:26,22.6,68.0,24.4,95.0,24.6,71.8,1021,0
2026/7/15,18:8:31,22.6,68.0,24.3,95.0,24.6,71.7,1019,0
2026/7/15,18:8:36,22.6,68.0,24.4,95.0,24.6,71.8,1022,0
2026/7/15,18:8:41,22.5,68.0,24.3,95.0,24.6,71.8,1021,0
2026/7/15,18:8:46,22.6,68.0,24.4,95.0,24.5,71.8,1022,0
2026/7/15,18:8:51,22.5,68.0,24.4,95.0,24.6,71.8,1019,0
2026/7/15,18:8:56,22.6,68.0,24.4,95.0,24.5,71.8,1023,0
2026/7/15,18:9:1,22.5,68.0,24.3,95.0,24.5,71.9,1019,0
2026/7/15,18:9:6,22.6,68.0,24.3,95.0,24.5,71.9,1021,0
2026/7/15,18:9:11,22.6,68.0,24.4,95.0,24.5,71.8,1023,0
2026/7/15,18:9:16,22.4,68.0,24.3,95.0,24.5,71.9,1021,0
2026/7/15,18:9:21,22.5,68.0,24.3,95.0,24.5,71.9,1021,0
2026/7/15,18:9:26,22.6,68.0,24.5,95.0,24.5,71.9,1021,0
2026/7/15,18:9:31,22.6,68.0,24.4,95.0,24.5,71.9,1021,0
2026/7/15,18:9:36,22.5,68.0,24.4,95.0,24.5,71.9,1023,0
2026/7/15,18:9:41,22.5,68.0,24.4,95.0,24.5,72.0,1019,0
2026/7/15,18:9:46,22.6,68.0,24.3,95.0,24.5,72.0,1019,0
2026/7/15,18:9:51,22.3,69.0,24.5,95.0,24.5,72.0,1023,0
2026/7/15,18:9:56,22.5,69.0,24.4,95.0,24.5,72.0,1019,0
2026/7/15,18:10:1,22.5,69.0,24.4,95.0,24.5,72.0,1019,0
2026/7/15,18:10:6,22.5,68.0,24.4,95.0,24.5,72.0,1023,0
2026/7/15,18:10:11,22.5,68.0,24.4,95.0,24.5,72.0,1023,0
2026/7/15,18:10:16,22.5,68.0,24.5,95.0,24.5,72.1,1019,0
2026/7/15,18:10:21,22.5,68.0,24.4,95.0,24.5,72.1,1022,0
2026/7/15,18:10:26,22.5,68.0,24.4,95.0,24.5,72.1,1023,0
2026/7/15,18:10:31,22.5,68.0,24.4,95.0,24.5,72.1,1023,0
2026/7/15,18:10:36,22.4,68.0,24.3,95.0,24.5,72.1,1022,0
2026/7/15,18:10:41,22.5,69.0,24.3,95.0,24.5,72.1,1023,0
2026/7/15,18:10:46,22.6,69.0,24.3,95.0,24.5,72.2,1019,0
2026/7/15,18:10:51,22.5,69.0,24.4,95.0,24.5,72.1,1021,0
2026/7/15,18:10:56,22.3,69.0,24.4,95.0,24.5,72.2,1019,0
2026/7/15,18:11:1,22.5,69.0,24.5,95.0,24.5,72.2,1021,0
2026/7/15,18:11:6,22.5,69.0,24.4,95.0,24.5,72.2,1023,0
2026/7/15,18:11:11,22.5,69.0,24.3,95.0,24.5,72.2,1021,0
2026/7/15,18:11:16,22.4,69.0,24.4,95.0,24.5,72.2,1021,0
2026/7/15,18:11:21,22.4,69.0,24.4,95.0,24.4,72.2,1019,0
2026/7/15,18:11:26,22.5,69.0,24.4,95.0,24.4,72.2,1023,0
2026/7/15,18:11:31,22.5,69.0,24.4,95.0,24.4,72.3,1023,0
2026/7/15,18:11:36,22.5,69.0,24.3,95.0,24.4,72.2,1022,0
2026/7/15,18:11:41,22.4,69.0,24.3,95.0,24.4,72.3,1021,0
2026/7/15,18:11:46,22.5,69.0,24.4,95.0,24.4,72.3,1023,0
2026/7/15,18:11:51,22.5,69.0,24.4,95.0,24.4,72.3,1023,0
2026/7/15,18:11:56,22.3,69.0,24.4,95.0,24.4,72.3,1023,0
2026/7/15,18:12:1,22.4,69.0,24.4,95.0,24.4,72.3,1019,0
2026/7/15,18:12:6,22.3,69.0,24.3,95.0,24.4,72.4,1023,0
2026/7/15,18:12:11,22.3,69.0,24.5,95.0,24.4,72.4,1023,0
2026/7/15,18:12:16,22.3,69.0,24.4,95.0,24.4,72.3,1023,0
2026/7/15,18:12:21,22.5,69.0,24.4,95.0,24.4,72.3,1023,0
2026/7/15,18:12:26,22.4,69.0,24.3,95.0,24.4,72.4,1023,0
2026/7/15,18:12:31,22.4,69.0,24.3,95.0,24.4,72.4,1023,0
2026/7/15,18:12:36,22.4,69.0,24.3,95.0,24.4,72.4,1023,0
2026/7/15,18:12:41,22.3,69.0,24.3,95.0,24.4,72.4,1019,0
2026/7/15,18:12:46,22.4,69.0,24.3,95.0,24.4,72.5,1022,0
2026/7/15,18:12:51,22.3,69.0,24.3,95.0,24.4,72.5,1021,0
2026/7/15,18:12:56,22.3,69.0,24.4,95.0,24.4,72.5,1019,0
2026/7/15,18:13:1,22.3,68.0,24.3,95.0,24.4,72.5,1021,0
2026/7/15,18:13:6,22.3,68.0,24.4,95.0,24.3,72.6,1022,0
2026/7/15,18:13:11,22.3,68.0,24.4,95.0,24.4,72.5,1023,0
2026/7/15,18:13:16,22.4,69.0,24.3,95.0,24.3,72.5,1019,0
2026/7/15,18:13:21,22.3,69.0,24.3,95.0,24.3,72.6,1023,0
2026/7/15,18:13:26,22.3,69.0,24.4,95.0,24.4,72.6,1023,0
2026/7/15,18:13:31,22.3,69.0,24.3,95.0,24.3,72.5,1021,0
2026/7/15,18:13:36,22.4,69.0,24.4,95.0,24.3,72.5,1021,0
2026/7/15,18:13:41,22.4,69.0,24.4,95.0,24.3,72.6,1021,0
2026/7/15,18:13:46,22.2,69.0,24.4,95.0,24.3,72.6,1022,0
2026/7/15,18:13:51,22.3,69.0,24.3,95.0,24.3,72.6,1022,0
2026/7/15,18:13:56,22.3,69.0,24.3,95.0,24.3,72.6,1023,0
2026/7/15,18:14:1,22.3,69.0,24.3,95.0,24.3,72.6,1019,0
2026/7/15,18:14:6,22.3,69.0,24.4,95.0,24.3,72.6,1021,0
2026/7/15,18:14:11,22.3,70.0,24.4,95.0,24.3,72.6,1023,0
2026/7/15,18:14:16,22.2,70.0,24.3,95.0,24.3,72.7,1023,0
2026/7/15,18:14:21,22.3,70.0,24.4,95.0,24.3,72.6,1022,0
2026/7/15,18:14:26,22.3,70.0,24.4,95.0,24.3,72.7,1023,0
2026/7/15,18:14:31,22.3,70.0,24.3,95.0,24.3,72.7,1023,0
2026/7/15,18:14:36,22.3,70.0,24.4,95.0,24.3,72.7,1021,0
2026/7/15,18:14:41,22.3,70.0,24.3,95.0,24.3,72.6,1021,0
2026/7/15,18:14:46,22.3,70.0,24.4,95.0,24.3,72.6,1019,0
2026/7/15,18:14:51,22.3,70.0,24.4,95.0,24.3,72.7,1023,0
2026/7/15,18:14:56,22.3,70.0,24.3,95.0,24.3,72.7,1023,0
2026/7/15,18:15:1,22.2,70.0,24.4,95.0,24.3,72.7,1021,0
2026/7/15,18:15:6,22.2,70.0,24.4,95.0,24.3,72.7,1023,0
2026/7/15,18:15:11,22.3,70.0,24.3,95.0,24.3,72.8,1021,0
2026/7/15,18:15:16,22.2,70.0,24.4,95.0,24.3,72.8,1019,0
2026/7/15,18:15:21,22.2,70.0,24.3,95.0,24.3,72.8,1019,0
2026/7/15,18:15:26,22.2,70.0,24.3,95.0,24.3,72.8,1021,0
2026/7/15,18:15:31,22.2,70.0,24.3,95.0,24.3,72.8,1023,0
2026/7/15,18:15:36,22.2,70.0,24.3,95.0,24.2,72.8,1022,0
2026/7/15,18:15:41,22.2,70.0,24.3,95.0,24.2,72.8,1019,0
2026/7/15,18:15:46,22.2,70.0,24.3,95.0,24.2,72.9,1019,0
2026/7/15,18:15:51,22.2,70.0,24.3,95.0,24.2,72.9,1023,0
2026/7/15,18:15:56,22.1,70.0,24.4,95.0,24.2,72.9,1019,0
2026/7/15,18:16:1,22.0,70.0,24.4,95.0,24.2,72.9,1021,0
2026/7/15,18:16:6,22.1,70.0,24.4,95.0,24.2,72.9,1023,0
2026/7/15,18:16:11,22.1,70.0,24.4,95.0,24.2,72.9,1021,0
2026/7/15,18:16:16,22.2,70.0,24.3,95.0,24.2,72.9,1022,0
2026/7/15,18:16:21,22.0,70.0,24.4,95.0,24.2,72.9,1019,0
2026/7/15,18:16:26,22.1,70.0,24.3,95.0,24.2,73.0,1023,0
2026/7/15,18:16:31,22.0,70.0,24.4,95.0,24.2,73.0,1021,0
2026/7/15,18:16:36,22.2,70.0,24.3,95.0,24.2,73.0,1021,0
2026/7/15,18:16:41,22.1,70.0,24.4,95.0,24.2,73.0,1019,0
2026/7/15,18:16:46,22.1,70.0,24.3,95.0,24.2,73.0,1021,0
2026/7/15,18:16:51,22.0,70.0,24.3,95.0,24.2,73.0,1023,0
2026/7/15,18:16:56,22.0,70.0,24.4,95.0,24.2,73.1,1019,0
2026/7/15,18:17:1,22.1,70.0,24.3,95.0,24.2,73.1,1022,0
2026/7/15,18:17:6,22.1,70.0,24.3,95.0,24.2,73.0,1023,0
2026/7/15,18:17:11,22.0,70.0,24.3,95.0,24.2,73.1,1019,0
2026/7/15,18:17:16,22.0,70.0,24.4,95.0,24.2,73.0,1023,0
2026/7/15,18:17:21,22.0,70.0,24.4,95.0,24.2,73.1,1023,0
2026/7/15,18:17:26,22.0,70.0,24.3,95.0,24.2,73.1,1021,0
2026/7/15,18:17:31,22.0,70.0,24.3,95.0,24.1,73.1,1022,0
2026/7/15,18:17:36,22.0,70.0,24.4,95.0,24.1,73.1,1021,0
2026/7/15,18:17:41,22.0,70.0,24.2,95.0,24.1,73.0,1022,0
2026/7/15,18:17:46,22.0,70.0,24.4,95.0,24.1,73.1,1022,0
2026/7/15,18:17:51,22.0,70.0,24.3,95.0,24.1,73.1,1021,0
2026/7/15,18:17:56,22.0,70.0,24.2,95.0,24.1,73.1,1023,0
2026/7/15,18:18:1,22.0,71.0,24.3,95.0,24.1,73.2,1019,0
2026/7/15,18:18:6,22.0,71.0,24.3,95.0,24.1,73.1,1021,0
2026/7/15,18:18:11,22.0,71.0,24.4,95.0,24.1,73.1,1023,0
2026/7/15,18:18:16,22.0,71.0,24.2,95.0,24.1,73.2,1023,0
2026/7/15,18:18:22,22.0,71.0,24.3,95.0,24.1,73.2,1022,0
2026/7/15,18:18:27,22.0,71.0,24.3,95.0,24.1,73.2,1019,0
2026/7/15,18:18:32,22.0,71.0,24.3,95.0,24.1,73.2,1022,0
2026/7/15,18:18:37,22.0,71.0,24.3,95.0,24.1,73.2,1023,0
2026/7/15,18:18:42,22.0,71.0,24.2,95.0,24.1,73.2,1023,0
2026/7/15,18:18:47,22.0,71.0,24.3,95.0,24.1,73.2,1023,0
2026/7/15,18:18:52,22.0,70.0,24.3,95.0,24.1,73.2,1021,0
2026/7/15,18:18:57,22.0,70.0,24.3,95.0,24.1,73.2,1022,0
2026/7/15,18:19:2,22.0,70.0,24.2,95.0,24.1,73.2,1022,0
2026/7/15,18:19:7,21.9,69.0,24.4,95.0,24.1,73.3,1023,0
2026/7/15,18:19:12,22.0,71.0,24.3,95.0,24.1,73.3,1023,0
2026/7/15,18:19:17,21.9,70.0,24.4,95.0,24.1,73.3,1019,0
2026/7/15,18:19:22,22.0,71.0,24.3,95.0,24.1,73.3,1023,0
2026/7/15,18:19:27,22.0,72.0,24.4,95.0,24.1,73.2,1021,0
2026/7/15,18:19:32,22.0,72.0,24.3,95.0,24.1,73.3,1022,0
2026/7/15,18:19:37,21.9,71.0,24.3,95.0,24.0,73.3,1022,0
2026/7/15,18:19:42,21.9,70.0,24.3,95.0,24.1,73.3,1023,0
2026/7/15,18:19:47,21.9,70.0,24.3,95.0,24.0,73.3,1023,0
2026/7/15,18:19:52,22.0,71.0,24.3,95.0,24.0,73.3,1023,0
2026/7/15,18:19:57,22.0,71.0,24.3,95.0,24.0,73.4,1021,0
2026/7/15,18:20:2,21.9,70.0,24.3,95.0,24.0,73.4,1019,0
2026/7/15,18:20:7,21.9,69.0,24.4,95.0,24.0,73.4,1021,0
2026/7/15,18:20:12,21.8,69.0,24.3,95.0,24.1,73.4,1023,0
2026/7/15,18:20:17,21.9,70.0,24.3,95.0,24.0,73.4,1023,0
2026/7/15,18:20:22,21.9,70.0,24.3,95.0,24.0,73.4,1021,0
2026/7/15,18:20:27,22.0,71.0,24.2,95.0,24.0,73.4,1022,0
2026/7/15,18:20:32,21.9,70.0,24.3,95.0,24.0,73.5,1023,0
2026/7/15,18:20:37,21.9,70.0,24.3,95.0,24.0,73.5,1023,0
2026/7/15,18:20:42,21.9,70.0,24.2,95.0,24.0,73.5,1019,0
2026/7/15,18:20:47,22.0,70.0,24.3,95.0,24.0,73.6,1023,0
2026/7/15,18:20:52,21.9,69.0,24.4,95.0,24.0,73.6,1021,0
2026/7/15,18:20:57,21.9,70.0,24.2,95.0,24.0,73.6,1022,0
2026/7/15,18:21:2,21.9,70.0,24.3,95.0,24.0,73.6,1021,0
2026/7/15,18:21:7,21.8,69.0,24.3,95.0,24.0,73.6,1023,0
2026/7/15,18:21:12,21.9,69.0,24.3,95.0,24.0,73.6,1023,0
2026/7/15,18:21:17,21.8,69.0,24.3,95.0,24.0,73.6,1023,0
2026/7/15,18:21:22,21.9,69.0,24.3,95.0,24.0,73.6,1023,0
2026/7/15,18:21:27,21.9,70.0,24.3,95.0,24.0,73.7,1019,0
2026/7/15,18:21:32,21.9,70.0,24.4,95.0,24.0,73.6,1021,0
2026/7/15,18:21:37,21.8,70.0,24.3,95.0,24.0,73.7,1023,0
2026/7/15,18:21:42,21.9,70.0,24.3,95.0,24.0,73.7,1019,0
2026/7/15,18:21:47,21.9,70.0,24.4,95.0,24.0,73.7,1019,0
2026/7/15,18:21:52,21.9,70.0,24.4,95.0,23.9,73.7,1021,0
2026/7/15,18:21:57,21.9,70.0,24.3,95.0,23.9,73.7,1023,0
2026/7/15,18:22:2,21.9,70.0,24.3,95.0,24.0,73.7,1021,0
2026/7/15,18:22:7,21.9,69.0,24.3,95.0,24.0,73.7,1019,0
2026/7/15,18:22:12,21.9,69.0,24.4,95.0,23.9,73.8,1021,0
2026/7/15,18:22:17,21.9,69.0,24.4,95.0,23.9,73.8,1021,0
2026/7/15,18:22:22,21.8,69.0,24.5,95.0,23.9,73.8,1022,0
2026/7/15,18:22:27,21.9,69.0,24.4,95.0,23.9,73.8,1021,0
2026/7/15,18:22:32,21.9,70.0,24.3,95.0,23.9,73.8,1022,0
2026/7/15,18:22:37,21.8,70.0,24.4,95.0,23.9,73.8,1022,0
2026/7/15,18:22:42,21.8,70.0,24.3,95.0,23.9,73.8,1023,0
2026/7/15,18:22:47,21.8,70.0,24.3,95.0,23.9,73.9,1021,0
2026/7/15,18:22:52,21.9,70.0,24.4,95.0,23.9,73.8,1021,0
2026/7/15,18:22:57,21.8,70.0,24.3,95.0,23.9,73.8,1023,0
2026/7/15,18:23:2,21.9,70.0,24.4,95.0,23.9,73.8,1021,0
2026/7/15,18:23:7,21.8,70.0,24.3,95.0,23.9,73.8,1019,0
2026/7/15,18:23:12,21.8,70.0,24.3,95.0,23.9,73.8,1022,0
2026/7/15,18:23:17,21.8,70.0,24.3,95.0,23.9,73.8,1022,0
2026/7/15,18:23:22,21.8,70.0,24.3,95.0,23.9,73.8,1023,0
2026/7/15,18:23:27,21.9,70.0,24.4,95.0,23.9,73.8,1023,0
2026/7/15,18:23:32,21.9,70.0,24.3,95.0,23.9,73.8,1019,0
2026/7/15,18:23:37,21.9,70.0,24.2,95.0,23.9,73.8,1021,0
2026/7/15,18:23:42,21.7,70.0,24.3,95.0,23.9,73.8,1022,0
2026/7/15,18:23:47,21.8,70.0,24.3,95.0,23.9,73.8,1023,0
2026/7/15,18:23:52,21.8,70.0,24.3,95.0,23.9,73.9,1021,0
2026/7/15,18:23:57,21.8,70.0,24.3,95.0,23.9,73.9,1023,0
2026/7/15,18:24:2,21.9,70.0,24.4,95.0,23.9,73.9,1021,0
2026/7/15,18:24:7,21.7,70.0,24.3,95.0,23.9,73.9,1021,0
2026/7/15,18:24:12,21.7,70.0,24.4,95.0,23.9,73.9,1019,0
2026/7/15,18:24:17,21.9,70.0,24.4,95.0,23.9,73.9,1022,0
2026/7/15,18:24:22,21.7,70.0,24.3,95.0,23.8,73.9,1023,0
2026/7/15,18:24:27,21.8,70.0,24.4,95.0,23.9,74.0,1019,0
2026/7/15,18:24:32,21.8,70.0,24.3,95.0,23.9,73.9,1023,0
2026/7/15,18:24:37,21.8,70.0,24.4,95.0,23.9,74.0,1023,0
2026/7/15,18:24:42,21.8,71.0,24.4,95.0,23.8,74.0,1022,0
2026/7/15,18:24:47,21.8,71.0,24.4,95.0,23.8,74.0,1019,0
2026/7/15,18:24:52,21.8,71.0,24.3,95.0,23.8,74.0,1023,0
2026/7/15,18:24:57,21.8,71.0,24.4,95.0,23.8,74.0,1023,0
2026/7/15,18:25:2,21.8,71.0,24.3,95.0,23.8,74.1,1021,0
2026/7/15,18:25:7,21.8,71.0,24.3,95.0,23.8,74.1,1021,0
2026/7/15,18:25:12,21.8,71.0,24.3,95.0,23.8,74.1,1023,0
2026/7/15,18:25:17,21.8,71.0,24.4,95.0,23.8,74.0,1023,0
2026/7/15,18:25:22,21.7,71.0,24.3,95.0,23.8,74.1,1023,0
2026/7/15,18:25:27,21.8,71.0,24.3,95.0,23.8,74.1,1023,0
2026/7/15,18:25:32,21.8,71.0,24.3,95.0,23.8,74.1,1023,0
2026/7/15,18:25:37,21.7,71.0,24.4,95.0,23.8,74.1,1021,0
2026/7/15,18:25:42,21.8,71.0,24.3,95.0,23.8,74.2,1022,0
2026/7/15,18:25:47,21.8,71.0,24.3,95.0,23.8,74.2,1021,0
2026/7/15,18:25:52,21.8,71.0,24.3,95.0,23.8,74.1,1022,0
2026/7/15,18:25:57,21.8,71.0,24.3,95.0,23.8,74.1,1021,0
2026/7/15,18:26:2,21.7,72.0,24.3,95.0,23.8,74.2,1021,0
2026/7/15,18:26:7,21.7,72.0,24.2,95.0,23.8,74.2,1021,0
2026/7/15,18:26:12,21.7,72.0,24.3,95.0,23.8,74.2,1021,0
2026/7/15,18:26:17,21.8,72.0,24.3,95.0,23.8,74.2,1023,0
2026/7/15,18:26:22,21.7,71.0,24.2,95.0,23.8,74.2,1023,0
2026/7/15,18:26:27,21.6,72.0,24.3,95.0,23.8,74.2,1023,0
2026/7/15,18:26:32,21.6,72.0,24.3,95.0,23.8,74.2,1019,0
2026/7/15,18:26:37,21.6,71.0,24.3,95.0,23.8,74.2,1019,0
2026/7/15,18:26:42,21.7,71.0,24.3,95.0,23.8,74.2,1021,0
2026/7/15,18:26:47,21.7,71.0,24.3,95.0,23.8,74.2,1021,0
2026/7/15,18:26:52,21.7,71.0,24.3,95.0,23.7,74.2,1019,0
2026/7/15,18:26:57,21.6,71.0,24.3,95.0,23.7,74.2,1023,0
2026/7/15,18:27:2,21.7,72.0,24.4,95.0,23.7,74.2,1021,0
2026/7/15,18:27:7,21.6,71.0,24.3,95.0,23.8,74.2,1023,0
2026/7/15,18:27:12,21.6,72.0,24.3,95.0,23.7,74.2,1021,0
2026/7/15,18:27:17,21.6,72.0,24.3,95.0,23.7,74.2,1023,0
2026/7/15,18:27:22,21.7,72.0,24.3,95.0,23.7,74.3,1021,0
2026/7/15,18:27:27,21.6,71.0,24.2,95.0,23.7,74.3,1019,0
2026/7/15,18:27:32,21.6,72.0,24.4,95.0,23.7,74.3,1023,0
2026/7/15,18:27:37,21.7,71.0,24.3,95.0,23.7,74.3,1023,0
2026/7/15,18:27:42,21.7,71.0,24.2,95.0,23.7,74.3,1019,0
2026/7/15,18:27:47,21.7,71.0,24.1,95.0,23.7,74.3,1023,0
2026/7/15,18:27:52,21.5,71.0,24.1,95.0,23.7,74.3,1022,0
2026/7/15,18:27:57,21.6,71.0,24.2,95.0,23.7,74.3,1023,0
2026/7/15,18:28:2,21.5,71.0,24.2,95.0,23.7,74.3,1023,0
2026/7/15,18:28:7,21.6,71.0,24.2,95.0,23.7,74.3,1023,0
2026/7/15,18:28:12,21.6,72.0,24.2,95.0,23.7,74.3,1023,0
2026/7/15,18:28:17,21.6,72.0,24.3,95.0,23.7,74.4,1019,0
2026/7/15,18:28:22,21.6,72.0,24.2,95.0,23.7,74.3,1022,0
2026/7/15,18:28:27,21.6,72.0,24.3,95.0,23.7,74.4,1021,0
2026/7/15,18:28:32,21.6,71.0,24.3,95.0,23.7,74.3,1023,0
2026/7/15,18:28:37,21.5,72.0,24.1,95.0,23.7,74.3,1022,0
2026/7/15,18:28:42,21.6,72.0,24.2,95.0,23.7,74.3,1023,0
2026/7/15,18:28:47,21.5,72.0,24.2,95.0,23.7,74.4,1021,0
2026/7/15,18:28:52,21.6,72.0,24.3,95.0,23.7,74.4,1022,0
2026/7/15,18:28:57,21.5,72.0,24.3,95.0,23.6,74.4,1019,0
2026/7/15,18:29:2,21.6,72.0,24.2,95.0,23.7,74.4,1022,0
2026/7/15,18:29:7,21.6,72.0,24.4,95.0,23.6,74.5,1021,0
2026/7/15,18:29:12,21.5,72.0,24.2,95.0,23.7,74.4,1019,0
2026/7/15,18:29:17,21.5,72.0,24.2,95.0,23.6,74.5,1023,0
2026/7/15,18:29:22,21.5,72.0,24.2,95.0,23.6,74.5,1023,0
2026/7/15,18:29:27,21.5,72.0,24.1,95.0,23.6,74.5,1019,0
2026/7/15,18:29:33,21.6,72.0,24.3,95.0,23.6,74.6,1019,0
2026/7/15,18:29:38,21.5,72.0,24.3,95.0,23.6,74.5,1021,0
2026/7/15,18:29:43,21.5,72.0,24.2,95.0,23.6,74.6,1022,0
2026/7/15,18:29:48,21.4,72.0,24.2,95.0,23.6,74.6,1023,0
2026/7/15,18:29:53,21.4,71.0,24.3,95.0,23.6,74.5,1023,0
2026/7/15,18:29:58,21.5,72.0,24.1,95.0,23.6,74.5,1021,0
2026/7/15,18:30:3,21.5,72.0,24.2,95.0,23.6,74.6,1022,0
2026/7/15,18:30:8,21.4,72.0,24.2,95.0,23.6,74.6,1019,0
2026/7/15,18:30:13,21.4,72.0,24.2,95.0,23.6,74.6,1023,0
2026/7/15,18:30:18,21.5,72.0,24.2,95.0,23.6,74.6,1022,0
2026/7/15,18:30:23,21.6,72.0,24.3,95.0,23.6,74.6,1021,0
2026/7/15,18:30:28,21.4,72.0,24.2,95.0,23.6,74.6,1022,0
2026/7/15,18:30:33,21.4,72.0,24.2,95.0,23.6,74.7,1022,0
2026/7/15,18:30:38,21.4,73.0,24.3,95.0,23.6,74.7,1019,0
2026/7/15,18:30:43,21.4,73.0,24.2,95.0,23.6,74.6,1023,0
2026/7/15,18:30:48,21.4,72.0,24.3,95.0,23.6,74.6,1023,0
2026/7/15,18:30:53,21.4,72.0,24.2,95.0,23.6,74.6,1021,0
2026/7/15,18:30:58,21.4,72.0,24.3,95.0,23.6,74.7,1022,0
2026/7/15,18:31:3,21.4,72.0,24.1,95.0,23.6,74.7,1022,0
2026/7/15,18:31:8,21.4,72.0,24.1,95.0,23.6,74.7,1023,0
2026/7/15,18:31:13,21.4,72.0,24.1,95.0,23.6,74.7,1023,0
2026/7/15,18:31:18,21.4,72.0,24.2,95.0,23.6,74.7,1021,0
2026/7/15,18:31:23,21.4,72.0,24.3,95.0,23.6,74.7,1023,0
2026/7/15,18:31:28,21.3,72.0,24.3,95.0,23.6,74.8,1021,0
2026/7/15,18:31:33,21.4,72.0,24.3,95.0,23.5,74.7,1023,0
2026/7/15,18:31:38,21.4,73.0,24.2,95.0,23.5,74.7,1021,0
2026/7/15,18:31:43,21.2,73.0,24.2,95.0,23.5,74.8,1022,0
2026/7/15,18:31:48,21.3,73.0,24.2,95.0,23.5,74.8,1021,0
2026/7/15,18:31:53,21.3,73.0,24.2,95.0,23.5,74.8,1021,0
2026/7/15,18:31:58,21.3,73.0,24.2,95.0,23.5,74.8,1021,0
2026/7/15,18:32:3,21.3,73.0,24.2,95.0,23.5,74.8,1022,0
2026/7/15,18:32:8,21.3,73.0,24.2,95.0,23.5,74.8,1022,0
2026/7/15,18:32:13,21.2,73.0,24.2,95.0,23.5,74.9,1023,0
2026/7/15,18:32:18,21.3,73.0,24.2,95.0,23.5,74.9,1021,0
2026/7/15,18:32:23,21.3,73.0,24.2,95.0,23.5,74.9,1023,0
2026/7/15,18:32:28,21.2,74.0,24.1,95.0,23.5,74.9,1019,0
2026/7/15,18:32:33,21.3,74.0,24.1,95.0,23.5,75.0,1022,0
2026/7/15,18:32:38,21.2,74.0,24.2,95.0,23.5,75.0,1021,0
2026/7/15,18:32:43,21.4,74.0,24.1,95.0,23.5,75.1,1019,0
2026/7/15,18:32:48,21.2,74.0,24.1,95.0,23.5,75.1,1022,0
2026/7/15,18:32:53,21.2,74.0,24.1,95.0,23.5,75.1,1022,0
2026/7/15,18:32:58,21.3,74.0,24.2,95.0,23.5,75.1,1019,0
2026/7/15,18:33:3,21.3,74.0,24.2,95.0,23.5,75.1,1019,0
2026/7/15,18:33:8,21.2,74.0,24.1,95.0,23.5,75.1,1021,0
2026/7/15,18:33:13,21.2,73.0,24.2,95.0,23.5,75.2,1023,0
2026/7/15,18:33:18,21.3,73.0,24.1,95.0,23.5,75.2,1023,0
2026/7/15,18:33:23,21.3,73.0,24.1,95.0,23.5,75.3,1019,0
2026/7/15,18:33:28,21.2,73.0,24.2,95.0,23.5,75.4,1023,0
2026/7/15,18:33:33,21.2,73.0,24.2,95.0,23.5,75.4,1023,0
2026/7/15,18:33:38,21.2,73.0,24.1,95.0,23.5,75.4,1022,0
2026/7/15,18:33:43,21.4,73.0,24.1,95.0,23.5,75.4,1023,0
2026/7/15,18:33:48,21.3,73.0,24.2,95.0,23.5,75.5,1021,0
2026/7/15,18:33:53,21.2,74.0,24.1,95.0,23.4,75.5,1019,0
2026/7/15,18:33:58,21.2,73.0,24.1,95.0,23.5,75.5,1019,0
2026/7/15,18:34:3,21.2,73.0,24.2,95.0,23.5,75.5,1021,0
2026/7/15,18:34:8,21.1,73.0,24.1,95.0,23.4,75.5,1021,0
2026/7/15,18:34:13,21.3,72.0,24.2,95.0,23.4,75.5,1019,0
2026/7/15,18:34:18,21.1,72.0,24.2,95.0,23.5,75.5,1023,0
2026/7/15,18:34:23,21.1,73.0,24.2,95.0,23.5,75.5,1023,0
2026/7/15,18:34:28,21.1,73.0,24.2,95.0,23.4,75.5,1023,0
2026/7/15,18:34:33,21.3,73.0,24.2,95.0,23.4,75.5,1019,0
2026/7/15,18:34:38,21.2,73.0,24.3,95.0,23.4,75.5,1023,0
2026/7/15,18:34:43,21.2,73.0,24.2,95.0,23.4,75.5,1021,0
2026/7/15,18:34:48,21.1,73.0,24.1,95.0,23.4,75.5,1023,0
2026/7/15,18:34:53,21.2,72.0,24.1,95.0,23.4,75.5,1022,0
2026/7/15,18:34:58,21.1,72.0,24.2,95.0,23.4,75.5,1023,0
2026/7/15,18:35:3,21.2,72.0,24.2,95.0,23.4,75.5,1023,0
2026/7/15,18:35:8,21.3,72.0,24.1,95.0,23.4,75.5,1022,0
2026/7/15,18:35:13,21.1,73.0,24.2,95.0,23.4,75.5,1019,0
2026/7/15,18:35:18,21.1,72.0,24.2,95.0,23.4,75.6,1022,0
2026/7/15,18:35:23,21.1,72.0,24.2,95.0,23.4,75.6,1021,0
2026/7/15,18:35:28,21.1,73.0,24.2,95.0,23.4,75.5,1023,0
2026/7/15,18:35:33,21.1,73.0,24.2,95.0,23.4,75.6,1019,0
2026/7/15,18:35:38,21.1,72.0,24.2,95.0,23.4,75.5,1023,0
2026/7/15,18:35:43,21.1,72.0,24.2,95.0,23.4,75.5,1021,0
2026/7/15,18:35:48,21.2,72.0,24.1,95.0,23.4,75.5,1019,0
2026/7/15,18:35:53,21.1,72.0,24.2,95.0,23.4,75.5,1023,0
2026/7/15,18:35:58,21.1,73.0,24.2,95.0,23.4,75.5,1023,0
2026/7/15,18:36:3,21.1,73.0,24.2,95.0,23.4,75.5,1021,0
2026/7/15,18:36:8,21.1,73.0,24.1,95.0,23.4,75.5,1021,0
2026/7/15,18:36:13,21.2,74.0,24.2,95.0,23.4,75.5,1021,0
2026/7/15,18:36:18,21.2,74.0,24.2,95.0,23.4,75.5,1021,0
2026/7/15,18:36:23,21.3,74.0,24.2,95.0,23.4,75.5,1022,0
2026/7/15,18:36:28,21.1,74.0,24.2,95.0,23.3,75.5,1022,0
2026/7/15,18:36:33,21.1,74.0,24.1,95.0,23.4,75.5,1023,0
2026/7/15,18:36:38,21.2,74.0,24.1,95.0,23.3,75.6,1019,0
2026/7/15,18:36:43,21.1,74.0,24.2,95.0,23.4,75.6,1023,0
2026/7/15,18:36:48,21.1,74.0,24.1,95.0,23.4,75.6,1023,0
2026/7/15,18:36:53,21.1,74.0,24.1,95.0,23.4,75.6,1021,0
2026/7/15,18:36:58,21.2,74.0,24.2,95.0,23.3,75.5,1019,0
2026/7/15,18:37:3,21.1,74.0,24.2,95.0,23.4,75.6,1022,0
2026/7/15,18:37:8,21.1,74.0,24.1,95.0,23.3,75.6,1021,0
2026/7/15,18:37:13,21.1,74.0,24.2,95.0,23.3,75.6,1023,0
2026/7/15,18:37:18,21.1,74.0,24.1,95.0,23.3,75.6,1022,0
2026/7/15,18:37:23,21.1,74.0,24.2,95.0,23.4,75.7,1021,0
2026/7/15,18:37:28,21.1,74.0,24.1,95.0,23.3,75.7,1019,0
2026/7/15,18:37:33,21.1,74.0,24.1,95.0,23.3,75.7,1023,0
2026/7/15,18:37:38,21.1,74.0,24.1,95.0,23.3,75.7,1023,0
2026/7/15,18:37:43,21.1,74.0,24.1,95.0,23.3,75.7,1023,0
2026/7/15,18:37:48,21.1,75.0,24.1,95.0,23.3,75.7,1023,0
2026/7/15,18:37:53,21.0,74.0,24.2,95.0,23.3,75.8,1023,0
2026/7/15,18:37:58,21.0,74.0,24.2,95.0,23.3,75.8,1021,0
2026/7/15,18:38:3,21.1,74.0,24.1,95.0,23.3,75.8,1023,0
2026/7/15,18:38:8,21.0,74.0,24.2,95.0,23.3,75.8,1023,0
2026/7/15,18:38:13,21.1,74.0,24.1,95.0,23.3,75.8,1021,0
2026/7/15,18:38:18,21.0,74.0,24.2,95.0,23.3,75.8,1019,0
2026/7/15,18:38:23,21.1,74.0,24.1,95.0,23.3,75.8,1019,0
2026/7/15,18:38:28,21.1,74.0,24.1,95.0,23.3,75.8,1019,0
2026/7/15,18:38:33,21.1,74.0,24.3,95.0,23.3,75.9,1022,0
2026/7/15,18:38:38,21.1,74.0,24.1,95.0,23.3,75.9,1019,0
2026/7/15,18:38:43,21.0,74.0,24.1,95.0,23.3,75.8,1023,0
2026/7/15,18:38:48,21.1,74.0,24.2,95.0,23.3,75.8,1023,0
2026/7/15,18:38:53,21.0,74.0,24.1,95.0,23.3,75.8,1021,0
2026/7/15,18:38:58,21.0,74.0,24.2,95.0,23.3,75.9,1019,0
2026/7/15,18:39:3,21.0,74.0,24.1,95.0,23.3,75.8,1023,0
2026/7/15,18:39:8,21.0,74.0,24.1,95.0,23.3,75.8,1019,0
2026/7/15,18:39:13,21.1,74.0,24.1,95.0,23.3,75.9,1019,0
2026/7/15,18:39:18,21.0,74.0,24.2,95.0,23.3,75.9,1023,0
2026/7/15,18:39:23,21.0,75.0,24.1,95.0,23.3,75.9,1019,0
2026/7/15,18:39:28,21.0,75.0,24.2,95.0,23.3,75.9,1023,0
2026/7/15,18:39:33,21.0,75.0,24.2,95.0,23.3,75.9,1021,0
2026/7/15,18:39:38,21.1,75.0,24.1,95.0,23.3,75.9,1021,0
2026/7/15,18:39:43,21.0,75.0,24.3,95.0,23.3,75.9,1022,0
2026/7/15,18:39:48,21.0,75.0,24.1,95.0,23.2,75.9,1021,0
2026/7/15,18:39:53,21.0,75.0,24.1,95.0,23.3,75.9,1019,0
2026/7/15,18:39:58,21.0,75.0,24.1,95.0,23.2,75.9,1021,0
2026/7/15,18:40:3,21.0,75.0,24.1,95.0,23.2,76.0,1022,0
2026/7/15,18:40:8,21.0,74.0,24.1,95.0,23.2,76.1,1019,0
2026/7/15,18:40:13,21.0,74.0,24.1,95.0,23.2,76.0,1023,0
2026/7/15,18:40:18,21.0,74.0,24.2,95.0,23.2,76.0,1022,0
2026/7/15,18:40:23,21.0,74.0,24.1,95.0,23.2,76.0,1023,0
2026/7/15,18:40:28,21.0,75.0,24.1,95.0,23.2,76.0,1023,0
2026/7/15,18:40:33,21.1,74.0,24.1,95.0,23.2,76.1,1023,0
2026/7/15,18:40:38,21.0,74.0,24.1,95.0,23.2,76.0,1023,0
2026/7/15,18:40:43,21.0,74.0,24.1,95.0,23.2,76.0,1023,0
2026/7/15,18:40:48,21.0,74.0,24.2,95.0,23.2,76.1,1023,0
2026/7/15,18:40:53,21.0,74.0,24.2,95.0,23.2,76.1,1023,0
2026/7/15,18:40:58,21.1,74.0,24.2,95.0,23.2,76.1,1023,0
2026/7/15,18:41:3,21.0,74.0,24.2,95.0,23.2,76.1,1019,0
2026/7/15,18:41:8,21.0,74.0,24.2,95.0,23.2,76.1,1022,0
2026/7/15,18:41:13,21.0,74.0,24.1,95.0,23.2,76.1,1021,0
2026/7/15,18:41:18,21.0,74.0,24.1,95.0,23.2,76.1,1023,0
2026/7/15,18:41:23,21.0,75.0,24.2,95.0,23.1,76.0,1019,0
2026/7/15,18:41:28,21.0,75.0,24.1,95.0,23.1,76.1,1023,0
2026/7/15,18:41:33,21.0,75.0,24.2,95.0,23.1,76.1,1023,0
2026/7/15,18:41:38,21.0,75.0,24.2,95.0,23.1,76.1,1023,0
2026/7/15,18:41:43,21.0,74.0,24.1,95.0,23.1,76.1,1023,0
2026/7/15,18:41:49,21.0,74.0,24.2,95.0,23.1,76.1,1023,0
2026/7/15,18:41:54,21.0,74.0,24.2,95.0,23.1,76.1,1023,0
2026/7/15,18:41:59,21.0,74.0,24.1,95.0,23.1,76.1,1022,0
2026/7/15,18:42:4,21.0,74.0,24.2,95.0,23.1,76.1,1023,0
2026/7/15,18:42:9,21.0,74.0,24.1,95.0,23.1,76.1,1019,0
2026/7/15,18:42:14,20.9,73.0,24.1,95.0,23.1,76.1,1021,0
2026/7/15,18:42:19,21.0,74.0,24.1,95.0,23.1,76.1,1023,0
2026/7/15,18:42:24,20.9,73.0,24.1,95.0,23.1,76.1,1023,0
2026/7/15,18:42:29,21.0,74.0,24.2,95.0,23.1,76.1,1023,0
2026/7/15,18:42:34,21.0,74.0,24.1,95.0,23.1,76.1,1021,0
2026/7/15,18:42:39,21.0,74.0,24.2,95.0,23.1,76.1,1023,0
2026/7/15,18:42:44,21.0,74.0,24.2,95.0,23.1,76.1,1023,0
2026/7/15,18:42:49,21.0,74.0,24.2,95.0,23.1,76.1,1023,0
2026/7/15,18:42:54,21.0,74.0,24.1,95.0,23.1,76.1,1021,0
2026/7/15,18:42:59,21.0,74.0,24.1,95.0,23.1,76.1,1019,0
2026/7/15,18:43:4,21.0,74.0,24.1,95.0,23.1,76.1,1019,0
2026/7/15,18:43:9,21.0,74.0,24.2,95.0,23.1,76.1,1021,0
2026/7/15,18:43:14,21.0,74.0,24.1,95.0,23.0,76.2,1019,0
2026/7/15,18:43:19,21.0,74.0,24.1,95.0,23.1,76.2,1019,0
2026/7/15,18:43:24,21.0,75.0,24.1,95.0,23.1,76.2,1022,0
2026/7/15,18:43:29,21.0,75.0,24.1,95.0,23.1,76.2,1023,0
2026/7/15,18:43:34,21.0,75.0,24.1,95.0,23.1,76.2,1019,0
2026/7/15,18:43:39,21.0,75.0,24.1,95.0,23.1,76.3,1022,0
2026/7/15,18:43:44,20.9,74.0,24.1,95.0,23.1,76.2,1023,0
2026/7/15,18:43:49,21.0,75.0,24.1,95.0,23.1,76.2,1019,0
2026/7/15,18:43:54,20.9,74.0,24.1,95.0,23.1,76.3,1023,0
2026/7/15,18:43:59,20.9,74.0,24.1,95.0,23.1,76.4,1023,0
2026/7/15,18:44:4,20.9,74.0,24.2,95.0,23.1,76.4,1019,0
2026/7/15,18:44:9,21.0,75.0,24.1,95.0,23.0,76.4,1021,0
2026/7/15,18:44:14,21.0,75.0,24.1,95.0,23.0,76.4,1023,0
2026/7/15,18:44:19,20.9,73.0,24.1,95.0,23.0,76.4,1023,0
2026/7/15,18:44:24,20.9,73.0,24.2,95.0,23.0,76.5,1022,0
2026/7/15,18:44:29,21.0,74.0,24.1,95.0,23.0,76.5,1022,0
2026/7/15,18:44:34,21.0,74.0,24.2,95.0,23.0,76.5,1019,0
2026/7/15,18:44:39,21.0,74.0,24.1,95.0,23.0,76.5,1019,0
2026/7/15,18:44:44,20.9,73.0,24.1,95.0,23.0,76.5,1019,0
2026/7/15,18:44:49,20.9,73.0,24.2,95.0,23.0,76.5,1021,0
2026/7/15,18:44:54,21.0,74.0,24.1,95.0,23.0,76.5,1022,0
2026/7/15,18:44:59,20.9,74.0,24.1,95.0,23.0,76.5,1019,0
2026/7/15,18:45:4,21.0,75.0,24.1,95.0,23.0,76.5,1021,0
2026/7/15,18:45:9,21.0,75.0,24.2,95.0,23.0,76.5,1019,0
2026/7/15,18:45:14,20.9,74.0,24.1,95.0,23.0,76.5,1021,0
2026/7/15,18:45:19,20.9,74.0,24.1,95.0,23.0,76.5,1023,0
2026/7/15,18:45:24,20.9,74.0,24.1,95.0,23.0,76.5,1023,0
2026/7/15,18:45:29,21.0,75.0,24.1,95.0,23.0,76.5,1023,0
2026/7/15,18:45:34,20.9,74.0,24.2,95.0,23.0,76.5,1022,0
2026/7/15,18:45:39,20.9,74.0,24.2,95.0,23.0,76.5,1023,0
2026/7/15,18:45:44,20.9,73.0,24.2,95.0,23.0,76.5,1022,0
2026/7/15,18:45:49,20.9,73.0,24.1,95.0,23.0,76.5,1021,0
2026/7/15,18:45:54,20.9,73.0,24.1,95.0,23.0,76.5,1021,0
2026/7/15,18:45:59,20.9,73.0,24.1,95.0,23.0,76.5,1023,0
2026/7/15,18:46:4,20.9,73.0,24.2,95.0,23.0,76.5,1023,0
2026/7/15,18:46:9,20.8,73.0,24.1,95.0,23.0,76.5,1023,0
2026/7/15,18:46:14,20.9,73.0,24.1,95.0,23.0,76.5,1021,0
2026/7/15,18:46:19,20.9,73.0,24.1,95.0,23.0,76.6,1023,0
2026/7/15,18:46:24,20.9,73.0,24.2,95.0,23.0,76.5,1023,0
2026/7/15,18:46:29,20.8,73.0,24.1,95.0,22.9,76.6,1021,0
2026/7/15,18:46:34,20.9,74.0,24.1,95.0,22.9,76.5,1023,0
2026/7/15,18:46:39,20.9,74.0,24.1,95.0,22.9,76.5,1019,0
2026/7/15,18:46:44,20.9,74.0,24.2,95.0,22.9,76.6,1023,0
2026/7/15,18:46:49,20.9,74.0,24.1,95.0,22.9,76.6,1023,0
2026/7/15,18:46:54,20.8,74.0,24.2,95.0,22.9,76.6,1022,0
2026/7/15,18:46:59,20.9,74.0,24.1,95.0,22.9,76.6,1023,0
2026/7/15,18:47:4,20.9,75.0,24.2,95.0,22.9,76.6,1023,0
2026/7/15,18:47:9,20.9,75.0,24.1,95.0,22.9,76.6,1021,0
2026/7/15,18:47:14,20.9,75.0,24.1,95.0,22.9,76.6,1023,0
2026/7/15,18:47:19,20.8,75.0,24.2,95.0,22.9,76.6,1019,0
2026/7/15,18:47:24,20.8,75.0,24.1,95.0,22.9,76.6,1023,0
2026/7/15,18:47:29,20.9,75.0,24.1,95.0,22.9,76.6,1023,0
2026/7/15,18:47:34,20.9,75.0,24.1,95.0,22.9,76.6,1019,0
2026/7/15,18:47:39,20.9,75.0,24.2,95.0,22.9,76.6,1023,0
2026/7/15,18:47:44,20.8,75.0,24.1,95.0,22.9,76.7,1019,0
2026/7/15,18:47:49,20.9,75.0,24.1,95.0,22.9,76.7,1022,0
2026/7/15,18:47:54,20.8,76.0,24.1,95.0,22.9,76.7,1023,0
2026/7/15,18:47:59,20.9,75.0,24.1,95.0,22.9,76.7,1019,0
2026/7/15,18:48:4,20.8,75.0,24.1,95.0,22.9,76.8,1019,0
2026/7/15,18:48:9,20.8,75.0,24.1,95.0,22.9,76.8,1023,0
2026/7/15,18:48:14,20.8,75.0,24.2,95.0,22.9,76.9,1021,0
2026/7/15,18:48:19,20.7,75.0,24.2,95.0,22.9,76.9,1023,0
2026/7/15,18:48:24,20.8,75.0,24.1,95.0,22.9,76.9,1019,0
2026/7/15,18:48:29,20.8,75.0,24.2,95.0,22.9,76.9,1023,0
2026/7/15,18:48:34,20.8,75.0,24.2,95.0,22.9,77.0,1021,0
2026/7/15,18:48:39,20.8,75.0,24.1,95.0,22.9,76.9,1023,0
2026/7/15,18:48:44,20.8,75.0,24.1,95.0,22.8,76.9,1023,0
2026/7/15,18:48:49,20.8,75.0,24.2,95.0,22.8,76.9,1021,0
2026/7/15,18:48:54,20.7,75.0,24.1,95.0,22.9,76.9,1023,0
2026/7/15,18:48:59,20.7,75.0,24.1,95.0,22.8,76.9,1023,0
2026/7/15,18:49:4,20.7,75.0,24.1,95.0,22.8,76.9,1019,0
2026/7/15,18:49:9,20.8,75.0,24.1,95.0,22.8,76.9,1023,0
2026/7/15,18:49:14,20.8,75.0,24.1,95.0,22.8,76.9,1023,0
2026/7/15,18:49:19,20.7,75.0,24.1,95.0,22.8,76.9,1021,0
2026/7/15,18:49:24,20.6,75.0,24.1,95.0,22.8,76.9,1022,0
2026/7/15,18:49:29,20.7,75.0,24.2,95.0,22.8,76.9,1023,0
2026/7/15,18:49:34,20.7,75.0,24.1,95.0,22.8,76.9,1019,0
2026/7/15,18:49:39,20.8,74.0,24.1,95.0,22.8,76.8,1019,0
2026/7/15,18:49:44,20.7,75.0,24.1,95.0,22.9,76.9,1023,0
2026/7/15,18:49:49,20.8,75.0,24.2,95.0,22.8,76.9,1023,0
2026/7/15,18:49:54,20.8,75.0,24.1,95.0,22.8,76.9,1023,0
2026/7/15,18:49:59,20.8,76.0,24.1,95.0,22.8,76.9,1023,0
2026/7/15,18:50:4,20.8,76.0,24.1,95.0,22.8,76.9,1021,0
2026/7/15,18:50:9,20.8,75.0,24.1,95.0,22.8,77.0,1021,0
2026/7/15,18:50:14,20.7,76.0,24.1,95.0,22.8,77.1,1021,0
2026/7/15,18:50:19,20.8,75.0,24.1,95.0,22.8,77.0,1022,0
2026/7/15,18:50:24,20.8,75.0,24.1,95.0,22.8,77.0,1019,0
2026/7/15,18:50:29,20.8,75.0,24.1,95.0,22.8,77.1,1021,0
2026/7/15,18:50:34,20.7,75.0,24.1,95.0,22.8,77.0,1023,0
2026/7/15,18:50:39,20.7,75.0,24.1,95.0,22.8,77.0,1019,0
2026/7/15,18:50:44,20.8,75.0,24.1,95.0,22.8,77.0,1021,0
2026/7/15,18:50:49,20.6,75.0,24.1,95.0,22.8,77.0,1022,0
2026/7/15,18:50:54,20.6,75.0,24.1,95.0,22.8,77.1,1022,0
2026/7/15,18:50:59,20.7,75.0,24.1,95.0,22.8,77.1,1022,0
2026/7/15,18:51:4,20.6,75.0,24.1,95.0,22.8,77.1,1022,0
2026/7/15,18:51:9,20.7,74.0,24.1,95.0,22.8,77.2,1023,0
2026/7/15,18:51:14,20.6,75.0,24.1,95.0,22.8,77.2,1021,0
2026/7/15,18:51:19,20.6,75.0,24.2,95.0,22.8,77.2,1023,0
2026/7/15,18:51:24,20.8,75.0,24.1,95.0,22.8,77.2,1021,0
2026/7/15,18:51:29,20.7,75.0,24.1,95.0,22.8,77.3,1022,0
2026/7/15,18:51:34,20.7,75.0,24.1,95.0,22.8,77.3,1021,0
2026/7/15,18:51:39,20.7,75.0,24.1,95.0,22.7,77.2,1023,0
2026/7/15,18:51:44,20.6,75.0,24.2,95.0,22.7,77.2,1023,0
2026/7/15,18:51:49,20.6,75.0,24.1,95.0,22.7,77.3,1022,0
2026/7/15,18:51:54,20.6,75.0,24.2,95.0,22.7,77.2,1022,0
2026/7/15,18:51:59,20.6,74.0,24.1,95.0,22.7,77.3,1023,0
2026/7/15,18:52:4,20.7,74.0,24.1,95.0,22.7,77.3,1019,0
2026/7/15,18:52:9,20.5,75.0,24.1,95.0,22.7,77.3,1019,0
2026/7/15,18:52:14,20.6,75.0,24.1,95.0,22.7,77.3,1023,0
2026/7/15,18:52:19,20.7,75.0,24.1,95.0,22.7,77.3,1023,0
2026/7/15,18:52:24,20.6,75.0,24.1,95.0,22.7,77.3,1022,0
2026/7/15,18:52:29,20.6,75.0,24.2,95.0,22.7,77.3,1021,0
2026/7/15,18:52:34,20.6,74.0,24.1,95.0,22.7,77.3,1023,0
2026/7/15,18:52:39,20.5,74.0,24.1,95.0,22.7,77.3,1019,0
2026/7/15,18:52:44,20.5,74.0,24.1,95.0,22.7,77.3,1021,0
2026/7/15,18:52:49,20.5,74.0,24.1,95.0,22.7,77.3,1023,0
2026/7/15,18:52:54,20.5,75.0,24.2,95.0,22.7,77.3,1021,0
2026/7/15,18:52:59,20.5,75.0,24.2,95.0,22.7,77.3,1022,0
2026/7/15,18:53:4,20.5,75.0,24.1,95.0,22.7,77.2,1021,0
2026/7/15,18:53:9,20.5,75.0,24.1,95.0,22.7,77.3,1022,0
2026/7/15,18:53:14,20.5,75.0,24.1,95.0,22.7,77.3,1022,0
2026/7/15,18:53:19,20.5,75.0,24.1,95.0,22.7,77.3,1023,0
2026/7/15,18:53:24,20.5,75.0,24.1,95.0,22.7,77.3,1021,0
2026/7/15,18:53:29,20.5,75.0,24.2,95.0,22.7,77.3,1019,0
2026/7/15,18:53:34,20.6,75.0,24.1,95.0,22.6,77.3,1019,0
2026/7/15,18:53:39,20.5,75.0,24.2,95.0,22.7,77.3,1021,0
2026/7/15,18:53:44,20.5,75.0,24.2,95.0,22.7,77.3,1019,0
2026/7/15,18:53:49,20.4,74.0,24.2,95.0,22.7,77.4,1019,0
2026/7/15,18:53:54,20.4,74.0,24.1,95.0,22.7,77.4,1023,0
2026/7/15,18:53:59,20.6,74.0,24.2,95.0,22.7,77.3,1022,0
2026/7/15,18:54:5,20.4,74.0,24.1,95.0,22.7,77.3,1023,0
2026/7/15,18:54:10,20.5,74.0,24.1,95.0,22.7,77.3,1023,0
2026/7/15,18:54:15,20.5,74.0,24.1,95.0,22.7,77.3,1023,0
2026/7/15,18:54:20,20.6,74.0,24.1,95.0,22.7,77.4,1022,0
2026/7/15,18:54:25,20.4,74.0,24.2,95.0,22.7,77.4,1023,0
2026/7/15,18:54:30,20.4,75.0,24.1,95.0,22.7,77.4,1021,0
2026/7/15,18:54:35,20.5,75.0,24.1,95.0,22.7,77.4,1021,0
2026/7/15,18:54:40,20.5,75.0,24.1,95.0,22.6,77.5,1023,0
2026/7/15,18:54:45,20.5,76.0,24.1,95.0,22.7,77.5,1023,0
2026/7/15,18:54:50,20.5,76.0,24.1,95.0,22.6,77.5,1021,0
2026/7/15,18:54:55,20.5,76.0,24.1,95.0,22.6,77.5,1019,0
2026/7/15,18:55:0,20.5,75.0,24.1,95.0,22.6,77.5,1022,0
2026/7/15,18:55:5,20.5,75.0,24.1,95.0,22.6,77.5,1023,0
2026/7/15,18:55:10,20.5,75.0,24.2,95.0,22.6,77.5,1019,0
2026/7/15,18:55:15,20.5,76.0,24.1,95.0,22.6,77.5,1019,0
2026/7/15,18:55:20,20.4,76.0,24.1,95.0,22.6,77.5,1021,0
2026/7/15,18:55:25,20.5,76.0,24.2,95.0,22.6,77.5,1023,0
2026/7/15,18:55:30,20.4,76.0,24.1,95.0,22.6,77.5,1019,0
2026/7/15,18:55:35,20.5,76.0,24.1,95.0,22.6,77.5,1022,0
2026/7/15,18:55:40,20.4,76.0,24.1,95.0,22.6,77.5,1023,0
2026/7/15,18:55:45,20.4,76.0,24.1,95.0,22.6,77.5,1019,0
2026/7/15,18:55:50,20.4,76.0,24.1,95.0,22.6,77.5,1021,0
2026/7/15,18:55:55,20.5,76.0,24.1,95.0,22.7,77.5,1023,0
2026/7/15,18:56:0,20.4,76.0,24.1,95.0,22.6,77.5,1019,0
2026/7/15,18:56:5,20.4,76.0,24.1,95.0,22.6,77.5,1019,0
2026/7/15,18:56:10,20.5,76.0,24.1,95.0,22.7,77.5,1019,0
2026/7/15,18:56:15,20.4,76.0,24.1,95.0,22.7,77.5,1021,0
2026/7/15,18:56:20,20.6,76.0,24.2,95.0,22.6,77.5,1022,0
2026/7/15,18:56:25,20.6,76.0,24.1,95.0,22.6,77.5,1019,0
2026/7/15,18:56:30,20.6,76.0,24.1,95.0,22.6,77.5,1019,0
2026/7/15,18:56:35,20.5,76.0,24.1,95.0,22.6,77.5,1023,0
2026/7/15,18:56:40,20.6,75.0,24.1,95.0,22.6,77.5,1019,0
2026/7/15,18:56:45,20.6,75.0,24.1,95.0,22.6,77.6,1022,0
2026/7/15,18:56:50,20.6,75.0,24.1,95.0,22.6,77.5,1019,0
2026/7/15,18:56:55,20.6,75.0,24.1,95.0,22.6,77.5,1019,0
2026/7/15,18:57:0,20.5,75.0,24.1,95.0,22.6,77.6,1023,0
2026/7/15,18:57:5,20.6,75.0,24.2,95.0,22.6,77.6,1019,0
2026/7/15,18:57:10,20.6,75.0,24.0,95.0,22.6,77.6,1023,0
2026/7/15,18:57:15,20.5,75.0,24.1,95.0,22.6,77.6,1021,0
2026/7/15,18:57:20,20.6,75.0,24.1,95.0,22.6,77.5,1022,0
2026/7/15,18:57:25,20.6,75.0,24.1,95.0,22.6,77.6,1019,0
2026/7/15,18:57:30,20.5,75.0,24.1,95.0,22.6,77.6,1021,0
2026/7/15,18:57:35,20.5,75.0,24.1,95.0,22.6,77.6,1021,0
2026/7/15,18:57:40,20.5,75.0,24.1,95.0,22.6,77.6,1019,0
2026/7/15,18:57:45,20.5,76.0,24.2,95.0,22.6,77.6,1022,0
2026/7/15,18:57:50,20.5,75.0,24.1,95.0,22.6,77.6,1021,0
2026/7/15,18:57:55,20.5,75.0,24.1,95.0,22.6,77.6,1023,0
2026/7/15,18:58:0,20.5,76.0,24.1,95.0,22.6,77.6,1021,0
2026/7/15,18:58:5,20.6,76.0,24.1,95.0,22.6,77.6,1021,0
2026/7/15,18:58:10,20.6,76.0,24.1,95.0,22.6,77.6,1021,0
2026/7/15,18:58:15,20.7,76.0,24.2,95.0,22.6,77.6,1019,0
2026/7/15,18:58:20,20.5,76.0,24.1,95.0,22.6,77.7,1023,0
2026/7/15,18:58:25,20.4,76.0,24.1,95.0,22.6,77.7,1021,0
2026/7/15,18:58:30,20.4,76.0,24.1,95.0,22.6,77.7,1022,0
2026/7/15,18:58:35,20.4,76.0,24.1,95.0,22.6,77.8,1021,0
2026/7/15,18:58:40,20.5,76.0,24.1,95.0,22.6,77.8,1019,0
2026/7/15,18:58:45,20.4,76.0,24.0,95.0,22.6,77.8,1021,0
2026/7/15,18:58:50,20.5,76.0,24.1,95.0,22.6,77.8,1021,0
2026/7/15,18:58:55,20.5,76.0,24.1,95.0,22.6,77.8,1022,0
2026/7/15,18:59:0,20.4,76.0,24.1,95.0,22.6,77.8,1021,0
2026/7/15,18:59:5,20.5,76.0,24.1,95.0,22.6,77.8,1023,0
2026/7/15,18:59:10,20.6,76.0,24.0,95.0,22.6,77.8,1021,0
2026/7/15,18:59:15,20.5,76.0,24.1,95.0,22.6,77.8,1021,0
2026/7/15,18:59:20,20.4,76.0,24.1,95.0,22.6,77.9,1023,0
2026/7/15,18:59:25,20.4,76.0,24.1,95.0,22.6,77.9,1023,0
2026/7/15,18:59:30,20.4,76.0,24.1,95.0,22.6,77.9,1023,0
2026/7/15,18:59:35,20.4,76.0,24.1,95.0,22.6,77.9,1019,0
2026/7/15,18:59:40,20.5,76.0,24.1,95.0,22.6,77.8,1023,0
2026/7/15,18:59:45,20.5,76.0,24.1,95.0,22.6,77.9,1023,0
2026/7/15,18:59:50,20.4,76.0,24.1,95.0,22.5,77.8,1021,0
2026/7/15,18:59:55,20.4,76.0,24.1,95.0,22.6,77.9,1023,0
2026/7/15,19:0:0,20.4,76.0,24.1,95.0,22.5,77.8,1022,0
2026/7/15,19:0:5,20.4,76.0,24.1,95.0,22.5,77.8,1023,0
2026/7/15,19:0:10,20.4,76.0,24.2,95.0,22.5,77.9,1023,0
2026/7/15,19:0:15,20.4,76.0,24.1,95.0,22.6,77.8,1019,0
2026/7/15,19:0:20,20.4,76.0,24.1,95.0,22.5,77.8,1021,0
2026/7/15,19:0:25,20.4,75.0,24.1,95.0,22.5,77.8,1023,0
2026/7/15,19:0:30,20.4,75.0,24.1,95.0,22.5,77.8,1023,0
2026/7/15,19:0:35,20.4,75.0,24.0,95.0,22.5,77.8,1022,0
2026/7/15,19:0:40,20.4,75.0,24.1,95.0,22.5,77.7,1022,0
2026/7/15,19:0:45,20.4,75.0,24.1,95.0,22.5,77.8,1022,0
2026/7/15,19:0:50,20.4,76.0,24.1,95.0,22.5,77.7,1023,0
2026/7/15,19:0:55,20.4,76.0,24.1,95.0,22.5,77.8,1019,0
2026/7/15,19:1:0,20.4,76.0,24.2,95.0,22.5,77.8,1019,0
2026/7/15,19:1:5,20.4,76.0,24.1,95.0,22.5,77.8,1021,0
2026/7/15,19:1:10,20.3,77.0,24.1,95.0,22.5,77.8,1021,0
2026/7/15,19:1:15,20.4,77.0,24.1,95.0,22.5,77.8,1022,0
2026/7/15,19:1:20,20.4,77.0,24.1,95.0,22.5,77.9,1021,0
2026/7/15,19:1:25,20.4,77.0,24.1,95.0,22.5,77.8,1021,0
2026/7/15,19:1:30,20.4,77.0,24.1,95.0,22.5,77.8,1021,0
2026/7/15,19:1:35,20.3,76.0,24.1,95.0,22.5,77.8,1023,0
2026/7/15,19:1:40,20.2,76.0,24.2,95.0,22.5,77.9,1022,0
2026/7/15,19:1:45,20.2,76.0,24.1,95.0,22.5,77.8,1022,0
2026/7/15,19:1:50,20.2,76.0,24.1,95.0,22.5,77.8,1021,0
2026/7/15,19:1:55,20.1,76.0,24.1,95.0,22.5,77.9,1019,0
2026/7/15,19:2:0,20.1,76.0,24.1,95.0,22.5,77.9,1023,0
2026/7/15,19:2:5,20.2,76.0,24.1,95.0,22.5,77.9,1021,0
2026/7/15,19:2:10,20.4,76.0,24.1,95.0,22.5,77.8,1019,0
2026/7/15,19:2:15,20.2,76.0,24.2,95.0,22.5,77.9,1021,0
2026/7/15,19:2:20,20.1,76.0,24.1,95.0,22.5,77.9,1022,0
2026/7/15,19:2:25,20.4,77.0,24.1,95.0,22.5,77.9,1023,0
2026/7/15,19:2:30,20.2,77.0,24.1,95.0,22.5,77.9,1019,0
2026/7/15,19:2:35,20.3,77.0,24.1,95.0,22.5,77.9,1019,0
2026/7/15,19:2:40,20.3,77.0,24.1,95.0,22.5,77.9,1019,0
2026/7/15,19:2:45,20.2,77.0,24.1,95.0,22.5,77.9,1023,0
2026/7/15,19:2:50,20.2,77.0,24.1,95.0,22.5,77.9,1023,0
2026/7/15,19:2:55,20.3,77.0,24.1,95.0,22.5,77.9,1021,0
2026/7/15,19:3:0,20.1,77.0,24.1,95.0,22.5,77.9,1021,0
2026/7/15,19:3:5,20.2,77.0,24.1,95.0,22.5,78.0,1021,0
2026/7/15,19:3:10,20.3,77.0,24.1,95.0,22.5,77.9,1021,0
2026/7/15,19:3:15,20.1,77.0,24.1,95.0,22.5,77.9,1019,0
2026/7/15,19:3:20,20.1,77.0,24.1,95.0,22.5,78.0,1021,0
2026/7/15,19:3:25,20.1,77.0,24.1,95.0,22.5,78.0,1023,0
2026/7/15,19:3:30,20.2,77.0,24.1,95.0,22.5,78.0,1019,0
2026/7/15,19:3:35,20.3,77.0,24.1,95.0,22.5,78.0,1023,0
2026/7/15,19:3:40,20.2,77.0,24.0,95.0,22.5,78.0,1022,0
2026/7/15,19:3:45,20.2,77.0,24.1,95.0,22.5,78.0,1021,0
2026/7/15,19:3:50,20.1,77.0,24.1,95.0,22.4,78.0,1023,0
2026/7/15,19:3:55,20.3,77.0,24.0,95.0,22.5,78.0,1023,0
2026/7/15,19:4:0,20.2,77.0,24.0,95.0,22.5,78.0,1021,0
2026/7/15,19:4:5,20.3,77.0,24.1,95.0,22.5,78.0,1021,0
2026/7/15,19:4:10,20.1,77.0,24.1,95.0,22.4,78.0,1019,0
2026/7/15,19:4:15,20.2,77.0,24.2,95.0,22.5,78.1,1019,0
2026/7/15,19:4:20,20.2,77.0,24.1,95.0,22.4,78.0,1019,0
2026/7/15,19:4:25,20.1,77.0,24.1,95.0,22.4,78.1,1021,0
2026/7/15,19:4:30,20.1,77.0,24.0,95.0,22.5,78.0,1023,0
2026/7/15,19:4:35,20.2,77.0,24.1,95.0,22.5,78.1,1021,0
2026/7/15,19:4:40,20.2,77.0,24.1,95.0,22.5,78.1,1021,0
2026/7/15,19:4:45,20.1,77.0,24.1,95.0,22.4,78.1,1019,0
2026/7/15,19:4:50,20.1,76.0,24.1,95.0,22.4,78.1,1023,0
2026/7/15,19:4:55,20.2,76.0,24.1,95.0,22.4,78.2,1023,0
2026/7/15,19:5:0,20.2,76.0,24.1,95.0,22.4,78.1,1023,0
2026/7/15,19:5:5,20.1,76.0,24.1,95.0,22.4,78.1,1023,0
2026/7/15,19:5:10,20.1,76.0,24.1,95.0,22.4,78.2,1023,0
2026/7/15,19:5:15,20.1,77.0,24.1,95.0,22.4,78.2,1023,0
2026/7/15,19:5:20,20.1,77.0,24.0,95.0,22.4,78.2,1023,0
2026/7/15,19:5:25,20.1,77.0,24.1,95.0,22.4,78.2,1023,0
2026/7/15,19:5:30,20.2,77.0,24.1,95.0,22.4,78.1,1022,0
2026/7/15,19:5:35,20.2,78.0,24.1,95.0,22.4,78.2,1023,0
2026/7/15,19:5:40,20.1,78.0,24.1,95.0,22.4,78.2,1023,0
2026/7/15,19:5:45,20.1,78.0,24.1,95.0,22.4,78.2,1023,0
2026/7/15,19:5:50,20.1,78.0,24.1,95.0,22.4,78.2,1019,0
2026/7/15,19:5:55,20.1,78.0,24.1,95.0,22.4,78.2,1022,0
2026/7/15,19:6:0,20.2,78.0,24.1,95.0,22.4,78.2,1019,0
2026/7/15,19:6:5,20.1,78.0,24.1,95.0,22.4,78.2,1023,0
2026/7/15,19:6:10,20.1,78.0,24.1,95.0,22.4,78.2,1019,0
2026/7/15,19:6:15,20.1,78.0,24.1,95.0,22.4,78.1,1023,0
2026/7/15,19:6:20,20.1,77.0,24.1,95.0,22.4,78.2,1022,0
2026/7/15,19:6:25,20.1,77.0,24.1,95.0,22.4,78.2,1022,0
2026/7/15,19:6:30,20.1,77.0,24.1,95.0,22.4,78.2,1023,0
2026/7/15,19:6:35,20.2,77.0,24.1,95.0,22.4,78.2,1019,0
2026/7/15,19:6:40,20.1,77.0,24.1,95.0,22.4,78.2,1021,0
2026/7/15,19:6:46,20.1,77.0,24.1,95.0,22.4,78.2,1019,0
2026/7/15,19:6:51,20.1,77.0,24.1,95.0,22.4,78.2,1021,0
2026/7/15,19:6:56,20.1,77.0,24.1,95.0,22.4,78.2,1023,0
2026/7/15,19:7:1,20.2,78.0,24.1,95.0,22.4,78.2,1023,0
2026/7/15,19:7:6,20.1,78.0,24.1,95.0,22.4,78.2,1021,0
2026/7/15,19:7:11,20.1,78.0,24.1,95.0,22.4,78.2,1021,0
2026/7/15,19:7:16,20.1,78.0,24.1,95.0,22.4,78.2,1021,0
2026/7/15,19:7:21,20.1,77.0,24.1,95.0,22.4,78.2,1023,0
2026/7/15,19:7:26,20.1,77.0,24.1,95.0,22.4,78.2,1023,0
2026/7/15,19:7:31,20.1,77.0,24.1,95.0,22.4,78.3,1019,0
2026/7/15,19:7:36,20.1,77.0,24.1,95.0,22.4,78.3,1022,0
2026/7/15,19:7:41,20.1,77.0,24.1,95.0,22.4,78.3,1023,0
2026/7/15,19:7:46,20.1,77.0,24.1,95.0,22.4,78.3,1019,0
2026/7/15,19:7:51,20.1,77.0,24.1,95.0,22.4,78.3,1021,0
2026/7/15,19:7:56,20.1,77.0,24.1,95.0,22.4,78.3,1019,0
2026/7/15,19:8:1,20.1,77.0,24.1,95.0,22.4,78.3,1021,0
2026/7/15,19:8:6,20.1,77.0,24.1,95.0,22.4,78.3,1023,0
2026/7/15,19:8:11,20.1,77.0,24.1,95.0,22.4,78.3,1019,0
2026/7/15,19:8:16,20.1,77.0,24.1,95.0,22.4,78.3,1019,0
2026/7/15,19:8:21,20.1,77.0,24.1,95.0,22.4,78.3,1021,0
2026/7/15,19:8:26,20.1,77.0,24.1,95.0,22.4,78.4,1022,0
2026/7/15,19:8:31,20.1,77.0,24.1,95.0,22.4,78.3,1023,0
2026/7/15,19:8:36,20.1,77.0,24.1,95.0,22.4,78.4,1023,0
2026/7/15,19:8:41,20.1,78.0,24.1,95.0,22.4,78.4,1023,0
2026/7/15,19:8:46,20.1,77.0,24.1,95.0,22.4,78.4,1022,0
2026/7/15,19:8:51,20.1,77.0,24.1,95.0,22.4,78.4,1022,0
2026/7/15,19:8:56,20.1,78.0,24.1,95.0,22.4,78.3,1022,0
2026/7/15,19:9:1,20.1,78.0,24.1,95.0,22.3,78.4,1022,0
2026/7/15,19:9:6,20.1,78.0,24.1,95.0,22.4,78.3,1023,0
2026/7/15,19:9:11,20.1,78.0,24.1,95.0,22.3,78.4,1021,0
2026/7/15,19:9:16,20.1,78.0,24.1,95.0,22.4,78.4,1021,0
2026/7/15,19:9:21,20.1,78.0,24.1,95.0,22.4,78.4,1023,0
2026/7/15,19:9:26,20.1,78.0,24.1,95.0,22.3,78.4,1022,0
2026/7/15,19:9:31,20.1,78.0,24.1,95.0,22.4,78.4,1019,0
2026/7/15,19:9:36,20.1,78.0,24.1,95.0,22.3,78.4,1019,0
2026/7/15,19:9:41,20.1,77.0,24.1,95.0,22.4,78.4,1022,0
2026/7/15,19:9:46,20.1,77.0,24.1,95.0,22.4,78.4,1022,0
2026/7/15,19:9:51,20.1,77.0,24.1,95.0,22.4,78.4,1019,0
2026/7/15,19:9:56,20.0,77.0,24.0,95.0,22.3,78.4,1021,0
2026/7/15,19:10:1,20.1,78.0,24.1,95.0,22.4,78.4,1022,0
2026/7/15,19:10:6,20.1,78.0,24.1,95.0,22.3,78.5,1022,0
2026/7/15,19:10:11,20.1,78.0,24.1,95.0,22.3,78.5,1022,0
2026/7/15,19:10:16,20.1,78.0,24.1,95.0,22.4,78.4,1019,0
2026/7/15,19:10:21,20.1,78.0,24.1,95.0,22.3,78.4,1022,0
2026/7/15,19:10:26,20.1,78.0,24.1,95.0,22.4,78.5,1019,0
2026/7/15,19:10:31,20.1,78.0,24.1,95.0,22.3,78.4,1021,0
2026/7/15,19:10:36,20.1,78.0,24.0,95.0,22.3,78.5,1022,0
2026/7/15,19:10:41,20.1,78.0,24.1,95.0,22.3,78.5,1023,0
2026/7/15,19:10:46,20.1,79.0,24.1,95.0,22.3,78.5,1023,0
2026/7/15,19:10:51,20.1,79.0,24.1,95.0,22.3,78.5,1021,0
2026/7/15,19:10:56,20.1,78.0,24.0,95.0,22.4,78.6,1023,0
2026/7/15,19:11:1,20.1,78.0,24.1,95.0,22.3,78.6,1023,0
2026/7/15,19:11:6,20.1,78.0,24.1,95.0,22.3,78.6,1023,0
2026/7/15,19:11:11,20.1,78.0,24.1,95.0,22.3,78.7,1022,0
2026/7/15,19:11:16,20.1,77.0,24.1,95.0,22.3,78.6,1019,0
2026/7/15,19:11:21,20.1,77.0,24.1,95.0,22.3,78.7,1021,0
2026/7/15,19:11:26,20.1,77.0,24.2,95.0,22.3,78.6,1021,0
2026/7/15,19:11:31,20.1,77.0,24.1,95.0,22.3,78.7,1023,0
2026/7/15,19:11:36,20.0,77.0,24.1,95.0,22.3,78.7,1021,0
2026/7/15,19:11:41,20.0,77.0,24.1,95.0,22.3,78.7,1023,0
2026/7/15,19:11:46,20.1,77.0,24.1,95.0,22.3,78.7,1023,0
2026/7/15,19:11:51,20.1,77.0,24.1,95.0,22.3,78.7,1019,0
2026/7/15,19:11:56,20.0,77.0,24.1,95.0,22.3,78.7,1019,0
2026/7/15,19:12:1,20.1,78.0,24.1,95.0,22.3,78.7,1023,0
2026/7/15,19:12:6,20.0,78.0,24.0,95.0,22.3,78.7,1021,0
2026/7/15,19:12:11,20.0,78.0,24.1,95.0,22.3,78.7,1021,0
2026/7/15,19:12:16,20.1,78.0,24.1,95.0,22.3,78.7,1021,0
2026/7/15,19:12:21,20.0,78.0,24.1,95.0,22.3,78.7,1021,0
2026/7/15,19:12:26,20.1,78.0,24.1,95.0,22.3,78.7,1021,0
2026/7/15,19:12:31,20.0,78.0,24.1,95.0,22.3,78.7,1022,0
2026/7/15,19:12:36,20.1,78.0,24.1,95.0,22.3,78.8,1021,0
2026/7/15,19:12:41,20.0,78.0,24.1,95.0,22.3,78.7,1022,0
2026/7/15,19:12:46,20.0,78.0,24.1,95.0,22.3,78.7,1022,0
2026/7/15,19:12:51,20.0,78.0,24.1,95.0,22.3,78.8,1023,0
2026/7/15,19:12:56,20.0,79.0,24.1,95.0,22.3,78.8,1023,0
2026/7/15,19:13:1,20.0,79.0,24.1,95.0,22.3,78.8,1021,0
2026/7/15,19:13:6,20.0,78.0,24.1,95.0,22.3,78.8,1022,0
2026/7/15,19:13:11,20.1,78.0,24.1,95.0,22.2,78.8,1023,0
2026/7/15,19:13:16,20.1,78.0,24.1,95.0,22.2,78.8,1023,0
2026/7/15,19:13:21,20.0,78.0,24.1,95.0,22.2,78.9,1019,0
2026/7/15,19:13:26,20.1,78.0,24.1,95.0,22.3,78.9,1023,0
2026/7/15,19:13:31,20.1,78.0,24.0,95.0,22.2,78.8,1023,0
2026/7/15,19:13:36,20.0,78.0,24.1,95.0,22.2,78.9,1021,0
2026/7/15,19:13:41,20.0,78.0,24.1,95.0,22.2,78.9,1022,0
2026/7/15,19:13:46,20.0,78.0,24.1,95.0,22.2,78.9,1023,0
2026/7/15,19:13:51,20.0,78.0,24.0,95.0,22.2,79.0,1019,0
2026/7/15,19:13:56,20.0,78.0,24.1,95.0,22.2,78.9,1023,0
2026/7/15,19:14:1,20.0,78.0,24.1,95.0,22.2,78.9,1019,0
2026/7/15,19:14:6,20.0,78.0,24.0,95.0,22.2,78.9,1021,0
2026/7/15,19:14:11,20.0,78.0,24.1,95.0,22.2,78.9,1022,0
2026/7/15,19:14:16,20.1,78.0,24.0,95.0,22.2,79.0,1019,0
2026/7/15,19:14:21,20.1,78.0,24.1,95.0,22.2,79.0,1023,0
2026/7/15,19:14:26,20.0,78.0,24.1,95.0,22.2,78.9,1019,0
2026/7/15,19:14:31,20.0,78.0,24.1,95.0,22.2,79.0,1023,0
2026/7/15,19:14:36,20.0,78.0,24.1,95.0,22.2,79.0,1021,0
2026/7/15,19:14:41,20.0,78.0,24.1,95.0,22.2,79.0,1022,0
2026/7/15,19:14:46,20.0,78.0,24.1,95.0,22.2,79.0,1021,0
2026/7/15,19:14:51,20.0,78.0,24.1,95.0,22.2,79.0,1022,0
2026/7/15,19:14:56,20.0,78.0,24.1,95.0,22.2,79.1,1023,0
2026/7/15,19:15:1,20.0,78.0,24.1,95.0,22.2,79.1,1023,0
2026/7/15,19:15:6,20.0,78.0,24.1,95.0,22.2,79.1,1022,0
2026/7/15,19:15:11,20.0,78.0,24.1,95.0,22.2,79.1,1023,0
2026/7/15,19:15:16,20.0,78.0,24.0,95.0,22.2,79.0,1022,0
2026/7/15,19:15:21,20.0,78.0,24.1,95.0,22.2,79.0,1023,0
2026/7/15,19:15:26,20.0,78.0,24.1,95.0,22.2,79.0,1023,0
2026/7/15,19:15:31,20.0,78.0,24.0,95.0,22.2,79.0,1021,0
2026/7/15,19:15:36,20.0,78.0,24.1,95.0,22.2,79.0,1021,0
2026/7/15,19:15:41,20.0,78.0,24.1,95.0,22.2,79.0,1023,0
2026/7/15,19:15:46,19.9,78.0,24.1,95.0,22.2,79.0,1023,0
2026/7/15,19:15:51,20.0,78.0,24.0,95.0,22.2,79.0,1022,0
2026/7/15,19:15:56,20.0,78.0,24.1,95.0,22.2,79.0,1023,0
2026/7/15,19:16:1,20.0,78.0,24.0,95.0,22.2,79.0,1022,0
2026/7/15,19:16:6,20.0,78.0,24.0,95.0,22.1,79.0,1021,0
2026/7/15,19:16:11,20.0,78.0,24.1,95.0,22.1,79.0,1023,0
2026/7/15,19:16:16,20.0,78.0,24.1,95.0,22.1,79.0,1022,0
2026/7/15,19:16:21,19.9,78.0,24.1,95.0,22.1,79.0,1023,0
2026/7/15,19:16:26,19.9,78.0,24.1,95.0,22.1,79.0,1022,0
2026/7/15,19:16:31,20.0,78.0,24.1,95.0,22.1,79.0,1021,0
2026/7/15,19:16:36,19.9,79.0,24.1,95.0,22.1,79.0,1021,0
2026/7/15,19:16:41,20.0,79.0,24.1,95.0,22.2,79.0,1023,0
2026/7/15,19:16:46,19.9,79.0,24.0,95.0,22.1,79.1,1019,0
2026/7/15,19:16:51,19.9,79.0,24.1,95.0,22.1,79.2,1021,0
2026/7/15,19:16:56,20.0,78.0,24.1,95.0,22.1,79.2,1023,0
2026/7/15,19:17:1,19.9,78.0,24.1,95.0,22.1,79.2,1023,0
2026/7/15,19:17:6,20.0,78.0,24.1,95.0,22.1,79.2,1019,0
2026/7/15,19:17:11,20.0,78.0,24.1,95.0,22.1,79.2,1021,0
2026/7/15,19:17:16,20.0,78.0,24.1,95.0,22.1,79.1,1022,0
2026/7/15,19:17:21,19.9,78.0,24.0,95.0,22.1,79.2,1021,0
2026/7/15,19:17:26,19.9,78.0,24.1,95.0,22.1,79.2,1022,0
2026/7/15,19:17:31,19.9,78.0,24.0,95.0,22.1,79.2,1023,0
2026/7/15,19:17:36,20.0,78.0,24.1,95.0,22.1,79.2,1023,0
2026/7/15,19:17:41,20.0,78.0,24.0,95.0,22.1,79.2,1023,0
2026/7/15,19:17:46,19.9,79.0,24.1,95.0,22.1,79.2,1023,0
2026/7/15,19:17:51,19.9,79.0,24.0,95.0,22.1,79.2,1022,0
2026/7/15,19:17:56,20.0,79.0,24.1,95.0,22.1,79.2,1021,0
2026/7/15,19:18:1,19.8,79.0,24.0,95.0,22.1,79.2,1023,0
2026/7/15,19:18:6,20.0,79.0,24.1,95.0,22.1,79.2,1019,0
2026/7/15,19:18:11,19.9,79.0,24.0,95.0,22.1,79.2,1021,0
2026/7/15,19:18:16,20.0,79.0,24.1,95.0,22.1,79.2,1021,0
2026/7/15,19:18:21,19.9,79.0,24.1,95.0,22.1,79.2,1023,0
2026/7/15,19:18:26,19.9,79.0,24.1,95.0,22.1,79.2,1023,0
2026/7/15,19:18:31,19.9,79.0,24.1,95.0,22.1,79.2,1019,0
2026/7/15,19:18:36,19.9,79.0,24.1,95.0,22.1,79.2,1023,0
2026/7/15,19:18:41,19.9,79.0,24.1,95.0,22.1,79.3,1021,0
2026/7/15,19:18:46,19.9,79.0,24.0,95.0,22.1,79.2,1019,0
2026/7/15,19:18:51,20.0,79.0,24.0,95.0,22.1,79.2,1019,0
2026/7/15,19:18:56,19.8,79.0,24.0,95.0,22.1,79.2,1023,0
2026/7/15,19:19:1,20.0,79.0,24.0,95.0,22.1,79.2,1023,0
2026/7/15,19:19:7,19.9,79.0,24.0,95.0,22.1,79.2,1023,0
2026/7/15,19:19:12,20.0,79.0,24.1,95.0,22.1,79.2,1022,0
2026/7/15,19:19:17,19.9,79.0,24.1,95.0,22.1,79.2,1022,0
2026/7/15,19:19:22,19.8,79.0,24.1,95.0,22.1,79.3,1022,0
2026/7/15,19:19:27,19.9,79.0,24.0,95.0,22.1,79.2,1023,0
2026/7/15,19:19:32,19.8,79.0,24.1,95.0,22.1,79.2,1021,0
2026/7/15,19:19:37,19.9,79.0,24.1,95.0,22.1,79.2,1023,0
2026/7/15,19:19:42,19.8,79.0,24.1,95.0,22.1,79.3,1022,0
2026/7/15,19:19:47,20.0,78.0,24.1,95.0,22.1,79.2,1023,0
2026/7/15,19:19:52,19.9,78.0,24.0,95.0,22.1,79.3,1023,0
2026/7/15,19:19:57,19.8,78.0,24.1,95.0,22.1,79.3,1019,0
2026/7/15,19:20:2,19.9,79.0,24.1,95.0,22.1,79.3,1021,0
2026/7/15,19:20:7,19.9,79.0,24.1,95.0,22.0,79.2,1021,0
2026/7/15,19:20:12,19.9,79.0,24.0,95.0,22.1,79.3,1023,0
2026/7/15,19:20:17,19.9,79.0,24.0,95.0,22.1,79.3,1021,0
2026/7/15,19:20:22,19.9,79.0,24.1,95.0,22.1,79.3,1023,0
2026/7/15,19:20:27,19.8,79.0,24.0,95.0,22.1,79.3,1021,0
2026/7/15,19:20:32,19.9,79.0,24.1,95.0,22.0,79.3,1023,0
2026/7/15,19:20:37,20.0,79.0,24.1,95.0,22.0,79.3,1022,0
2026/7/15,19:20:42,19.8,79.0,24.1,95.0,22.0,79.3,1022,0
2026/7/15,19:20:47,19.8,79.0,24.1,95.0,22.1,79.3,1023,0
2026/7/15,19:20:52,19.9,79.0,24.1,95.0,22.0,79.3,1021,0
2026/7/15,19:20:57,20.0,80.0,24.0,95.0,22.0,79.3,1022,0
2026/7/15,19:21:2,19.9,79.0,24.1,95.0,22.0,79.3,1021,0
2026/7/15,19:21:7,19.9,79.0,24.1,95.0,22.0,79.3,1021,0
2026/7/15,19:21:12,19.9,79.0,24.1,95.0,22.0,79.3,1021,0
2026/7/15,19:21:17,19.9,79.0,24.1,95.0,22.0,79.3,1023,0
2026/7/15,19:21:22,20.0,79.0,24.0,95.0,22.0,79.3,1023,0
2026/7/15,19:21:27,19.9,79.0,24.0,95.0,22.0,79.3,1023,0
2026/7/15,19:21:32,19.9,79.0,24.1,95.0,22.0,79.3,1021,0
2026/7/15,19:21:37,19.9,79.0,24.1,95.0,22.1,79.3,1022,0
2026/7/15,19:21:42,19.8,80.0,24.1,95.0,22.0,79.3,1022,0
2026/7/15,19:21:47,19.9,80.0,24.1,95.0,22.0,79.3,1022,0
2026/7/15,19:21:52,19.8,80.0,24.1,95.0,22.0,79.4,1023,0
2026/7/15,19:21:57,19.7,80.0,24.1,95.0,22.0,79.4,1023,0
2026/7/15,19:22:2,19.8,80.0,24.1,95.0,22.0,79.4,1023,0
2026/7/15,19:22:7,19.8,80.0,24.0,95.0,22.0,79.4,1019,0
2026/7/15,19:22:12,19.8,80.0,24.1,95.0,22.0,79.5,1023,0
2026/7/15,19:22:17,19.8,80.0,24.1,95.0,22.0,79.6,1023,0
2026/7/15,19:22:22,19.8,80.0,24.1,95.0,22.0,79.6,1023,0
2026/7/15,19:22:27,19.9,80.0,24.1,95.0,22.0,79.6,1022,0
2026/7/15,19:22:32,19.7,80.0,24.1,95.0,22.0,79.6,1023,0
2026/7/15,19:22:37,19.8,80.0,24.1,95.0,22.0,79.6,1019,0
2026/7/15,19:22:42,19.7,80.0,24.1,95.0,22.0,79.6,1019,0
2026/7/15,19:22:47,19.8,80.0,24.1,95.0,22.0,79.6,1021,0
2026/7/15,19:22:52,19.9,80.0,24.0,95.0,22.0,79.5,1019,0
2026/7/15,19:22:57,19.7,79.0,24.1,95.0,22.0,79.6,1023,0
2026/7/15,19:23:2,19.7,79.0,24.1,95.0,22.0,79.6,1021,0
2026/7/15,19:23:7,19.8,79.0,24.0,95.0,22.0,79.6,1022,0
2026/7/15,19:23:12,20.0,79.0,24.1,95.0,22.0,79.6,1022,0
2026/7/15,19:23:17,19.8,79.0,24.0,95.0,22.0,79.6,1023,0
2026/7/15,19:23:22,19.7,79.0,24.1,95.0,22.0,79.6,1021,0
2026/7/15,19:23:27,19.7,79.0,24.0,95.0,22.0,79.6,1022,0
2026/7/15,19:23:32,19.9,79.0,24.1,95.0,22.0,79.6,1023,0
2026/7/15,19:23:37,19.9,79.0,24.0,95.0,22.0,79.5,1021,0
2026/7/15,19:23:42,19.7,79.0,24.0,95.0,22.0,79.6,1022,0
2026/7/15,19:23:47,19.8,79.0,24.1,95.0,22.0,79.6,1023,0
2026/7/15,19:23:52,19.7,79.0,24.1,95.0,22.0,79.6,1023,0
2026/7/15,19:23:57,19.8,79.0,24.0,95.0,22.0,79.6,1019,0
2026/7/15,19:24:2,19.7,79.0,24.0,95.0,21.9,79.6,1022,0
2026/7/15,19:24:7,19.7,79.0,24.0,95.0,22.0,79.6,1021,0
2026/7/15,19:24:12,19.8,79.0,24.1,95.0,22.0,79.5,1019,0
2026/7/15,19:24:17,19.8,80.0,24.0,95.0,21.9,79.6,1021,0
2026/7/15,19:24:22,19.8,80.0,24.1,95.0,22.0,79.6,1023,0
2026/7/15,19:24:27,19.8,80.0,24.1,95.0,21.9,79.6,1023,0
2026/7/15,19:24:32,19.8,79.0,24.1,95.0,22.0,79.6,1023,0
2026/7/15,19:24:37,19.7,79.0,24.1,95.0,22.0,79.6,1019,0
2026/7/15,19:24:42,19.7,79.0,24.1,95.0,22.0,79.6,1023,0
2026/7/15,19:24:47,19.7,79.0,24.1,95.0,22.0,79.6,1021,0
2026/7/15,19:24:52,19.7,79.0,24.0,95.0,22.0,79.6,1023,0
2026/7/15,19:24:57,19.8,80.0,24.0,95.0,22.0,79.6,1023,0
2026/7/15,19:25:2,19.8,80.0,24.1,95.0,22.0,79.6,1022,0
2026/7/15,19:25:7,19.7,80.0,24.1,95.0,22.0,79.6,1019,0
2026/7/15,19:25:12,19.7,80.0,24.1,95.0,22.0,79.6,1022,0
2026/7/15,19:25:17,19.7,79.0,24.0,95.0,21.9,79.6,1019,0
2026/7/15,19:25:22,19.7,79.0,24.1,95.0,22.0,79.6,1021,0
2026/7/15,19:25:27,19.7,79.0,24.0,95.0,22.0,79.6,1022,0
2026/7/15,19:25:32,19.7,80.0,24.1,95.0,22.0,79.6,1023,0
2026/7/15,19:25:37,19.7,80.0,24.0,95.0,22.0,79.6,1023,0
2026/7/15,19:25:42,19.7,80.0,24.0,95.0,22.0,79.6,1023,0
2026/7/15,19:25:47,19.7,80.0,24.1,95.0,22.0,79.6,1022,0
2026/7/15,19:25:52,19.8,80.0,24.0,95.0,22.0,79.6,1019,0
2026/7/15,19:25:57,19.7,80.0,24.1,95.0,22.0,79.6,1022,0
2026/7/15,19:26:2,19.7,80.0,24.1,95.0,21.9,79.6,1022,0
2026/7/15,19:26:7,19.7,80.0,24.1,95.0,22.0,79.6,1021,0
2026/7/15,19:26:12,19.8,80.0,24.1,95.0,21.9,79.6,1023,0
2026/7/15,19:26:17,19.8,80.0,24.0,95.0,21.9,79.6,1022,0
2026/7/15,19:26:22,19.7,80.0,24.1,95.0,21.9,79.7,1022,0
2026/7/15,19:26:27,19.7,80.0,24.1,95.0,21.9,79.6,1023,0
2026/7/15,19:26:32,19.8,80.0,24.1,95.0,22.0,79.7,1021,0
2026/7/15,19:26:37,19.8,80.0,24.1,95.0,21.9,79.7,1023,0
2026/7/15,19:26:42,19.7,80.0,24.1,95.0,21.9,79.7,1021,0
2026/7/15,19:26:47,19.7,80.0,24.1,95.0,21.9,79.7,1019,0
2026/7/15,19:26:52,19.6,80.0,24.1,95.0,21.9,79.7,1023,0
2026/7/15,19:26:57,19.7,80.0,24.0,95.0,21.9,79.7,1023,0
2026/7/15,19:27:2,19.8,80.0,24.0,95.0,22.0,79.7,1023,0
2026/7/15,19:27:7,19.7,80.0,24.0,95.0,22.0,79.7,1022,0
2026/7/15,19:27:12,19.8,80.0,24.1,95.0,21.9,79.8,1023,0
2026/7/15,19:27:17,19.7,80.0,24.0,95.0,22.0,79.7,1019,0
2026/7/15,19:27:22,19.7,81.0,24.1,95.0,21.9,79.8,1023,0
2026/7/15,19:27:27,19.7,81.0,24.0,95.0,22.0,79.8,1019,0
2026/7/15,19:27:32,19.7,80.0,24.1,95.0,22.0,79.8,1023,0
2026/7/15,19:27:37,19.7,80.0,24.1,95.0,21.9,79.8,1019,0
2026/7/15,19:27:42,19.7,80.0,24.1,95.0,22.0,79.8,1019,0
2026/7/15,19:27:47,19.8,80.0,24.1,95.0,21.9,79.8,1023,0
2026/7/15,19:27:52,19.7,80.0,24.1,95.0,21.9,79.9,1021,0
2026/7/15,19:27:57,19.7,80.0,24.0,95.0,22.0,79.9,1021,0
2026/7/15,19:28:2,19.6,79.0,24.1,95.0,21.9,79.9,1023,0
2026/7/15,19:28:7,19.8,79.0,24.0,95.0,21.9,79.9,1021,0
2026/7/15,19:28:12,19.6,79.0,24.0,95.0,22.0,79.9,1023,0
2026/7/15,19:28:17,19.8,79.0,24.1,95.0,21.9,79.9,1023,0
2026/7/15,19:28:22,19.8,78.0,24.1,95.0,21.9,80.0,1023,0
2026/7/15,19:28:27,19.8,78.0,24.1,95.0,21.9,80.0,1021,0
2026/7/15,19:28:32,19.7,79.0,24.1,95.0,21.9,80.1,1022,0
2026/7/15,19:28:37,19.7,79.0,24.0,95.0,21.9,80.1,1021,0
2026/7/15,19:28:42,19.7,79.0,24.1,95.0,21.9,80.1,1022,0
2026/7/15,19:28:47,19.8,79.0,24.1,95.0,21.9,80.1,1019,0
2026/7/15,19:28:52,19.7,79.0,24.1,95.0,21.9,80.1,1021,0
2026/7/15,19:28:57,19.7,79.0,24.1,95.0,21.9,80.1,1019,0
2026/7/15,19:29:2,19.8,79.0,24.0,95.0,21.9,80.2,1022,0
2026/7/15,19:29:7,19.7,79.0,24.1,95.0,21.9,80.2,1021,0
2026/7/15,19:29:12,19.7,79.0,24.1,95.0,21.9,80.1,1021,0
2026/7/15,19:29:17,19.6,80.0,24.1,95.0,21.9,80.1,1023,0
2026/7/15,19:29:22,19.8,80.0,24.0,95.0,21.9,80.2,1022,0
2026/7/15,19:29:27,19.7,80.0,24.1,95.0,21.9,80.1,1019,0
2026/7/15,19:29:32,19.8,80.0,24.1,95.0,21.9,80.1,1021,0
2026/7/15,19:29:37,19.7,80.0,24.1,95.0,21.9,80.1,1019,0
2026/7/15,19:29:42,19.7,80.0,24.1,95.0,21.9,80.1,1019,0
2026/7/15,19:29:47,19.7,81.0,24.0,95.0,21.9,80.1,1023,0
2026/7/15,19:29:52,19.7,81.0,24.1,95.0,21.9,80.1,1023,0
2026/7/15,19:29:57,19.7,81.0,24.0,95.0,21.9,80.1,1023,0
2026/7/15,19:30:2,19.7,81.0,24.1,95.0,21.9,80.1,1023,0
2026/7/15,19:30:7,19.7,81.0,24.0,95.0,21.9,80.1,1023,0
2026/7/15,19:30:12,19.8,81.0,24.1,95.0,21.9,80.1,1023,0
2026/7/15,19:30:18,19.8,81.0,24.1,95.0,21.9,80.0,1019,0
2026/7/15,19:30:23,19.8,81.0,24.0,95.0,21.9,80.1,1019,0
2026/7/15,19:30:28,19.7,81.0,24.1,95.0,21.9,80.1,1023,0
2026/7/15,19:30:33,19.8,80.0,24.0,95.0,21.9,80.1,1022,0
2026/7/15,19:30:38,19.6,80.0,24.1,95.0,21.9,80.1,1023,0
2026/7/15,19:30:43,19.7,80.0,24.0,95.0,21.9,80.1,1019,0
2026/7/15,19:30:48,19.7,80.0,24.0,95.0,21.9,80.1,1023,0
2026/7/15,19:30:53,19.6,80.0,24.0,95.0,21.9,80.1,1021,0
2026/7/15,19:30:58,19.6,80.0,24.0,95.0,21.9,80.1,1023,0
2026/7/15,19:31:3,19.6,80.0,24.1,95.0,21.9,80.1,1023,0
2026/7/15,19:31:8,19.7,80.0,24.1,95.0,21.9,80.1,1019,0
2026/7/15,19:31:13,19.6,81.0,24.0,95.0,21.9,80.1,1023,0
2026/7/15,19:31:18,19.8,81.0,24.1,95.0,21.9,80.1,1021,0
2026/7/15,19:31:23,19.7,81.0,24.0,95.0,21.9,80.1,1019,0
2026/7/15,19:31:28,19.7,81.0,24.1,95.0,21.9,80.1,1021,0
2026/7/15,19:31:33,19.7,81.0,24.0,95.0,21.9,80.1,1021,0
2026/7/15,19:31:38,19.8,81.0,24.1,95.0,21.9,80.2,1021,0
2026/7/15,19:31:43,19.7,81.0,24.1,95.0,21.9,80.1,1022,0
2026/7/15,19:31:48,19.7,81.0,24.1,95.0,21.9,80.2,1023,0
2026/7/15,19:31:53,19.7,81.0,24.0,95.0,21.9,80.2,1019,0
2026/7/15,19:31:58,19.6,81.0,24.1,95.0,21.9,80.2,1019,0
2026/7/15,19:32:3,19.6,81.0,24.0,95.0,21.9,80.2,1019,0
2026/7/15,19:32:8,19.7,81.0,24.0,95.0,21.8,80.2,1022,0
2026/7/15,19:32:13,19.7,80.0,24.0,95.0,21.9,80.2,1021,0
2026/7/15,19:32:18,19.6,80.0,24.0,95.0,21.9,80.2,1022,0
2026/7/15,19:32:23,19.6,80.0,24.0,95.0,21.8,80.2,1023,0
2026/7/15,19:32:28,19.6,80.0,24.0,95.0,21.8,80.1,1019,0
2026/7/15,19:32:33,19.6,80.0,24.0,95.0,21.8,80.1,1022,0
2026/7/15,19:32:38,19.7,80.0,24.1,95.0,21.8,80.1,1021,0
2026/7/15,19:32:43,19.6,80.0,24.0,95.0,21.8,80.2,1019,0
2026/7/15,19:32:48,19.7,80.0,24.0,95.0,21.9,80.2,1021,0
2026/7/15,19:32:53,19.5,80.0,24.1,95.0,21.8,80.2,1023,0
2026/7/15,19:32:58,19.7,81.0,24.1,95.0,21.8,80.1,1019,0
2026/7/15,19:33:3,19.5,81.0,24.0,95.0,21.8,80.2,1023,0
2026/7/15,19:33:8,19.7,81.0,24.1,95.0,21.8,80.1,1023,0
2026/7/15,19:33:13,19.6,81.0,24.1,95.0,21.9,80.2,1023,0
2026/7/15,19:33:18,19.5,81.0,24.0,95.0,21.8,80.2,1023,0
2026/7/15,19:33:23,19.5,81.0,24.1,95.0,21.9,80.1,1023,0
2026/7/15,19:33:28,19.6,81.0,24.0,95.0,21.8,80.2,1019,0
2026/7/15,19:33:33,19.5,81.0,24.0,95.0,21.8,80.2,1022,0
2026/7/15,19:33:38,19.6,81.0,24.0,95.0,21.8,80.2,1019,0
2026/7/15,19:33:43,19.5,81.0,24.0,95.0,21.8,80.2,1022,0
2026/7/15,19:33:48,19.5,81.0,24.1,95.0,21.8,80.2,1022,0
2026/7/15,19:33:53,19.5,81.0,24.0,95.0,21.8,80.2,1019,0
2026/7/15,19:33:58,19.5,81.0,24.0,95.0,21.8,80.2,1023,0
2026/7/15,19:34:3,19.6,81.0,24.0,95.0,21.8,80.2,1021,0
2026/7/15,19:34:8,19.6,81.0,24.0,95.0,21.8,80.2,1023,0
2026/7/15,19:34:13,19.5,82.0,24.0,95.0,21.8,80.2,1022,0
2026/7/15,19:34:18,19.6,82.0,24.0,95.0,21.8,80.2,1019,0
2026/7/15,19:34:23,19.7,81.0,24.0,95.0,21.8,80.2,1022,0
2026/7/15,19:34:28,19.5,81.0,24.1,95.0,21.8,80.2,1023,0
2026/7/15,19:34:33,19.7,81.0,24.1,95.0,21.8,80.2,1023,0
2026/7/15,19:34:38,19.5,81.0,24.1,95.0,21.8,80.2,1019,0
2026/7/15,19:34:43,19.5,81.0,24.0,95.0,21.8,80.2,1019,0
2026/7/15,19:34:48,19.5,81.0,24.1,95.0,21.8,80.2,1023,0
2026/7/15,19:34:53,19.5,81.0,24.1,95.0,21.8,80.2,1023,0
2026/7/15,19:34:58,19.5,81.0,24.1,95.0,21.8,80.2,1023,0
2026/7/15,19:35:3,19.5,81.0,24.1,95.0,21.8,80.2,1022,0
2026/7/15,19:35:8,19.5,81.0,24.0,95.0,21.8,80.2,1021,0
2026/7/15,19:35:13,19.5,81.0,24.0,95.0,21.8,80.2,1022,0
2026/7/15,19:35:18,19.5,81.0,24.0,95.0,21.8,80.2,1023,0
2026/7/15,19:35:23,19.5,81.0,24.1,95.0,21.8,80.2,1021,0
2026/7/15,19:35:28,19.6,81.0,24.0,95.0,21.8,80.2,1019,0
2026/7/15,19:35:33,19.5,81.0,24.1,95.0,21.8,80.2,1023,0
2026/7/15,19:35:38,19.6,81.0,24.0,95.0,21.8,80.3,1021,0
2026/7/15,19:35:43,19.5,81.0,24.0,95.0,21.8,80.3,1022,0
2026/7/15,19:35:48,19.5,81.0,24.0,95.0,21.8,80.3,1023,0
2026/7/15,19:35:53,19.6,81.0,23.9,95.0,21.8,80.3,1023,0
2026/7/15,19:35:58,19.5,81.0,24.0,95.0,21.8,80.3,1019,0
2026/7/15,19:36:3,19.6,81.0,24.0,95.0,21.8,80.3,1019,0
2026/7/15,19:36:8,19.5,81.0,24.0,95.0,21.8,80.4,1023,0
2026/7/15,19:36:13,19.5,81.0,24.1,95.0,21.8,80.4,1022,0
2026/7/15,19:36:18,19.4,81.0,24.1,95.0,21.8,80.4,1023,0
2026/7/15,19:36:23,19.5,81.0,24.0,95.0,21.8,80.4,1021,0
2026/7/15,19:36:28,19.5,81.0,24.0,95.0,21.8,80.5,1021,0
2026/7/15,19:36:33,19.4,81.0,24.0,95.0,21.8,80.5,1019,0
2026/7/15,19:36:38,19.5,81.0,24.1,95.0,21.8,80.4,1022,0
2026/7/15,19:36:43,19.5,82.0,24.0,95.0,21.8,80.5,1021,0
2026/7/15,19:36:48,19.5,82.0,24.0,95.0,21.8,80.5,1022,0
2026/7/15,19:36:53,19.5,82.0,24.1,95.0,21.7,80.5,1023,0
2026/7/15,19:36:58,19.5,82.0,24.0,95.0,21.7,80.5,1019,0
2026/7/15,19:37:3,19.5,81.0,24.0,95.0,21.7,80.5,1022,0
2026/7/15,19:37:8,19.5,81.0,24.1,95.0,21.7,80.5,1021,0
2026/7/15,19:37:13,19.5,81.0,24.1,95.0,21.7,80.5,1021,0
2026/7/15,19:37:18,19.5,81.0,24.0,95.0,21.8,80.5,1021,0
2026/7/15,19:37:23,19.5,81.0,24.0,95.0,21.7,80.5,1019,0
2026/7/15,19:37:28,19.5,81.0,24.0,95.0,21.7,80.5,1021,0
2026/7/15,19:37:33,19.5,81.0,24.0,95.0,21.7,80.5,1023,0
2026/7/15,19:37:38,19.5,81.0,24.0,95.0,21.7,80.5,1019,0
2026/7/15,19:37:43,19.5,81.0,24.1,95.0,21.7,80.5,1021,0
2026/7/15,19:37:48,19.5,81.0,24.0,95.0,21.7,80.5,1023,0
2026/7/15,19:37:53,19.5,82.0,24.0,95.0,21.7,80.5,1023,0
2026/7/15,19:37:58,19.5,82.0,24.1,95.0,21.7,80.5,1021,0
2026/7/15,19:38:3,19.4,82.0,24.0,95.0,21.7,80.5,1023,0
2026/7/15,19:38:8,19.5,82.0,24.1,95.0,21.7,80.5,1023,0
2026/7/15,19:38:13,19.5,83.0,24.0,95.0,21.7,80.5,1021,0
2026/7/15,19:38:18,19.4,83.0,24.0,95.0,21.7,80.6,1022,0
2026/7/15,19:38:23,19.5,83.0,24.0,95.0,21.7,80.6,1022,0
2026/7/15,19:38:28,19.5,83.0,24.0,95.0,21.7,80.6,1021,0
2026/7/15,19:38:33,19.5,82.0,23.9,95.0,21.7,80.6,1023,0
2026/7/15,19:38:38,19.5,82.0,24.0,95.0,21.7,80.6,1022,0
2026/7/15,19:38:43,19.5,82.0,24.0,95.0,21.7,80.6,1021,0
2026/7/15,19:38:48,19.5,82.0,24.0,95.0,21.7,80.6,1023,0
2026/7/15,19:38:53,19.4,82.0,24.1,95.0,21.7,80.7,1021,0
2026/7/15,19:38:58,19.5,82.0,24.0,95.0,21.7,80.7,1021,0
2026/7/15,19:39:3,19.5,82.0,24.0,95.0,21.7,80.7,1021,0
2026/7/15,19:39:8,19.5,82.0,24.0,95.0,21.7,80.7,1019,0
2026/7/15,19:39:13,19.4,82.0,24.0,95.0,21.7,80.7,1023,0
2026/7/15,19:39:18,19.5,82.0,24.0,95.0,21.7,80.7,1023,0
2026/7/15,19:39:23,19.5,82.0,24.0,95.0,21.7,80.7,1022,0
2026/7/15,19:39:28,19.5,82.0,24.0,95.0,21.7,80.7,1023,0
2026/7/15,19:39:33,19.4,82.0,24.1,95.0,21.7,80.7,1019,0
2026/7/15,19:39:38,19.5,82.0,24.1,95.0,21.7,80.7,1023,0
2026/7/15,19:39:43,19.4,82.0,24.0,95.0,21.7,80.7,1022,0
2026/7/15,19:39:48,19.4,82.0,24.0,95.0,21.7,80.8,1023,0
2026/7/15,19:39:53,19.5,82.0,24.0,95.0,21.7,80.7,1021,0
2026/7/15,19:39:58,19.5,82.0,24.0,95.0,21.7,80.8,1021,0
2026/7/15,19:40:3,19.5,82.0,24.1,95.0,21.7,80.7,1019,0
2026/7/15,19:40:8,19.5,82.0,24.0,95.0,21.7,80.7,1022,0
2026/7/15,19:40:13,19.5,81.0,24.0,95.0,21.7,80.7,1023,0
2026/7/15,19:40:18,19.4,81.0,24.1,95.0,21.7,80.7,1022,0
2026/7/15,19:40:23,19.4,81.0,24.0,95.0,21.7,80.7,1023,0
2026/7/15,19:40:28,19.5,81.0,24.0,95.0,21.7,80.7,1023,0
2026/7/15,19:40:33,19.4,81.0,24.1,95.0,21.7,80.7,1021,0
2026/7/15,19:40:38,19.4,81.0,24.0,95.0,21.7,80.7,1021,0
2026/7/15,19:40:43,19.5,81.0,24.0,95.0,21.7,80.7,1023,0
2026/7/15,19:40:48,19.4,81.0,24.0,95.0,21.7,80.7,1023,0
2026/7/15,19:40:53,19.5,81.0,24.0,95.0,21.7,80.7,1021,0
2026/7/15,19:40:58,19.5,82.0,24.0,95.0,21.7,80.7,1022,0
2026/7/15,19:41:3,19.4,82.0,24.0,95.0,21.7,80.7,1023,0
2026/7/15,19:41:8,19.5,82.0,24.0,95.0,21.7,80.7,1022,0
2026/7/15,19:41:13,19.5,82.0,24.1,95.0,21.7,80.7,1022,0
2026/7/15,19:41:18,19.4,82.0,24.1,95.0,21.7,80.7,1019,0
2026/7/15,19:41:23,19.6,82.0,24.1,95.0,21.7,80.7,1019,0
2026/7/15,19:41:28,19.5,81.0,24.1,95.0,21.7,80.7,1023,0
2026/7/15,19:41:33,19.5,82.0,24.0,95.0,21.7,80.7,1023,0
2026/7/15,19:41:38,19.4,82.0,24.0,95.0,21.7,80.7,1021,0
2026/7/15,19:41:43,19.5,82.0,24.0,95.0,21.7,80.7,1023,0
2026/7/15,19:41:48,19.5,82.0,24.0,95.0,21.7,80.7,1022,0
2026/7/15,19:41:54,19.5,82.0,24.0,95.0,21.7,80.8,1021,0
2026/7/15,19:41:59,19.5,82.0,24.1,95.0,21.7,80.7,1019,0
2026/7/15,19:42:4,19.4,82.0,24.0,95.0,21.7,80.8,1019,0
2026/7/15,19:42:9,19.5,82.0,24.0,95.0,21.7,80.7,1023,0
2026/7/15,19:42:14,19.5,82.0,24.0,95.0,21.7,80.8,1019,0
2026/7/15,19:42:19,19.5,82.0,24.0,95.0,21.7,80.7,1023,0
2026/7/15,19:42:24,19.4,82.0,24.0,95.0,21.7,80.8,1023,0
2026/7/15,19:42:29,19.5,82.0,24.0,95.0,21.7,80.8,1021,0
2026/7/15,19:42:34,19.5,83.0,24.0,95.0,21.7,80.8,1023,0
2026/7/15,19:42:39,19.4,82.0,24.0,95.0,21.7,80.8,1023,0
2026/7/15,19:42:44,19.4,82.0,24.0,95.0,21.7,80.8,1022,0
2026/7/15,19:42:49,19.4,83.0,24.0,95.0,21.7,80.9,1021,0
2026/7/15,19:42:54,19.4,83.0,24.0,95.0,21.7,80.8,1023,0
2026/7/15,19:42:59,19.5,83.0,24.1,95.0,21.7,80.8,1021,0
2026/7/15,19:43:4,19.4,82.0,24.1,95.0,21.7,80.8,1019,0
2026/7/15,19:43:9,19.5,82.0,23.9,95.0,21.7,80.9,1023,0
2026/7/15,19:43:14,19.4,82.0,24.0,95.0,21.7,80.9,1019,0
2026/7/15,19:43:19,19.4,82.0,23.9,95.0,21.7,80.8,1022,0
2026/7/15,19:43:24,19.5,82.0,24.0,95.0,21.7,80.8,1019,0
2026/7/15,19:43:29,19.4,83.0,24.0,95.0,21.7,80.9,1022,0
2026/7/15,19:43:34,19.5,83.0,23.9,95.0,21.6,80.9,1022,0
2026/7/15,19:43:39,19.4,83.0,24.0,95.0,21.7,80.9,1021,0
2026/7/15,19:43:44,19.5,83.0,24.0,95.0,21.7,80.9,1023,0
2026/7/15,19:43:49,19.5,83.0,23.9,95.0,21.6,80.9,1019,0
2026/7/15,19:43:54,19.5,83.0,24.0,95.0,21.7,80.9,1021,0
2026/7/15,19:43:59,19.4,83.0,24.0,95.0,21.7,80.9,1021,0
2026/7/15,19:44:4,19.5,83.0,24.0,95.0,21.7,80.9,1023,0
2026/7/15,19:44:9,19.5,83.0,24.0,95.0,21.7,80.9,1021,0
2026/7/15,19:44:14,19.5,83.0,24.0,95.0,21.7,80.9,1021,0
2026/7/15,19:44:19,19.5,83.0,23.9,95.0,21.7,80.9,1022,0
2026/7/15,19:44:24,19.4,83.0,24.0,95.0,21.7,80.9,1023,0
2026/7/15,19:44:29,19.5,82.0,23.9,95.0,21.7,80.9,1022,0
2026/7/15,19:44:34,19.4,82.0,23.9,95.0,21.7,80.9,1021,0
2026/7/15,19:44:39,19.5,82.0,24.1,95.0,21.7,80.9,1019,0
2026/7/15,19:44:44,19.4,83.0,23.9,95.0,21.6,80.9,1021,0
2026/7/15,19:44:49,19.4,83.0,24.1,95.0,21.6,80.9,1021,0
2026/7/15,19:44:54,19.5,83.0,24.0,95.0,21.7,80.9,1022,0
2026/7/15,19:44:59,19.5,83.0,24.1,95.0,21.6,80.9,1023,0
2026/7/15,19:45:4,19.4,83.0,23.9,95.0,21.7,80.9,1019,0
2026/7/15,19:45:9,19.5,83.0,24.1,95.0,21.7,80.9,1021,0
2026/7/15,19:45:14,19.5,83.0,24.0,95.0,21.7,80.9,1022,0
2026/7/15,19:45:19,19.5,83.0,24.0,95.0,21.7,80.9,1023,0
2026/7/15,19:45:24,19.5,82.0,24.0,95.0,21.6,81.0,1023,0
2026/7/15,19:45:29,19.4,82.0,23.9,95.0,21.6,81.0,1019,0
2026/7/15,19:45:34,19.4,83.0,24.1,95.0,21.7,81.0,1023,0
2026/7/15,19:45:39,19.5,83.0,23.9,95.0,21.7,81.0,1023,0
2026/7/15,19:45:44,19.5,83.0,24.0,95.0,21.6,80.9,1021,0
2026/7/15,19:45:49,19.5,83.0,24.1,95.0,21.7,81.0,1021,0
2026/7/15,19:45:54,19.5,83.0,23.9,95.0,21.7,81.1,1023,0
2026/7/15,19:45:59,19.4,83.0,24.1,95.0,21.7,81.0,1022,0
2026/7/15,19:46:4,19.4,83.0,24.1,95.0,21.7,81.0,1023,0
2026/7/15,19:46:9,19.5,83.0,24.0,95.0,21.7,81.0,1021,0
2026/7/15,19:46:14,19.4,83.0,24.0,95.0,21.7,81.0,1019,0
2026/7/15,19:46:19,19.4,83.0,24.1,95.0,21.7,81.0,1023,0
2026/7/15,19:46:24,19.6,83.0,24.0,95.0,21.7,81.0,1023,0
2026/7/15,19:46:29,19.4,82.0,24.0,95.0,21.7,81.1,1021,0
2026/7/15,19:46:34,19.4,82.0,24.1,95.0,21.7,81.0,1019,0
2026/7/15,19:46:39,19.4,82.0,24.0,95.0,21.7,81.1,1023,0
2026/7/15,19:46:44,19.5,82.0,24.0,95.0,21.6,81.1,1023,0
2026/7/15,19:46:49,19.4,83.0,24.1,95.0,21.6,81.1,1022,0
2026/7/15,19:46:54,19.5,83.0,24.0,95.0,21.6,81.1,1021,0
2026/7/15,19:46:59,19.5,83.0,24.0,95.0,21.6,81.1,1023,0
2026/7/15,19:47:4,19.4,83.0,24.0,95.0,21.7,81.0,1021,0
2026/7/15,19:47:9,19.4,84.0,24.0,95.0,21.7,81.1,1023,0
2026/7/15,19:47:14,19.5,83.0,24.0,95.0,21.6,81.1,1023,0
2026/7/15,19:47:19,19.4,83.0,24.0,95.0,21.7,81.2,1022,0
2026/7/15,19:47:24,19.4,83.0,24.0,95.0,21.6,81.1,1023,0
2026/7/15,19:47:29,19.5,83.0,24.0,95.0,21.7,81.1,1023,0
2026/7/15,19:47:34,19.4,83.0,24.0,95.0,21.6,81.1,1019,0
2026/7/15,19:47:39,19.5,83.0,24.0,95.0,21.7,81.1,1021,0
2026/7/15,19:47:44,19.4,83.0,24.1,95.0,21.7,81.1,1023,0
2026/7/15,19:47:49,19.4,83.0,23.9,95.0,21.7,81.1,1022,0
2026/7/15,19:47:54,19.5,83.0,24.0,95.0,21.7,81.1,1023,0
2026/7/15,19:47:59,19.5,83.0,24.1,95.0,21.7,81.1,1021,0
2026/7/15,19:48:4,19.5,83.0,23.9,95.0,21.6,81.1,1021,0
2026/7/15,19:48:9,19.5,83.0,24.1,95.0,21.7,81.2,1022,0
2026/7/15,19:48:14,19.4,83.0,23.9,95.0,21.6,81.1,1023,0
2026/7/15,19:48:19,19.4,83.0,24.0,95.0,21.7,81.1,1019,0
2026/7/15,19:48:24,19.4,83.0,24.0,95.0,21.6,81.1,1019,0
2026/7/15,19:48:29,19.5,82.0,24.1,95.0,21.6,81.1,1021,0
2026/7/15,19:48:34,19.5,83.0,23.9,95.0,21.6,81.1,1022,0
2026/7/15,19:48:39,19.4,83.0,23.9,95.0,21.6,81.1,1019,0
2026/7/15,19:48:44,19.5,83.0,24.0,95.0,21.6,81.2,1021,0
2026/7/15,19:48:49,19.4,83.0,24.0,95.0,21.6,81.2,1023,0
2026/7/15,19:48:54,19.4,83.0,24.0,95.0,21.6,81.2,1021,0
2026/7/15,19:48:59,19.5,83.0,24.1,95.0,21.7,81.1,1023,0
2026/7/15,19:49:4,19.5,83.0,24.0,95.0,21.6,81.2,1023,0
2026/7/15,19:49:9,19.4,83.0,23.9,95.0,21.6,81.2,1022,0
2026/7/15,19:49:14,19.4,83.0,24.1,95.0,21.7,81.2,1023,0
2026/7/15,19:49:19,19.4,83.0,23.9,95.0,21.7,81.2,1021,0
2026/7/15,19:49:24,19.5,83.0,23.9,95.0,21.7,81.2,1023,0
2026/7/15,19:49:29,19.4,83.0,23.9,95.0,21.6,81.2,1021,0
2026/7/15,19:49:34,19.5,83.0,24.1,95.0,21.6,81.2,1023,0
2026/7/15,19:49:39,19.4,83.0,23.9,95.0,21.6,81.2,1022,0
2026/7/15,19:49:44,19.5,83.0,24.1,95.0,21.6,81.2,1023,0
2026/7/15,19:49:49,19.4,83.0,24.0,95.0,21.7,81.2,1021,0
2026/7/15,19:49:54,19.5,83.0,24.0,95.0,21.6,81.2,1021,0
2026/7/15,19:49:59,19.4,83.0,24.1,95.0,21.6,81.1,1022,0
2026/7/15,19:50:4,19.4,83.0,23.8,95.0,21.6,81.2,1021,0
2026/7/15,19:50:9,19.4,83.0,23.9,95.0,21.7,81.2,1023,0
2026/7/15,19:50:14,19.4,83.0,24.0,95.0,21.6,81.2,1023,0
2026/7/15,19:50:19,19.5,83.0,24.0,95.0,21.6,81.2,1022,0
2026/7/15,19:50:24,19.5,83.0,23.8,95.0,21.6,81.1,1021,0
2026/7/15,19:50:29,19.4,83.0,24.0,95.0,21.6,81.2,1019,0
2026/7/15,19:50:34,19.5,83.0,24.0,95.0,21.6,81.2,1021,0
2026/7/15,19:50:39,19.4,83.0,24.1,95.0,21.6,81.2,1023,0
2026/7/15,19:50:44,19.4,83.0,24.0,95.0,21.6,81.2,1022,0
2026/7/15,19:50:49,19.5,83.0,24.1,95.0,21.6,81.2,1022,0
2026/7/15,19:50:54,19.4,83.0,23.8,95.0,21.6,81.2,1019,0
2026/7/15,19:50:59,19.4,83.0,24.0,95.0,21.6,81.2,1021,0
2026/7/15,19:51:4,19.5,83.0,23.9,95.0,21.6,81.2,1019,0
2026/7/15,19:51:9,19.4,83.0,24.0,95.0,21.6,81.2,1021,0
2026/7/15,19:51:14,19.4,83.0,24.0,95.0,21.6,81.2,1023,0
2026/7/15,19:51:19,19.4,83.0,24.0,95.0,21.6,81.2,1021,0
2026/7/15,19:51:24,19.4,83.0,23.9,95.0,21.6,81.2,1023,0
2026/7/15,19:51:29,19.4,83.0,24.0,95.0,21.6,81.2,1023,0
2026/7/15,19:51:34,19.5,83.0,23.8,95.0,21.6,81.2,1022,0
2026/7/15,19:51:39,19.4,82.0,23.9,95.0,21.6,81.2,1023,0
2026/7/15,19:51:44,19.4,83.0,23.8,95.0,21.6,81.2,1022,0
2026/7/15,19:51:49,19.4,83.0,23.9,95.0,21.6,81.2,1019,0
2026/7/15,19:51:54,19.4,83.0,24.0,95.0,21.6,81.2,1019,0
2026/7/15,19:51:59,19.4,83.0,23.9,95.0,21.6,81.2,1023,0
2026/7/15,19:52:4,19.4,83.0,24.0,95.0,21.6,81.2,1022,0
2026/7/15,19:52:9,19.4,83.0,24.0,95.0,21.6,81.2,1023,0
2026/7/15,19:52:14,19.4,82.0,23.9,95.0,21.6,81.2,1023,0
2026/7/15,19:52:19,19.4,82.0,23.8,95.0,21.6,81.2,1023,0
2026/7/15,19:52:24,19.4,83.0,23.9,95.0,21.6,81.2,1021,0
2026/7/15,19:52:29,19.4,83.0,24.0,95.0,21.6,81.2,1023,0
2026/7/15,19:52:34,19.4,83.0,24.0,95.0,21.6,81.2,1019,0
2026/7/15,19:52:39,19.4,83.0,24.0,95.0,21.6,81.2,1021,0
2026/7/15,19:52:44,19.4,83.0,24.0,95.0,21.6,81.2,1021,0
2026/7/15,19:52:49,19.4,83.0,23.8,95.0,21.6,81.2,1023,0
2026/7/15,19:52:54,19.4,83.0,24.0,95.0,21.6,81.2,1019,0
2026/7/15,19:52:59,19.4,82.0,23.8,95.0,21.6,81.2,1021,0
2026/7/15,19:53:5,19.4,82.0,23.8,95.0,21.6,81.2,1019,0
2026/7/15,19:53:10,19.4,83.0,24.0,95.0,21.6,81.3,1019,0
2026/7/15,19:53:15,19.4,83.0,24.0,95.0,21.6,81.2,1023,0
2026/7/15,19:53:20,19.4,83.0,24.0,95.0,21.6,81.2,1019,0
2026/7/15,19:53:25,19.4,83.0,24.0,95.0,21.6,81.2,1019,0
2026/7/15,19:53:30,19.4,84.0,24.0,95.0,21.5,81.2,1023,0
2026/7/15,19:53:35,19.4,84.0,24.0,95.0,21.6,81.4,1019,0
2026/7/15,19:53:40,19.4,84.0,24.1,95.0,21.6,81.3,1023,0
2026/7/15,19:53:45,19.4,84.0,23.8,95.0,21.5,81.3,1023,0
2026/7/15,19:53:50,19.4,84.0,24.0,95.0,21.5,81.3,1019,0
2026/7/15,19:53:55,19.4,84.0,24.0,95.0,21.5,81.3,1022,0
2026/7/15,19:54:0,19.4,83.0,24.1,95.0,21.5,81.3,1021,0
2026/7/15,19:54:5,19.4,83.0,24.0,95.0,21.5,81.3,1021,0
2026/7/15,19:54:10,19.4,83.0,23.8,95.0,21.5,81.3,1021,0
2026/7/15,19:54:15,19.4,83.0,24.0,95.0,21.5,81.3,1023,0
2026/7/15,19:54:20,19.4,83.0,24.0,95.0,21.5,81.3,1021,0
2026/7/15,19:54:25,19.4,82.0,23.9,95.0,21.5,81.3,1022,0
2026/7/15,19:54:30,19.4,82.0,24.0,95.0,21.5,81.3,1022,0
2026/7/15,19:54:35,19.4,82.0,24.0,95.0,21.5,81.3,1021,0
2026/7/15,19:54:40,19.4,82.0,24.0,95.0,21.5,81.3,1023,0
2026/7/15,19:54:45,19.4,82.0,24.0,95.0,21.5,81.4,1023,0
2026/7/15,19:54:50,19.4,82.0,24.0,95.0,21.5,81.3,1019,0
2026/7/15,19:54:55,19.4,82.0,24.0,95.0,21.5,81.4,1023,0
2026/7/15,19:55:0,19.4,82.0,23.9,95.0,21.5,81.3,1021,0
2026/7/15,19:55:5,19.3,82.0,23.9,95.0,21.5,81.4,1023,0
2026/7/15,19:55:10,19.4,82.0,24.0,95.0,21.5,81.4,1019,0
2026/7/15,19:55:15,19.3,82.0,24.0,95.0,21.5,81.4,1019,0
2026/7/15,19:55:20,19.3,82.0,24.1,95.0,21.5,81.4,1023,0
2026/7/15,19:55:25,19.3,83.0,24.0,95.0,21.5,81.4,1022,0
2026/7/15,19:55:30,19.3,84.0,24.0,95.0,21.5,81.4,1023,0
2026/7/15,19:55:35,19.3,84.0,24.0,95.0,21.5,81.4,1021,0
2026/7/15,19:55:40,19.4,84.0,24.0,95.0,21.4,81.4,1023,0
2026/7/15,19:55:45,19.4,84.0,24.0,95.0,21.5,81.4,1023,0
2026/7/15,19:55:50,19.4,84.0,24.0,95.0,21.4,81.4,1023,0
2026/7/15,19:55:55,19.4,84.0,24.0,95.0,21.4,81.4,1019,0
2026/7/15,19:56:0,19.3,84.0,23.9,95.0,21.4,81.4,1023,0
2026/7/15,19:56:5,19.4,83.0,24.0,95.0,21.5,81.4,1019,0
2026/7/15,19:56:10,19.3,83.0,23.9,95.0,21.4,81.5,1023,0
2026/7/15,19:56:15,19.3,83.0,24.0,95.0,21.4,81.4,1022,0
2026/7/15,19:56:20,19.2,82.0,24.0,95.0,21.4,81.4,1021,0
2026/7/15,19:56:25,19.2,82.0,23.9,95.0,21.4,81.4,1022,0
2026/7/15,19:56:30,19.2,82.0,24.0,95.0,21.4,81.4,1019,0
2026/7/15,19:56:35,19.3,82.0,23.9,95.0,21.4,81.4,1019,0
2026/7/15,19:56:40,19.3,82.0,23.9,95.0,21.5,81.4,1021,0
2026/7/15,19:56:45,19.2,82.0,23.9,95.0,21.4,81.4,1019,0
2026/7/15,19:56:50,19.2,82.0,24.0,95.0,21.4,81.4,1023,0
2026/7/15,19:56:55,19.1,83.0,23.9,95.0,21.4,81.4,1023,0
2026/7/15,19:57:0,19.3,83.0,24.0,95.0,21.4,81.5,1021,0
2026/7/15,19:57:5,19.2,83.0,23.9,95.0,21.4,81.5,1021,0
2026/7/15,19:57:10,19.2,83.0,23.9,95.0,21.4,81.5,1023,0
2026/7/15,19:57:15,19.2,83.0,23.9,95.0,21.4,81.5,1021,0
2026/7/15,19:57:20,19.3,83.0,24.0,95.0,21.4,81.5,1021,0
2026/7/15,19:57:25,19.3,84.0,23.9,95.0,21.4,81.5,1023,0
2026/7/15,19:57:30,19.2,85.0,23.9,95.0,21.4,81.6,1019,0
2026/7/15,19:57:35,19.2,85.0,23.9,95.0,21.4,81.6,1022,0
2026/7/15,19:57:40,19.2,85.0,24.0,95.0,21.4,81.6,1022,0
2026/7/15,19:57:45,19.2,85.0,23.9,95.0,21.4,81.6,1021,0
2026/7/15,19:57:50,19.2,84.0,23.6,95.0,21.4,81.6,1023,0
2026/7/15,19:57:55,19.2,84.0,23.9,95.0,21.4,81.7,1022,0
2026/7/15,19:58:0,19.2,84.0,23.8,95.0,21.4,81.6,1022,0
2026/7/15,19:58:5,19.2,84.0,24.0,95.0,21.4,81.6,1022,0
2026/7/15,19:58:10,19.4,84.0,23.9,95.0,21.4,81.7,1022,0
2026/7/15,19:58:15,19.3,84.0,23.9,95.0,21.4,81.7,1023,0
2026/7/15,19:58:20,19.1,84.0,23.9,95.0,21.4,81.7,1019,0
2026/7/15,19:58:25,19.2,84.0,24.0,95.0,21.4,81.7,1021,0
2026/7/15,19:58:30,19.3,84.0,24.0,95.0,21.4,81.7,1023,0
2026/7/15,19:58:35,19.2,85.0,24.0,95.0,21.4,81.7,1023,0
2026/7/15,19:58:40,19.3,85.0,23.6,95.0,21.4,81.7,1023,0
2026/7/15,19:58:45,19.3,86.0,23.9,95.0,21.4,81.8,1019,0
2026/7/15,19:58:50,19.3,86.0,23.6,95.0,21.4,81.9,1022,0
2026/7/15,19:58:55,19.4,86.0,24.2,95.0,21.4,81.9,1019,0
2026/7/15,19:59:0,19.4,86.0,23.9,95.0,21.4,82.0,1021,0
2026/7/15,19:59:5,19.4,85.0,23.7,95.0,21.4,81.9,1019,0
2026/7/15,19:59:10,19.2,85.0,23.7,95.0,21.4,81.9,1022,0
2026/7/15,19:59:15,19.4,85.0,23.9,95.0,21.4,82.0,1021,0
2026/7/15,19:59:20,19.3,85.0,23.6,95.0,21.4,82.0,1022,0
2026/7/15,19:59:25,19.2,85.0,23.6,95.0,21.4,82.0,1021,0
2026/7/15,19:59:30,19.4,85.0,24.0,95.0,21.4,82.0,1021,0
2026/7/15,19:59:35,19.3,84.0,23.8,95.0,21.4,82.0,1023,0
2026/7/15,19:59:40,19.5,84.0,23.6,95.0,21.4,82.0,1023,0
2026/7/15,19:59:45,19.2,84.0,23.6,95.0,21.4,82.1,1023,0
2026/7/15,19:59:50,19.2,84.0,23.8,95.0,21.4,82.1,1019,0
2026/7/15,19:59:55,19.3,84.0,23.8,95.0,21.4,82.1,1019,0
2026/7/15,20:0:0,19.4,84.0,23.8,95.0,21.4,82.1,1022,0
2026/7/15,20:0:5,19.4,84.0,23.8,95.0,21.4,82.1,1019,0
2026/7/15,20:0:10,19.4,84.0,23.8,95.0,21.4,82.1,1023,0
2026/7/15,20:0:15,19.3,84.0,23.9,95.0,21.4,82.1,1022,0
2026/7/15,20:0:20,19.2,84.0,23.8,95.0,21.4,82.1,1019,0
2026/7/15,20:0:25,19.3,84.0,24.0,95.0,21.4,82.1,1023,0
2026/7/15,20:0:30,19.2,84.0,23.9,95.0,21.4,82.1,1019,0
2026/7/15,20:0:35,19.3,84.0,24.0,95.0,21.4,82.1,1023,0
2026/7/15,20:0:40,19.5,84.0,23.6,95.0,21.4,82.1,1023,0
2026/7/15,20:0:45,19.4,84.0,23.8,95.0,21.4,82.1,1023,0
2026/7/15,20:0:50,19.4,84.0,23.9,95.0,21.4,82.1,1019,0
2026/7/15,20:0:55,19.3,84.0,23.9,95.0,21.4,82.1,1022,0
2026/7/15,20:1:0,19.3,84.0,24.0,95.0,21.4,82.1,1023,0
2026/7/15,20:1:5,19.3,84.0,24.1,95.0,21.4,82.1,1023,0
2026/7/15,20:1:10,19.4,84.0,23.8,95.0,21.4,82.2,1022,0
2026/7/15,20:1:15,19.3,85.0,23.9,95.0,21.5,82.1,1023,0
2026/7/15,20:1:20,19.4,85.0,23.6,95.0,21.4,82.2,1021,0
2026/7/15,20:1:25,19.4,85.0,24.0,95.0,21.5,82.1,1021,0
2026/7/15,20:1:30,19.4,85.0,23.8,95.0,21.4,82.1,1019,0
2026/7/15,20:1:35,19.3,85.0,23.8,95.0,21.4,82.1,1019,0
2026/7/15,20:1:40,19.3,85.0,23.9,95.0,21.5,82.2,1023,0
2026/7/15,20:1:45,19.4,85.0,23.8,95.0,21.4,82.1,1019,0
2026/7/15,20:1:50,19.4,85.0,23.8,95.0,21.4,82.2,1019,0
2026/7/15,20:1:55,19.4,84.0,23.9,95.0,21.5,82.2,1023,0
2026/7/15,20:2:0,19.4,85.0,23.7,95.0,21.4,82.2,1019,0
2026/7/15,20:2:5,19.4,85.0,24.0,95.0,21.4,82.2,1023,0
2026/7/15,20:2:10,19.4,84.0,23.9,95.0,21.5,82.2,1022,0
2026/7/15,20:2:15,19.3,84.0,23.9,95.0,21.4,82.3,1023,0
2026/7/15,20:2:20,19.3,84.0,23.9,95.0,21.4,82.3,1022,0
2026/7/15,20:2:25,19.3,84.0,23.9,95.0,21.4,82.2,1023,0
2026/7/15,20:2:30,19.4,84.0,23.9,95.0,21.5,82.3,1023,0
2026/7/15,20:2:35,19.4,84.0,23.9,95.0,21.4,82.3,1022,0
2026/7/15,20:2:40,19.4,85.0,23.9,95.0,21.5,82.3,1023,0
2026/7/15,20:2:45,19.3,85.0,24.1,95.0,21.5,82.3,1023,0
2026/7/15,20:2:50,19.4,85.0,24.1,95.0,21.5,82.3,1023,0
2026/7/15,20:2:55,19.4,84.0,23.9,95.0,21.4,82.3,1022,0
2026/7/15,20:3:0,19.3,84.0,24.1,95.0,21.4,82.3,1022,0
2026/7/15,20:3:5,19.4,83.0,23.8,95.0,21.4,82.2,1023,0
2026/7/15,20:3:10,19.4,83.0,24.1,95.0,21.5,82.2,1023,0
2026/7/15,20:3:15,19.3,83.0,23.9,95.0,21.4,82.2,1023,0
2026/7/15,20:3:20,19.5,84.0,24.0,95.0,21.4,82.2,1022,0
2026/7/15,20:3:25,19.4,84.0,23.6,95.0,21.4,82.2,1023,0
2026/7/15,20:3:30,19.4,84.0,23.6,95.0,21.5,82.3,1023,0
2026/7/15,20:3:35,19.4,84.0,23.6,95.0,21.5,82.3,1023,0
2026/7/15,20:3:40,19.3,84.0,23.9,95.0,21.5,82.2,1023,0
2026/7/15,20:3:45,19.4,84.0,23.9,95.0,21.4,82.2,1023,0
2026/7/15,20:3:51,19.3,84.0,24.0,95.0,21.4,82.2,1023,0
2026/7/15,20:3:56,19.4,84.0,23.6,95.0,21.4,82.3,1022,0
2026/7/15,20:4:1,19.4,84.0,23.8,95.0,21.4,82.2,1021,0
2026/7/15,20:4:6,19.4,84.0,24.1,95.0,21.4,82.2,1023,0
2026/7/15,20:4:11,19.2,84.0,23.8,95.0,21.4,82.2,1023,0
2026/7/15,20:4:16,19.3,83.0,23.6,95.0,21.4,82.2,1022,0
2026/7/15,20:4:21,19.3,83.0,23.6,95.0,21.4,82.2,1019,0
2026/7/15,20:4:26,19.3,84.0,23.8,95.0,21.4,82.2,1021,0
2026/7/15,20:4:31,19.4,84.0,24.0,95.0,21.4,82.2,1023,0
2026/7/15,20:4:36,19.4,84.0,23.8,95.0,21.4,82.1,1022,0
2026/7/15,20:4:41,19.4,84.0,23.6,95.0,21.4,82.1,1023,0
2026/7/15,20:4:46,19.3,84.0,23.9,95.0,21.4,82.2,1021,0
2026/7/15,20:4:51,19.4,84.0,23.9,95.0,21.4,82.2,1019,0
2026/7/15,20:4:56,19.2,84.0,24.0,95.0,21.4,82.2,1022,0
2026/7/15,20:5:1,19.3,84.0,23.9,95.0,21.4,82.2,1021,0
2026/7/15,20:5:6,19.3,84.0,23.8,95.0,21.4,82.2,1019,0
2026/7/15,20:5:11,19.4,84.0,24.0,95.0,21.4,82.2,1019,0
2026/7/15,20:5:16,19.3,84.0,24.0,95.0,21.4,82.2,1021,0
2026/7/15,20:5:21,19.3,84.0,23.9,95.0,21.4,82.2,1021,0
2026/7/15,20:5:26,19.3,84.0,23.8,95.0,21.4,82.2,1022,0
2026/7/15,20:5:31,19.2,84.0,24.0,95.0,21.4,82.2,1023,0
2026/7/15,20:5:36,19.2,85.0,23.9,95.0,21.4,82.2,1022,0
2026/7/15,20:5:41,19.2,85.0,23.8,95.0,21.4,82.2,1019,0
2026/7/15,20:5:46,19.2,85.0,24.2,95.0,21.4,82.2,1022,0
2026/7/15,20:5:51,19.3,85.0,23.9,95.0,21.4,82.2,1022,0
2026/7/15,20:5:56,19.2,85.0,23.9,95.0,21.4,82.2,1019,0
2026/7/15,20:6:1,19.2,85.0,23.6,95.0,21.4,82.2,1019,0
2026/7/15,20:6:6,19.3,84.0,23.6,95.0,21.4,82.3,1019,0
2026/7/15,20:6:11,19.1,84.0,23.6,95.0,21.4,82.2,1023,0
2026/7/15,20:6:16,19.3,84.0,23.8,95.0,21.4,82.2,1021,0
2026/7/15,20:6:21,19.3,84.0,23.8,95.0,21.4,82.2,1021,0
2026/7/15,20:6:26,19.2,84.0,23.9,95.0,21.4,82.3,1019,0
2026/7/15,20:6:31,19.2,83.0,23.9,95.0,21.4,82.2,1023,0
2026/7/15,20:6:36,19.3,83.0,23.8,95.0,21.4,82.2,1023,0
2026/7/15,20:6:41,19.3,83.0,24.0,95.0,21.4,82.2,1021,0
2026/7/15,20:6:46,19.2,83.0,23.9,95.0,21.4,82.2,1019,0
2026/7/15,20:6:51,19.3,83.0,23.8,95.0,21.4,82.2,1023,0
2026/7/15,20:6:56,19.3,83.0,23.8,95.0,21.4,82.2,1019,0
2026/7/15,20:7:1,19.2,83.0,23.9,95.0,21.4,82.2,1023,0
2026/7/15,20:7:6,19.1,84.0,23.9,95.0,21.4,82.3,1023,0
2026/7/15,20:7:11,19.3,84.0,23.8,95.0,21.4,82.2,1023,0
2026/7/15,20:7:16,19.3,84.0,23.9,95.0,21.4,82.2,1021,0
2026/7/15,20:7:21,19.2,84.0,23.9,95.0,21.4,82.2,1021,0
2026/7/15,20:7:26,19.2,83.0,23.8,95.0,21.4,82.3,1021,0
2026/7/15,20:7:31,19.2,83.0,24.0,95.0,21.4,82.3,1022,0
2026/7/15,20:7:36,19.2,83.0,23.8,95.0,21.4,82.3,1021,0
2026/7/15,20:7:41,19.2,83.0,23.9,95.0,21.4,82.3,1022,0
2026/7/15,20:7:46,19.2,83.0,23.8,95.0,21.4,82.3,1022,0
2026/7/15,20:7:51,19.2,84.0,24.0,95.0,21.4,82.3,1023,0
2026/7/15,20:7:56,19.3,84.0,23.9,95.0,21.4,82.3,1021,0
2026/7/15,20:8:1,19.2,84.0,23.9,95.0,21.4,82.3,1019,0
2026/7/15,20:8:6,19.2,84.0,24.0,95.0,21.4,82.3,1023,0
2026/7/15,20:8:11,19.3,84.0,24.0,95.0,21.4,82.3,1022,0
2026/7/15,20:8:16,19.1,84.0,23.9,95.0,21.4,82.4,1023,0
2026/7/15,20:8:21,19.3,84.0,23.8,95.0,21.4,82.4,1022,0
2026/7/15,20:8:26,19.2,84.0,23.9,95.0,21.4,82.4,1023,0
2026/7/15,20:8:31,19.2,83.0,23.9,95.0,21.4,82.4,1019,0
2026/7/15,20:8:36,19.3,83.0,23.8,95.0,21.4,82.4,1019,0
2026/7/15,20:8:41,19.3,83.0,23.8,95.0,21.4,82.4,1021,0
2026/7/15,20:8:46,19.3,83.0,23.8,95.0,21.4,82.4,1023,0
2026/7/15,20:8:51,19.2,83.0,23.8,95.0,21.4,82.4,1022,0
2026/7/15,20:8:56,19.3,84.0,23.8,95.0,21.4,82.4,1021,0
2026/7/15,20:9:1,19.2,84.0,24.0,95.0,21.4,82.4,1023,0
2026/7/15,20:9:6,19.2,84.0,23.9,95.0,21.4,82.4,1021,0
2026/7/15,20:9:11,19.4,83.0,24.0,95.0,21.4,82.4,1022,0
2026/7/15,20:9:16,19.2,83.0,23.9,95.0,21.4,82.4,1022,0
2026/7/15,20:9:21,19.2,84.0,23.7,95.0,21.4,82.4,1023,0
2026/7/15,20:9:26,19.2,83.0,23.9,95.0,21.4,82.4,1022,0
2026/7/15,20:9:31,19.2,84.0,23.9,95.0,21.4,82.4,1022,0
2026/7/15,20:9:36,19.2,84.0,24.0,95.0,21.4,82.3,1021,0
2026/7/15,20:9:41,19.3,83.0,23.8,95.0,21.4,82.3,1022,0
2026/7/15,20:9:46,19.2,83.0,24.0,95.0,21.4,82.4,1023,0
2026/7/15,20:9:51,19.1,83.0,24.0,95.0,21.4,82.3,1023,0
2026/7/15,20:9:56,19.3,83.0,23.8,95.0,21.4,82.3,1021,0
2026/7/15,20:10:1,19.2,84.0,24.0,95.0,21.4,82.4,1019,0
2026/7/15,20:10:6,19.3,84.0,23.8,95.0,21.4,82.3,1022,0
2026/7/15,20:10:11,19.2,84.0,23.8,95.0,21.4,82.3,1022,0
2026/7/15,20:10:16,19.2,83.0,23.8,95.0,21.4,82.3,1023,0
2026/7/15,20:10:21,19.2,83.0,23.9,95.0,21.4,82.3,1022,0
2026/7/15,20:10:26,19.2,83.0,23.9,95.0,21.4,82.3,1022,0
2026/7/15,20:10:31,19.3,83.0,23.8,95.0,21.4,82.4,1023,0
2026/7/15,20:10:36,19.1,83.0,23.8,95.0,21.4,82.4,1019,0
2026/7/15,20:10:41,19.2,83.0,24.0,95.0,21.4,82.3,1023,0
2026/7/15,20:10:46,19.2,83.0,23.8,95.0,21.4,82.4,1021,0
2026/7/15,20:10:51,19.2,83.0,23.8,95.0,21.3,82.4,1021,0
2026/7/15,20:10:56,19.2,83.0,23.9,95.0,21.4,82.4,1019,0
2026/7/15,20:11:1,19.2,83.0,23.7,95.0,21.3,82.4,1022,0
2026/7/15,20:11:6,19.2,83.0,23.8,95.0,21.4,82.4,1021,0
2026/7/15,20:11:11,19.2,84.0,23.9,95.0,21.4,82.4,1021,0
2026/7/15,20:11:16,19.1,84.0,24.0,95.0,21.3,82.4,1019,0
2026/7/15,20:11:21,19.2,84.0,23.8,95.0,21.4,82.4,1019,0
2026/7/15,20:11:26,19.1,85.0,24.0,95.0,21.4,82.4,1023,0
2026/7/15,20:11:31,19.1,84.0,23.6,95.0,21.4,82.4,1023,0
2026/7/15,20:11:36,19.2,84.0,23.8,95.0,21.4,82.4,1021,0
2026/7/15,20:11:41,19.2,84.0,23.9,95.0,21.4,82.4,1019,0
2026/7/15,20:11:46,19.2,84.0,23.8,95.0,21.3,82.4,1021,0
2026/7/15,20:11:51,19.2,85.0,24.0,95.0,21.4,82.5,1019,0
2026/7/15,20:11:56,19.2,85.0,23.7,95.0,21.4,82.5,1023,0
2026/7/15,20:12:1,19.2,85.0,23.8,95.0,21.4,82.5,1021,0
2026/7/15,20:12:6,19.2,86.0,24.0,95.0,21.4,82.5,1022,0
2026/7/15,20:12:11,19.2,86.0,23.9,95.0,21.4,82.6,1023,0
2026/7/15,20:12:16,19.2,86.0,23.9,95.0,21.4,82.6,1019,0
2026/7/15,20:12:21,19.2,85.0,23.8,95.0,21.3,82.5,1019,0
2026/7/15,20:12:26,19.2,85.0,23.7,95.0,21.4,82.5,1023,0
2026/7/15,20:12:31,19.2,85.0,23.8,95.0,21.4,82.5,1021,0
2026/7/15,20:12:36,19.2,84.0,23.7,95.0,21.4,82.5,1019,0
2026/7/15,20:12:41,19.2,84.0,23.8,95.0,21.4,82.5,1023,0
2026/7/15,20:12:46,19.3,84.0,23.8,95.0,21.4,82.5,1023,0
2026/7/15,20:12:51,19.3,85.0,23.9,95.0,21.4,82.5,1021,0
2026/7/15,20:12:56,19.2,85.0,24.0,95.0,21.4,82.5,1021,0
2026/7/15,20:13:1,19.2,85.0,23.8,95.0,21.3,82.5,1023,0
2026/7/15,20:13:6,19.3,85.0,23.9,95.0,21.4,82.5,1021,0
2026/7/15,20:13:11,19.2,85.0,23.9,95.0,21.4,82.5,1021,0
2026/7/15,20:13:16,19.3,85.0,23.9,95.0,21.4,82.5,1022,0
2026/7/15,20:13:21,19.3,85.0,23.8,95.0,21.4,82.6,1019,0
2026/7/15,20:13:26,19.2,85.0,23.8,95.0,21.3,82.5,1019,0
2026/7/15,20:13:31,19.2,85.0,23.8,95.0,21.3,82.5,1023,0
2026/7/15,20:13:36,19.2,85.0,23.8,95.0,21.3,82.5,1022,0
2026/7/15,20:13:41,19.3,85.0,23.8,95.0,21.3,82.6,1023,0
2026/7/15,20:13:46,19.2,84.0,23.8,95.0,21.4,82.6,1021,0
2026/7/15,20:13:51,19.3,84.0,24.0,95.0,21.3,82.6,1023,0
2026/7/15,20:13:56,19.2,84.0,24.0,95.0,21.4,82.6,1019,0
2026/7/15,20:14:1,19.2,85.0,23.8,95.0,21.3,82.6,1023,0
2026/7/15,20:14:6,19.2,85.0,23.8,95.0,21.3,82.6,1022,0
2026/7/15,20:14:11,19.2,85.0,23.7,95.0,21.3,82.6,1023,0
2026/7/15,20:14:16,19.2,85.0,23.8,95.0,21.4,82.6,1023,0
2026/7/15,20:14:21,19.3,85.0,23.6,95.0,21.3,82.6,1023,0
2026/7/15,20:14:26,19.3,85.0,23.7,95.0,21.3,82.6,1021,0
2026/7/15,20:14:31,19.1,85.0,23.6,95.0,21.4,82.7,1023,0
2026/7/15,20:14:36,19.3,85.0,23.9,95.0,21.4,82.7,1019,0
2026/7/15,20:14:42,19.2,85.0,23.9,95.0,21.4,82.7,1022,0
2026/7/15,20:14:47,19.2,85.0,24.0,95.0,21.4,82.6,1022,0
2026/7/15,20:14:52,19.3,84.0,23.9,95.0,21.3,82.7,1023,0
2026/7/15,20:14:57,19.1,84.0,24.0,95.0,21.4,82.6,1023,0
2026/7/15,20:15:2,19.2,84.0,24.0,95.0,21.3,82.7,1023,0
2026/7/15,20:15:7,19.3,84.0,23.8,95.0,21.3,82.6,1021,0
2026/7/15,20:15:12,19.2,85.0,23.9,95.0,21.4,82.6,1019,0
2026/7/15,20:15:17,19.3,85.0,24.1,95.0,21.4,82.6,1022,0
2026/7/15,20:15:22,19.3,85.0,24.0,95.0,21.4,82.6,1023,0
2026/7/15,20:15:27,19.3,85.0,24.0,95.0,21.4,82.6,1023,0
2026/7/15,20:15:32,19.2,85.0,23.8,95.0,21.4,82.7,1022,0
2026/7/15,20:15:37,19.1,85.0,23.9,95.0,21.4,82.7,1019,0
2026/7/15,20:15:42,19.1,84.0,23.8,95.0,21.4,82.7,1021,0
2026/7/15,20:15:47,19.3,84.0,23.8,95.0,21.4,82.7,1019,0
2026/7/15,20:15:52,19.4,85.0,24.0,95.0,21.3,82.7,1023,0
2026/7/15,20:15:57,19.2,85.0,23.9,95.0,21.4,82.7,1022,0
2026/7/15,20:16:2,19.4,85.0,23.8,95.0,21.4,82.7,1019,0
2026/7/15,20:16:7,19.2,85.0,23.6,95.0,21.4,82.7,1021,0
2026/7/15,20:16:12,19.3,85.0,23.8,95.0,21.3,82.7,1023,0
2026/7/15,20:16:17,19.3,85.0,23.8,95.0,21.3,82.7,1023,0
2026/7/15,20:16:22,19.2,85.0,23.9,95.0,21.3,82.7,1023,0
2026/7/15,20:16:27,19.3,84.0,24.0,95.0,21.3,82.7,1023,0
2026/7/15,20:16:32,19.3,84.0,23.9,95.0,21.4,82.7,1023,0
2026/7/15,20:16:37,19.4,84.0,23.7,95.0,21.4,82.7,1022,0
2026/7/15,20:16:42,19.1,85.0,23.6,95.0,21.3,82.7,1023,0
2026/7/15,20:16:47,19.2,85.0,24.0,95.0,21.3,82.7,1021,0
2026/7/15,20:16:52,19.1,85.0,23.8,95.0,21.4,82.7,1023,0
2026/7/15,20:16:57,19.3,85.0,23.8,95.0,21.4,82.7,1023,0
2026/7/15,20:17:2,19.4,85.0,23.9,95.0,21.3,82.7,1021,0
2026/7/15,20:17:7,19.2,85.0,23.7,95.0,21.3,82.7,1022,0
2026/7/15,20:17:12,19.1,85.0,23.6,95.0,21.4,82.7,1019,0
2026/7/15,20:17:17,19.3,85.0,23.9,95.0,21.3,82.7,1019,0
2026/7/15,20:17:22,19.2,85.0,23.7,95.0,21.4,82.8,1023,0
2026/7/15,20:17:27,19.2,86.0,23.6,95.0,21.3,82.8,1023,0
2026/7/15,20:17:32,19.2,86.0,23.7,95.0,21.3,82.8,1021,0
2026/7/15,20:17:37,19.1,86.0,23.6,95.0,21.4,82.8,1023,0
2026/7/15,20:17:42,19.2,86.0,23.8,95.0,21.4,82.8,1023,0
2026/7/15,20:17:47,19.3,86.0,23.6,95.0,21.4,82.9,1019,0
2026/7/15,20:17:52,19.3,86.0,23.8,95.0,21.4,82.9,1022,0
2026/7/15,20:17:57,19.3,86.0,23.8,95.0,21.3,82.9,1023,0
2026/7/15,20:18:2,19.3,86.0,23.8,95.0,21.4,82.9,1019,0
2026/7/15,20:18:7,19.2,86.0,24.1,95.0,21.4,83.0,1023,0
2026/7/15,20:18:12,19.4,86.0,24.0,95.0,21.4,83.0,1023,0
2026/7/15,20:18:17,19.4,86.0,24.1,95.0,21.4,83.0,1023,0
2026/7/15,20:18:22,19.4,86.0,23.6,95.0,21.4,83.0,1019,0
2026/7/15,20:18:27,19.4,85.0,24.0,95.0,21.4,83.0,1021,0
2026/7/15,20:18:32,19.4,85.0,23.6,95.0,21.4,83.0,1023,0
2026/7/15,20:18:37,19.4,85.0,24.1,95.0,21.3,83.0,1023,0
2026/7/15,20:18:42,19.3,85.0,23.5,95.0,21.4,83.1,1021,0
2026/7/15,20:18:47,19.3,85.0,23.8,95.0,21.4,83.1,1023,0
2026/7/15,20:18:52,19.2,85.0,24.0,95.0,21.4,83.1,1023,0
2026/7/15,20:18:57,19.2,85.0,23.8,95.0,21.4,83.1,1023,0
2026/7/15,20:19:2,19.2,85.0,23.8,95.0,21.4,83.2,1023,0
2026/7/15,20:19:7,19.3,86.0,23.8,95.0,21.4,83.2,1023,0
2026/7/15,20:19:12,19.4,86.0,23.8,95.0,21.3,83.2,1019,0
2026/7/15,20:19:17,19.4,87.0,23.9,95.0,21.4,83.2,1019,0
2026/7/15,20:19:22,19.2,87.0,23.7,95.0,21.4,83.2,1022,0
2026/7/15,20:19:27,19.3,87.0,23.9,95.0,21.4,83.2,1019,0
2026/7/15,20:19:32,19.3,87.0,23.7,95.0,21.4,83.3,1023,0
2026/7/15,20:19:37,19.4,87.0,23.5,95.0,21.4,83.3,1019,0
2026/7/15,20:19:42,19.3,87.0,23.5,95.0,21.4,83.3,1022,0
2026/7/15,20:19:47,19.2,87.0,23.7,95.0,21.4,83.3,1021,0
2026/7/15,20:19:52,19.3,87.0,24.1,95.0,21.4,83.4,1022,0
2026/7/15,20:19:57,19.4,87.0,24.1,95.0,21.4,83.4,1023,0
2026/7/15,20:20:2,19.3,87.0,23.6,95.0,21.4,83.5,1019,0
2026/7/15,20:20:7,19.4,87.0,24.1,95.0,21.4,83.4,1023,0
2026/7/15,20:20:12,19.3,87.0,23.6,95.0,21.4,83.4,1023,0
2026/7/15,20:20:17,19.4,87.0,23.8,95.0,21.4,83.4,1023,0
2026/7/15,20:20:22,19.3,87.0,23.6,95.0,21.4,83.4,1023,0
2026/7/15,20:20:27,19.4,87.0,23.9,95.0,21.4,83.4,1021,0
2026/7/15,20:20:32,19.4,87.0,23.6,95.0,21.3,83.4,1021,0
2026/7/15,20:20:37,19.2,87.0,23.6,95.0,21.4,83.4,1023,0
2026/7/15,20:20:42,19.4,86.0,23.7,95.0,21.3,83.4,1023,0
2026/7/15,20:20:47,19.4,86.0,23.6,95.0,21.3,83.3,1023,0
2026/7/15,20:20:52,19.4,86.0,23.6,95.0,21.3,83.4,1023,0
2026/7/15,20:20:57,19.3,86.0,23.6,95.0,21.3,83.3,1019,0
2026/7/15,20:21:2,19.4,86.0,24.1,95.0,21.4,83.3,1022,0
2026/7/15,20:21:7,19.3,86.0,23.8,95.0,21.4,83.4,1023,0
2026/7/15,20:21:12,19.4,87.0,23.5,95.0,21.4,83.4,1022,0
2026/7/15,20:21:17,19.3,87.0,24.1,95.0,21.3,83.4,1019,0
2026/7/15,20:21:22,19.4,87.0,24.1,95.0,21.3,83.4,1023,0
2026/7/15,20:21:27,19.4,87.0,23.6,95.0,21.3,83.4,1019,0
2026/7/15,20:21:32,19.4,87.0,24.0,95.0,21.4,83.4,1022,0
2026/7/15,20:21:37,19.4,86.0,23.6,95.0,21.4,83.5,1021,0
2026/7/15,20:21:42,19.4,86.0,23.8,95.0,21.3,83.5,1019,0
2026/7/15,20:21:47,19.5,86.0,23.7,95.0,21.4,83.4,1019,0
2026/7/15,20:21:52,19.4,87.0,23.6,95.0,21.4,83.5,1021,0
2026/7/15,20:21:57,19.4,86.0,24.1,95.0,21.3,83.4,1023,0
2026/7/15,20:22:2,19.3,86.0,24.1,95.0,21.3,83.4,1021,0
2026/7/15,20:22:7,19.4,86.0,23.6,95.0,21.3,83.5,1021,0
2026/7/15,20:22:12,19.4,87.0,23.9,95.0,21.3,83.5,1023,0
2026/7/15,20:22:17,19.3,87.0,23.6,95.0,21.3,83.5,1022,0
2026/7/15,20:22:22,19.4,87.0,23.6,95.0,21.3,83.5,1019,0
2026/7/15,20:22:27,19.4,86.0,23.6,95.0,21.3,83.5,1021,0
2026/7/15,20:22:32,19.4,86.0,23.8,95.0,21.3,83.5,1022,0
2026/7/15,20:22:37,19.4,86.0,24.0,95.0,21.3,83.5,1023,0
2026/7/15,20:22:42,19.5,86.0,23.6,95.0,21.4,83.5,1023,0
2026/7/15,20:22:47,19.4,86.0,24.1,95.0,21.3,83.5,1022,0
2026/7/15,20:22:52,19.3,86.0,24.1,95.0,21.3,83.5,1023,0
2026/7/15,20:22:57,19.4,86.0,23.5,95.0,21.3,83.5,1023,0
2026/7/15,20:23:2,19.4,86.0,23.6,95.0,21.3,83.5,1023,0
2026/7/15,20:23:7,19.4,85.0,23.6,95.0,21.3,83.5,1023,0
2026/7/15,20:23:12,19.3,85.0,24.1,95.0,21.3,83.5,1023,0
2026/7/15,20:23:17,19.4,85.0,23.6,95.0,21.3,83.5,1023,0
2026/7/15,20:23:22,19.4,86.0,23.6,95.0,21.4,83.5,1023,0
2026/7/15,20:23:27,19.4,86.0,23.6,95.0,21.3,83.6,1022,0
2026/7/15,20:23:32,19.4,86.0,23.8,95.0,21.3,83.6,1021,0
2026/7/15,20:23:37,19.4,85.0,24.1,95.0,21.4,83.6,1023,0
2026/7/15,20:23:42,19.4,86.0,23.6,95.0,21.4,83.5,1021,0
2026/7/15,20:23:47,19.4,86.0,23.6,95.0,21.4,83.5,1023,0
2026/7/15,20:23:52,19.4,86.0,23.8,95.0,21.4,83.5,1022,0
2026/7/15,20:23:57,19.4,86.0,23.5,95.0,21.3,83.6,1021,0
2026/7/15,20:24:2,19.4,86.0,23.6,95.0,21.3,83.7,1022,0
2026/7/15,20:24:7,19.3,87.0,24.1,95.0,21.4,83.7,1023,0
2026/7/15,20:24:12,19.4,87.0,23.6,95.0,21.3,83.7,1022,0
2026/7/15,20:24:17,19.4,86.0,23.6,95.0,21.3,83.7,1022,0
2026/7/15,20:24:22,19.4,86.0,23.9,95.0,21.4,83.7,1023,0
2026/7/15,20:24:27,19.4,86.0,23.8,95.0,21.4,83.7,1019,0
2026/7/15,20:24:32,19.4,86.0,24.1,95.0,21.3,83.6,1021,0
2026/7/15,20:24:37,19.4,86.0,23.6,95.0,21.3,83.7,1021,0
2026/7/15,20:24:42,19.5,86.0,23.6,95.0,21.3,83.6,1022,0
2026/7/15,20:24:47,19.4,86.0,23.9,95.0,21.3,83.7,1021,0
2026/7/15,20:24:52,19.4,86.0,23.5,95.0,21.3,83.7,1022,0
2026/7/15,20:24:57,19.4,86.0,23.6,95.0,21.3,83.7,1019,0
2026/7/15,20:25:2,19.4,86.0,23.7,95.0,21.3,83.7,1023,0
2026/7/15,20:25:8,19.4,86.0,23.6,95.0,21.3,83.7,1021,0
2026/7/15,20:25:13,19.4,86.0,23.6,95.0,21.3,83.7,1023,0
2026/7/15,20:25:18,19.4,86.0,23.5,95.0,21.3,83.7,1021,0
2026/7/15,20:25:23,19.4,86.0,23.5,95.0,21.3,83.6,1019,0
2026/7/15,20:25:28,19.4,86.0,24.0,95.0,21.3,83.7,1023,0
2026/7/15,20:25:33,19.5,86.0,24.1,95.0,21.3,83.7,1019,0
2026/7/15,20:25:38,19.5,86.0,24.0,95.0,21.3,83.7,1023,0
2026/7/15,20:25:43,19.4,86.0,24.0,95.0,21.3,83.7,1023,0
2026/7/15,20:25:48,19.5,86.0,23.5,95.0,21.3,83.6,1019,0
2026/7/15,20:25:53,19.4,86.0,23.6,95.0,21.3,83.7,1023,0
2026/7/15,20:25:58,19.4,86.0,23.8,95.0,21.3,83.6,1021,0
2026/7/15,20:26:3,19.4,86.0,23.7,95.0,21.3,83.6,1023,0
2026/7/15,20:26:8,19.4,85.0,23.5,95.0,21.3,83.7,1019,0
2026/7/15,20:26:13,19.4,85.0,23.6,95.0,21.3,83.6,1023,0
2026/7/15,20:26:18,19.4,85.0,23.6,95.0,21.3,83.6,1021,0
2026/7/15,20:26:23,19.4,85.0,23.7,95.0,21.3,83.6,1023,0
2026/7/15,20:26:28,19.4,86.0,23.5,95.0,21.3,83.6,1022,0
2026/7/15,20:26:33,19.4,86.0,24.1,95.0,21.3,83.6,1023,0
2026/7/15,20:26:38,19.4,85.0,23.6,95.0,21.3,83.6,1023,0
2026/7/15,20:26:43,19.4,86.0,24.1,95.0,21.3,83.6,1022,0
2026/7/15,20:26:48,19.5,85.0,23.5,95.0,21.3,83.6,1021,0
2026/7/15,20:26:53,19.4,85.0,24.0,95.0,21.3,83.6,1019,0
2026/7/15,20:26:58,19.4,86.0,23.8,95.0,21.3,83.6,1022,0
2026/7/15,20:27:3,19.4,85.0,24.1,95.0,21.3,83.6,1023,0
2026/7/15,20:27:8,19.4,86.0,23.7,95.0,21.3,83.6,1021,0
2026/7/15,20:27:13,19.4,85.0,23.5,95.0,21.3,83.6,1021,0
2026/7/15,20:27:18,19.4,85.0,24.1,95.0,21.3,83.6,1019,0
2026/7/15,20:27:23,19.5,85.0,23.5,95.0,21.3,83.6,1023,0
2026/7/15,20:27:28,19.4,85.0,23.6,95.0,21.3,83.6,1021,0
2026/7/15,20:27:33,19.5,85.0,24.1,95.0,21.3,83.6,1021,0
2026/7/15,20:27:38,19.2,85.0,24.1,95.0,21.3,83.6,1023,0
2026/7/15,20:27:43,19.5,85.0,23.7,95.0,21.3,83.6,1021,0
2026/7/15,20:27:48,19.4,85.0,24.1,95.0,21.3,83.6,1019,0
2026/7/15,20:27:53,19.4,85.0,24.1,95.0,21.3,83.6,1023,0
2026/7/15,20:27:58,19.4,86.0,24.1,95.0,21.3,83.6,1021,0
2026/7/15,20:28:3,19.5,86.0,23.6,95.0,21.3,83.7,1022,0
2026/7/15,20:28:8,19.4,86.0,23.8,95.0,21.3,83.6,1023,0
2026/7/15,20:28:13,19.4,86.0,24.1,95.0,21.3,83.7,1023,0
2026/7/15,20:28:18,19.5,86.0,23.8,95.0,21.3,83.7,1021,0
2026/7/15,20:28:23,19.4,86.0,23.6,95.0,21.3,83.6,1019,0
2026/7/15,20:28:28,19.5,86.0,23.6,95.0,21.4,83.6,1022,0
2026/7/15,20:28:33,19.4,86.0,23.6,95.0,21.3,83.6,1022,0
2026/7/15,20:28:38,19.4,86.0,23.6,95.0,21.4,83.6,1022,0
2026/7/15,20:28:43,19.3,86.0,24.1,95.0,21.3,83.6,1023,0
2026/7/15,20:28:48,19.4,86.0,24.1,95.0,21.3,83.7,1019,0
2026/7/15,20:28:53,19.5,86.0,24.1,95.0,21.4,83.7,1023,0
2026/7/15,20:28:58,19.4,86.0,23.7,95.0,21.3,83.7,1023,0
2026/7/15,20:29:3,19.4,86.0,23.5,95.0,21.4,83.7,1023,0
2026/7/15,20:29:8,19.5,86.0,23.6,95.0,21.3,83.6,1019,0
2026/7/15,20:29:13,19.4,85.0,23.5,95.0,21.3,83.7,1021,0
2026/7/15,20:29:18,19.4,85.0,24.1,95.0,21.4,83.7,1019,0
2026/7/15,20:29:23,19.4,85.0,23.6,95.0,21.4,83.7,1023,0
2026/7/15,20:29:28,19.5,85.0,23.5,95.0,21.4,83.7,1019,0
2026/7/15,20:29:33,19.4,85.0,23.9,95.0,21.4,83.7,1022,0
2026/7/15,20:29:38,19.5,85.0,24.1,95.0,21.3,83.7,1023,0
2026/7/15,20:29:43,19.4,85.0,24.0,95.0,21.4,83.7,1022,0
2026/7/15,20:29:48,19.5,85.0,24.1,95.0,21.4,83.7,1022,0
2026/7/15,20:29:53,19.5,85.0,23.6,95.0,21.4,83.6,1021,0
2026/7/15,20:29:58,19.4,85.0,23.7,95.0,21.3,83.7,1019,0
2026/7/15,20:30:3,19.4,85.0,24.1,95.0,21.4,83.7,1021,0
2026/7/15,20:30:8,19.4,85.0,23.6,95.0,21.4,83.7,1023,0
2026/7/15,20:30:13,19.4,85.0,23.6,95.0,21.4,83.7,1022,0
2026/7/15,20:30:18,19.4,85.0,23.7,95.0,21.4,83.7,1019,0
2026/7/15,20:30:23,19.5,86.0,23.6,95.0,21.4,83.8,1021,0
2026/7/15,20:30:28,19.4,86.0,23.5,95.0,21.4,83.7,1023,0
2026/7/15,20:30:33,19.5,86.0,24.1,95.0,21.4,83.7,1022,0
2026/7/15,20:30:38,19.5,86.0,23.7,95.0,21.4,83.8,1023,0
2026/7/15,20:30:43,19.5,86.0,23.6,95.0,21.4,83.8,1023,0
2026/7/15,20:30:48,19.5,86.0,24.0,95.0,21.4,83.7,1019,0
2026/7/15,20:30:53,19.5,86.0,23.6,95.0,21.4,83.8,1021,0
2026/7/15,20:30:58,19.5,86.0,23.6,95.0,21.3,83.8,1023,0
2026/7/15,20:31:3,19.5,86.0,24.0,95.0,21.3,83.7,1022,0
2026/7/15,20:31:8,19.5,86.0,24.1,95.0,21.4,83.8,1019,0
2026/7/15,20:31:13,19.4,86.0,24.1,95.0,21.3,83.8,1022,0
2026/7/15,20:31:18,19.4,86.0,24.1,95.0,21.3,83.8,1021,0
2026/7/15,20:31:23,19.4,86.0,23.5,95.0,21.3,83.8,1023,0
2026/7/15,20:31:28,19.5,86.0,23.9,95.0,21.3,83.8,1023,0
2026/7/15,20:31:33,19.5,86.0,24.1,95.0,21.3,83.8,1023,0
2026/7/15,20:31:38,19.4,85.0,23.5,95.0,21.3,83.8,1021,0
2026/7/15,20:31:43,19.4,85.0,24.1,95.0,21.3,83.7,1021,0
2026/7/15,20:31:48,19.4,85.0,24.1,95.0,21.3,83.7,1019,0
2026/7/15,20:31:53,19.5,85.0,23.6,95.0,21.3,83.7,1023,0
2026/7/15,20:31:58,19.4,85.0,23.6,95.0,21.3,83.7,1022,0
2026/7/15,20:32:3,19.4,85.0,23.5,95.0,21.3,83.7,1023,0
2026/7/15,20:32:8,19.5,85.0,23.6,95.0,21.3,83.7,1022,0
2026/7/15,20:32:13,19.5,85.0,23.6,95.0,21.3,83.7,1022,0
2026/7/15,20:32:18,19.4,85.0,23.5,95.0,21.3,83.7,1021,0
2026/7/15,20:32:23,19.4,85.0,24.1,95.0,21.3,83.7,1023,0
2026/7/15,20:32:28,19.5,85.0,23.6,95.0,21.3,83.6,1019,0
2026/7/15,20:32:33,19.5,84.0,24.1,95.0,21.3,83.7,1021,0
2026/7/15,20:32:38,19.4,85.0,23.6,95.0,21.3,83.6,1021,0
2026/7/15,20:32:43,19.5,85.0,23.6,95.0,21.3,83.7,1021,0
2026/7/15,20:32:48,19.3,85.0,23.9,95.0,21.3,83.7,1019,0
2026/7/15,20:32:53,19.5,86.0,24.0,95.0,21.3,83.8,1023,0
2026/7/15,20:32:58,19.4,86.0,24.1,95.0,21.3,83.8,1023,0
2026/7/15,20:33:3,19.3,86.0,23.9,95.0,21.3,83.8,1019,0
2026/7/15,20:33:8,19.5,86.0,23.5,95.0,21.3,83.8,1023,0
2026/7/15,20:33:13,19.5,86.0,24.0,95.0,21.3,83.8,1023,0
2026/7/15,20:33:18,19.5,86.0,23.5,95.0,21.3,83.8,1023,0
2026/7/15,20:33:23,19.5,86.0,23.7,95.0,21.3,83.7,1021,0
2026/7/15,20:33:28,19.5,86.0,24.0,95.0,21.3,83.8,1021,0
2026/7/15,20:33:33,19.5,86.0,24.0,95.0,21.3,83.7,1022,0
2026/7/15,20:33:38,19.4,85.0,23.6,95.0,21.3,83.7,1022,0
2026/7/15,20:33:43,19.3,85.0,23.6,95.0,21.3,83.7,1023,0
2026/7/15,20:33:48,19.4,85.0,23.9,95.0,21.3,83.7,1022,0
2026/7/15,20:33:53,19.4,85.0,23.6,95.0,21.3,83.7,1022,0
2026/7/15,20:33:58,19.5,86.0,23.6,95.0,21.3,83.7,1021,0
2026/7/15,20:34:3,19.5,86.0,23.6,95.0,21.3,83.7,1023,0
2026/7/15,20:34:8,19.5,86.0,23.9,95.0,21.3,83.7,1021,0
2026/7/15,20:34:13,19.4,86.0,23.7,95.0,21.3,83.7,1023,0
2026/7/15,20:34:18,19.4,86.0,23.6,95.0,21.3,83.7,1023,0
2026/7/15,20:34:23,19.4,86.0,23.6,95.0,21.3,83.7,1022,0
2026/7/15,20:34:28,19.4,86.0,23.6,95.0,21.3,83.7,1023,0
2026/7/15,20:34:33,19.5,86.0,23.6,95.0,21.3,83.7,1021,0
2026/7/15,20:34:38,19.5,86.0,23.6,95.0,21.3,83.8,1023,0
2026/7/15,20:34:43,19.5,85.0,23.8,95.0,21.3,83.8,1022,0
2026/7/15,20:34:48,19.5,85.0,24.1,95.0,21.3,83.8,1023,0
2026/7/15,20:34:53,19.5,85.0,23.5,95.0,21.3,83.8,1022,0
2026/7/15,20:34:58,19.5,85.0,23.6,95.0,21.3,83.8,1019,0
2026/7/15,20:35:3,19.4,85.0,24.0,95.0,21.3,83.8,1022,0
2026/7/15,20:35:8,19.5,85.0,23.5,95.0,21.3,83.8,1021,0
2026/7/15,20:35:13,19.5,85.0,23.6,95.0,21.3,83.8,1022,0
2026/7/15,20:35:18,19.4,85.0,24.0,95.0,21.3,83.7,1019,0
2026/7/15,20:35:23,19.4,85.0,23.5,95.0,21.3,83.8,1019,0
2026/7/15,20:35:28,19.4,85.0,24.0,95.0,21.3,83.7,1022,0
2026/7/15,20:35:33,19.5,86.0,23.6,95.0,21.3,83.8,1023,0
2026/7/15,20:35:38,19.5,86.0,23.6,95.0,21.3,83.7,1021,0
2026/7/15,20:35:44,19.5,86.0,23.6,95.0,21.3,83.8,1023,0
2026/7/15,20:35:49,19.5,86.0,23.6,95.0,21.3,83.7,1019,0
2026/7/15,20:35:54,19.5,86.0,23.6,95.0,21.3,83.9,1021,0
2026/7/15,20:35:59,19.4,86.0,24.1,95.0,21.3,83.9,1019,0
2026/7/15,20:36:4,19.4,86.0,23.7,95.0,21.3,83.9,1021,0
2026/7/15,20:36:9,19.4,86.0,23.6,95.0,21.3,83.9,1023,0
2026/7/15,20:36:14,19.5,86.0,24.1,95.0,21.3,83.9,1019,0
2026/7/15,20:36:19,19.5,86.0,23.6,95.0,21.3,83.9,1021,0
2026/7/15,20:36:24,19.4,86.0,23.6,95.0,21.3,83.9,1023,0
2026/7/15,20:36:29,19.5,86.0,23.6,95.0,21.3,83.9,1023,0
2026/7/15,20:36:34,19.5,86.0,23.6,95.0,21.3,83.9,1023,0
2026/7/15,20:36:39,19.5,86.0,23.7,95.0,21.3,84.0,1019,0
2026/7/15,20:36:44,19.4,86.0,23.5,95.0,21.2,83.9,1021,0
2026/7/15,20:36:49,19.5,86.0,23.7,95.0,21.3,83.9,1022,0
2026/7/15,20:36:54,19.4,86.0,23.6,95.0,21.3,83.9,1023,0
2026/7/15,20:36:59,19.5,86.0,23.8,95.0,21.3,83.9,1021,0
2026/7/15,20:37:4,19.5,86.0,23.5,95.0,21.3,83.9,1023,0
2026/7/15,20:37:9,19.5,86.0,23.6,95.0,21.3,83.9,1021,0
2026/7/15,20:37:14,19.5,86.0,23.7,95.0,21.3,83.9,1019,0
2026/7/15,20:37:19,19.5,86.0,23.5,95.0,21.3,83.9,1023,0
2026/7/15,20:37:24,19.5,85.0,23.8,95.0,21.3,83.9,1021,0
2026/7/15,20:37:29,19.5,85.0,23.6,95.0,21.3,83.9,1023,0
2026/7/15,20:37:34,19.4,85.0,23.8,95.0,21.3,83.9,1023,0
2026/7/15,20:37:39,19.4,85.0,23.6,95.0,21.3,83.9,1019,0
2026/7/15,20:37:44,19.5,85.0,23.6,95.0,21.3,84.0,1021,0
2026/7/15,20:37:49,19.5,84.0,23.8,95.0,21.3,84.0,1019,0
2026/7/15,20:37:54,19.5,84.0,23.5,95.0,21.3,84.0,1023,0
2026/7/15,20:37:59,19.4,85.0,23.6,95.0,21.3,84.0,1023,0
2026/7/15,20:38:4,19.4,85.0,24.0,95.0,21.3,83.9,1019,0
2026/7/15,20:38:9,19.5,85.0,23.6,95.0,21.3,83.9,1021,0
2026/7/15,20:38:14,19.5,85.0,24.0,95.0,21.3,83.9,1021,0
2026/7/15,20:38:19,19.5,85.0,23.6,95.0,21.3,83.9,1019,0
2026/7/15,20:38:24,19.5,85.0,23.7,95.0,21.3,83.9,1019,0
2026/7/15,20:38:29,19.5,85.0,23.8,95.0,21.3,83.9,1021,0
2026/7/15,20:38:34,19.5,84.0,23.6,95.0,21.3,83.9,1021,0
2026/7/15,20:38:39,19.5,84.0,23.6,95.0,21.3,83.9,1019,0
2026/7/15,20:38:44,19.4,84.0,23.9,95.0,21.3,83.9,1019,0
2026/7/15,20:38:49,19.5,84.0,23.7,95.0,21.3,83.9,1019,0
2026/7/15,20:38:54,19.5,84.0,23.7,95.0,21.3,83.8,1022,0
2026/7/15,20:38:59,19.5,84.0,23.5,95.0,21.3,83.9,1019,0
2026/7/15,20:39:4,19.5,84.0,23.6,95.0,21.3,83.8,1023,0
2026/7/15,20:39:9,19.5,84.0,23.6,95.0,21.3,83.8,1023,0
2026/7/15,20:39:14,19.4,84.0,23.5,95.0,21.3,83.9,1021,0
2026/7/15,20:39:19,19.5,84.0,23.6,95.0,21.3,83.9,1021,0
2026/7/15,20:39:24,19.5,85.0,23.5,95.0,21.3,83.9,1023,0
2026/7/15,20:39:29,19.5,85.0,23.6,95.0,21.3,83.9,1019,0
2026/7/15,20:39:34,19.5,85.0,24.1,95.0,21.3,83.9,1023,0
2026/7/15,20:39:39,19.5,85.0,23.7,95.0,21.3,83.9,1023,0
2026/7/15,20:39:44,19.5,85.0,24.0,95.0,21.3,83.9,1022,0
2026/7/15,20:39:49,19.5,85.0,24.0,95.0,21.3,83.8,1021,0
2026/7/15,20:39:54,19.5,85.0,23.6,95.0,21.3,83.9,1021,0
2026/7/15,20:39:59,19.5,85.0,23.5,95.0,21.3,83.9,1021,0
2026/7/15,20:40:4,19.5,85.0,23.6,95.0,21.3,83.9,1023,0
2026/7/15,20:40:9,19.5,85.0,23.5,95.0,21.3,83.9,1022,0
2026/7/15,20:40:14,19.5,85.0,23.6,95.0,21.3,83.9,1022,0
2026/7/15,20:40:19,19.5,85.0,23.5,95.0,21.3,83.9,1023,0
2026/7/15,20:40:24,19.5,85.0,23.6,95.0,21.3,83.9,1023,0
2026/7/15,20:40:29,19.5,85.0,23.5,95.0,21.3,83.9,1022,0
2026/7/15,20:40:34,19.5,85.0,24.0,95.0,21.3,83.9,1023,0
2026/7/15,20:40:39,19.5,85.0,23.5,95.0,21.3,83.9,1019,0
2026/7/15,20:40:44,19.5,85.0,24.1,95.0,21.3,83.9,1021,0
2026/7/15,20:40:49,19.5,85.0,24.1,95.0,21.3,83.9,1023,0
2026/7/15,20:40:54,19.5,85.0,23.5,95.0,21.3,83.9,1023,0
2026/7/15,20:40:59,19.5,85.0,23.6,95.0,21.3,83.9,1019,0
2026/7/15,20:41:4,19.5,84.0,24.0,95.0,21.3,83.9,1019,0
2026/7/15,20:41:9,19.4,84.0,23.5,95.0,21.3,83.9,1021,0
2026/7/15,20:41:14,19.5,84.0,24.1,95.0,21.3,83.9,1022,0
2026/7/15,20:41:19,19.5,85.0,23.6,95.0,21.3,83.9,1022,0
2026/7/15,20:41:24,19.4,85.0,24.1,95.0,21.3,83.9,1023,0
2026/7/15,20:41:29,19.5,84.0,23.6,95.0,21.3,83.9,1022,0
2026/7/15,20:41:34,19.5,85.0,24.0,95.0,21.3,83.9,1021,0
2026/7/15,20:41:39,19.5,85.0,23.5,95.0,21.3,83.9,1023,0
2026/7/15,20:41:44,19.5,85.0,24.0,95.0,21.3,83.9,1023,0
2026/7/15,20:41:49,19.5,85.0,23.5,95.0,21.3,83.9,1023,0
2026/7/15,20:41:54,19.5,85.0,23.5,95.0,21.3,84.0,1021,0
2026/7/15,20:41:59,19.5,86.0,24.1,95.0,21.3,83.9,1023,0
2026/7/15,20:42:4,19.5,86.0,23.5,95.0,21.3,83.9,1022,0
2026/7/15,20:42:9,19.5,86.0,23.5,95.0,21.3,83.9,1019,0
2026/7/15,20:42:14,19.5,86.0,23.6,95.0,21.3,83.9,1021,0
2026/7/15,20:42:19,19.5,86.0,24.1,95.0,21.4,84.0,1023,0
2026/7/15,20:42:24,19.5,86.0,23.6,95.0,21.3,83.9,1022,0
2026/7/15,20:42:29,19.5,87.0,23.6,95.0,21.3,84.0,1019,0
2026/7/15,20:42:34,19.5,86.0,23.5,95.0,21.4,84.0,1022,0
2026/7/15,20:42:39,19.5,86.0,23.5,95.0,21.4,84.0,1019,0
2026/7/15,20:42:44,19.5,86.0,24.1,95.0,21.3,84.0,1023,0
2026/7/15,20:42:49,19.5,86.0,23.6,95.0,21.4,84.0,1023,0
2026/7/15,20:42:54,19.6,85.0,23.7,95.0,21.3,84.0,1021,0
2026/7/15,20:42:59,19.5,85.0,23.5,95.0,21.4,84.0,1023,0
2026/7/15,20:43:4,19.5,85.0,23.5,95.0,21.4,84.0,1021,0
2026/7/15,20:43:9,19.5,85.0,23.5,95.0,21.4,84.0,1023,0
2026/7/15,20:43:14,19.5,85.0,23.6,95.0,21.4,84.0,1022,0
2026/7/15,20:43:19,19.5,85.0,23.6,95.0,21.3,84.0,1021,0
2026/7/15,20:43:24,19.5,85.0,23.5,95.0,21.4,84.0,1021,0
2026/7/15,20:43:29,19.6,85.0,23.7,95.0,21.4,84.0,1023,0
2026/7/15,20:43:34,19.5,85.0,23.6,95.0,21.4,84.0,1022,0
2026/7/15,20:43:39,19.7,85.0,23.5,95.0,21.4,84.0,1022,0
2026/7/15,20:43:44,19.5,85.0,24.1,95.0,21.4,84.0,1019,0
2026/7/15,20:43:49,19.5,85.0,23.5,95.0,21.4,84.0,1019,0
2026/7/15,20:43:54,19.5,85.0,24.0,95.0,21.4,84.0,1021,0
2026/7/15,20:43:59,19.5,85.0,23.8,95.0,21.4,84.0,1019,0
2026/7/15,20:44:4,19.5,85.0,23.5,95.0,21.4,84.0,1023,0
2026/7/15,20:44:9,19.5,85.0,23.5,95.0,21.4,84.0,1022,0
2026/7/15,20:44:14,19.5,85.0,23.5,95.0,21.4,84.0,1021,0
2026/7/15,20:44:19,19.5,85.0,23.6,95.0,21.4,84.0,1023,0
2026/7/15,20:44:24,19.5,85.0,23.6,95.0,21.4,84.0,1019,0
2026/7/15,20:44:29,19.5,85.0,23.5,95.0,21.4,84.0,1019,0
2026/7/15,20:44:34,19.5,85.0,24.1,95.0,21.4,84.0,1019,0
2026/7/15,20:44:39,19.5,85.0,23.5,95.0,21.4,84.0,1022,0
2026/7/15,20:44:44,19.6,84.0,23.6,95.0,21.4,84.0,1022,0
2026/7/15,20:44:49,19.5,84.0,23.6,95.0,21.4,83.9,1019,0
2026/7/15,20:44:54,19.5,84.0,23.6,95.0,21.4,84.0,1021,0
2026/7/15,20:44:59,19.5,84.0,23.5,95.0,21.4,84.0,1021,0
2026/7/15,20:45:4,19.5,84.0,23.6,95.0,21.4,84.1,1019,0
2026/7/15,20:45:9,19.5,84.0,23.5,95.0,21.4,84.0,1022,0
2026/7/15,20:45:14,19.5,84.0,23.6,95.0,21.4,84.0,1022,0
2026/7/15,20:45:19,19.5,84.0,23.6,95.0,21.4,84.1,1022,0
2026/7/15,20:45:24,19.5,84.0,23.6,95.0,21.4,84.1,1019,0
2026/7/15,20:45:29,19.5,84.0,23.7,95.0,21.4,84.1,1021,0
2026/7/15,20:45:34,19.5,84.0,23.9,95.0,21.4,84.1,1021,0
2026/7/15,20:45:39,19.5,84.0,24.1,95.0,21.4,84.0,1021,0
2026/7/15,20:45:44,19.5,85.0,24.1,95.0,21.4,84.0,1022,0
2026/7/15,20:45:49,19.5,84.0,23.6,95.0,21.4,84.0,1023,0
2026/7/15,20:45:54,19.5,84.0,23.6,95.0,21.4,84.0,1022,0
2026/7/15,20:45:59,19.5,84.0,23.5,95.0,21.4,84.0,1022,0
2026/7/15,20:46:5,19.5,85.0,24.0,95.0,21.4,84.0,1021,0
2026/7/15,20:46:10,19.5,85.0,23.5,95.0,21.4,84.0,1023,0
2026/7/15,20:46:15,19.7,84.0,24.0,95.0,21.4,84.0,1021,0
2026/7/15,20:46:20,19.5,85.0,23.5,95.0,21.5,84.0,1023,0
2026/7/15,20:46:25,19.5,85.0,23.5,95.0,21.4,84.0,1023,0
2026/7/15,20:46:30,19.5,85.0,23.5,95.0,21.4,84.0,1019,0
2026/7/15,20:46:35,19.5,85.0,23.6,95.0,21.4,84.1,1019,0
2026/7/15,20:46:40,19.5,85.0,24.1,95.0,21.4,84.0,1021,0
2026/7/15,20:46:45,19.5,85.0,24.0,95.0,21.4,84.0,1023,0
2026/7/15,20:46:50,19.5,85.0,23.5,95.0,21.4,84.1,1023,0
2026/7/15,20:46:55,19.5,85.0,24.1,95.0,21.4,84.0,1022,0
2026/7/15,20:47:0,19.5,85.0,23.5,95.0,21.4,84.0,1021,0
2026/7/15,20:47:5,19.6,85.0,24.0,95.0,21.4,84.0,1023,0
2026/7/15,20:47:10,19.5,86.0,23.6,95.0,21.5,84.0,1021,0
2026/7/15,20:47:15,19.5,85.0,23.6,95.0,21.4,84.0,1021,0
2026/7/15,20:47:20,19.5,85.0,23.5,95.0,21.4,84.0,1022,0
2026/7/15,20:47:25,19.5,85.0,24.0,95.0,21.4,84.0,1019,0
2026/7/15,20:47:30,19.5,85.0,23.6,95.0,21.4,84.0,1023,0
2026/7/15,20:47:35,19.5,85.0,23.7,95.0,21.4,84.0,1019,0
2026/7/15,20:47:40,19.5,85.0,23.5,95.0,21.5,84.0,1022,0
2026/7/15,20:47:45,19.5,85.0,23.7,95.0,21.4,84.0,1019,0
2026/7/15,20:47:50,19.5,84.0,23.6,95.0,21.4,84.0,1021,0
2026/7/15,20:47:55,19.6,84.0,23.5,95.0,21.5,84.0,1023,0
2026/7/15,20:48:0,19.5,84.0,23.5,95.0,21.4,84.0,1022,0
2026/7/15,20:48:5,19.5,84.0,23.5,95.0,21.4,83.9,1021,0
2026/7/15,20:48:10,19.5,84.0,23.5,95.0,21.4,83.9,1022,0
2026/7/15,20:48:15,19.5,84.0,23.5,95.0,21.4,83.9,1023,0
2026/7/15,20:48:20,19.5,84.0,23.5,95.0,21.4,83.9,1019,0
2026/7/15,20:48:25,19.5,84.0,23.5,95.0,21.4,83.9,1022,0
2026/7/15,20:48:30,19.5,84.0,23.8,95.0,21.5,83.9,1021,0
2026/7/15,20:48:35,19.5,84.0,23.8,95.0,21.4,83.9,1023,0
2026/7/15,20:48:40,19.5,85.0,24.1,95.0,21.5,83.9,1022,0
2026/7/15,20:48:45,19.6,85.0,23.7,95.0,21.4,83.8,1022,0
2026/7/15,20:48:50,19.5,85.0,23.5,95.0,21.5,83.9,1023,0
2026/7/15,20:48:55,19.5,85.0,24.1,95.0,21.5,83.9,1023,0
2026/7/15,20:49:0,19.5,85.0,23.8,95.0,21.5,83.9,1023,0
2026/7/15,20:49:5,19.5,84.0,23.8,95.0,21.4,83.9,1021,0
2026/7/15,20:49:10,19.5,84.0,24.0,95.0,21.5,83.9,1019,0
2026/7/15,20:49:15,19.5,84.0,23.6,95.0,21.4,83.9,1021,0
2026/7/15,20:49:20,19.6,85.0,23.6,95.0,21.4,83.9,1019,0
2026/7/15,20:49:25,19.5,85.0,23.5,95.0,21.4,84.0,1022,0
2026/7/15,20:49:30,19.5,85.0,23.5,95.0,21.4,84.0,1023,0
2026/7/15,20:49:35,19.5,85.0,24.1,95.0,21.4,84.0,1023,0
2026/7/15,20:49:40,19.6,85.0,24.1,95.0,21.5,84.0,1023,0
2026/7/15,20:49:45,19.5,85.0,23.9,95.0,21.4,84.0,1019,0
2026/7/15,20:49:50,19.5,85.0,23.5,95.0,21.4,83.9,1022,0
2026/7/15,20:49:55,19.5,85.0,23.6,95.0,21.4,84.0,1019,0
2026/7/15,20:50:0,19.5,85.0,24.0,95.0,21.4,84.0,1019,0
2026/7/15,20:50:5,19.5,84.0,23.6,95.0,21.4,84.0,1022,0
2026/7/15,20:50:10,19.5,85.0,23.5,95.0,21.4,84.0,1022,0
2026/7/15,20:50:15,19.5,85.0,23.7,95.0,21.4,84.0,1022,0
2026/7/15,20:50:20,19.5,85.0,24.1,95.0,21.4,84.0,1023,0
2026/7/15,20:50:25,19.6,85.0,24.0,95.0,21.4,84.0,1022,0
2026/7/15,20:50:30,19.5,85.0,23.5,95.0,21.4,83.9,1021,0
2026/7/15,20:50:35,19.5,85.0,23.7,95.0,21.4,83.9,1019,0
2026/7/15,20:50:40,19.5,84.0,24.0,95.0,21.4,84.0,1022,0
2026/7/15,20:50:45,19.5,84.0,23.6,95.0,21.4,84.0,1019,0
2026/7/15,20:50:50,19.6,84.0,23.5,95.0,21.4,84.0,1019,0
2026/7/15,20:50:55,19.5,85.0,23.5,95.0,21.4,83.9,1021,0
2026/7/15,20:51:0,19.6,85.0,23.5,95.0,21.4,84.0,1019,0
2026/7/15,20:51:5,19.6,85.0,23.6,95.0,21.4,84.0,1023,0
2026/7/15,20:51:10,19.6,86.0,23.6,95.0,21.4,84.0,1023,0
2026/7/15,20:51:15,19.6,86.0,23.6,95.0,21.4,84.1,1022,0
2026/7/15,20:51:20,19.5,86.0,23.5,95.0,21.4,84.0,1019,0
2026/7/15,20:51:25,19.5,86.0,24.0,95.0,21.4,84.0,1023,0
2026/7/15,20:51:30,19.5,86.0,23.5,95.0,21.4,84.0,1023,0
2026/7/15,20:51:35,19.5,86.0,23.5,95.0,21.4,84.0,1019,0
2026/7/15,20:51:40,19.6,86.0,23.5,95.0,21.4,84.0,1023,0
2026/7/15,20:51:45,19.6,86.0,23.5,95.0,21.5,84.1,1023,0
2026/7/15,20:51:50,19.5,86.0,23.5,95.0,21.4,84.1,1023,0
2026/7/15,20:51:55,19.5,86.0,23.6,95.0,21.4,84.1,1021,0
2026/7/15,20:52:0,19.5,86.0,24.1,95.0,21.4,84.1,1023,0
2026/7/15,20:52:5,19.6,86.0,24.0,95.0,21.4,84.1,1019,0
2026/7/15,20:52:10,19.5,86.0,23.7,95.0,21.4,84.1,1023,0
2026/7/15,20:52:15,19.6,86.0,23.6,95.0,21.4,84.1,1019,0
2026/7/15,20:52:20,19.5,86.0,23.5,95.0,21.4,84.1,1022,0
2026/7/15,20:52:25,19.5,85.0,23.6,95.0,21.4,84.1,1019,0
2026/7/15,20:52:30,19.5,85.0,23.5,95.0,21.4,84.0,1023,0
2026/7/15,20:52:35,19.5,85.0,23.5,95.0,21.4,84.0,1022,0
2026/7/15,20:52:40,19.5,85.0,23.5,95.0,21.4,84.1,1022,0
2026/7/15,20:52:45,19.5,85.0,23.5,95.0,21.4,84.0,1021,0
2026/7/15,20:52:50,19.5,85.0,23.5,95.0,21.4,84.0,1023,0
2026/7/15,20:52:55,19.5,85.0,23.5,95.0,21.4,84.0,1023,0
2026/7/15,20:53:0,19.5,86.0,23.8,95.0,21.4,84.0,1019,0
2026/7/15,20:53:5,19.6,86.0,23.6,95.0,21.4,84.1,1019,0
2026/7/15,20:53:10,19.5,86.0,23.5,95.0,21.4,84.1,1022,0
2026/7/15,20:53:15,19.5,86.0,23.5,95.0,21.4,84.1,1023,0
2026/7/15,20:53:20,19.6,86.0,23.7,95.0,21.4,84.1,1023,0
2026/7/15,20:53:25,19.5,86.0,23.6,95.0,21.4,84.1,1019,0
2026/7/15,20:53:30,19.5,85.0,24.0,95.0,21.4,84.1,1019,0
2026/7/15,20:53:35,19.5,85.0,23.5,95.0,21.4,84.1,1021,0
2026/7/15,20:53:40,19.5,85.0,23.5,95.0,21.4,84.1,1023,0
2026/7/15,20:53:45,19.6,85.0,23.6,95.0,21.4,84.1,1019,0
2026/7/15,20:53:50,19.6,85.0,23.7,95.0,21.4,84.2,1023,0
2026/7/15,20:53:55,19.5,85.0,23.5,95.0,21.4,84.2,1021,0
2026/7/15,20:54:0,19.5,86.0,23.5,95.0,21.4,84.2,1023,0
2026/7/15,20:54:5,19.5,86.0,24.0,95.0,21.4,84.2,1021,0
2026/7/15,20:54:10,19.6,86.0,23.5,95.0,21.4,84.2,1022,0
2026/7/15,20:54:15,19.6,86.0,23.6,95.0,21.4,84.2,1023,0
2026/7/15,20:54:20,19.5,86.0,23.5,95.0,21.4,84.2,1019,0
2026/7/15,20:54:25,19.7,85.0,23.6,95.0,21.4,84.2,1023,0
2026/7/15,20:54:30,19.6,85.0,23.8,95.0,21.4,84.1,1021,0
2026/7/15,20:54:35,19.6,85.0,23.7,95.0,21.4,84.2,1021,0
2026/7/15,20:54:40,19.6,85.0,23.5,95.0,21.4,84.1,1023,0
2026/7/15,20:54:45,19.5,85.0,23.5,95.0,21.4,84.2,1021,0
2026/7/15,20:54:50,19.5,85.0,23.8,95.0,21.4,84.2,1021,0
2026/7/15,20:54:55,19.6,85.0,23.5,95.0,21.4,84.2,1022,0
2026/7/15,20:55:0,19.5,85.0,23.6,95.0,21.4,84.2,1021,0
2026/7/15,20:55:5,19.5,85.0,23.5,95.0,21.4,84.2,1023,0
2026/7/15,20:55:10,19.5,85.0,23.5,95.0,21.4,84.2,1023,0
2026/7/15,20:55:15,19.6,85.0,23.5,95.0,21.4,84.2,1022,0
2026/7/15,20:55:20,19.6,85.0,23.6,95.0,21.4,84.2,1023,0
2026/7/15,20:55:25,19.5,86.0,24.0,95.0,21.4,84.2,1021,0
2026/7/15,20:55:30,19.6,86.0,23.6,95.0,21.4,84.2,1022,0
2026/7/15,20:55:35,19.6,86.0,23.5,95.0,21.4,84.2,1023,0
2026/7/15,20:55:40,19.6,86.0,23.7,95.0,21.4,84.2,1022,0
2026/7/15,20:55:45,19.6,86.0,23.6,95.0,21.4,84.2,1023,0
2026/7/15,20:55:50,19.6,86.0,23.6,95.0,21.4,84.3,1021,0
2026/7/15,20:55:55,19.5,86.0,23.7,95.0,21.4,84.2,1021,0
2026/7/15,20:56:0,19.6,85.0,23.7,95.0,21.4,84.2,1023,0
2026/7/15,20:56:5,19.6,86.0,23.6,95.0,21.4,84.2,1019,0
2026/7/15,20:56:10,19.6,86.0,23.7,95.0,21.4,84.3,1022,0
2026/7/15,20:56:15,19.6,86.0,23.6,95.0,21.4,84.3,1019,0
2026/7/15,20:56:20,19.6,87.0,23.8,95.0,21.4,84.3,1021,0
2026/7/15,20:56:26,19.6,87.0,23.6,95.0,21.4,84.3,1023,0
2026/7/15,20:56:31,19.7,87.0,23.7,95.0,21.4,84.3,1023,0
2026/7/15,20:56:36,19.6,87.0,23.6,95.0,21.4,84.4,1021,0
2026/7/15,20:56:41,19.6,86.0,23.9,95.0,21.4,84.4,1023,0
2026/7/15,20:56:46,19.6,86.0,23.5,95.0,21.4,84.4,1023,0
2026/7/15,20:56:51,19.6,86.0,23.5,95.0,21.4,84.5,1021,0
2026/7/15,20:56:56,19.6,86.0,23.6,95.0,21.4,84.5,1021,0
2026/7/15,20:57:1,19.7,86.0,23.5,95.0,21.4,84.5,1021,0
2026/7/15,20:57:6,19.6,86.0,23.9,95.0,21.4,84.5,1023,0
2026/7/15,20:57:11,19.7,86.0,23.6,95.0,21.4,84.5,1021,0
2026/7/15,20:57:16,19.7,86.0,23.6,95.0,21.4,84.5,1019,0
2026/7/15,20:57:21,19.6,86.0,23.5,95.0,21.4,84.5,1023,0
2026/7/15,20:57:26,19.6,86.0,23.7,95.0,21.4,84.5,1022,0
2026/7/15,20:57:31,19.6,86.0,23.5,95.0,21.4,84.5,1019,0
2026/7/15,20:57:36,19.6,86.0,23.5,95.0,21.4,84.4,1023,0
2026/7/15,20:57:41,19.7,86.0,23.5,95.0,21.4,84.5,1021,0
2026/7/15,20:57:46,19.9,85.0,23.5,95.0,21.4,84.5,1019,0
2026/7/15,20:57:51,19.7,85.0,23.5,95.0,21.4,84.5,1021,0
2026/7/15,20:57:56,19.7,85.0,23.5,95.0,21.4,84.5,1021,0
2026/7/15,20:58:1,19.7,85.0,23.7,95.0,21.4,84.4,1023,0
2026/7/15,20:58:6,19.7,85.0,23.7,95.0,21.4,84.4,1023,0
2026/7/15,20:58:11,19.7,85.0,23.5,95.0,21.4,84.4,1023,0
2026/7/15,20:58:16,19.6,84.0,23.5,95.0,21.4,84.4,1023,0
2026/7/15,20:58:21,19.6,84.0,23.5,95.0,21.4,84.4,1023,0
2026/7/15,20:58:26,20.1,84.0,23.7,95.0,21.4,84.4,1022,0
2026/7/15,20:58:31,19.7,84.0,23.5,95.0,21.4,84.4,1022,0
2026/7/15,20:58:36,19.6,85.0,23.5,95.0,21.4,84.4,1019,0
2026/7/15,20:58:41,19.7,85.0,23.8,95.0,21.4,84.4,1023,0
2026/7/15,20:58:46,19.7,85.0,23.6,95.0,21.4,84.4,1019,0
2026/7/15,20:58:51,19.6,85.0,23.8,95.0,21.4,84.4,1023,0
2026/7/15,20:58:56,19.7,85.0,23.5,95.0,21.5,84.5,1021,0
2026/7/15,20:59:1,19.7,85.0,23.5,95.0,21.4,84.4,1023,0
2026/7/15,20:59:6,19.7,85.0,23.5,95.0,21.5,84.4,1023,0
2026/7/15,20:59:11,19.8,85.0,23.7,95.0,21.4,84.4,1023,0
2026/7/15,20:59:16,19.7,85.0,24.1,95.0,21.5,84.4,1019,0
2026/7/15,20:59:21,19.7,85.0,23.5,95.0,21.4,84.5,1021,0
2026/7/15,20:59:26,19.7,84.0,23.5,95.0,21.4,84.5,1023,0
2026/7/15,20:59:31,20.0,84.0,23.5,95.0,21.4,84.5,1023,0
2026/7/15,20:59:36,20.0,84.0,23.5,95.0,21.4,84.5,1021,0
2026/7/15,20:59:41,19.8,84.0,23.5,95.0,21.4,84.5,1023,0
2026/7/15,20:59:46,19.7,84.0,23.5,95.0,21.4,84.5,1023,0
2026/7/15,20:59:51,19.7,84.0,23.5,95.0,21.5,84.6,1023,0
2026/7/15,20:59:56,19.8,85.0,23.5,95.0,21.5,84.5,1019,0
2026/7/15,21:0:1,19.7,84.0,23.6,95.0,21.5,84.5,1019,0
2026/7/15,21:0:6,19.7,85.0,23.5,95.0,21.5,84.5,1021,0
2026/7/15,21:0:11,19.7,84.0,23.5,95.0,21.5,84.5,1021,0
2026/7/15,21:0:16,19.8,85.0,23.5,95.0,21.5,84.5,1019,0
2026/7/15,21:0:21,19.8,85.0,23.5,95.0,21.5,84.4,1023,0
2026/7/15,21:0:26,20.1,85.0,23.6,95.0,21.5,84.5,1023,0
2026/7/15,21:0:31,19.9,84.0,23.5,95.0,21.4,84.5,1023,0
2026/7/15,21:0:36,19.7,84.0,23.7,95.0,21.5,84.5,1019,0
2026/7/15,21:0:41,19.7,84.0,23.6,95.0,21.5,84.4,1023,0
2026/7/15,21:0:46,19.8,84.0,23.8,95.0,21.5,84.5,1021,0
2026/7/15,21:0:51,19.8,84.0,23.5,95.0,21.5,84.4,1023,0
2026/7/15,21:0:56,19.9,84.0,23.5,95.0,21.5,84.4,1023,0
2026/7/15,21:1:1,20.2,84.0,23.5,95.0,21.5,84.4,1023,0
2026/7/15,21:1:6,19.8,84.0,23.5,95.0,21.5,84.4,1023,0
2026/7/15,21:1:11,19.8,84.0,23.5,95.0,21.5,84.4,1023,0
2026/7/15,21:1:16,19.8,84.0,23.5,95.0,21.5,84.4,1022,0
2026/7/15,21:1:21,19.8,84.0,23.5,95.0,21.5,84.4,1019,0
2026/7/15,21:1:26,19.8,84.0,23.5,95.0,21.5,84.4,1021,0
2026/7/15,21:1:31,19.8,84.0,23.5,95.0,21.5,84.4,1023,0
2026/7/15,21:1:36,19.8,84.0,23.5,95.0,21.5,84.4,1023,0
2026/7/15,21:1:41,19.8,84.0,23.5,95.0,21.5,84.4,1023,0
2026/7/15,21:1:46,19.8,85.0,24.0,95.0,21.5,84.4,1022,0
2026/7/15,21:1:51,19.7,85.0,24.0,95.0,21.5,84.4,1019,0
2026/7/15,21:1:56,19.7,85.0,23.5,95.0,21.5,84.5,1022,0
2026/7/15,21:2:1,19.9,85.0,23.5,95.0,21.5,84.4,1022,0
2026/7/15,21:2:6,19.9,85.0,23.5,95.0,21.5,84.5,1021,0
2026/7/15,21:2:11,19.9,85.0,23.5,95.0,21.5,84.5,1021,0
2026/7/15,21:2:16,19.9,86.0,23.5,95.0,21.5,84.5,1021,0
2026/7/15,21:2:21,20.3,86.0,23.6,95.0,21.5,84.6,1022,0
2026/7/15,21:2:26,19.8,86.0,23.5,95.0,21.5,84.7,1021,0
2026/7/15,21:2:31,19.8,86.0,23.6,95.0,21.5,84.6,1023,0
2026/7/15,21:2:36,19.7,86.0,23.6,95.0,21.5,84.7,1023,0
2026/7/15,21:2:41,19.7,86.0,23.5,95.0,21.5,84.6,1021,0
2026/7/15,21:2:46,19.7,85.0,23.5,95.0,21.5,84.6,1022,0
2026/7/15,21:2:51,19.7,85.0,23.5,95.0,21.5,84.6,1023,0
2026/7/15,21:2:56,20.3,85.0,23.5,95.0,21.5,84.7,1022,0
2026/7/15,21:3:1,19.9,85.0,23.5,95.0,21.5,84.6,1022,0
2026/7/15,21:3:6,19.8,85.0,23.5,95.0,21.5,84.7,1019,0
2026/7/15,21:3:11,19.9,85.0,23.5,95.0,21.5,84.6,1019,0
2026/7/15,21:3:16,19.9,85.0,23.5,95.0,21.5,84.7,1023,0
2026/7/15,21:3:21,20.0,85.0,23.5,95.0,21.5,84.8,1022,0
2026/7/15,21:3:26,20.1,85.0,24.0,95.0,21.5,84.8,1023,0
2026/7/15,21:3:31,19.9,85.0,23.5,95.0,21.5,84.8,1021,0
2026/7/15,21:3:36,19.9,85.0,23.7,95.0,21.5,84.8,1021,0
2026/7/15,21:3:41,20.3,85.0,23.5,95.0,21.5,84.7,1022,0
2026/7/15,21:3:46,20.0,85.0,23.4,95.0,21.5,84.8,1021,0
2026/7/15,21:3:51,19.8,85.0,23.5,95.0,21.5,84.7,1023,0
2026/7/15,21:3:56,20.0,85.0,23.5,95.0,21.5,84.7,1022,0
2026/7/15,21:4:1,19.9,85.0,23.6,95.0,21.5,84.7,1019,0
2026/7/15,21:4:6,19.9,84.0,24.0,95.0,21.5,84.7,1023,0
2026/7/15,21:4:11,19.9,84.0,23.6,95.0,21.5,84.7,1023,0
2026/7/15,21:4:16,20.0,84.0,23.6,95.0,21.5,84.7,1021,0
2026/7/15,21:4:21,20.0,84.0,23.5,95.0,21.5,84.7,1022,0
2026/7/15,21:4:26,20.1,85.0,23.5,95.0,21.5,84.7,1023,0
2026/7/15,21:4:31,19.8,85.0,23.5,95.0,21.5,84.7,1022,0
2026/7/15,21:4:36,19.9,84.0,23.5,95.0,21.5,84.7,1019,0
2026/7/15,21:4:41,20.1,84.0,23.6,95.0,21.5,84.8,1023,0
2026/7/15,21:4:46,20.3,84.0,23.5,95.0,21.5,84.8,1019,0
2026/7/15,21:4:51,20.2,85.0,23.5,95.0,21.5,84.7,1023,0
2026/7/15,21:4:56,20.1,85.0,23.5,95.0,21.5,84.7,1021,0
2026/7/15,21:5:1,20.1,84.0,23.5,95.0,21.5,84.7,1023,0
2026/7/15,21:5:6,20.3,84.0,23.5,95.0,21.5,84.7,1023,0
2026/7/15,21:5:11,20.0,84.0,23.5,95.0,21.5,84.7,1021,0
2026/7/15,21:5:16,20.0,84.0,23.5,95.0,21.5,84.7,1022,0
2026/7/15,21:5:21,20.0,84.0,23.5,95.0,21.5,84.7,1019,0
2026/7/15,21:5:26,20.0,84.0,23.5,95.0,21.5,84.7,1021,0
2026/7/15,21:5:31,20.0,84.0,23.5,95.0,21.5,84.7,1023,0
2026/7/15,21:5:36,20.0,84.0,23.6,95.0,21.5,84.7,1022,0
2026/7/15,21:5:41,20.0,84.0,23.5,95.0,21.5,84.6,1022,0
2026/7/15,21:5:46,20.0,84.0,23.5,95.0,21.6,84.6,1019,0
2026/7/15,21:5:51,20.1,84.0,23.7,95.0,21.5,84.6,1023,0
2026/7/15,21:5:56,20.0,84.0,23.5,95.0,21.5,84.6,1023,0
2026/7/15,21:6:1,20.0,84.0,23.5,95.0,21.5,84.6,1023,0
2026/7/15,21:6:6,20.0,84.0,23.5,95.0,21.5,84.6,1019,0
2026/7/15,21:6:11,20.1,84.0,23.6,95.0,21.5,84.7,1023,0
2026/7/15,21:6:16,20.0,84.0,23.8,95.0,21.6,84.6,1021,0
2026/7/15,21:6:21,19.9,84.0,23.6,95.0,21.5,84.7,1023,0
2026/7/15,21:6:27,20.1,84.0,23.5,95.0,21.6,84.6,1019,0
2026/7/15,21:6:32,20.1,84.0,23.5,95.0,21.6,84.7,1023,0
2026/7/15,21:6:37,20.0,84.0,23.7,95.0,21.6,84.7,1021,0
2026/7/15,21:6:42,20.2,84.0,23.5,95.0,21.5,84.7,1023,0
2026/7/15,21:6:47,20.1,84.0,23.6,95.0,21.5,84.7,1021,0
2026/7/15,21:6:52,20.2,84.0,23.5,95.0,21.5,84.7,1023,0
2026/7/15,21:6:57,20.0,84.0,23.6,95.0,21.6,84.7,1019,0
2026/7/15,21:7:2,20.0,85.0,23.6,95.0,21.6,84.8,1019,0
2026/7/15,21:7:7,20.1,85.0,23.5,95.0,21.6,84.7,1022,0
2026/7/15,21:7:12,20.0,85.0,23.5,95.0,21.6,84.8,1019,0
2026/7/15,21:7:17,20.0,85.0,23.5,95.0,21.6,84.8,1019,0
2026/7/15,21:7:22,20.2,85.0,23.6,95.0,21.6,84.9,1022,0
2026/7/15,21:7:27,20.4,85.0,23.6,95.0,21.6,84.8,1019,0
2026/7/15,21:7:32,20.0,85.0,23.4,95.0,21.6,84.8,1022,0
2026/7/15,21:7:37,20.0,85.0,23.5,95.0,21.6,84.8,1023,0
2026/7/15,21:7:42,20.0,84.0,23.6,95.0,21.6,84.7,1021,0
2026/7/15,21:7:47,20.2,84.0,23.6,95.0,21.6,84.7,1019,0
2026/7/15,21:7:52,20.1,84.0,23.5,95.0,21.6,84.6,1023,0
2026/7/15,21:7:57,20.0,84.0,23.7,95.0,21.6,84.6,1023,0
2026/7/15,21:8:2,20.2,84.0,23.6,95.0,21.6,84.6,1023,0
2026/7/15,21:8:7,20.0,84.0,23.6,95.0,21.6,84.7,1021,0
2026/7/15,21:8:12,20.1,84.0,23.5,95.0,21.6,84.6,1019,0
2026/7/15,21:8:17,20.0,84.0,23.6,95.0,21.6,84.7,1021,0
2026/7/15,21:8:22,20.1,84.0,23.5,95.0,21.6,84.7,1022,0
2026/7/15,21:8:27,20.3,84.0,23.5,95.0,21.6,84.7,1022,0
2026/7/15,21:8:32,20.1,84.0,23.5,95.0,21.6,84.7,1022,0
2026/7/15,21:8:37,20.1,84.0,23.5,95.0,21.6,84.7,1021,0
2026/7/15,21:8:42,20.2,84.0,23.6,95.0,21.6,84.8,1023,0
2026/7/15,21:8:47,20.0,84.0,23.6,95.0,21.6,84.7,1022,0
2026/7/15,21:8:52,20.0,84.0,23.7,95.0,21.6,84.7,1023,0
2026/7/15,21:8:57,20.2,84.0,23.6,95.0,21.6,84.8,1022,0
2026/7/15,21:9:2,20.1,84.0,23.6,95.0,21.6,84.7,1023,0
2026/7/15,21:9:7,20.1,84.0,23.7,95.0,21.6,84.8,1023,0
2026/7/15,21:9:12,20.2,84.0,23.6,95.0,21.6,84.7,1022,0
2026/7/15,21:9:17,20.2,84.0,23.6,95.0,21.6,84.8,1023,0
2026/7/15,21:9:22,20.2,84.0,23.6,95.0,21.6,84.8,1021,0
2026/7/15,21:9:27,20.1,84.0,23.6,95.0,21.6,84.8,1023,0
2026/7/15,21:9:32,20.1,84.0,23.6,95.0,21.6,84.7,1019,0
2026/7/15,21:9:37,20.2,84.0,23.6,95.0,21.6,84.8,1023,0
2026/7/15,21:9:42,20.1,84.0,23.5,95.0,21.6,84.8,1023,0
2026/7/15,21:9:47,20.2,84.0,23.6,95.0,21.6,84.8,1019,0
2026/7/15,21:9:52,20.2,84.0,23.6,95.0,21.6,84.8,1021,0
2026/7/15,21:9:57,20.3,84.0,23.5,95.0,21.6,84.8,1021,0
2026/7/15,21:10:2,20.1,84.0,23.7,95.0,21.6,84.8,1019,0
2026/7/15,21:10:7,20.3,84.0,23.5,95.0,21.6,84.8,1023,0
2026/7/15,21:10:12,20.1,84.0,23.6,95.0,21.6,84.8,1023,0
2026/7/15,21:10:17,20.3,84.0,23.6,95.0,21.6,84.8,1023,0
2026/7/15,21:10:22,20.3,84.0,23.5,95.0,21.6,84.8,1023,0
2026/7/15,21:10:27,20.0,84.0,23.5,95.0,21.6,84.8,1019,0
2026/7/15,21:10:32,20.3,85.0,23.5,95.0,21.6,84.8,1021,0
2026/7/15,21:10:37,20.3,85.0,23.5,95.0,21.6,84.9,1023,0
2026/7/15,21:10:42,20.1,85.0,23.5,95.0,21.6,84.9,1019,0
2026/7/15,21:10:47,20.3,84.0,23.6,95.0,21.6,84.8,1019,0
2026/7/15,21:10:52,20.2,84.0,23.6,95.0,21.6,84.8,1023,0
2026/7/15,21:10:57,20.2,84.0,23.5,95.0,21.6,84.8,1019,0
2026/7/15,21:11:2,20.3,84.0,23.5,95.0,21.6,84.9,1022,0
2026/7/15,21:11:7,20.2,84.0,23.5,95.0,21.6,84.8,1023,0
2026/7/15,21:11:12,20.2,84.0,23.5,95.0,21.6,84.8,1019,0
2026/7/15,21:11:17,20.3,84.0,23.5,95.0,21.6,84.8,1021,0
2026/7/15,21:11:22,20.3,84.0,23.5,95.0,21.6,84.8,1023,0
2026/7/15,21:11:27,20.3,84.0,23.5,95.0,21.6,84.8,1022,0
2026/7/15,21:11:32,20.4,84.0,23.6,95.0,21.6,84.8,1021,0
2026/7/15,21:11:37,20.4,83.0,23.5,95.0,21.6,84.8,1021,0
2026/7/15,21:11:42,20.2,83.0,23.6,95.0,21.6,84.8,1022,0
2026/7/15,21:11:47,20.3,83.0,23.5,95.0,21.6,84.8,1021,0
2026/7/15,21:11:52,20.2,83.0,23.6,95.0,21.6,84.8,1021,0
2026/7/15,21:11:57,20.2,83.0,23.5,95.0,21.7,84.8,1019,0
2026/7/15,21:12:2,20.4,83.0,23.5,95.0,21.6,84.8,1023,0
2026/7/15,21:12:7,20.3,83.0,23.6,95.0,21.6,84.7,1023,0
2026/7/15,21:12:12,20.3,83.0,23.6,95.0,21.6,84.8,1019,0
2026/7/15,21:12:17,20.3,83.0,23.5,95.0,21.6,84.8,1022,0
2026/7/15,21:12:22,20.3,83.0,23.6,95.0,21.6,84.8,1023,0
2026/7/15,21:12:27,20.3,83.0,23.6,95.0,21.6,84.7,1023,0
2026/7/15,21:12:32,20.4,83.0,23.6,95.0,21.7,84.7,1019,0
2026/7/15,21:12:37,20.2,83.0,23.6,95.0,21.7,84.7,1019,0
2026/7/15,21:12:42,20.4,83.0,23.6,95.0,21.6,84.7,1021,0
2026/7/15,21:12:47,20.3,83.0,23.6,95.0,21.7,84.7,1023,0
2026/7/15,21:12:52,20.4,84.0,23.6,95.0,21.7,84.7,1021,0
2026/7/15,21:12:57,20.3,84.0,23.6,95.0,21.7,84.7,1019,0
2026/7/15,21:13:2,20.4,84.0,23.6,95.0,21.7,84.7,1019,0
2026/7/15,21:13:7,20.4,84.0,23.6,95.0,21.7,84.7,1023,0
2026/7/15,21:13:12,20.3,84.0,23.6,95.0,21.7,84.7,1021,0
2026/7/15,21:13:17,20.2,84.0,23.6,95.0,21.7,84.8,1019,0
2026/7/15,21:13:22,20.4,84.0,23.7,95.0,21.7,84.7,1023,0
2026/7/15,21:13:27,20.3,84.0,23.5,95.0,21.7,84.7,1023,0
2026/7/15,21:13:32,20.4,83.0,23.6,95.0,21.7,84.7,1019,0
2026/7/15,21:13:37,20.4,83.0,23.5,95.0,21.7,84.7,1022,0
2026/7/15,21:13:42,20.4,83.0,23.6,95.0,21.7,84.7,1021,0
2026/7/15,21:13:47,20.4,83.0,23.6,95.0,21.7,84.7,1023,0
2026/7/15,21:13:52,20.4,83.0,23.6,95.0,21.7,84.7,1021,0
2026/7/15,21:13:57,20.5,83.0,23.6,95.0,21.7,84.6,1019,0
2026/7/15,21:14:2,20.5,83.0,23.6,95.0,21.7,84.6,1023,0
2026/7/15,21:14:7,20.5,83.0,23.6,95.0,21.7,84.7,1019,0
2026/7/15,21:14:12,20.4,84.0,23.5,95.0,21.7,84.7,1019,0
2026/7/15,21:14:17,20.4,84.0,23.6,95.0,21.7,84.7,1022,0
2026/7/15,21:14:22,20.4,84.0,23.5,95.0,21.7,84.8,1023,0
2026/7/15,21:14:27,20.4,84.0,23.5,95.0,21.7,84.8,1023,0
2026/7/15,21:14:32,20.4,84.0,23.6,95.0,21.7,85.0,1023,0
2026/7/15,21:14:37,20.4,84.0,23.5,95.0,21.7,84.9,1021,0
2026/7/15,21:14:42,20.3,84.0,23.5,95.0,21.7,84.9,1022,0
2026/7/15,21:14:47,20.3,84.0,23.5,95.0,21.7,84.9,1022,0
2026/7/15,21:14:52,20.3,84.0,23.5,95.0,21.7,84.9,1023,0
2026/7/15,21:14:57,20.4,84.0,23.5,95.0,21.7,84.9,1019,0
2026/7/15,21:15:2,20.4,83.0,23.6,95.0,21.7,84.8,1022,0
2026/7/15,21:15:7,20.4,83.0,23.5,95.0,21.7,84.8,1022,0
2026/7/15,21:15:12,20.3,83.0,23.6,95.0,21.7,84.8,1021,0
2026/7/15,21:15:17,20.5,83.0,23.5,95.0,21.7,84.8,1023,0
2026/7/15,21:15:22,20.4,83.0,23.5,95.0,21.7,84.8,1021,0
2026/7/15,21:15:27,20.4,83.0,23.6,95.0,21.7,84.8,1023,0
2026/7/15,21:15:32,20.3,83.0,23.5,95.0,21.7,84.8,1019,0
2026/7/15,21:15:37,20.3,83.0,23.5,95.0,21.7,84.8,1021,0
2026/7/15,21:15:42,20.3,83.0,23.5,95.0,21.7,84.8,1022,0
2026/7/15,21:15:47,20.4,83.0,23.6,95.0,21.7,84.7,1019,0
2026/7/15,21:15:48,nan,nan,nan,nan,nan,nan,1022,0
2026/7/15,21:15:48,nan,nan,nan,nan,nan,nan,1022,0
2026/7/15,21:15:48,nan,nan,nan,nan,nan,nan,1023,0
2026/7/15,21:15:48,nan,nan,nan,nan,nan,nan,1022,0
2026/7/15,21:15:48,nan,nan,nan,nan,nan,nan,1022,0
2026/7/15,21:15:49,nan,nan,nan,nan,nan,nan,1023,0
2026/7/15,21:15:49,nan,nan,nan,nan,nan,nan,1021,0
2026/7/15,21:15:49,nan,nan,nan,nan,nan,nan,1023,0
2026/7/15,21:15:49,nan,nan,nan,nan,nan,nan,1023,0
2026/7/15,21:15:49,nan,nan,nan,nan,nan,nan,1023,0
2026/7/15,21:15:50,nan,nan,nan,nan,nan,nan,1023,0
2026/7/15,21:15:50,20.2,83.0,23.6,95.0,21.7,84.7,1022,0
2026/7/15,21:15:50,20.2,83.0,23.6,95.0,21.7,84.7,1023,0
2026/7/15,21:15:50,20.2,83.0,23.6,95.0,21.7,84.7,1022,0
2026/7/15,21:15:50,20.2,83.0,23.6,95.0,21.7,84.7,1023,0
2026/7/15,21:15:51,20.2,83.0,23.6,95.0,21.7,84.7,1022,0
2026/7/15,21:15:51,20.2,83.0,23.6,95.0,21.7,84.7,1019,0
2026/7/15,21:15:51,20.2,83.0,23.6,95.0,21.7,84.7,1023,0
2026/7/15,21:15:51,20.2,83.0,23.6,95.0,21.7,84.7,1022,0
2026/7/15,21:15:51,20.2,83.0,23.6,95.0,21.7,84.7,1023,0
2026/7/15,21:15:52,20.2,83.0,23.6,95.0,21.7,84.7,1023,0
2026/7/15,21:15:52,20.3,83.0,23.6,95.0,21.7,84.8,1023,0
2026/7/15,21:15:52,20.3,83.0,23.6,95.0,21.7,84.8,1022,0
2026/7/15,21:15:52,20.3,83.0,23.6,95.0,21.7,84.8,1023,0
2026/7/15,21:15:52,20.3,83.0,23.6,95.0,21.7,84.8,1022,0
2026/7/15,21:15:53,20.3,83.0,23.6,95.0,21.7,84.8,1023,0
2026/7/15,21:15:53,20.3,83.0,23.6,95.0,21.7,84.8,1022,0
2026/7/15,21:15:53,20.3,83.0,23.6,95.0,21.7,84.8,1023,0
2026/7/15,21:15:53,20.3,83.0,23.6,95.0,21.7,84.8,1023,0
2026/7/15,21:15:53,20.3,83.0,23.6,95.0,21.7,84.8,1022,0
2026/7/15,21:15:54,20.3,83.0,23.6,95.0,21.7,84.8,1019,0
2026/7/15,21:15:54,20.4,83.0,23.5,95.0,21.7,84.7,1022,0
2026/7/15,21:15:54,20.4,83.0,23.5,95.0,21.7,84.7,1023,0
2026/7/15,21:15:54,20.4,83.0,23.5,95.0,21.7,84.7,1023,0
2026/7/15,21:15:54,20.4,83.0,23.5,95.0,21.7,84.7,1022,0
2026/7/15,21:15:55,20.4,83.0,23.5,95.0,21.7,84.7,1019,0
2026/7/15,21:15:55,20.4,83.0,23.5,95.0,21.7,84.7,1019,0
2026/7/15,21:15:55,20.4,83.0,23.5,95.0,21.7,84.7,1019,0
2026/7/15,21:15:55,20.4,83.0,23.5,95.0,21.7,84.7,1023,0
2026/7/15,21:15:55,20.4,83.0,23.5,95.0,21.7,84.7,1023,0
2026/7/15,21:15:56,20.4,83.0,23.5,95.0,21.7,84.7,1022,0
2026/7/15,21:15:56,20.3,83.0,23.5,95.0,21.7,84.7,1022,0
2026/7/15,21:15:56,20.3,83.0,23.5,95.0,21.7,84.7,1022,0
2026/7/15,21:15:56,20.3,83.0,23.5,95.0,21.7,84.7,1023,0
2026/7/15,21:15:56,20.3,83.0,23.5,95.0,21.7,84.7,1022,0
2026/7/15,21:15:57,20.3,83.0,23.5,95.0,21.7,84.7,1023,0
2026/7/15,21:15:57,20.3,83.0,23.5,95.0,21.7,84.7,1021,0
2026/7/15,21:15:57,20.3,83.0,23.5,95.0,21.7,84.7,1023,0
2026/7/15,21:15:57,20.3,83.0,23.5,95.0,21.7,84.7,1022,0
2026/7/15,21:15:58,20.3,83.0,23.5,95.0,21.7,84.7,1022,0
2026/7/15,21:15:58,20.3,83.0,23.5,95.0,21.7,84.7,1023,0
2026/7/15,21:15:58,20.6,83.0,23.5,95.0,21.7,84.7,1023,0
2026/7/15,21:15:58,20.6,83.0,23.5,95.0,21.7,84.7,1023,0
2026/7/15,21:15:58,20.6,83.0,23.5,95.0,21.7,84.7,1023,0
2026/7/15,21:15:59,20.6,83.0,23.5,95.0,21.7,84.7,1023,0
2026/7/15,21:15:59,20.6,83.0,23.5,95.0,21.7,84.7,1022,0
2026/7/15,21:15:59,20.6,83.0,23.5,95.0,21.7,84.7,1022,0
2026/7/15,21:15:59,20.6,83.0,23.5,95.0,21.7,84.7,1023,0
2026/7/15,21:15:59,20.6,83.0,23.5,95.0,21.7,84.7,1021,0
2026/7/15,21:16:0,20.6,83.0,23.5,95.0,21.7,84.7,1023,0
2026/7/15,21:16:0,20.6,83.0,23.5,95.0,21.7,84.7,1023,0
2026/7/15,21:16:0,20.4,82.0,23.6,95.0,21.7,84.7,1022,0
2026/7/15,21:16:0,20.4,82.0,23.6,95.0,21.7,84.7,1023,0
2026/7/15,21:16:0,20.4,82.0,23.6,95.0,21.7,84.7,1023,0
2026/7/15,21:16:1,20.4,82.0,23.6,95.0,21.7,84.7,1022,0
2026/7/15,21:16:1,20.4,82.0,23.6,95.0,21.7,84.7,1021,0
2026/7/15,21:16:1,20.4,82.0,23.6,95.0,21.7,84.7,1023,0
2026/7/15,21:16:1,20.4,82.0,23.6,95.0,21.7,84.7,1019,0
2026/7/15,21:16:1,20.4,82.0,23.6,95.0,21.7,84.7,1023,0
2026/7/15,21:16:2,20.4,82.0,23.6,95.0,21.7,84.7,1019,0
2026/7/15,21:16:2,20.4,82.0,23.6,95.0,21.7,84.7,1023,0
2026/7/15,21:16:2,20.7,82.0,24.0,95.0,21.7,84.7,1023,0
2026/7/15,21:16:2,20.7,82.0,24.0,95.0,21.7,84.7,1022,0
2026/7/15,21:16:2,20.7,82.0,24.0,95.0,21.7,84.7,1023,0
2026/7/15,21:16:3,20.7,82.0,24.0,95.0,21.7,84.7,1022,0
2026/7/15,21:16:3,20.7,82.0,24.0,95.0,21.7,84.7,1021,0
2026/7/15,21:16:3,20.7,82.0,24.0,95.0,21.7,84.7,1023,0
2026/7/15,21:16:3,20.7,82.0,24.0,95.0,21.7,84.7,1022,0
2026/7/15,21:16:3,20.7,82.0,24.0,95.0,21.7,84.7,1023,0
2026/7/15,21:16:4,20.7,82.0,24.0,95.0,21.7,84.7,1023,0
2026/7/15,21:16:4,20.7,82.0,24.0,95.0,21.7,84.7,1023,0
2026/7/15,21:16:4,20.6,82.0,23.5,95.0,21.7,84.7,1022,0
2026/7/15,21:16:4,20.6,82.0,23.5,95.0,21.7,84.7,1023,0
2026/7/15,21:16:4,20.6,82.0,23.5,95.0,21.7,84.7,1022,0
2026/7/15,21:16:5,20.6,82.0,23.5,95.0,21.7,84.7,1023,0
2026/7/15,21:16:5,20.6,82.0,23.5,95.0,21.7,84.7,1023,0
2026/7/15,21:16:5,20.6,82.0,23.5,95.0,21.7,84.7,1023,0
2026/7/15,21:16:5,20.6,82.0,23.5,95.0,21.7,84.7,1023,0
2026/7/15,21:16:5,20.6,82.0,23.5,95.0,21.7,84.7,1022,0
2026/7/15,21:16:6,20.6,82.0,23.5,95.0,21.7,84.7,1022,0
2026/7/15,21:16:6,20.6,82.0,23.5,95.0,21.7,84.7,1023,0
2026/7/15,21:16:6,20.5,82.0,23.5,95.0,21.8,84.7,1023,0
2026/7/15,21:16:6,20.5,82.0,23.5,95.0,21.8,84.7,1023,0
2026/7/15,21:16:6,20.5,82.0,23.5,95.0,21.8,84.7,1022,0
2026/7/15,21:16:7,20.5,82.0,23.5,95.0,21.8,84.7,1023,0
2026/7/15,21:16:7,20.5,82.0,23.5,95.0,21.8,84.7,1023,0
2026/7/15,21:16:7,20.5,82.0,23.5,95.0,21.8,84.7,1023,0
2026/7/15,21:16:7,20.5,82.0,23.5,95.0,21.8,84.7,1022,0
2026/7/15,21:16:7,20.5,82.0,23.5,95.0,21.8,84.7,1023,0
2026/7/15,21:16:8,20.5,82.0,23.5,95.0,21.8,84.7,1022,0
2026/7/15,21:16:8,20.5,82.0,23.5,95.0,21.8,84.7,1023,0
2026/7/15,21:16:8,20.5,82.0,23.6,95.0,21.8,84.7,1022,0
2026/7/15,21:16:8,20.5,82.0,23.6,95.0,21.8,84.7,1023,0
2026/7/15,21:16:8,20.5,82.0,23.6,95.0,21.8,84.7,1023,0
2026/7/15,21:16:9,20.5,82.0,23.6,95.0,21.8,84.7,1023,0
2026/7/15,21:16:9,20.5,82.0,23.6,95.0,21.8,84.7,1022,0
2026/7/15,21:16:9,20.5,82.0,23.6,95.0,21.8,84.7,1023,0
2026/7/15,21:16:9,20.5,82.0,23.6,95.0,21.8,84.7,1023,0
2026/7/15,21:16:9,20.5,82.0,23.6,95.0,21.8,84.7,1023,0
2026/7/15,21:16:10,20.5,82.0,23.6,95.0,21.8,84.7,1021,0
2026/7/15,21:16:10,20.5,82.0,23.6,95.0,21.8,84.7,1023,0
2026/7/15,21:16:10,20.5,82.0,23.9,95.0,21.8,84.7,1023,0
2026/7/15,21:16:10,20.5,82.0,23.9,95.0,21.8,84.7,1022,0
2026/7/15,21:16:10,20.5,82.0,23.9,95.0,21.8,84.7,1023,0
2026/7/15,21:16:11,20.5,82.0,23.9,95.0,21.8,84.7,1023,0
2026/7/15,21:16:11,20.5,82.0,23.9,95.0,21.8,84.7,1023,0
2026/7/15,21:16:11,20.5,82.0,23.9,95.0,21.8,84.7,1021,0
2026/7/15,21:16:11,20.5,82.0,23.9,95.0,21.8,84.7,1023,0
2026/7/15,21:16:11,20.5,82.0,23.9,95.0,21.8,84.7,1021,0
2026/7/15,21:16:12,20.5,82.0,23.9,95.0,21.8,84.7,1023,0
2026/7/15,21:16:12,20.5,82.0,23.9,95.0,21.8,84.7,1021,0
2026/7/15,21:16:12,20.5,82.0,23.7,95.0,21.8,84.7,1022,0
2026/7/15,21:16:12,20.5,82.0,23.7,95.0,21.8,84.7,1022,0
2026/7/15,21:16:13,20.5,82.0,23.7,95.0,21.8,84.7,1022,0
2026/7/15,21:16:13,20.5,82.0,23.7,95.0,21.8,84.7,1023,0
2026/7/15,21:16:13,20.5,82.0,23.7,95.0,21.8,84.7,1021,0
2026/7/15,21:16:13,20.5,82.0,23.7,95.0,21.8,84.7,1023,0
2026/7/15,21:16:13,20.5,82.0,23.7,95.0,21.8,84.7,1023,0
2026/7/15,21:16:14,20.5,82.0,23.7,95.0,21.8,84.7,1023,0
2026/7/15,21:16:14,20.5,82.0,23.7,95.0,21.8,84.7,1022,0
2026/7/15,21:16:14,20.5,82.0,23.7,95.0,21.8,84.7,1021,0
2026/7/15,21:16:14,20.5,82.0,23.6,95.0,21.8,84.6,1022,0
2026/7/15,21:16:14,20.5,82.0,23.6,95.0,21.8,84.6,1022,0
2026/7/15,21:16:15,20.5,82.0,23.6,95.0,21.8,84.6,1023,0
2026/7/15,21:16:15,20.5,82.0,23.6,95.0,21.8,84.6,1019,0
2026/7/15,21:16:15,20.5,82.0,23.6,95.0,21.8,84.6,1023,0
2026/7/15,21:16:15,20.5,82.0,23.6,95.0,21.8,84.6,1023,0
2026/7/15,21:16:15,20.5,82.0,23.6,95.0,21.8,84.6,1023,0
2026/7/15,21:16:16,20.5,82.0,23.6,95.0,21.8,84.6,1019,0
2026/7/15,21:16:16,20.5,82.0,23.6,95.0,21.8,84.6,1023,0
2026/7/15,21:16:16,20.5,82.0,23.6,95.0,21.8,84.6,1022,0
2026/7/15,21:16:16,20.7,82.0,23.7,95.0,21.8,84.7,1023,0
2026/7/15,21:16:16,20.7,82.0,23.7,95.0,21.8,84.7,1023,0
2026/7/15,21:16:17,20.7,82.0,23.7,95.0,21.8,84.7,1021,0
2026/7/15,21:16:17,20.7,82.0,23.7,95.0,21.8,84.7,1022,0
2026/7/15,21:16:17,20.7,82.0,23.7,95.0,21.8,84.7,1023,0
2026/7/15,21:16:17,20.7,82.0,23.7,95.0,21.8,84.7,1023,0
2026/7/15,21:16:17,20.7,82.0,23.7,95.0,21.8,84.7,1023,0
2026/7/15,21:16:18,20.7,82.0,23.7,95.0,21.8,84.7,1022,0
2026/7/15,21:16:18,20.7,82.0,23.7,95.0,21.8,84.7,1021,0
2026/7/15,21:16:18,20.7,82.0,23.7,95.0,21.8,84.7,1023,0
2026/7/15,21:16:18,20.6,82.0,23.7,95.0,21.8,84.7,1022,0
2026/7/15,21:16:18,20.6,82.0,23.7,95.0,21.8,84.7,1023,0
2026/7/15,21:16:19,20.6,82.0,23.7,95.0,21.8,84.7,1023,0
2026/7/15,21:16:19,20.6,82.0,23.7,95.0,21.8,84.7,1022,0
2026/7/15,21:16:19,20.6,82.0,23.7,95.0,21.8,84.7,1023,0
2026/7/15,21:16:19,20.6,82.0,23.7,95.0,21.8,84.7,1022,0
2026/7/15,21:16:19,20.6,82.0,23.7,95.0,21.8,84.7,1022,0
2026/7/15,21:16:20,20.6,82.0,23.7,95.0,21.8,84.7,1023,0
2026/7/15,21:16:20,20.6,82.0,23.7,95.0,21.8,84.7,1019,0
2026/7/15,21:16:20,20.6,82.0,23.7,95.0,21.8,84.7,1023,0
2026/7/15,21:16:20,20.7,82.0,23.7,95.0,21.8,84.7,1023,0
2026/7/15,21:16:20,20.7,82.0,23.7,95.0,21.8,84.7,1023,0
2026/7/15,21:16:21,20.7,82.0,23.7,95.0,21.8,84.7,1023,0
2026/7/15,21:16:21,20.7,82.0,23.7,95.0,21.8,84.7,1023,0
2026/7/15,21:16:21,20.7,82.0,23.7,95.0,21.8,84.7,1022,0
2026/7/15,21:16:21,20.7,82.0,23.7,95.0,21.8,84.7,1022,0
2026/7/15,21:16:21,20.7,82.0,23.7,95.0,21.8,84.7,1022,0
2026/7/15,21:16:22,20.7,82.0,23.7,95.0,21.8,84.7,1023,0
2026/7/15,21:16:22,20.7,82.0,23.7,95.0,21.8,84.7,1023,0
2026/7/15,21:16:22,20.7,82.0,23.7,95.0,21.8,84.7,1023,0
2026/7/15,21:16:22,20.7,81.0,23.7,95.0,21.8,84.7,1022,0
2026/7/15,21:16:22,20.7,81.0,23.7,95.0,21.8,84.7,1023,0
2026/7/15,21:16:23,20.7,81.0,23.7,95.0,21.8,84.7,1023,0
2026/7/15,21:16:23,20.7,81.0,23.7,95.0,21.8,84.7,1023,0
2026/7/15,21:16:23,20.7,81.0,23.7,95.0,21.8,84.7,1019,0
2026/7/15,21:16:23,20.7,81.0,23.7,95.0,21.8,84.7,1022,0
2026/7/15,21:16:23,20.7,81.0,23.7,95.0,21.8,84.7,1021,0
2026/7/15,21:16:24,20.7,81.0,23.7,95.0,21.8,84.7,1022,0
2026/7/15,21:16:24,20.7,81.0,23.7,95.0,21.8,84.7,1023,0
2026/7/15,21:16:24,20.7,81.0,23.7,95.0,21.8,84.7,1023,0
2026/7/15,21:16:24,20.7,81.0,23.6,95.0,21.8,84.6,1022,0
2026/7/15,21:16:25,20.7,81.0,23.6,95.0,21.8,84.6,1022,0
2026/7/15,21:16:25,20.7,81.0,23.6,95.0,21.8,84.6,1022,0
2026/7/15,21:16:25,20.7,81.0,23.6,95.0,21.8,84.6,1022,0
2026/7/15,21:16:25,20.7,81.0,23.6,95.0,21.8,84.6,1022,0
2026/7/15,21:16:25,20.7,81.0,23.6,95.0,21.8,84.6,1019,0
2026/7/15,21:16:26,20.7,81.0,23.6,95.0,21.8,84.6,1023,0
2026/7/15,21:16:26,20.7,81.0,23.6,95.0,21.8,84.6,1021,0
2026/7/15,21:16:26,20.7,81.0,23.6,95.0,21.8,84.6,1023,0
2026/7/15,21:16:26,20.7,81.0,23.6,95.0,21.8,84.6,1023,0
2026/7/15,21:16:26,20.7,81.0,23.8,95.0,21.8,84.6,1023,0
2026/7/15,21:16:27,20.7,81.0,23.8,95.0,21.8,84.6,1022,0
2026/7/15,21:16:27,20.7,81.0,23.8,95.0,21.8,84.6,1023,0
2026/7/15,21:16:27,20.7,81.0,23.8,95.0,21.8,84.6,1019,0
2026/7/15,21:16:27,20.7,81.0,23.8,95.0,21.8,84.6,1019,0
2026/7/15,21:16:27,20.7,81.0,23.8,95.0,21.8,84.6,1023,0
2026/7/15,21:16:28,20.7,81.0,23.8,95.0,21.8,84.6,1023,0
2026/7/15,21:16:28,20.7,81.0,23.8,95.0,21.8,84.6,1023,0
2026/7/15,21:16:28,20.7,81.0,23.8,95.0,21.8,84.6,1023,0
2026/7/15,21:16:28,20.7,81.0,23.8,95.0,21.8,84.6,1023,0
2026/7/15,21:16:28,20.7,81.0,23.7,95.0,21.8,84.6,1023,0
2026/7/15,21:16:29,20.7,81.0,23.7,95.0,21.8,84.6,1023,0
2026/7/15,21:16:29,20.7,81.0,23.7,95.0,21.8,84.6,1023,0
2026/7/15,21:16:29,20.7,81.0,23.7,95.0,21.8,84.6,1023,0
2026/7/15,21:16:29,20.7,81.0,23.7,95.0,21.8,84.6,1022,0
2026/7/15,21:16:29,20.7,81.0,23.7,95.0,21.8,84.6,1019,0
2026/7/15,21:16:30,20.7,81.0,23.7,95.0,21.8,84.6,1022,0
2026/7/15,21:16:30,20.7,81.0,23.7,95.0,21.8,84.6,1023,0
2026/7/15,21:16:30,20.7,81.0,23.7,95.0,21.8,84.6,1022,0
2026/7/15,21:16:30,20.7,81.0,23.7,95.0,21.8,84.6,1023,0
2026/7/15,21:16:30,20.7,81.0,23.8,95.0,21.8,84.6,1022,0
2026/7/15,21:16:31,20.7,81.0,23.8,95.0,21.8,84.6,1023,0
2026/7/15,21:16:31,20.7,81.0,23.8,95.0,21.8,84.6,1022,0
2026/7/15,21:16:31,20.7,81.0,23.8,95.0,21.8,84.6,1021,0
2026/7/15,21:16:31,20.7,81.0,23.8,95.0,21.8,84.6,1023,0
2026/7/15,21:16:31,20.7,81.0,23.8,95.0,21.8,84.6,1019,0
2026/7/15,21:16:32,20.7,81.0,23.8,95.0,21.8,84.6,1023,0
2026/7/15,21:16:32,20.7,81.0,23.8,95.0,21.8,84.6,1022,0
2026/7/15,21:16:32,20.7,81.0,23.8,95.0,21.8,84.6,1023,0
2026/7/15,21:16:32,20.7,81.0,23.8,95.0,21.8,84.6,1023,0
2026/7/15,21:16:33,20.7,81.0,23.6,95.0,21.8,84.6,1023,0
2026/7/15,21:16:33,20.7,81.0,23.6,95.0,21.8,84.6,1023,0
2026/7/15,21:16:33,20.7,81.0,23.6,95.0,21.8,84.6,1022,0
2026/7/15,21:16:33,20.7,81.0,23.6,95.0,21.8,84.6,1022,0
2026/7/15,21:16:33,20.7,81.0,23.6,95.0,21.8,84.6,1023,0
2026/7/15,21:16:33,20.7,81.0,23.6,95.0,21.8,84.6,1023,0
2026/7/15,21:16:34,20.7,81.0,23.6,95.0,21.8,84.6,1023,0
2026/7/15,21:16:34,20.7,81.0,23.6,95.0,21.8,84.6,1019,0
2026/7/15,21:16:34,20.7,81.0,23.6,95.0,21.8,84.6,1019,0
2026/7/15,21:16:34,20.7,81.0,23.6,95.0,21.8,84.6,1023,0
2026/7/15,21:16:35,20.8,81.0,23.8,95.0,21.8,84.6,1023,0
2026/7/15,21:16:35,20.8,81.0,23.8,95.0,21.8,84.6,1022,0
2026/7/15,21:16:35,20.8,81.0,23.8,95.0,21.8,84.6,1023,0
2026/7/15,21:16:35,20.8,81.0,23.8,95.0,21.8,84.6,1023,0
2026/7/15,21:16:35,20.8,81.0,23.8,95.0,21.8,84.6,1022,0
2026/7/15,21:16:35,20.8,81.0,23.8,95.0,21.8,84.6,1023,0
2026/7/15,21:16:36,20.8,81.0,23.8,95.0,21.8,84.6,1021,0
2026/7/15,21:16:36,20.8,81.0,23.8,95.0,21.8,84.6,1023,0
2026/7/15,21:16:36,20.8,81.0,23.8,95.0,21.8,84.6,1023,0
2026/7/15,21:16:36,20.8,81.0,23.8,95.0,21.8,84.6,1023,0
2026/7/15,21:16:37,20.7,81.0,23.6,95.0,21.8,84.6,1023,0
2026/7/15,21:16:37,20.7,81.0,23.6,95.0,21.8,84.6,1022,0
2026/7/15,21:16:37,20.7,81.0,23.6,95.0,21.8,84.6,1021,0
2026/7/15,21:16:37,20.7,81.0,23.6,95.0,21.8,84.6,1019,0
2026/7/15,21:16:37,20.7,81.0,23.6,95.0,21.8,84.6,1023,0
2026/7/15,21:16:38,20.7,81.0,23.6,95.0,21.8,84.6,1019,0
2026/7/15,21:16:38,20.7,81.0,23.6,95.0,21.8,84.6,1023,0
2026/7/15,21:16:38,20.7,81.0,23.6,95.0,21.8,84.6,1023,0
2026/7/15,21:16:38,20.7,81.0,23.6,95.0,21.8,84.6,1023,0
2026/7/15,21:16:38,20.7,81.0,23.6,95.0,21.8,84.6,1023,0
2026/7/15,21:16:39,20.7,81.0,23.8,95.0,21.8,84.6,1022,0
2026/7/15,21:16:39,20.7,81.0,23.8,95.0,21.8,84.6,1023,0
2026/7/15,21:16:39,20.7,81.0,23.8,95.0,21.8,84.6,1023,0
2026/7/15,21:16:39,20.7,81.0,23.8,95.0,21.8,84.6,1019,0
2026/7/15,21:16:39,20.7,81.0,23.8,95.0,21.8,84.6,1023,0
2026/7/15,21:16:40,20.7,81.0,23.8,95.0,21.8,84.6,1023,0
2026/7/15,21:16:40,20.7,81.0,23.8,95.0,21.8,84.6,1023,0
2026/7/15,21:16:40,20.7,81.0,23.8,95.0,21.8,84.6,1023,0
2026/7/15,21:16:40,20.7,81.0,23.8,95.0,21.8,84.6,1023,0
2026/7/15,21:16:40,20.7,81.0,23.8,95.0,21.8,84.6,1023,0
2026/7/15,21:16:41,20.7,81.0,23.8,95.0,21.8,84.6,1022,0
2026/7/15,21:16:41,20.7,81.0,23.8,95.0,21.8,84.6,1023,0
2026/7/15,21:16:41,20.7,81.0,23.8,95.0,21.8,84.6,1023,0
2026/7/15,21:16:41,20.7,81.0,23.8,95.0,21.8,84.6,1023,0
2026/7/15,21:16:41,20.7,81.0,23.8,95.0,21.8,84.6,1022,0
2026/7/15,21:16:42,20.7,81.0,23.8,95.0,21.8,84.6,1021,0
2026/7/15,21:16:42,20.7,81.0,23.8,95.0,21.8,84.6,1023,0
2026/7/15,21:16:42,20.7,81.0,23.8,95.0,21.8,84.6,1023,0
2026/7/15,21:16:42,20.7,81.0,23.8,95.0,21.8,84.6,1022,0
2026/7/15,21:16:42,20.7,81.0,23.8,95.0,21.8,84.6,1023,0
2026/7/15,21:16:43,20.6,81.0,23.9,95.0,21.8,84.6,1022,0
2026/7/15,21:16:43,20.6,81.0,23.9,95.0,21.8,84.6,1023,0
2026/7/15,21:16:43,20.6,81.0,23.9,95.0,21.8,84.6,1023,0
2026/7/15,21:16:43,20.6,81.0,23.9,95.0,21.8,84.6,1023,0
2026/7/15,21:16:43,20.6,81.0,23.9,95.0,21.8,84.6,1022,0
2026/7/15,21:16:44,20.6,81.0,23.9,95.0,21.8,84.6,1019,0
2026/7/15,21:16:44,20.6,81.0,23.9,95.0,21.8,84.6,1022,0
2026/7/15,21:16:44,20.6,81.0,23.9,95.0,21.8,84.6,1019,0
2026/7/15,21:16:44,20.6,81.0,23.9,95.0,21.8,84.6,1023,0
2026/7/15,21:16:44,20.6,81.0,23.9,95.0,21.8,84.6,1021,0
2026/7/15,21:16:45,20.7,81.0,23.9,95.0,21.8,84.6,1023,0
2026/7/15,21:16:45,20.7,81.0,23.9,95.0,21.8,84.6,1023,0
2026/7/15,21:16:45,20.7,81.0,23.9,95.0,21.8,84.6,1023,0
2026/7/15,21:16:45,20.7,81.0,23.9,95.0,21.8,84.6,1023,0
2026/7/15,21:16:45,20.7,81.0,23.9,95.0,21.8,84.6,1023,0
2026/7/15,21:16:46,20.7,81.0,23.9,95.0,21.8,84.6,1021,0
2026/7/15,21:16:46,20.7,81.0,23.9,95.0,21.8,84.6,1023,0
2026/7/15,21:16:46,20.7,81.0,23.9,95.0,21.8,84.6,1023,0
2026/7/15,21:16:46,20.7,81.0,23.9,95.0,21.8,84.6,1023,0
2026/7/15,21:16:46,20.7,81.0,23.9,95.0,21.8,84.6,1022,0
2026/7/15,21:16:47,20.6,81.0,23.7,95.0,21.8,84.6,1022,0
2026/7/15,21:16:47,20.6,81.0,23.7,95.0,21.8,84.6,1022,0
2026/7/15,21:16:47,20.6,81.0,23.7,95.0,21.8,84.6,1022,0
2026/7/15,21:16:47,20.6,81.0,23.7,95.0,21.8,84.6,1019,0
2026/7/15,21:16:48,20.6,81.0,23.7,95.0,21.8,84.6,1019,0
2026/7/15,21:16:48,20.6,81.0,23.7,95.0,21.8,84.6,1023,0
2026/7/15,21:16:48,20.6,81.0,23.7,95.0,21.8,84.6,1021,0
2026/7/15,21:16:48,20.6,81.0,23.7,95.0,21.8,84.6,1022,0
2026/7/15,21:16:48,20.6,81.0,23.7,95.0,21.8,84.6,1021,0
2026/7/15,21:16:49,20.6,81.0,23.7,95.0,21.8,84.6,1021,0
2026/7/15,21:16:49,20.6,81.0,23.9,95.0,21.8,84.6,1022,0
2026/7/15,21:16:49,20.6,81.0,23.9,95.0,21.8,84.6,1022,0
2026/7/15,21:16:49,20.6,81.0,23.9,95.0,21.8,84.6,1022,0
2026/7/15,21:16:49,20.6,81.0,23.9,95.0,21.8,84.6,1023,0
2026/7/15,21:16:50,20.6,81.0,23.9,95.0,21.8,84.6,1022,0
2026/7/15,21:16:50,20.6,81.0,23.9,95.0,21.8,84.6,1023,0
2026/7/15,21:16:50,20.6,81.0,23.9,95.0,21.8,84.6,1023,0
2026/7/15,21:16:50,20.6,81.0,23.9,95.0,21.8,84.6,1022,0
2026/7/15,21:16:50,20.6,81.0,23.9,95.0,21.8,84.6,1023,0
2026/7/15,21:16:51,20.6,81.0,23.9,95.0,21.8,84.6,1022,0
2026/7/15,21:16:51,20.6,81.0,23.6,95.0,21.8,84.6,1022,0
2026/7/15,21:16:51,20.6,81.0,23.6,95.0,21.8,84.6,1023,0
2026/7/15,21:16:51,20.6,81.0,23.6,95.0,21.8,84.6,1023,0
2026/7/15,21:16:51,20.6,81.0,23.6,95.0,21.8,84.6,1022,0
2026/7/15,21:16:52,20.6,81.0,23.6,95.0,21.8,84.6,1023,0
2026/7/15,21:16:52,20.6,81.0,23.6,95.0,21.8,84.6,1022,0
2026/7/15,21:16:52,20.6,81.0,23.6,95.0,21.8,84.6,1023,0
2026/7/15,21:16:52,20.6,81.0,23.6,95.0,21.8,84.6,1023,0
2026/7/15,21:16:52,20.6,81.0,23.6,95.0,21.8,84.6,1023,0
2026/7/15,21:16:53,20.6,81.0,23.6,95.0,21.8,84.6,1021,0
2026/7/15,21:16:53,20.7,81.0,23.7,95.0,21.8,84.6,1022,0
2026/7/15,21:16:53,20.7,81.0,23.7,95.0,21.8,84.6,1023,0
2026/7/15,21:16:53,20.7,81.0,23.7,95.0,21.8,84.6,1022,0
2026/7/15,21:16:53,20.7,81.0,23.7,95.0,21.8,84.6,1023,0
2026/7/15,21:16:54,20.7,81.0,23.7,95.0,21.8,84.6,1023,0
2026/7/15,21:16:54,20.7,81.0,23.7,95.0,21.8,84.6,1023,0
2026/7/15,21:16:54,20.7,81.0,23.7,95.0,21.8,84.6,1023,0
2026/7/15,21:16:54,20.7,81.0,23.7,95.0,21.8,84.6,1023,0
2026/7/15,21:16:54,20.7,81.0,23.7,95.0,21.8,84.6,1023,0
2026/7/15,21:16:55,20.7,81.0,23.7,95.0,21.8,84.6,1022,0
2026/7/15,21:16:55,20.7,81.0,24.1,95.0,21.8,84.5,1022,0
2026/7/15,21:16:55,20.7,81.0,24.1,95.0,21.8,84.5,1023,0
2026/7/15,21:16:55,20.7,81.0,24.1,95.0,21.8,84.5,1023,0
2026/7/15,21:16:55,20.7,81.0,24.1,95.0,21.8,84.5,1019,0
2026/7/15,21:16:56,20.7,81.0,24.1,95.0,21.8,84.5,1022,0
2026/7/15,21:16:56,20.7,81.0,24.1,95.0,21.8,84.5,1022,0
2026/7/15,21:16:56,20.7,81.0,24.1,95.0,21.8,84.5,1023,0
2026/7/15,21:16:56,20.7,81.0,24.1,95.0,21.8,84.5,1023,0
2026/7/15,21:16:56,20.7,81.0,24.1,95.0,21.8,84.5,1019,0
2026/7/15,21:16:57,20.7,81.0,24.1,95.0,21.8,84.5,1023,0
2026/7/15,21:16:57,20.8,81.0,24.0,95.0,21.8,84.6,1022,0
2026/7/15,21:16:57,20.8,81.0,24.0,95.0,21.8,84.6,1022,0
2026/7/15,21:16:57,20.8,81.0,24.0,95.0,21.8,84.6,1023,0
2026/7/15,21:16:57,20.8,81.0,24.0,95.0,21.8,84.6,1022,0
2026/7/15,21:16:58,20.8,81.0,24.0,95.0,21.8,84.6,1023,0
2026/7/15,21:16:58,20.8,81.0,24.0,95.0,21.8,84.6,1023,0
2026/7/15,21:16:58,20.8,81.0,24.0,95.0,21.8,84.6,1021,0
2026/7/15,21:16:58,20.8,81.0,24.0,95.0,21.8,84.6,1019,0
2026/7/15,21:16:58,20.8,81.0,24.0,95.0,21.8,84.6,1023,0
2026/7/15,21:16:59,20.8,81.0,24.0,95.0,21.8,84.6,1021,0
2026/7/15,21:16:59,20.7,81.0,23.8,95.0,21.8,84.6,1023,0
2026/7/15,21:16:59,20.7,81.0,23.8,95.0,21.8,84.6,1022,0
2026/7/15,21:16:59,20.7,81.0,23.8,95.0,21.8,84.6,1023,0
2026/7/15,21:17:0,20.7,81.0,23.8,95.0,21.8,84.6,1022,0
2026/7/15,21:17:0,20.7,81.0,23.8,95.0,21.8,84.6,1023,0
2026/7/15,21:17:0,20.7,81.0,23.8,95.0,21.8,84.6,1019,0
2026/7/15,21:17:0,20.7,81.0,23.8,95.0,21.8,84.6,1023,0
2026/7/15,21:17:0,20.7,81.0,23.8,95.0,21.8,84.6,1019,0
2026/7/15,21:17:1,20.7,81.0,23.8,95.0,21.8,84.6,1022,0
2026/7/15,21:17:1,20.7,81.0,23.8,95.0,21.8,84.6,1023,0
2026/7/15,21:17:1,20.7,81.0,23.8,95.0,21.8,84.6,1023,0
2026/7/15,21:17:1,20.7,81.0,23.8,95.0,21.8,84.6,1023,0
2026/7/15,21:17:1,20.7,81.0,23.8,95.0,21.8,84.6,1022,0
2026/7/15,21:17:2,20.7,81.0,23.8,95.0,21.8,84.6,1023,0
2026/7/15,21:17:2,20.7,81.0,23.8,95.0,21.8,84.6,1023,0
2026/7/15,21:17:2,20.7,81.0,23.8,95.0,21.8,84.6,1022,0
2026/7/15,21:17:2,20.7,81.0,23.8,95.0,21.8,84.6,1019,0
2026/7/15,21:17:2,20.7,81.0,23.8,95.0,21.8,84.6,1019,0
2026/7/15,21:17:3,20.7,81.0,23.8,95.0,21.8,84.6,1023,0
2026/7/15,21:17:3,20.7,81.0,23.8,95.0,21.8,84.6,1023,0
2026/7/15,21:17:3,20.7,81.0,23.8,95.0,21.8,84.5,1023,0
2026/7/15,21:17:3,20.7,81.0,23.8,95.0,21.8,84.5,1022,0
2026/7/15,21:17:3,20.7,81.0,23.8,95.0,21.8,84.5,1023,0
2026/7/15,21:17:4,20.7,81.0,23.8,95.0,21.8,84.5,1019,0
2026/7/15,21:17:4,20.7,81.0,23.8,95.0,21.8,84.5,1023,0
2026/7/15,21:17:4,20.7,81.0,23.8,95.0,21.8,84.5,1023,0
2026/7/15,21:17:4,20.7,81.0,23.8,95.0,21.8,84.5,1019,0
2026/7/15,21:17:4,20.7,81.0,23.8,95.0,21.8,84.5,1023,0
2026/7/15,21:17:5,20.7,81.0,23.8,95.0,21.8,84.5,1022,0
2026/7/15,21:17:5,20.7,81.0,23.8,95.0,21.8,84.5,1022,0
2026/7/15,21:17:5,20.7,81.0,23.8,95.0,21.8,84.5,1022,0
2026/7/15,21:17:5,20.7,81.0,23.8,95.0,21.8,84.5,1023,0
2026/7/15,21:17:5,20.7,81.0,23.8,95.0,21.8,84.5,1022,0
2026/7/15,21:17:6,20.7,81.0,23.8,95.0,21.8,84.5,1021,0
2026/7/15,21:17:6,20.7,81.0,23.8,95.0,21.8,84.5,1022,0
2026/7/15,21:17:6,20.7,81.0,23.8,95.0,21.8,84.5,1021,0
2026/7/15,21:17:6,20.7,81.0,23.8,95.0,21.8,84.5,1022,0
2026/7/15,21:17:6,20.7,81.0,23.8,95.0,21.8,84.5,1022,0
2026/7/15,21:17:7,20.7,81.0,23.8,95.0,21.8,84.5,1019,0
2026/7/15,21:17:7,20.7,81.0,23.8,95.0,21.8,84.5,1019,0
2026/7/15,21:17:7,20.7,81.0,23.8,95.0,21.8,84.5,1022,0
2026/7/15,21:17:7,20.7,81.0,23.8,95.0,21.8,84.5,1023,0
2026/7/15,21:17:7,20.7,81.0,23.8,95.0,21.8,84.5,1022,0
2026/7/15,21:17:8,20.7,81.0,23.8,95.0,21.8,84.5,1023,0
2026/7/15,21:17:8,20.7,81.0,23.8,95.0,21.8,84.5,1023,0
2026/7/15,21:17:8,20.7,81.0,23.8,95.0,21.8,84.5,1019,0
2026/7/15,21:17:8,20.7,81.0,23.8,95.0,21.8,84.5,1023,0
2026/7/15,21:17:8,20.7,81.0,23.8,95.0,21.8,84.5,1019,0
2026/7/15,21:17:9,20.7,81.0,23.8,95.0,21.8,84.5,1021,0
2026/7/15,21:17:9,20.7,81.0,23.8,95.0,21.8,84.5,1021,0
2026/7/15,21:17:9,20.7,81.0,23.9,95.0,21.8,84.5,1023,0
2026/7/15,21:17:9,20.7,81.0,23.9,95.0,21.8,84.5,1022,0
2026/7/15,21:17:9,20.7,81.0,23.9,95.0,21.8,84.5,1022,0
2026/7/15,21:17:10,20.7,81.0,23.9,95.0,21.8,84.5,1023,0
2026/7/15,21:17:10,20.7,81.0,23.9,95.0,21.8,84.5,1023,0
2026/7/15,21:17:10,20.7,81.0,23.9,95.0,21.8,84.5,1023,0
2026/7/15,21:17:10,20.7,81.0,23.9,95.0,21.8,84.5,1023,0
2026/7/15,21:17:10,20.7,81.0,23.9,95.0,21.8,84.5,1023,0
2026/7/15,21:17:11,20.7,81.0,23.9,95.0,21.8,84.5,1023,0
2026/7/15,21:17:11,20.7,81.0,23.9,95.0,21.8,84.5,1022,0
2026/7/15,21:17:11,20.7,81.0,23.9,95.0,21.9,84.5,1023,0
2026/7/15,21:17:11,20.7,81.0,23.9,95.0,21.9,84.5,1023,0
2026/7/15,21:17:11,20.7,81.0,23.9,95.0,21.9,84.5,1023,0
2026/7/15,21:17:12,20.7,81.0,23.9,95.0,21.9,84.5,1023,0
2026/7/15,21:17:12,20.7,81.0,23.9,95.0,21.9,84.5,1023,0
2026/7/15,21:17:12,20.7,81.0,23.9,95.0,21.9,84.5,1023,0
2026/7/15,21:17:12,20.7,81.0,23.9,95.0,21.9,84.5,1023,0
2026/7/15,21:17:12,20.7,81.0,23.9,95.0,21.9,84.5,1022,0
2026/7/15,21:17:13,20.7,81.0,23.9,95.0,21.9,84.5,1019,0
2026/7/15,21:17:13,20.7,81.0,23.9,95.0,21.9,84.5,1023,0
2026/7/15,21:17:13,20.8,81.0,24.0,95.0,21.8,84.5,1022,0
2026/7/15,21:17:13,20.8,81.0,24.0,95.0,21.8,84.5,1022,0
2026/7/15,21:17:13,20.8,81.0,24.0,95.0,21.8,84.5,1023,0
2026/7/15,21:17:14,20.8,81.0,24.0,95.0,21.8,84.5,1023,0
2026/7/15,21:17:14,20.8,81.0,24.0,95.0,21.8,84.5,1021,0
2026/7/15,21:17:14,20.8,81.0,24.0,95.0,21.8,84.5,1023,0
2026/7/15,21:17:14,20.8,81.0,24.0,95.0,21.8,84.5,1023,0
2026/7/15,21:17:15,20.8,81.0,24.0,95.0,21.8,84.5,1023,0
2026/7/15,21:17:15,20.8,81.0,24.0,95.0,21.8,84.5,1023,0
2026/7/15,21:17:15,20.8,81.0,24.0,95.0,21.8,84.5,1022,0
2026/7/15,21:17:15,20.8,81.0,23.9,95.0,21.9,84.5,1021,0
2026/7/15,21:17:15,20.8,81.0,23.9,95.0,21.9,84.5,1022,0
2026/7/15,21:17:16,20.8,81.0,23.9,95.0,21.9,84.5,1023,0
2026/7/15,21:17:16,20.8,81.0,23.9,95.0,21.9,84.5,1023,0
2026/7/15,21:17:16,20.8,81.0,23.9,95.0,21.9,84.5,1022,0
2026/7/15,21:17:16,20.8,81.0,23.9,95.0,21.9,84.5,1023,0
2026/7/15,21:17:16,20.8,81.0,23.9,95.0,21.9,84.5,1022,0
2026/7/15,21:17:17,20.8,81.0,23.9,95.0,21.9,84.5,1023,0
2026/7/15,21:17:17,20.8,81.0,23.9,95.0,21.9,84.5,1023,0
2026/7/15,21:17:17,20.8,81.0,23.9,95.0,21.9,84.5,1021,0
2026/7/15,21:17:17,20.9,81.0,23.9,95.0,21.8,84.5,1023,0
2026/7/15,21:17:17,20.9,81.0,23.9,95.0,21.8,84.5,1023,0
2026/7/15,21:17:18,20.9,81.0,23.9,95.0,21.8,84.5,1022,0
2026/7/15,21:17:18,20.9,81.0,23.9,95.0,21.8,84.5,1021,0
2026/7/15,21:17:18,20.9,81.0,23.9,95.0,21.8,84.5,1022,0
2026/7/15,21:17:18,20.9,81.0,23.9,95.0,21.8,84.5,1023,0
2026/7/15,21:17:18,20.9,81.0,23.9,95.0,21.8,84.5,1022,0
2026/7/15,21:17:19,20.9,81.0,23.9,95.0,21.8,84.5,1022,0
2026/7/15,21:17:19,20.9,81.0,23.9,95.0,21.8,84.5,1023,0
2026/7/15,21:17:19,20.9,81.0,23.9,95.0,21.8,84.5,1022,0
2026/7/15,21:17:19,20.8,81.0,23.9,95.0,21.9,84.5,1023,0
2026/7/15,21:17:19,20.8,81.0,23.9,95.0,21.9,84.5,1023,0
2026/7/15,21:17:20,20.8,81.0,23.9,95.0,21.9,84.5,1023,0
2026/7/15,21:17:20,20.8,81.0,23.9,95.0,21.9,84.5,1023,0
2026/7/15,21:17:20,20.8,81.0,23.9,95.0,21.9,84.5,1022,0
2026/7/15,21:17:20,20.8,81.0,23.9,95.0,21.9,84.5,1021,0
2026/7/15,21:17:20,20.8,81.0,23.9,95.0,21.9,84.5,1022,0
2026/7/15,21:17:21,20.8,81.0,23.9,95.0,21.9,84.5,1023,0
2026/7/15,21:17:21,20.8,81.0,23.9,95.0,21.9,84.5,1023,0
2026/7/15,21:17:21,20.8,81.0,23.9,95.0,21.9,84.5,1019,0
2026/7/15,21:17:21,20.7,82.0,23.9,95.0,21.9,84.5,1023,0
2026/7/15,21:17:21,20.7,82.0,23.9,95.0,21.9,84.5,1023,0
2026/7/15,21:17:22,20.7,82.0,23.9,95.0,21.9,84.5,1023,0
2026/7/15,21:17:22,20.7,82.0,23.9,95.0,21.9,84.5,1023,0
2026/7/15,21:17:22,20.7,82.0,23.9,95.0,21.9,84.5,1023,0
2026/7/15,21:17:22,20.7,82.0,23.9,95.0,21.9,84.5,1023,0
2026/7/15,21:17:22,20.7,82.0,23.9,95.0,21.9,84.5,1023,0
2026/7/15,21:17:23,20.7,82.0,23.9,95.0,21.9,84.5,1023,0
2026/7/15,21:17:23,20.7,82.0,23.9,95.0,21.9,84.5,1021,0
2026/7/15,21:17:23,20.7,82.0,23.9,95.0,21.9,84.5,1022,0
2026/7/15,21:17:23,20.7,82.0,23.9,95.0,21.9,84.5,1021,0
2026/7/15,21:17:23,20.7,82.0,23.9,95.0,21.9,84.5,1023,0
2026/7/15,21:17:24,20.7,82.0,23.9,95.0,21.9,84.5,1023,0
2026/7/15,21:17:24,20.7,82.0,23.9,95.0,21.9,84.5,1022,0
2026/7/15,21:17:24,20.7,82.0,23.9,95.0,21.9,84.5,1023,0
2026/7/15,21:17:24,20.7,82.0,23.9,95.0,21.9,84.5,1022,0
2026/7/15,21:17:24,20.7,82.0,23.9,95.0,21.9,84.5,1023,0
2026/7/15,21:17:25,20.7,82.0,23.9,95.0,21.9,84.5,1023,0
2026/7/15,21:17:25,20.7,82.0,23.9,95.0,21.9,84.5,1023,0
2026/7/15,21:17:25,20.7,82.0,23.9,95.0,21.9,84.5,1022,0
2026/7/15,21:17:25,20.8,82.0,23.8,95.0,21.8,84.4,1023,0
2026/7/15,21:17:25,20.8,82.0,23.8,95.0,21.8,84.4,1023,0
2026/7/15,21:17:26,20.8,82.0,23.8,95.0,21.8,84.4,1023,0
2026/7/15,21:17:26,20.8,82.0,23.8,95.0,21.8,84.4,1021,0
2026/7/15,21:17:26,20.8,82.0,23.8,95.0,21.8,84.4,1023,0
2026/7/15,21:17:26,20.8,82.0,23.8,95.0,21.8,84.4,1023,0
2026/7/15,21:17:27,20.8,82.0,23.8,95.0,21.8,84.4,1023,0
2026/7/15,21:17:27,20.8,82.0,23.8,95.0,21.8,84.4,1022,0
2026/7/15,21:17:27,20.8,82.0,23.8,95.0,21.8,84.4,1022,0
2026/7/15,21:17:27,20.8,82.0,23.8,95.0,21.8,84.4,1023,0
2026/7/15,21:17:27,20.7,82.0,23.8,95.0,21.9,84.5,1022,0
2026/7/15,21:17:28,20.7,82.0,23.8,95.0,21.9,84.5,1023,0
2026/7/15,21:17:28,20.7,82.0,23.8,95.0,21.9,84.5,1023,0
2026/7/15,21:17:28,20.7,82.0,23.8,95.0,21.9,84.5,1022,0
2026/7/15,21:17:28,20.7,82.0,23.8,95.0,21.9,84.5,1023,0
2026/7/15,21:17:28,20.7,82.0,23.8,95.0,21.9,84.5,1022,0
2026/7/15,21:17:29,20.7,82.0,23.8,95.0,21.9,84.5,1023,0
2026/7/15,21:17:29,20.7,82.0,23.8,95.0,21.9,84.5,1022,0
2026/7/15,21:17:29,20.7,82.0,23.8,95.0,21.9,84.5,1022,0
2026/7/15,21:17:29,20.7,82.0,23.8,95.0,21.9,84.5,1023,0
2026/7/15,21:17:29,20.7,82.0,23.8,95.0,21.9,84.4,1022,0
2026/7/15,21:17:30,20.7,82.0,23.8,95.0,21.9,84.4,1023,0
2026/7/15,21:17:30,20.7,82.0,23.8,95.0,21.9,84.4,1022,0
2026/7/15,21:17:30,20.7,82.0,23.8,95.0,21.9,84.4,1023,0
2026/7/15,21:17:30,20.7,82.0,23.8,95.0,21.9,84.4,1023,0
2026/7/15,21:17:30,20.7,82.0,23.8,95.0,21.9,84.4,1021,0
2026/7/15,21:17:31,20.7,82.0,23.8,95.0,21.9,84.4,1023,0
2026/7/15,21:17:31,20.7,82.0,23.8,95.0,21.9,84.4,1023,0
2026/7/15,21:17:31,20.7,82.0,23.8,95.0,21.9,84.4,1019,0
2026/7/15,21:17:31,20.7,82.0,23.8,95.0,21.9,84.4,1023,0
2026/7/15,21:17:31,20.8,82.0,23.8,95.0,21.9,84.5,1023,0
2026/7/15,21:17:32,20.8,82.0,23.8,95.0,21.9,84.5,1023,0
2026/7/15,21:17:32,20.8,82.0,23.8,95.0,21.9,84.5,1023,0
2026/7/15,21:17:32,20.8,82.0,23.8,95.0,21.9,84.5,1023,0
2026/7/15,21:17:32,20.8,82.0,23.8,95.0,21.9,84.5,1021,0
2026/7/15,21:17:32,20.8,82.0,23.8,95.0,21.9,84.5,1022,0
2026/7/15,21:17:33,20.8,82.0,23.8,95.0,21.9,84.5,1022,0
2026/7/15,21:17:33,20.8,82.0,23.8,95.0,21.9,84.5,1023,0
2026/7/15,21:17:33,20.8,82.0,23.8,95.0,21.9,84.5,1023,0
2026/7/15,21:17:33,20.8,82.0,23.8,95.0,21.9,84.5,1022,0
2026/7/15,21:17:33,20.8,82.0,24.1,95.0,21.9,84.5,1023,0
2026/7/15,21:17:34,20.8,82.0,24.1,95.0,21.9,84.5,1023,0
2026/7/15,21:17:34,20.8,82.0,24.1,95.0,21.9,84.5,1023,0
2026/7/15,21:17:34,20.8,82.0,24.1,95.0,21.9,84.5,1023,0
2026/7/15,21:17:34,20.8,82.0,24.1,95.0,21.9,84.5,1021,0
2026/7/15,21:17:34,20.8,82.0,24.1,95.0,21.9,84.5,1023,0
2026/7/15,21:17:35,20.8,82.0,24.1,95.0,21.9,84.5,1023,0
2026/7/15,21:17:35,20.8,82.0,24.1,95.0,21.9,84.5,1019,0
2026/7/15,21:17:35,20.8,82.0,24.1,95.0,21.9,84.5,1023,0
2026/7/15,21:17:35,20.8,82.0,24.1,95.0,21.9,84.5,1021,0
2026/7/15,21:17:36,20.7,82.0,23.9,95.0,21.9,84.4,1023,0
2026/7/15,21:17:36,20.7,82.0,23.9,95.0,21.9,84.4,1023,0
2026/7/15,21:17:36,20.7,82.0,23.9,95.0,21.9,84.4,1022,0
2026/7/15,21:17:36,20.7,82.0,23.9,95.0,21.9,84.4,1023,0
2026/7/15,21:17:36,20.7,82.0,23.9,95.0,21.9,84.4,1023,0
2026/7/15,21:17:36,20.7,82.0,23.9,95.0,21.9,84.4,1022,0
2026/7/15,21:17:37,20.7,82.0,23.9,95.0,21.9,84.4,1022,0
2026/7/15,21:17:37,20.7,82.0,23.9,95.0,21.9,84.4,1022,0
2026/7/15,21:17:37,20.7,82.0,23.9,95.0,21.9,84.4,1023,0
2026/7/15,21:17:37,20.7,82.0,23.9,95.0,21.9,84.4,1023,0
2026/7/15,21:17:38,20.7,82.0,23.7,95.0,21.9,84.5,1022,0
2026/7/15,21:17:38,20.7,82.0,23.7,95.0,21.9,84.5,1023,0
2026/7/15,21:17:38,20.7,82.0,23.7,95.0,21.9,84.5,1023,0
2026/7/15,21:17:38,20.7,82.0,23.7,95.0,21.9,84.5,1022,0
2026/7/15,21:17:38,20.7,82.0,23.7,95.0,21.9,84.5,1023,0
2026/7/15,21:17:39,20.7,82.0,23.7,95.0,21.9,84.5,1023,0
2026/7/15,21:17:39,20.7,82.0,23.7,95.0,21.9,84.5,1023,0
2026/7/15,21:17:39,20.7,82.0,23.7,95.0,21.9,84.5,1019,0
2026/7/15,21:17:39,20.7,82.0,23.7,95.0,21.9,84.5,1022,0
2026/7/15,21:17:39,20.7,82.0,23.7,95.0,21.9,84.5,1023,0
2026/7/15,21:17:40,20.8,82.0,24.0,95.0,21.9,84.5,1021,0
2026/7/15,21:17:40,20.8,82.0,24.0,95.0,21.9,84.5,1023,0
2026/7/15,21:17:40,20.8,82.0,24.0,95.0,21.9,84.5,1023,0
2026/7/15,21:17:40,20.8,82.0,24.0,95.0,21.9,84.5,1022,0
2026/7/15,21:17:40,20.8,82.0,24.0,95.0,21.9,84.5,1021,0
2026/7/15,21:17:41,20.8,82.0,24.0,95.0,21.9,84.5,1019,0
2026/7/15,21:17:41,20.8,82.0,24.0,95.0,21.9,84.5,1023,0
2026/7/15,21:17:41,20.8,82.0,24.0,95.0,21.9,84.5,1023,0
2026/7/15,21:17:41,20.8,82.0,24.0,95.0,21.9,84.5,1019,0
2026/7/15,21:17:41,20.8,82.0,24.0,95.0,21.9,84.5,1022,0
2026/7/15,21:17:42,20.8,82.0,24.1,95.0,21.9,84.4,1022,0
2026/7/15,21:17:42,20.8,82.0,24.1,95.0,21.9,84.4,1022,0
2026/7/15,21:17:42,20.8,82.0,24.1,95.0,21.9,84.4,1022,0
2026/7/15,21:17:42,20.8,82.0,24.1,95.0,21.9,84.4,1022,0
2026/7/15,21:17:42,20.8,82.0,24.1,95.0,21.9,84.4,1021,0
2026/7/15,21:17:43,20.8,82.0,24.1,95.0,21.9,84.4,1022,0
2026/7/15,21:17:43,20.8,82.0,24.1,95.0,21.9,84.4,1022,0
2026/7/15,21:17:43,20.8,82.0,24.1,95.0,21.9,84.4,1023,0
2026/7/15,21:17:43,20.8,82.0,24.1,95.0,21.9,84.4,1023,0
2026/7/15,21:17:43,20.8,82.0,24.1,95.0,21.9,84.4,1019,0
2026/7/15,21:17:44,20.7,82.0,24.0,95.0,21.9,84.4,1022,0
2026/7/15,21:17:44,20.7,82.0,24.0,95.0,21.9,84.4,1022,0
2026/7/15,21:17:44,20.7,82.0,24.0,95.0,21.9,84.4,1023,0
2026/7/15,21:17:44,20.7,82.0,24.0,95.0,21.9,84.4,1019,0
2026/7/15,21:17:44,20.7,82.0,24.0,95.0,21.9,84.4,1019,0
2026/7/15,21:17:45,20.7,82.0,24.0,95.0,21.9,84.4,1019,0
2026/7/15,21:17:45,20.7,82.0,24.0,95.0,21.9,84.4,1023,0
2026/7/15,21:17:45,20.7,82.0,24.0,95.0,21.9,84.4,1023,0
2026/7/15,21:17:45,20.7,82.0,24.0,95.0,21.9,84.4,1022,0
2026/7/15,21:17:45,20.7,82.0,24.0,95.0,21.9,84.4,1023,0
2026/7/15,21:17:46,20.7,82.0,23.8,95.0,21.9,84.5,1022,0
2026/7/15,21:17:46,20.7,82.0,23.8,95.0,21.9,84.5,1023,0
2026/7/15,21:17:46,20.7,82.0,23.8,95.0,21.9,84.5,1022,0
2026/7/15,21:17:46,20.7,82.0,23.8,95.0,21.9,84.5,1023,0
2026/7/15,21:17:46,20.7,82.0,23.8,95.0,21.9,84.5,1022,0
2026/7/15,21:17:47,20.7,82.0,23.8,95.0,21.9,84.5,1023,0
2026/7/15,21:17:47,20.7,82.0,23.8,95.0,21.9,84.5,1023,0
2026/7/15,21:17:47,20.7,82.0,23.8,95.0,21.9,84.5,1021,0
2026/7/15,21:17:47,20.7,82.0,23.8,95.0,21.9,84.5,1023,0
2026/7/15,21:17:47,20.7,82.0,23.8,95.0,21.9,84.5,1022,0
2026/7/15,21:17:48,20.8,82.0,23.8,95.0,21.9,84.4,1022,0
2026/7/15,21:17:48,20.8,82.0,23.8,95.0,21.9,84.4,1023,0
2026/7/15,21:17:48,20.8,82.0,23.8,95.0,21.9,84.4,1022,0
2026/7/15,21:17:48,20.8,82.0,23.8,95.0,21.9,84.4,1019,0
2026/7/15,21:17:48,20.8,82.0,23.8,95.0,21.9,84.4,1019,0
2026/7/15,21:17:49,20.8,82.0,23.8,95.0,21.9,84.4,1023,0
2026/7/15,21:17:49,20.8,82.0,23.8,95.0,21.9,84.4,1022,0
2026/7/15,21:17:49,20.8,82.0,23.8,95.0,21.9,84.4,1019,0
2026/7/15,21:17:49,20.8,82.0,23.8,95.0,21.9,84.4,1023,0
2026/7/15,21:17:49,20.8,82.0,23.8,95.0,21.9,84.4,1021,0
2026/7/15,21:17:50,20.8,82.0,24.2,95.0,21.8,84.4,1023,0
2026/7/15,21:17:50,20.8,82.0,24.2,95.0,21.8,84.4,1022,0
2026/7/15,21:17:50,20.8,82.0,24.2,95.0,21.8,84.4,1023,0
2026/7/15,21:17:50,20.8,82.0,24.2,95.0,21.8,84.4,1023,0
2026/7/15,21:17:51,20.8,82.0,24.2,95.0,21.8,84.4,1023,0
2026/7/15,21:17:51,20.8,82.0,24.2,95.0,21.8,84.4,1022,0
2026/7/15,21:17:51,20.8,82.0,24.2,95.0,21.8,84.4,1023,0
2026/7/15,21:17:51,20.8,82.0,24.2,95.0,21.8,84.4,1021,0
2026/7/15,21:17:51,20.8,82.0,24.2,95.0,21.8,84.4,1023,0
2026/7/15,21:17:52,20.8,82.0,24.2,95.0,21.8,84.4,1023,0
2026/7/15,21:17:52,20.8,82.0,24.0,95.0,21.9,84.4,1023,0
2026/7/15,21:17:52,20.8,82.0,24.0,95.0,21.9,84.4,1023,0
2026/7/15,21:17:52,20.8,82.0,24.0,95.0,21.9,84.4,1022,0
2026/7/15,21:17:52,20.8,82.0,24.0,95.0,21.9,84.4,1022,0
2026/7/15,21:17:53,20.8,82.0,24.0,95.0,21.9,84.4,1022,0
2026/7/15,21:17:53,20.8,82.0,24.0,95.0,21.9,84.4,1022,0
2026/7/15,21:17:53,20.8,82.0,24.0,95.0,21.9,84.4,1022,0
2026/7/15,21:17:53,20.8,82.0,24.0,95.0,21.9,84.4,1022,0
2026/7/15,21:17:53,20.8,82.0,24.0,95.0,21.9,84.4,1023,0
2026/7/15,21:17:54,20.8,82.0,24.0,95.0,21.9,84.4,1022,0
2026/7/15,21:17:54,20.8,82.0,23.9,95.0,21.9,84.4,1023,0
2026/7/15,21:17:54,20.8,82.0,23.9,95.0,21.9,84.4,1023,0
2026/7/15,21:17:54,20.8,82.0,23.9,95.0,21.9,84.4,1023,0
2026/7/15,21:17:54,20.8,82.0,23.9,95.0,21.9,84.4,1023,0
2026/7/15,21:17:55,20.8,82.0,23.9,95.0,21.9,84.4,1021,0
2026/7/15,21:17:55,20.8,82.0,23.9,95.0,21.9,84.4,1022,0
2026/7/15,21:17:55,20.8,82.0,23.9,95.0,21.9,84.4,1023,0
2026/7/15,21:17:55,20.8,82.0,23.9,95.0,21.9,84.4,1019,0
2026/7/15,21:17:55,20.8,82.0,23.9,95.0,21.9,84.4,1023,0
2026/7/15,21:17:56,20.8,82.0,23.9,95.0,21.9,84.4,1023,0
2026/7/15,21:17:56,20.8,82.0,24.0,95.0,21.9,84.3,1022,0
2026/7/15,21:17:56,20.8,82.0,24.0,95.0,21.9,84.3,1023,0
2026/7/15,21:17:56,20.8,82.0,24.0,95.0,21.9,84.3,1023,0
2026/7/15,21:17:56,20.8,82.0,24.0,95.0,21.9,84.3,1023,0
2026/7/15,21:17:57,20.8,82.0,24.0,95.0,21.9,84.3,1019,0
2026/7/15,21:17:57,20.8,82.0,24.0,95.0,21.9,84.3,1022,0
2026/7/15,21:17:57,20.8,82.0,24.0,95.0,21.9,84.3,1023,0
2026/7/15,21:17:57,20.8,82.0,24.0,95.0,21.9,84.3,1022,0
2026/7/15,21:17:57,20.8,82.0,24.0,95.0,21.9,84.3,1019,0
2026/7/15,21:17:58,20.8,82.0,24.0,95.0,21.9,84.3,1019,0
2026/7/15,21:17:58,20.7,82.0,24.0,95.0,21.9,84.4,1022,0
2026/7/15,21:17:58,20.7,82.0,24.0,95.0,21.9,84.4,1022,0
2026/7/15,21:17:58,20.7,82.0,24.0,95.0,21.9,84.4,1023,0
2026/7/15,21:17:58,20.7,82.0,24.0,95.0,21.9,84.4,1022,0
2026/7/15,21:17:59,20.7,82.0,24.0,95.0,21.9,84.4,1022,0
2026/7/15,21:17:59,20.7,82.0,24.0,95.0,21.9,84.4,1021,0
2026/7/15,21:17:59,20.7,82.0,24.0,95.0,21.9,84.4,1023,0
2026/7/15,21:17:59,20.7,82.0,24.0,95.0,21.9,84.4,1021,0
2026/7/15,21:17:59,20.7,82.0,24.0,95.0,21.9,84.4,1023,0
2026/7/15,21:18:0,20.7,82.0,24.0,95.0,21.9,84.4,1023,0
2026/7/15,21:18:0,20.7,82.0,23.8,95.0,21.9,84.3,1022,0
2026/7/15,21:18:0,20.7,82.0,23.8,95.0,21.9,84.3,1023,0
2026/7/15,21:18:0,20.7,82.0,23.8,95.0,21.9,84.3,1023,0
2026/7/15,21:18:0,20.7,82.0,23.8,95.0,21.9,84.3,1019,0
2026/7/15,21:18:1,20.7,82.0,23.8,95.0,21.9,84.3,1022,0
2026/7/15,21:18:1,20.7,82.0,23.8,95.0,21.9,84.3,1023,0
2026/7/15,21:18:1,20.7,82.0,23.8,95.0,21.9,84.3,1023,0
2026/7/15,21:18:1,20.7,82.0,23.8,95.0,21.9,84.3,1022,0
2026/7/15,21:18:1,20.7,82.0,23.8,95.0,21.9,84.3,1023,0
2026/7/15,21:18:2,20.7,82.0,23.8,95.0,21.9,84.3,1023,0
2026/7/15,21:18:2,20.7,81.0,23.9,95.0,21.9,84.4,1022,0
2026/7/15,21:18:2,20.7,81.0,23.9,95.0,21.9,84.4,1023,0
2026/7/15,21:18:2,20.7,81.0,23.9,95.0,21.9,84.4,1023,0
2026/7/15,21:18:2,20.7,81.0,23.9,95.0,21.9,84.4,1023,0
2026/7/15,21:18:3,20.7,81.0,23.9,95.0,21.9,84.4,1021,0
2026/7/15,21:18:3,20.7,81.0,23.9,95.0,21.9,84.4,1023,0
2026/7/15,21:18:3,20.7,81.0,23.9,95.0,21.9,84.4,1021,0
2026/7/15,21:18:3,20.7,81.0,23.9,95.0,21.9,84.4,1023,0
2026/7/15,21:18:4,20.7,81.0,23.9,95.0,21.9,84.4,1023,0
2026/7/15,21:18:4,20.7,81.0,23.9,95.0,21.9,84.4,1022,0
2026/7/15,21:18:4,20.8,82.0,24.0,95.0,21.9,84.4,1022,0
2026/7/15,21:18:4,20.8,82.0,24.0,95.0,21.9,84.4,1023,0
2026/7/15,21:18:4,20.8,82.0,24.0,95.0,21.9,84.4,1022,0
2026/7/15,21:18:5,20.8,82.0,24.0,95.0,21.9,84.4,1023,0
2026/7/15,21:18:5,20.8,82.0,24.0,95.0,21.9,84.4,1023,0
2026/7/15,21:18:5,20.8,82.0,24.0,95.0,21.9,84.4,1023,0
2026/7/15,21:18:5,20.8,82.0,24.0,95.0,21.9,84.4,1022,0
2026/7/15,21:18:5,20.8,82.0,24.0,95.0,21.9,84.4,1023,0
2026/7/15,21:18:6,20.8,82.0,24.0,95.0,21.9,84.4,1022,0
2026/7/15,21:18:6,20.8,82.0,24.0,95.0,21.9,84.4,1021,0
2026/7/15,21:18:6,20.8,81.0,23.8,95.0,21.9,84.3,1022,0
2026/7/15,21:18:6,20.8,81.0,23.8,95.0,21.9,84.3,1022,0
2026/7/15,21:18:6,20.8,81.0,23.8,95.0,21.9,84.3,1023,0
2026/7/15,21:18:7,20.8,81.0,23.8,95.0,21.9,84.3,1022,0
2026/7/15,21:18:7,20.8,81.0,23.8,95.0,21.9,84.3,1023,0
2026/7/15,21:18:7,20.8,81.0,23.8,95.0,21.9,84.3,1023,0
2026/7/15,21:18:7,20.8,81.0,23.8,95.0,21.9,84.3,1023,0
2026/7/15,21:18:7,20.8,81.0,23.8,95.0,21.9,84.3,1023,0
2026/7/15,21:18:8,20.8,81.0,23.8,95.0,21.9,84.3,1023,0
2026/7/15,21:18:8,20.8,81.0,23.8,95.0,21.9,84.3,1023,0
2026/7/15,21:18:8,20.8,81.0,23.8,95.0,21.9,84.3,1023,0
2026/7/15,21:18:8,20.8,81.0,23.8,95.0,21.9,84.3,1023,0
2026/7/15,21:18:8,20.8,81.0,23.8,95.0,21.9,84.3,1023,0
2026/7/15,21:18:9,20.8,81.0,23.8,95.0,21.9,84.3,1021,0
2026/7/15,21:18:9,20.8,81.0,23.8,95.0,21.9,84.3,1023,0
2026/7/15,21:18:9,20.8,81.0,23.8,95.0,21.9,84.3,1019,0
2026/7/15,21:18:9,20.8,81.0,23.8,95.0,21.9,84.3,1023,0
2026/7/15,21:18:9,20.8,81.0,23.8,95.0,21.9,84.3,1023,0
2026/7/15,21:18:10,20.8,81.0,23.8,95.0,21.9,84.3,1023,0
2026/7/15,21:18:10,20.8,81.0,23.8,95.0,21.9,84.3,1023,0
2026/7/15,21:18:10,20.6,81.0,23.8,95.0,21.9,84.3,1023,0
2026/7/15,21:18:10,20.6,81.0,23.8,95.0,21.9,84.3,1022,0
2026/7/15,21:18:10,20.6,81.0,23.8,95.0,21.9,84.3,1023,0
2026/7/15,21:18:11,20.6,81.0,23.8,95.0,21.9,84.3,1023,0
2026/7/15,21:18:11,20.6,81.0,23.8,95.0,21.9,84.3,1023,0
2026/7/15,21:18:11,20.6,81.0,23.8,95.0,21.9,84.3,1019,0
2026/7/15,21:18:11,20.6,81.0,23.8,95.0,21.9,84.3,1023,0
2026/7/15,21:18:11,20.6,81.0,23.8,95.0,21.9,84.3,1023,0
2026/7/15,21:18:12,20.6,81.0,23.8,95.0,21.9,84.3,1023,0
2026/7/15,21:18:12,20.6,81.0,23.8,95.0,21.9,84.3,1023,0
2026/7/15,21:18:12,20.8,81.0,23.8,95.0,21.9,84.3,1022,0
2026/7/15,21:18:12,20.8,81.0,23.8,95.0,21.9,84.3,1022,0
2026/7/15,21:18:12,20.8,81.0,23.8,95.0,21.9,84.3,1023,0
2026/7/15,21:18:13,20.8,81.0,23.8,95.0,21.9,84.3,1021,0
2026/7/15,21:18:13,20.8,81.0,23.8,95.0,21.9,84.3,1023,0
2026/7/15,21:18:13,20.8,81.0,23.8,95.0,21.9,84.3,1023,0
2026/7/15,21:18:13,20.8,81.0,23.8,95.0,21.9,84.3,1022,0
2026/7/15,21:18:13,20.8,81.0,23.8,95.0,21.9,84.3,1019,0
2026/7/15,21:18:14,20.8,81.0,23.8,95.0,21.9,84.3,1023,0
2026/7/15,21:18:14,20.8,81.0,23.8,95.0,21.9,84.3,1023,0
2026/7/15,21:18:14,20.8,81.0,24.0,95.0,21.9,84.3,1022,0
2026/7/15,21:18:14,20.8,81.0,24.0,95.0,21.9,84.3,1022,0
2026/7/15,21:18:14,20.8,81.0,24.0,95.0,21.9,84.3,1022,0
2026/7/15,21:18:15,20.8,81.0,24.0,95.0,21.9,84.3,1022,0
2026/7/15,21:18:15,20.8,81.0,24.0,95.0,21.9,84.3,1023,0
2026/7/15,21:18:15,20.8,81.0,24.0,95.0,21.9,84.3,1022,0
2026/7/15,21:18:15,20.8,81.0,24.0,95.0,21.9,84.3,1023,0
2026/7/15,21:18:15,20.8,81.0,24.0,95.0,21.9,84.3,1023,0
2026/7/15,21:18:16,20.8,81.0,24.0,95.0,21.9,84.3,1023,0
2026/7/15,21:18:16,20.8,81.0,24.0,95.0,21.9,84.3,1023,0
2026/7/15,21:18:16,20.7,81.0,24.2,95.0,21.9,84.3,1023,0
2026/7/15,21:18:16,20.7,81.0,24.2,95.0,21.9,84.3,1023,0
2026/7/15,21:18:16,20.7,81.0,24.2,95.0,21.9,84.3,1022,0
2026/7/15,21:18:17,20.7,81.0,24.2,95.0,21.9,84.3,1022,0
2026/7/15,21:18:17,20.7,81.0,24.2,95.0,21.9,84.3,1022,0
2026/7/15,21:18:17,20.7,81.0,24.2,95.0,21.9,84.3,1022,0
2026/7/15,21:18:17,20.7,81.0,24.2,95.0,21.9,84.3,1021,0
2026/7/15,21:18:18,20.7,81.0,24.2,95.0,21.9,84.3,1022,0
2026/7/15,21:18:18,20.7,81.0,24.2,95.0,21.9,84.3,1023,0
2026/7/15,21:18:18,20.7,81.0,24.2,95.0,21.9,84.3,1021,0
2026/7/15,21:18:18,20.8,81.0,23.8,95.0,21.9,84.3,1023,0
2026/7/15,21:18:18,20.8,81.0,23.8,95.0,21.9,84.3,1023,0
2026/7/15,21:18:19,20.8,81.0,23.8,95.0,21.9,84.3,1022,0
2026/7/15,21:18:19,20.8,81.0,23.8,95.0,21.9,84.3,1023,0
2026/7/15,21:18:19,20.8,81.0,23.8,95.0,21.9,84.3,1019,0
2026/7/15,21:18:19,20.8,81.0,23.8,95.0,21.9,84.3,1019,0
2026/7/15,21:18:19,20.8,81.0,23.8,95.0,21.9,84.3,1023,0
2026/7/15,21:18:20,20.8,81.0,23.8,95.0,21.9,84.3,1022,0
2026/7/15,21:18:20,20.8,81.0,23.8,95.0,21.9,84.3,1023,0
2026/7/15,21:18:20,20.8,81.0,23.8,95.0,21.9,84.3,1019,0
2026/7/15,21:18:20,20.7,81.0,23.9,95.0,21.9,84.3,1023,0
2026/7/15,21:18:20,20.7,81.0,23.9,95.0,21.9,84.3,1023,0
2026/7/15,21:18:21,20.7,81.0,23.9,95.0,21.9,84.3,1022,0
2026/7/15,21:18:21,20.7,81.0,23.9,95.0,21.9,84.3,1022,0
2026/7/15,21:18:21,20.7,81.0,23.9,95.0,21.9,84.3,1022,0
2026/7/15,21:18:21,20.7,81.0,23.9,95.0,21.9,84.3,1023,0
2026/7/15,21:18:21,20.7,81.0,23.9,95.0,21.9,84.3,1021,0
2026/7/15,21:18:22,20.7,81.0,23.9,95.0,21.9,84.3,1022,0
2026/7/15,21:18:22,20.7,81.0,23.9,95.0,21.9,84.3,1023,0
2026/7/15,21:18:22,20.7,81.0,23.9,95.0,21.9,84.3,1019,0
2026/7/15,21:18:22,20.7,81.0,23.9,95.0,21.9,84.3,1021,0
2026/7/15,21:18:22,20.7,81.0,23.9,95.0,21.9,84.3,1023,0
2026/7/15,21:18:23,20.7,81.0,23.9,95.0,21.9,84.3,1022,0
2026/7/15,21:18:23,20.7,81.0,23.9,95.0,21.9,84.3,1023,0
2026/7/15,21:18:23,20.7,81.0,23.9,95.0,21.9,84.3,1022,0
2026/7/15,21:18:23,20.7,81.0,23.9,95.0,21.9,84.3,1022,0
2026/7/15,21:18:23,20.7,81.0,23.9,95.0,21.9,84.3,1019,0
2026/7/15,21:18:24,20.7,81.0,23.9,95.0,21.9,84.3,1023,0
2026/7/15,21:18:24,20.7,81.0,23.9,95.0,21.9,84.3,1023,0
2026/7/15,21:18:24,20.7,81.0,23.9,95.0,21.9,84.3,1023,0
2026/7/15,21:18:24,20.8,81.0,23.9,95.0,21.9,84.3,1023,0
2026/7/15,21:18:24,20.8,81.0,23.9,95.0,21.9,84.3,1023,0
2026/7/15,21:18:25,20.8,81.0,23.9,95.0,21.9,84.3,1023,0
2026/7/15,21:18:25,20.8,81.0,23.9,95.0,21.9,84.3,1023,0
2026/7/15,21:18:25,20.8,81.0,23.9,95.0,21.9,84.3,1019,0
2026/7/15,21:18:25,20.8,81.0,23.9,95.0,21.9,84.3,1023,0
2026/7/15,21:18:25,20.8,81.0,23.9,95.0,21.9,84.3,1023,0
2026/7/15,21:18:26,20.8,81.0,23.9,95.0,21.9,84.3,1021,0
2026/7/15,21:18:26,20.8,81.0,23.9,95.0,21.9,84.3,1023,0
2026/7/15,21:18:26,20.8,81.0,23.9,95.0,21.9,84.3,1023,0
2026/7/15,21:18:26,20.8,81.0,24.1,95.0,21.9,84.3,1023,0
2026/7/15,21:18:26,20.8,81.0,24.1,95.0,21.9,84.3,1022,0
2026/7/15,21:18:27,20.8,81.0,24.1,95.0,21.9,84.3,1023,0
2026/7/15,21:18:27,20.8,81.0,24.1,95.0,21.9,84.3,1022,0
2026/7/15,21:18:27,20.8,81.0,24.1,95.0,21.9,84.3,1023,0
2026/7/15,21:18:27,20.8,81.0,24.1,95.0,21.9,84.3,1023,0
2026/7/15,21:18:27,20.8,81.0,24.1,95.0,21.9,84.3,1023,0
2026/7/15,21:18:28,20.8,81.0,24.1,95.0,21.9,84.3,1021,0
2026/7/15,21:18:28,20.8,81.0,24.1,95.0,21.9,84.3,1023,0
2026/7/15,21:18:28,20.8,81.0,24.1,95.0,21.9,84.3,1023,0
2026/7/15,21:18:28,20.8,81.0,23.8,95.0,21.9,84.2,1022,0
2026/7/15,21:18:29,20.8,81.0,23.8,95.0,21.9,84.2,1022,0
2026/7/15,21:18:29,20.8,81.0,23.8,95.0,21.9,84.2,1023,0
2026/7/15,21:18:29,20.8,81.0,23.8,95.0,21.9,84.2,1023,0
2026/7/15,21:18:29,20.8,81.0,23.8,95.0,21.9,84.2,1023,0
2026/7/15,21:18:29,20.8,81.0,23.8,95.0,21.9,84.2,1021,0
2026/7/15,21:18:30,20.8,81.0,23.8,95.0,21.9,84.2,1023,0
2026/7/15,21:18:30,20.8,81.0,23.8,95.0,21.9,84.2,1023,0
2026/7/15,21:18:30,20.8,81.0,23.8,95.0,21.9,84.2,1023,0
2026/7/15,21:18:30,20.8,81.0,23.8,95.0,21.9,84.2,1023,0
2026/7/15,21:18:30,20.7,81.0,24.0,95.0,21.9,84.3,1023,0
2026/7/15,21:18:31,20.7,81.0,24.0,95.0,21.9,84.3,1023,0
2026/7/15,21:18:31,20.7,81.0,24.0,95.0,21.9,84.3,1023,0
2026/7/15,21:18:31,20.7,81.0,24.0,95.0,21.9,84.3,1023,0
2026/7/15,21:18:31,20.7,81.0,24.0,95.0,21.9,84.3,1023,0
2026/7/15,21:18:31,20.7,81.0,24.0,95.0,21.9,84.3,1023,0
2026/7/15,21:18:32,20.7,81.0,24.0,95.0,21.9,84.3,1023,0
2026/7/15,21:18:32,20.7,81.0,24.0,95.0,21.9,84.3,1022,0
2026/7/15,21:18:32,20.7,81.0,24.0,95.0,21.9,84.3,1023,0
2026/7/15,21:18:32,20.7,81.0,24.0,95.0,21.9,84.3,1023,0
2026/7/15,21:18:32,20.8,81.0,24.0,95.0,21.9,84.3,1022,0
2026/7/15,21:18:33,20.8,81.0,24.0,95.0,21.9,84.3,1022,0
2026/7/15,21:18:33,20.8,81.0,24.0,95.0,21.9,84.3,1022,0
2026/7/15,21:18:33,20.8,81.0,24.0,95.0,21.9,84.3,1023,0
2026/7/15,21:18:33,20.8,81.0,24.0,95.0,21.9,84.3,1023,0
2026/7/15,21:18:33,20.8,81.0,24.0,95.0,21.9,84.3,1021,0
2026/7/15,21:18:34,20.8,81.0,24.0,95.0,21.9,84.3,1023,0
2026/7/15,21:18:34,20.8,81.0,24.0,95.0,21.9,84.3,1021,0
2026/7/15,21:18:34,20.8,81.0,24.0,95.0,21.9,84.3,1021,0
2026/7/15,21:18:34,20.8,81.0,24.0,95.0,21.9,84.3,1023,0
2026/7/15,21:18:34,20.7,81.0,23.7,95.0,21.9,84.3,1022,0
2026/7/15,21:18:35,20.7,81.0,23.7,95.0,21.9,84.3,1023,0
2026/7/15,21:18:35,20.7,81.0,23.7,95.0,21.9,84.3,1023,0
2026/7/15,21:18:35,20.7,81.0,23.7,95.0,21.9,84.3,1022,0
2026/7/15,21:18:35,20.7,81.0,23.7,95.0,21.9,84.3,1023,0
2026/7/15,21:18:35,20.7,81.0,23.7,95.0,21.9,84.3,1023,0
2026/7/15,21:18:36,20.7,81.0,23.7,95.0,21.9,84.3,1023,0
2026/7/15,21:18:36,20.7,81.0,23.7,95.0,21.9,84.3,1021,0
2026/7/15,21:18:36,20.7,81.0,23.7,95.0,21.9,84.3,1019,0
2026/7/15,21:18:36,20.7,81.0,23.7,95.0,21.9,84.3,1021,0
2026/7/15,21:18:36,20.6,81.0,23.8,95.0,21.9,84.3,1023,0
2026/7/15,21:18:37,20.6,81.0,23.8,95.0,21.9,84.3,1023,0
2026/7/15,21:18:37,20.6,81.0,23.8,95.0,21.9,84.3,1023,0
2026/7/15,21:18:37,20.6,81.0,23.8,95.0,21.9,84.3,1023,0
2026/7/15,21:18:37,20.6,81.0,23.8,95.0,21.9,84.3,1022,0
2026/7/15,21:18:37,20.6,81.0,23.8,95.0,21.9,84.3,1022,0
2026/7/15,21:18:38,20.6,81.0,23.8,95.0,21.9,84.3,1023,0
2026/7/15,21:18:38,20.6,81.0,23.8,95.0,21.9,84.3,1023,0
2026/7/15,21:18:38,20.6,81.0,23.8,95.0,21.9,84.3,1023,0
2026/7/15,21:18:38,20.6,81.0,23.8,95.0,21.9,84.3,1022,0
2026/7/15,21:18:39,20.7,81.0,23.8,95.0,21.9,84.3,1023,0
2026/7/15,21:18:39,20.7,81.0,23.8,95.0,21.9,84.3,1023,0
2026/7/15,21:18:39,20.7,81.0,23.8,95.0,21.9,84.3,1022,0
2026/7/15,21:18:39,20.7,81.0,23.8,95.0,21.9,84.3,1021,0
2026/7/15,21:18:39,20.7,81.0,23.8,95.0,21.9,84.3,1019,0
2026/7/15,21:18:39,20.7,81.0,23.8,95.0,21.9,84.3,1021,0
2026/7/15,21:18:40,20.7,81.0,23.8,95.0,21.9,84.3,1022,0
2026/7/15,21:18:40,20.7,81.0,23.8,95.0,21.9,84.3,1023,0
2026/7/15,21:18:40,20.7,81.0,23.8,95.0,21.9,84.3,1023,0
2026/7/15,21:18:40,20.7,81.0,23.8,95.0,21.9,84.3,1023,0
2026/7/15,21:18:41,20.8,81.0,23.9,95.0,21.9,84.3,1023,0
2026/7/15,21:18:41,20.8,81.0,23.9,95.0,21.9,84.3,1022,0
2026/7/15,21:18:41,20.8,81.0,23.9,95.0,21.9,84.3,1023,0
2026/7/15,21:18:41,20.8,81.0,23.9,95.0,21.9,84.3,1023,0
2026/7/15,21:18:41,20.8,81.0,23.9,95.0,21.9,84.3,1019,0
2026/7/15,21:18:42,20.8,81.0,23.9,95.0,21.9,84.3,1023,0
2026/7/15,21:18:42,20.8,81.0,23.9,95.0,21.9,84.3,1019,0
2026/7/15,21:18:42,20.8,81.0,23.9,95.0,21.9,84.3,1023,0
2026/7/15,21:18:42,20.8,81.0,23.9,95.0,21.9,84.3,1022,0
2026/7/15,21:18:42,20.8,81.0,23.9,95.0,21.9,84.3,1023,0
2026/7/15,21:18:43,20.8,81.0,24.0,95.0,21.9,84.3,1022,0
2026/7/15,21:18:43,20.8,81.0,24.0,95.0,21.9,84.3,1023,0
2026/7/15,21:18:43,20.8,81.0,24.0,95.0,21.9,84.3,1022,0
2026/7/15,21:18:43,20.8,81.0,24.0,95.0,21.9,84.3,1023,0
2026/7/15,21:18:43,20.8,81.0,24.0,95.0,21.9,84.3,1023,0
2026/7/15,21:18:44,20.8,81.0,24.0,95.0,21.9,84.3,1019,0
2026/7/15,21:18:44,20.8,81.0,24.0,95.0,21.9,84.3,1022,0
2026/7/15,21:18:44,20.8,81.0,24.0,95.0,21.9,84.3,1021,0
2026/7/15,21:18:44,20.8,81.0,24.0,95.0,21.9,84.3,1022,0
2026/7/15,21:18:44,20.8,81.0,24.0,95.0,21.9,84.3,1019,0
2026/7/15,21:18:45,20.9,81.0,23.9,95.0,21.9,84.2,1023,0
2026/7/15,21:18:45,20.9,81.0,23.9,95.0,21.9,84.2,1022,0
2026/7/15,21:18:45,20.9,81.0,23.9,95.0,21.9,84.2,1023,0
2026/7/15,21:18:45,20.9,81.0,23.9,95.0,21.9,84.2,1022,0
2026/7/15,21:18:45,20.9,81.0,23.9,95.0,21.9,84.2,1022,0
2026/7/15,21:18:46,20.9,81.0,23.9,95.0,21.9,84.2,1019,0
2026/7/15,21:18:46,20.9,81.0,23.9,95.0,21.9,84.2,1022,0
2026/7/15,21:18:46,20.9,81.0,23.9,95.0,21.9,84.2,1022,0
2026/7/15,21:18:46,20.9,81.0,23.9,95.0,21.9,84.2,1023,0
2026/7/15,21:18:46,20.9,81.0,23.9,95.0,21.9,84.2,1023,0
2026/7/15,21:18:47,20.7,81.0,23.9,95.0,21.9,84.3,1023,0
2026/7/15,21:18:47,20.7,81.0,23.9,95.0,21.9,84.3,1023,0
2026/7/15,21:18:47,20.7,81.0,23.9,95.0,21.9,84.3,1023,0
2026/7/15,21:18:47,20.7,81.0,23.9,95.0,21.9,84.3,1021,0
2026/7/15,21:18:47,20.7,81.0,23.9,95.0,21.9,84.3,1023,0
2026/7/15,21:18:48,20.7,81.0,23.9,95.0,21.9,84.3,1022,0
2026/7/15,21:18:48,20.7,81.0,23.9,95.0,21.9,84.3,1023,0
2026/7/15,21:18:48,20.7,81.0,23.9,95.0,21.9,84.3,1023,0
2026/7/15,21:18:48,20.7,81.0,23.9,95.0,21.9,84.3,1022,0
2026/7/15,21:18:48,20.7,81.0,23.9,95.0,21.9,84.3,1022,0
2026/7/15,21:18:49,20.7,81.0,24.0,95.0,21.9,84.3,1022,0
2026/7/15,21:18:49,20.7,81.0,24.0,95.0,21.9,84.3,1023,0
2026/7/15,21:18:49,20.7,81.0,24.0,95.0,21.9,84.3,1022,0
2026/7/15,21:18:49,20.7,81.0,24.0,95.0,21.9,84.3,1023,0
2026/7/15,21:18:49,20.7,81.0,24.0,95.0,21.9,84.3,1019,0
2026/7/15,21:18:50,20.7,81.0,24.0,95.0,21.9,84.3,1023,0
2026/7/15,21:18:50,20.7,81.0,24.0,95.0,21.9,84.3,1023,0
2026/7/15,21:18:50,20.7,81.0,24.0,95.0,21.9,84.3,1019,0
2026/7/15,21:18:50,20.7,81.0,24.0,95.0,21.9,84.3,1023,0
2026/7/15,21:18:50,20.7,81.0,24.0,95.0,21.9,84.3,1021,0
2026/7/15,21:18:51,20.7,81.0,23.8,95.0,21.9,84.2,1023,0
2026/7/15,21:18:51,20.7,81.0,23.8,95.0,21.9,84.2,1023,0
2026/7/15,21:18:51,20.7,81.0,23.8,95.0,21.9,84.2,1022,0
2026/7/15,21:18:51,20.7,81.0,23.8,95.0,21.9,84.2,1022,0
2026/7/15,21:18:51,20.7,81.0,23.8,95.0,21.9,84.2,1019,0
2026/7/15,21:18:52,20.7,81.0,23.8,95.0,21.9,84.2,1021,0
2026/7/15,21:18:52,20.7,81.0,23.8,95.0,21.9,84.2,1023,0
2026/7/15,21:18:52,20.7,81.0,23.8,95.0,21.9,84.2,1021,0
2026/7/15,21:18:52,20.7,81.0,23.8,95.0,21.9,84.2,1022,0
2026/7/15,21:18:53,20.7,81.0,23.8,95.0,21.9,84.2,1022,0
2026/7/15,21:18:53,20.8,81.0,23.8,95.0,21.9,84.3,1022,0
2026/7/15,21:18:53,20.8,81.0,23.8,95.0,21.9,84.3,1023,0
2026/7/15,21:18:53,20.8,81.0,23.8,95.0,21.9,84.3,1022,0
2026/7/15,21:18:53,20.8,81.0,23.8,95.0,21.9,84.3,1023,0
2026/7/15,21:18:54,20.8,81.0,23.8,95.0,21.9,84.3,1023,0
2026/7/15,21:18:54,20.8,81.0,23.8,95.0,21.9,84.3,1023,0
2026/7/15,21:18:54,20.8,81.0,23.8,95.0,21.9,84.3,1023,0
2026/7/15,21:18:54,20.8,81.0,23.8,95.0,21.9,84.3,1023,0
2026/7/15,21:18:54,20.8,81.0,23.8,95.0,21.9,84.3,1023,0
2026/7/15,21:18:55,20.8,81.0,23.8,95.0,21.9,84.3,1022,0
2026/7/15,21:18:55,20.8,81.0,23.9,95.0,21.9,84.3,1022,0
2026/7/15,21:18:55,20.8,81.0,23.9,95.0,21.9,84.3,1023,0
2026/7/15,21:18:55,20.8,81.0,23.9,95.0,21.9,84.3,1023,0
2026/7/15,21:18:55,20.8,81.0,23.9,95.0,21.9,84.3,1022,0
2026/7/15,21:18:56,20.8,81.0,23.9,95.0,21.9,84.3,1023,0
2026/7/15,21:18:56,20.8,81.0,23.9,95.0,21.9,84.3,1023,0
2026/7/15,21:18:56,20.8,81.0,23.9,95.0,21.9,84.3,1023,0
2026/7/15,21:18:56,20.8,81.0,23.9,95.0,21.9,84.3,1021,0
2026/7/15,21:18:56,20.8,81.0,23.9,95.0,21.9,84.3,1022,0
2026/7/15,21:18:57,20.8,81.0,23.9,95.0,21.9,84.3,1023,0
2026/7/15,21:18:57,20.8,81.0,23.9,95.0,21.9,84.2,1023,0
2026/7/15,21:18:57,20.8,81.0,23.9,95.0,21.9,84.2,1022,0
2026/7/15,21:18:57,20.8,81.0,23.9,95.0,21.9,84.2,1023,0
2026/7/15,21:18:57,20.8,81.0,23.9,95.0,21.9,84.2,1022,0
2026/7/15,21:18:58,20.8,81.0,23.9,95.0,21.9,84.2,1022,0
2026/7/15,21:18:58,20.8,81.0,23.9,95.0,21.9,84.2,1021,0
2026/7/15,21:18:58,20.8,81.0,23.9,95.0,21.9,84.2,1023,0
2026/7/15,21:18:58,20.8,81.0,23.9,95.0,21.9,84.2,1023,0
2026/7/15,21:18:58,20.8,81.0,23.9,95.0,21.9,84.2,1023,0
2026/7/15,21:18:59,20.8,81.0,23.9,95.0,21.9,84.2,1019,0
2026/7/15,21:18:59,20.8,81.0,24.1,95.0,21.9,84.2,1022,0
2026/7/15,21:18:59,20.8,81.0,24.1,95.0,21.9,84.2,1022,0
2026/7/15,21:18:59,20.8,81.0,24.1,95.0,21.9,84.2,1023,0
2026/7/15,21:18:59,20.8,81.0,24.1,95.0,21.9,84.2,1022,0
2026/7/15,21:19:0,20.8,81.0,24.1,95.0,21.9,84.2,1019,0
2026/7/15,21:19:0,20.8,81.0,24.1,95.0,21.9,84.2,1023,0
2026/7/15,21:19:0,20.8,81.0,24.1,95.0,21.9,84.2,1023,0
2026/7/15,21:19:0,20.8,81.0,24.1,95.0,21.9,84.2,1023,0
2026/7/15,21:19:0,20.8,81.0,24.1,95.0,21.9,84.2,1023,0
2026/7/15,21:19:1,20.8,81.0,24.1,95.0,21.9,84.2,1023,0
2026/7/15,21:19:1,20.8,81.0,24.0,95.0,21.9,84.2,1022,0
2026/7/15,21:19:1,20.8,81.0,24.0,95.0,21.9,84.2,1022,0
2026/7/15,21:19:1,20.8,81.0,24.0,95.0,21.9,84.2,1022,0
2026/7/15,21:19:1,20.8,81.0,24.0,95.0,21.9,84.2,1023,0
2026/7/15,21:19:2,20.8,81.0,24.0,95.0,21.9,84.2,1021,0
2026/7/15,21:19:2,20.8,81.0,24.0,95.0,21.9,84.2,1023,0
2026/7/15,21:19:2,20.8,81.0,24.0,95.0,21.9,84.2,1019,0
2026/7/15,21:19:2,20.8,81.0,24.0,95.0,21.9,84.2,1022,0
2026/7/15,21:19:2,20.8,81.0,24.0,95.0,21.9,84.2,1021,0
2026/7/15,21:19:3,20.8,81.0,24.0,95.0,21.9,84.2,1022,0
2026/7/15,21:19:3,20.8,81.0,23.9,95.0,21.9,84.2,1023,0
2026/7/15,21:19:3,20.8,81.0,23.9,95.0,21.9,84.2,1023,0
2026/7/15,21:19:3,20.8,81.0,23.9,95.0,21.9,84.2,1023,0
2026/7/15,21:19:3,20.8,81.0,23.9,95.0,21.9,84.2,1023,0
2026/7/15,21:19:4,20.8,81.0,23.9,95.0,21.9,84.2,1022,0
2026/7/15,21:19:4,20.8,81.0,23.9,95.0,21.9,84.2,1021,0
2026/7/15,21:19:4,20.8,81.0,23.9,95.0,21.9,84.2,1019,0
2026/7/15,21:19:4,20.8,81.0,23.9,95.0,21.9,84.2,1021,0
2026/7/15,21:19:4,20.8,81.0,23.9,95.0,21.9,84.2,1022,0
2026/7/15,21:19:5,20.8,81.0,23.9,95.0,21.9,84.2,1023,0
2026/7/15,21:19:5,20.8,81.0,23.9,95.0,21.9,84.3,1022,0
2026/7/15,21:19:5,20.8,81.0,23.9,95.0,21.9,84.3,1022,0
2026/7/15,21:19:5,20.8,81.0,23.9,95.0,21.9,84.3,1022,0
2026/7/15,21:19:5,20.8,81.0,23.9,95.0,21.9,84.3,1021,0
2026/7/15,21:19:6,20.8,81.0,23.9,95.0,21.9,84.3,1023,0
2026/7/15,21:19:6,20.8,81.0,23.9,95.0,21.9,84.3,1023,0
2026/7/15,21:19:6,20.8,81.0,23.9,95.0,21.9,84.3,1019,0
2026/7/15,21:19:6,20.8,81.0,23.9,95.0,21.9,84.3,1023,0
2026/7/15,21:19:7,20.8,81.0,23.9,95.0,21.9,84.3,1021,0
2026/7/15,21:19:7,20.8,81.0,23.9,95.0,21.9,84.3,1023,0
2026/7/15,21:19:7,20.7,80.0,24.0,95.0,21.9,84.2,1022,0
2026/7/15,21:19:7,20.7,80.0,24.0,95.0,21.9,84.2,1023,0
2026/7/15,21:19:7,20.7,80.0,24.0,95.0,21.9,84.2,1022,0
2026/7/15,21:19:8,20.7,80.0,24.0,95.0,21.9,84.2,1022,0
2026/7/15,21:19:8,20.7,80.0,24.0,95.0,21.9,84.2,1022,0
2026/7/15,21:19:8,20.7,80.0,24.0,95.0,21.9,84.2,1023,0
2026/7/15,21:19:8,20.7,80.0,24.0,95.0,21.9,84.2,1023,0
2026/7/15,21:19:8,20.7,80.0,24.0,95.0,21.9,84.2,1022,0
2026/7/15,21:19:9,20.7,80.0,24.0,95.0,21.9,84.2,1021,0
2026/7/15,21:19:9,20.7,80.0,24.0,95.0,21.9,84.2,1022,0
2026/7/15,21:19:9,20.8,80.0,23.9,95.0,21.9,84.2,1023,0
2026/7/15,21:19:9,20.8,80.0,23.9,95.0,21.9,84.2,1023,0
2026/7/15,21:19:9,20.8,80.0,23.9,95.0,21.9,84.2,1023,0
2026/7/15,21:19:10,20.8,80.0,23.9,95.0,21.9,84.2,1022,0
2026/7/15,21:19:10,20.8,80.0,23.9,95.0,21.9,84.2,1022,0
2026/7/15,21:19:10,20.8,80.0,23.9,95.0,21.9,84.2,1023,0
2026/7/15,21:19:10,20.8,80.0,23.9,95.0,21.9,84.2,1021,0
2026/7/15,21:19:10,20.8,80.0,23.9,95.0,21.9,84.2,1023,0
2026/7/15,21:19:11,20.8,80.0,23.9,95.0,21.9,84.2,1023,0
2026/7/15,21:19:11,20.8,80.0,23.9,95.0,21.9,84.2,1022,0
2026/7/15,21:19:11,20.9,80.0,23.8,95.0,21.9,84.2,1023,0
2026/7/15,21:19:11,20.9,80.0,23.8,95.0,21.9,84.2,1022,0
2026/7/15,21:19:11,20.9,80.0,23.8,95.0,21.9,84.2,1023,0
2026/7/15,21:19:12,20.9,80.0,23.8,95.0,21.9,84.2,1022,0
2026/7/15,21:19:12,20.9,80.0,23.8,95.0,21.9,84.2,1022,0
2026/7/15,21:19:12,20.9,80.0,23.8,95.0,21.9,84.2,1019,0
2026/7/15,21:19:12,20.9,80.0,23.8,95.0,21.9,84.2,1023,0
2026/7/15,21:19:12,20.9,80.0,23.8,95.0,21.9,84.2,1023,0
2026/7/15,21:19:13,20.9,80.0,23.8,95.0,21.9,84.2,1019,0
2026/7/15,21:19:13,20.9,80.0,23.8,95.0,21.9,84.2,1021,0
2026/7/15,21:19:13,20.8,80.0,24.0,95.0,21.9,84.2,1023,0
2026/7/15,21:19:13,20.8,80.0,24.0,95.0,21.9,84.2,1022,0
2026/7/15,21:19:13,20.8,80.0,24.0,95.0,21.9,84.2,1023,0
2026/7/15,21:19:14,20.8,80.0,24.0,95.0,21.9,84.2,1022,0
2026/7/15,21:19:14,20.8,80.0,24.0,95.0,21.9,84.2,1022,0
2026/7/15,21:19:14,20.8,80.0,24.0,95.0,21.9,84.2,1022,0
2026/7/15,21:19:14,20.8,80.0,24.0,95.0,21.9,84.2,1019,0
2026/7/15,21:19:14,20.8,80.0,24.0,95.0,21.9,84.2,1021,0
2026/7/15,21:19:15,20.8,80.0,24.0,95.0,21.9,84.2,1022,0
2026/7/15,21:19:15,20.8,80.0,24.0,95.0,21.9,84.2,1023,0
2026/7/15,21:19:15,20.8,80.0,23.9,95.0,21.9,84.2,1023,0
2026/7/15,21:19:15,20.8,80.0,23.9,95.0,21.9,84.2,1022,0
2026/7/15,21:19:15,20.8,80.0,23.9,95.0,21.9,84.2,1023,0
2026/7/15,21:19:16,20.8,80.0,23.9,95.0,21.9,84.2,1023,0
2026/7/15,21:19:16,20.8,80.0,23.9,95.0,21.9,84.2,1021,0
2026/7/15,21:19:16,20.8,80.0,23.9,95.0,21.9,84.2,1023,0
2026/7/15,21:19:16,20.8,80.0,23.9,95.0,21.9,84.2,1021,0
2026/7/15,21:19:16,20.8,80.0,23.9,95.0,21.9,84.2,1019,0
2026/7/15,21:19:17,20.8,80.0,23.9,95.0,21.9,84.2,1022,0
2026/7/15,21:19:17,20.8,80.0,23.9,95.0,21.9,84.2,1022,0
2026/7/15,21:19:17,20.7,80.0,23.8,95.0,21.9,84.2,1023,0
2026/7/15,21:19:17,20.7,80.0,23.8,95.0,21.9,84.2,1022,0
2026/7/15,21:19:17,20.7,80.0,23.8,95.0,21.9,84.2,1022,0
2026/7/15,21:19:18,20.7,80.0,23.8,95.0,21.9,84.2,1023,0
2026/7/15,21:19:18,20.7,80.0,23.8,95.0,21.9,84.2,1021,0
2026/7/15,21:19:18,20.7,80.0,23.8,95.0,21.9,84.2,1023,0
2026/7/15,21:19:18,20.7,80.0,23.8,95.0,21.9,84.2,1023,0
2026/7/15,21:19:18,20.7,80.0,23.8,95.0,21.9,84.2,1023,0
2026/7/15,21:19:19,20.7,80.0,23.8,95.0,21.9,84.2,1022,0
2026/7/15,21:19:19,20.7,80.0,23.8,95.0,21.9,84.2,1019,0
2026/7/15,21:19:19,20.8,80.0,23.7,95.0,21.9,84.2,1023,0
2026/7/15,21:19:19,20.8,80.0,23.7,95.0,21.9,84.2,1023,0
2026/7/15,21:19:20,20.8,80.0,23.7,95.0,21.9,84.2,1022,0
2026/7/15,21:19:20,20.8,80.0,23.7,95.0,21.9,84.2,1019,0
2026/7/15,21:19:20,20.8,80.0,23.7,95.0,21.9,84.2,1023,0
2026/7/15,21:19:20,20.8,80.0,23.7,95.0,21.9,84.2,1022,0
2026/7/15,21:19:20,20.8,80.0,23.7,95.0,21.9,84.2,1023,0
2026/7/15,21:19:21,20.8,80.0,23.7,95.0,21.9,84.2,1023,0
2026/7/15,21:19:21,20.8,80.0,23.7,95.0,21.9,84.2,1022,0
2026/7/15,21:19:21,20.8,80.0,23.7,95.0,21.9,84.2,1023,0
2026/7/15,21:19:21,20.7,80.0,23.9,95.0,22.0,84.2,1022,0
2026/7/15,21:19:21,20.7,80.0,23.9,95.0,22.0,84.2,1023,0
2026/7/15,21:19:22,20.7,80.0,23.9,95.0,22.0,84.2,1022,0
2026/7/15,21:19:22,20.7,80.0,23.9,95.0,22.0,84.2,1022,0
2026/7/15,21:19:22,20.7,80.0,23.9,95.0,22.0,84.2,1022,0
2026/7/15,21:19:22,20.7,80.0,23.9,95.0,22.0,84.2,1022,0
2026/7/15,21:19:22,20.7,80.0,23.9,95.0,22.0,84.2,1023,0
2026/7/15,21:19:23,20.7,80.0,23.9,95.0,22.0,84.2,1023,0
2026/7/15,21:19:23,20.7,80.0,23.9,95.0,22.0,84.2,1023,0
2026/7/15,21:19:23,20.7,80.0,23.9,95.0,22.0,84.2,1022,0
2026/7/15,21:19:23,20.8,80.0,24.0,95.0,22.0,84.2,1023,0
2026/7/15,21:19:23,20.8,80.0,24.0,95.0,22.0,84.2,1023,0
2026/7/15,21:19:24,20.8,80.0,24.0,95.0,22.0,84.2,1023,0
2026/7/15,21:19:24,20.8,80.0,24.0,95.0,22.0,84.2,1022,0
2026/7/15,21:19:24,20.8,80.0,24.0,95.0,22.0,84.2,1023,0
2026/7/15,21:19:24,20.8,80.0,24.0,95.0,22.0,84.2,1022,0
2026/7/15,21:19:24,20.8,80.0,24.0,95.0,22.0,84.2,1023,0
2026/7/15,21:19:25,20.8,80.0,24.0,95.0,22.0,84.2,1019,0
2026/7/15,21:19:25,20.8,80.0,24.0,95.0,22.0,84.2,1021,0
2026/7/15,21:19:25,20.8,80.0,24.0,95.0,22.0,84.2,1019,0
2026/7/15,21:19:25,20.8,80.0,23.8,95.0,22.0,84.2,1023,0
2026/7/15,21:19:25,20.8,80.0,23.8,95.0,22.0,84.2,1023,0
2026/7/15,21:19:26,20.8,80.0,23.8,95.0,22.0,84.2,1022,0
2026/7/15,21:19:26,20.8,80.0,23.8,95.0,22.0,84.2,1022,0
2026/7/15,21:19:26,20.8,80.0,23.8,95.0,22.0,84.2,1023,0
2026/7/15,21:19:26,20.8,80.0,23.8,95.0,22.0,84.2,1023,0
2026/7/15,21:19:26,20.8,80.0,23.8,95.0,22.0,84.2,1023,0
2026/7/15,21:19:27,20.8,80.0,23.8,95.0,22.0,84.2,1019,0
2026/7/15,21:19:27,20.8,80.0,23.8,95.0,22.0,84.2,1023,0
2026/7/15,21:19:27,20.8,80.0,23.8,95.0,22.0,84.2,1023,0
2026/7/15,21:19:27,20.7,80.0,23.9,95.0,21.9,84.2,1022,0
2026/7/15,21:19:27,20.7,80.0,23.9,95.0,21.9,84.2,1023,0
2026/7/15,21:19:28,20.7,80.0,23.9,95.0,21.9,84.2,1023,0
2026/7/15,21:19:28,20.7,80.0,23.9,95.0,21.9,84.2,1022,0
2026/7/15,21:19:28,20.7,80.0,23.9,95.0,21.9,84.2,1023,0
2026/7/15,21:19:28,20.7,80.0,23.9,95.0,21.9,84.2,1023,0
2026/7/15,21:19:28,20.7,80.0,23.9,95.0,21.9,84.2,1023,0
2026/7/15,21:19:29,20.7,80.0,23.9,95.0,21.9,84.2,1023,0
2026/7/15,21:19:29,20.7,80.0,23.9,95.0,21.9,84.2,1019,0
2026/7/15,21:19:29,20.7,80.0,23.9,95.0,21.9,84.2,1023,0
2026/7/15,21:19:29,20.8,81.0,23.8,95.0,22.0,84.1,1022,0
2026/7/15,21:19:29,20.8,81.0,23.8,95.0,22.0,84.1,1023,0
2026/7/15,21:19:30,20.8,81.0,23.8,95.0,22.0,84.1,1022,0
2026/7/15,21:19:30,20.8,81.0,23.8,95.0,22.0,84.1,1023,0
2026/7/15,21:19:30,20.8,81.0,23.8,95.0,22.0,84.1,1023,0
2026/7/15,21:19:30,20.8,81.0,23.8,95.0,22.0,84.1,1023,0
2026/7/15,21:19:30,20.8,81.0,23.8,95.0,22.0,84.1,1022,0
2026/7/15,21:19:31,20.8,81.0,23.8,95.0,22.0,84.1,1023,0
2026/7/15,21:19:31,20.8,81.0,23.8,95.0,22.0,84.1,1021,0
2026/7/15,21:19:31,20.8,81.0,23.8,95.0,22.0,84.1,1023,0
2026/7/15,21:19:31,20.8,80.0,23.8,95.0,21.9,84.1,1022,0
2026/7/15,21:19:32,20.8,80.0,23.8,95.0,21.9,84.1,1022,0
2026/7/15,21:19:32,20.8,80.0,23.8,95.0,21.9,84.1,1023,0
2026/7/15,21:19:32,20.8,80.0,23.8,95.0,21.9,84.1,1021,0
2026/7/15,21:19:32,20.8,80.0,23.8,95.0,21.9,84.1,1022,0
2026/7/15,21:19:32,20.8,80.0,23.8,95.0,21.9,84.1,1022,0
2026/7/15,21:19:33,20.8,80.0,23.8,95.0,21.9,84.1,1019,0
2026/7/15,21:19:33,20.8,80.0,23.8,95.0,21.9,84.1,1023,0
2026/7/15,21:19:33,20.8,80.0,23.8,95.0,21.9,84.1,1023,0
2026/7/15,21:19:33,20.8,80.0,23.8,95.0,21.9,84.1,1023,0
2026/7/15,21:19:33,20.8,81.0,23.8,95.0,22.0,84.1,1022,0
2026/7/15,21:19:34,20.8,81.0,23.8,95.0,22.0,84.1,1023,0
2026/7/15,21:19:34,20.8,81.0,23.8,95.0,22.0,84.1,1023,0
2026/7/15,21:19:34,20.8,81.0,23.8,95.0,22.0,84.1,1022,0
2026/7/15,21:19:34,20.8,81.0,23.8,95.0,22.0,84.1,1023,0
2026/7/15,21:19:34,20.8,81.0,23.8,95.0,22.0,84.1,1019,0
2026/7/15,21:19:35,20.8,81.0,23.8,95.0,22.0,84.1,1023,0
2026/7/15,21:19:35,20.8,81.0,23.8,95.0,22.0,84.1,1023,0
2026/7/15,21:19:35,20.8,81.0,23.8,95.0,22.0,84.1,1023,0
2026/7/15,21:19:39,20.8,80.0,24.1,95.0,22.0,84.1,1019,0
2026/7/15,21:19:44,21.1,81.0,23.6,95.0,21.9,84.2,1019,0
2026/7/15,21:19:49,20.9,80.0,23.7,95.0,21.9,84.2,1023,0
2026/7/15,21:19:54,20.5,80.0,23.6,95.0,21.9,84.2,1023,0
2026/7/15,21:19:59,20.5,81.0,23.5,95.0,21.9,84.2,1021,0
2026/7/15,21:20:4,20.6,81.0,23.6,95.0,21.9,84.2,1019,0
2026/7/15,21:20:9,20.5,81.0,23.6,95.0,21.9,84.3,1023,0
2026/7/15,21:20:14,20.5,81.0,23.5,95.0,21.9,84.2,1021,0
2026/7/15,21:20:19,20.4,82.0,23.6,95.0,21.9,84.3,1021,0
2026/7/15,21:20:24,20.4,82.0,23.5,95.0,21.9,84.3,1019,0
2026/7/15,21:20:30,20.4,82.0,23.5,95.0,21.9,84.2,1022,0
2026/7/15,21:20:35,20.4,82.0,23.7,95.0,21.9,84.3,1023,0
2026/7/15,21:20:40,20.5,82.0,23.7,95.0,21.9,84.2,1023,0
2026/7/15,21:20:45,20.5,82.0,23.7,95.0,21.9,84.1,1022,0
2026/7/15,21:20:50,20.5,82.0,23.5,95.0,21.9,84.1,1023,0
2026/7/15,21:20:55,20.5,82.0,23.6,95.0,21.9,84.0,1021,0
2026/7/15,21:21:0,20.4,82.0,23.6,95.0,21.9,84.1,1022,0
2026/7/15,21:21:5,20.4,82.0,23.5,95.0,21.9,84.1,1022,0
2026/7/15,21:21:10,20.4,82.0,23.5,95.0,21.9,84.1,1023,0
2026/7/15,21:21:15,20.5,82.0,23.5,95.0,21.9,84.1,1023,0
2026/7/15,21:21:20,20.5,82.0,23.6,95.0,21.9,84.1,1023,0
2026/7/15,21:21:25,20.5,82.0,23.5,95.0,21.9,84.1,1022,0
2026/7/15,21:21:30,20.4,82.0,23.6,95.0,21.9,84.1,1021,0
2026/7/15,21:21:35,20.3,82.0,23.6,95.0,21.9,84.1,1021,0
2026/7/15,21:21:40,20.4,82.0,23.5,95.0,21.9,84.1,1021,0
2026/7/15,21:21:45,20.4,82.0,23.5,95.0,21.9,84.0,1023,0
2026/7/15,21:21:50,20.3,82.0,23.5,95.0,21.9,83.9,1023,0
2026/7/15,21:21:55,20.4,82.0,23.5,95.0,21.9,83.8,1022,0
2026/7/15,21:22:0,20.4,82.0,23.5,95.0,21.9,83.8,1022,0
2026/7/15,21:22:5,20.3,82.0,23.5,95.0,21.9,83.8,1021,0
2026/7/15,21:22:10,20.4,82.0,23.6,95.0,21.9,83.8,1021,0
2026/7/15,21:22:15,20.3,83.0,23.5,95.0,21.9,83.9,1023,0
2026/7/15,21:22:20,20.4,83.0,23.5,95.0,21.8,83.9,1022,0
2026/7/15,21:22:25,20.4,83.0,23.5,95.0,21.9,83.9,1023,0
2026/7/15,21:22:30,20.4,83.0,23.4,95.0,21.9,83.9,1019,0
2026/7/15,21:22:35,20.3,83.0,23.5,95.0,21.8,83.9,1023,0
2026/7/15,21:22:40,20.3,83.0,23.4,95.0,21.8,83.9,1022,0
2026/7/15,21:22:45,20.3,82.0,23.4,95.0,21.8,84.0,1022,0
2026/7/15,21:22:50,20.3,82.0,23.4,95.0,21.8,83.9,1019,0
2026/7/15,21:22:55,20.4,82.0,23.5,95.0,21.8,83.9,1023,0
2026/7/15,21:23:0,20.3,82.0,23.5,95.0,21.8,84.0,1022,0
2026/7/15,21:23:5,20.3,82.0,23.4,95.0,21.8,83.9,1019,0
2026/7/15,21:23:10,20.4,82.0,23.6,95.0,21.8,84.0,1023,0
2026/7/15,21:23:15,20.4,82.0,23.5,95.0,21.8,84.0,1023,0
2026/7/15,21:23:20,20.4,82.0,23.6,95.0,21.8,84.0,1023,0
2026/7/15,21:23:25,20.3,82.0,23.5,95.0,21.8,84.0,1023,0
2026/7/15,21:23:30,20.3,82.0,23.5,95.0,21.8,83.9,1022,0
2026/7/15,21:23:35,20.3,82.0,23.4,95.0,21.8,84.0,1022,0
2026/7/15,21:23:40,20.3,82.0,23.5,95.0,21.8,84.0,1022,0
2026/7/15,21:23:45,20.3,82.0,23.4,95.0,21.8,84.0,1021,0
2026/7/15,21:23:50,20.4,83.0,23.6,95.0,21.8,84.0,1019,0
2026/7/15,21:23:55,20.3,83.0,23.4,95.0,21.8,84.0,1019,0
2026/7/15,21:24:0,20.3,83.0,23.4,95.0,21.8,83.9,1021,0
2026/7/15,21:24:5,20.4,83.0,23.5,95.0,21.8,84.0,1021,0
2026/7/15,21:24:10,20.4,83.0,23.5,95.0,21.8,83.9,1022,0
2026/7/15,21:24:15,20.4,83.0,23.6,95.0,21.8,83.9,1021,0
2026/7/15,21:24:20,20.4,83.0,23.5,95.0,21.8,83.9,1023,0
2026/7/15,21:24:25,20.4,83.0,23.6,95.0,21.8,83.9,1022,0
2026/7/15,21:24:30,20.4,82.0,23.5,95.0,21.8,84.0,1021,0
2026/7/15,21:24:35,20.3,82.0,23.5,95.0,21.8,84.0,1021,0
2026/7/15,21:24:40,20.4,82.0,23.5,95.0,21.8,83.9,1021,0
2026/7/15,21:24:45,20.2,82.0,23.6,95.0,21.8,84.0,1022,0
2026/7/15,21:24:50,20.3,83.0,23.5,95.0,21.8,84.0,1021,0
2026/7/15,21:24:55,20.4,83.0,23.5,95.0,21.8,84.0,1023,0
2026/7/15,21:25:0,20.4,83.0,23.5,95.0,21.8,84.0,1021,0
2026/7/15,21:25:5,20.4,83.0,23.6,95.0,21.8,84.0,1023,0
2026/7/15,21:25:10,20.3,83.0,23.5,95.0,21.8,84.0,1023,0
2026/7/15,21:25:15,20.2,83.0,23.5,95.0,21.8,84.0,1023,0
2026/7/15,21:25:20,20.3,83.0,23.5,95.0,21.8,84.1,1019,0
2026/7/15,21:25:25,20.3,84.0,23.4,95.0,21.8,84.0,1021,0
2026/7/15,21:25:30,20.4,84.0,23.5,95.0,21.8,84.1,1021,0
2026/7/15,21:25:35,20.3,83.0,23.5,95.0,21.8,84.1,1022,0
2026/7/15,21:25:40,20.3,83.0,23.5,95.0,21.8,84.1,1023,0
2026/7/15,21:25:45,20.2,83.0,23.5,95.0,21.8,84.1,1021,0
2026/7/15,21:25:50,20.2,83.0,23.5,95.0,21.8,84.1,1022,0
2026/7/15,21:25:55,20.2,83.0,23.5,95.0,21.8,84.1,1022,0
2026/7/15,21:26:0,20.3,83.0,23.5,95.0,21.8,84.1,1023,0
2026/7/15,21:26:5,20.3,83.0,23.4,95.0,21.8,84.1,1019,0
2026/7/15,21:26:10,20.2,83.0,23.6,95.0,21.8,84.1,1023,0
2026/7/15,21:26:15,20.3,83.0,23.5,95.0,21.8,84.1,1023,0
2026/7/15,21:26:20,20.4,83.0,23.5,95.0,21.8,84.2,1021,0
2026/7/15,21:26:25,20.4,83.0,23.5,95.0,21.8,84.2,1022,0
2026/7/15,21:26:30,20.4,83.0,23.6,95.0,21.8,84.2,1022,0
2026/7/15,21:26:35,20.3,83.0,23.5,95.0,21.8,84.1,1023,0
2026/7/15,21:26:40,20.2,83.0,23.5,95.0,21.8,84.2,1023,0
2026/7/15,21:26:45,20.2,83.0,23.5,95.0,21.8,84.1,1023,0
2026/7/15,21:26:50,20.2,83.0,23.5,95.0,21.8,84.1,1023,0
2026/7/15,21:26:55,20.3,83.0,23.5,95.0,21.8,84.2,1023,0
2026/7/15,21:27:0,20.3,83.0,23.5,95.0,21.8,84.2,1023,0
2026/7/15,21:27:5,20.4,83.0,23.5,95.0,21.8,84.2,1023,0
2026/7/15,21:27:10,20.2,83.0,23.5,95.0,21.8,84.1,1021,0
2026/7/15,21:27:15,20.2,83.0,23.5,95.0,21.8,84.1,1021,0
2026/7/15,21:27:20,20.4,83.0,23.5,95.0,21.8,84.1,1022,0
2026/7/15,21:27:25,20.1,83.0,23.5,95.0,21.8,84.2,1023,0
2026/7/15,21:27:30,20.1,82.0,23.6,95.0,21.8,84.2,1019,0
2026/7/15,21:27:35,20.2,82.0,23.4,95.0,21.8,84.2,1021,0
2026/7/15,21:27:40,20.1,82.0,23.5,95.0,21.8,84.1,1021,0
2026/7/15,21:27:45,20.3,82.0,23.5,95.0,21.8,84.2,1021,0
2026/7/15,21:27:50,20.2,82.0,23.5,95.0,21.8,84.1,1021,0
2026/7/15,21:27:55,20.2,82.0,23.5,95.0,21.8,84.1,1022,0
2026/7/15,21:28:0,20.1,82.0,23.5,95.0,21.8,84.2,1019,0
2026/7/15,21:28:5,20.1,82.0,23.5,95.0,21.8,84.2,1023,0
2026/7/15,21:28:10,20.3,82.0,23.5,95.0,21.8,84.3,1023,0
2026/7/15,21:28:15,20.1,82.0,23.5,95.0,21.8,84.2,1021,0
2026/7/15,21:28:20,20.2,82.0,23.5,95.0,21.8,84.2,1022,0
2026/7/15,21:28:25,20.2,82.0,23.4,95.0,21.8,84.2,1019,0
2026/7/15,21:28:30,20.1,82.0,23.5,95.0,21.7,84.2,1022,0
2026/7/15,21:28:35,20.2,82.0,23.5,95.0,21.8,84.2,1023,0
2026/7/15,21:28:40,20.2,83.0,23.5,95.0,21.8,84.2,1022,0
2026/7/15,21:28:45,20.0,83.0,23.5,95.0,21.8,84.2,1023,0
2026/7/15,21:28:50,20.3,83.0,23.5,95.0,21.8,84.1,1019,0
2026/7/15,21:28:55,20.1,83.0,23.5,95.0,21.8,84.2,1023,0
2026/7/15,21:29:0,20.2,83.0,23.5,95.0,21.8,84.2,1019,0
2026/7/15,21:29:5,20.1,83.0,23.5,95.0,21.8,84.2,1021,0
2026/7/15,21:29:10,20.0,83.0,23.5,95.0,21.8,84.2,1019,0
2026/7/15,21:29:15,20.3,83.0,23.4,95.0,21.7,84.2,1019,0
2026/7/15,21:29:20,20.1,83.0,23.5,95.0,21.8,84.3,1023,0
2026/7/15,21:29:25,20.1,83.0,23.5,95.0,21.8,84.3,1023,0
2026/7/15,21:29:30,20.2,83.0,23.5,95.0,21.8,84.2,1022,0
2026/7/15,21:29:35,20.1,83.0,23.5,95.0,21.8,84.2,1023,0
2026/7/15,21:29:40,20.3,83.0,23.5,95.0,21.8,84.2,1019,0
2026/7/15,21:29:45,20.2,83.0,23.5,95.0,21.8,84.2,1023,0
2026/7/15,21:29:50,20.1,83.0,23.5,95.0,21.7,84.2,1019,0
2026/7/15,21:29:55,20.0,83.0,23.6,95.0,21.8,84.2,1021,0
2026/7/15,21:30:0,20.1,83.0,23.5,95.0,21.8,84.1,1023,0
2026/7/15,21:30:5,20.1,83.0,23.6,95.0,21.8,84.1,1023,0
2026/7/15,21:30:10,20.2,83.0,23.4,95.0,21.7,84.0,1019,0
2026/7/15,21:30:15,20.2,84.0,23.4,95.0,21.7,84.0,1023,0
2026/7/15,21:30:20,20.0,84.0,23.5,95.0,21.7,83.9,1021,0
2026/7/15,21:30:25,20.1,84.0,23.5,95.0,21.7,83.9,1023,0
2026/7/15,21:30:30,20.2,83.0,23.5,95.0,21.7,83.9,1021,0
2026/7/15,21:30:35,20.0,83.0,23.5,95.0,21.7,83.9,1022,0
2026/7/15,21:30:40,19.9,84.0,23.5,95.0,21.7,83.9,1023,0
2026/7/15,21:30:45,20.0,84.0,23.5,95.0,21.7,83.9,1023,0
2026/7/15,21:30:50,19.9,84.0,23.5,95.0,21.7,83.9,1019,0
2026/7/15,21:30:55,20.0,83.0,23.5,95.0,21.7,84.0,1019,0
2026/7/15,21:31:0,20.0,84.0,23.6,95.0,21.7,84.0,1023,0
2026/7/15,21:31:5,20.1,84.0,23.5,95.0,21.7,84.0,1023,0
2026/7/15,21:31:10,19.9,84.0,23.5,95.0,21.7,83.9,1022,0
2026/7/15,21:31:15,20.0,84.0,23.5,95.0,21.7,84.0,1023,0
2026/7/15,21:31:21,20.1,84.0,23.5,95.0,21.7,84.0,1023,0
2026/7/15,21:31:26,19.9,83.0,23.5,95.0,21.7,84.0,1023,0
2026/7/15,21:31:31,20.0,83.0,23.5,95.0,21.7,84.0,1023,0
2026/7/15,21:31:36,20.0,83.0,23.5,95.0,21.7,84.0,1019,0
2026/7/15,21:31:41,20.1,83.0,23.6,95.0,21.7,84.0,1019,0
2026/7/15,21:31:46,20.1,83.0,23.5,95.0,21.7,84.0,1023,0
2026/7/15,21:31:51,19.9,83.0,23.5,95.0,21.7,84.0,1022,0
2026/7/15,21:31:56,19.9,83.0,23.4,95.0,21.7,84.0,1022,0
2026/7/15,21:32:1,20.0,83.0,23.5,95.0,21.7,84.0,1019,0
2026/7/15,21:32:6,20.0,83.0,23.4,95.0,21.7,84.0,1021,0
2026/7/15,21:32:11,20.0,83.0,23.5,95.0,21.7,84.0,1023,0
2026/7/15,21:32:16,20.0,83.0,23.4,95.0,21.7,84.1,1019,0
2026/7/15,21:32:21,20.1,83.0,23.4,95.0,21.7,84.1,1023,0
2026/7/15,21:32:26,19.8,83.0,23.5,95.0,21.7,84.1,1019,0
2026/7/15,21:32:31,19.8,83.0,23.4,95.0,21.7,84.1,1019,0
2026/7/15,21:32:36,19.9,83.0,23.5,95.0,21.7,84.1,1023,0
2026/7/15,21:32:41,20.1,83.0,23.4,95.0,21.7,84.1,1021,0
2026/7/15,21:32:46,20.0,83.0,23.5,95.0,21.7,84.1,1023,0
2026/7/15,21:32:51,19.9,83.0,23.4,95.0,21.7,84.1,1021,0
2026/7/15,21:32:56,19.8,83.0,23.5,95.0,21.7,84.1,1023,0
2026/7/15,21:33:1,19.7,83.0,23.5,95.0,21.7,84.1,1023,0
2026/7/15,21:33:6,20.2,83.0,23.5,95.0,21.7,84.1,1021,0
2026/7/15,21:33:11,19.9,83.0,23.5,95.0,21.7,84.1,1023,0
2026/7/15,21:33:16,19.7,83.0,23.5,95.0,21.7,84.1,1021,0
2026/7/15,21:33:21,19.9,83.0,23.5,95.0,21.7,84.1,1021,0
2026/7/15,21:33:26,19.8,83.0,23.4,95.0,21.7,84.1,1021,0
2026/7/15,21:33:31,20.2,83.0,23.5,95.0,21.7,84.1,1023,0
2026/7/15,21:33:36,19.9,83.0,23.6,95.0,21.7,84.1,1021,0
2026/7/15,21:33:41,19.8,83.0,23.5,95.0,21.6,84.1,1019,0
2026/7/15,21:33:46,19.8,83.0,23.5,95.0,21.7,84.1,1023,0
2026/7/15,21:33:51,19.7,84.0,23.5,95.0,21.7,84.1,1022,0
2026/7/15,21:33:56,19.7,84.0,23.5,95.0,21.7,84.2,1023,0
2026/7/15,21:34:1,19.8,85.0,23.4,95.0,21.7,84.2,1019,0
2026/7/15,21:34:6,19.9,85.0,23.5,95.0,21.6,84.2,1022,0
2026/7/15,21:34:11,19.7,85.0,23.4,95.0,21.7,84.2,1022,0
2026/7/15,21:34:16,19.7,85.0,23.5,95.0,21.7,84.2,1023,0
2026/7/15,21:34:21,20.2,85.0,23.5,95.0,21.6,84.2,1023,0
2026/7/15,21:34:26,19.8,85.0,23.4,95.0,21.6,84.2,1023,0
2026/7/15,21:34:31,19.9,85.0,23.4,95.0,21.7,84.2,1022,0
2026/7/15,21:34:36,19.8,85.0,23.4,95.0,21.7,84.2,1023,0
2026/7/15,21:34:41,19.7,85.0,23.5,95.0,21.7,84.2,1022,0
2026/7/15,21:34:46,19.8,85.0,23.5,95.0,21.6,84.2,1022,0
2026/7/15,21:34:51,19.7,84.0,23.5,95.0,21.7,84.2,1023,0
2026/7/15,21:34:56,19.9,84.0,23.4,95.0,21.6,84.2,1022,0
2026/7/15,21:35:1,19.7,84.0,23.5,95.0,21.6,84.2,1023,0
2026/7/15,21:35:6,19.8,84.0,23.5,95.0,21.7,84.1,1021,0
2026/7/15,21:35:11,19.8,84.0,23.5,95.0,21.7,84.1,1022,0
2026/7/15,21:35:16,19.7,84.0,23.5,95.0,21.7,84.2,1023,0
2026/7/15,21:35:21,19.7,84.0,23.5,95.0,21.7,84.2,1022,0
2026/7/15,21:35:26,19.7,84.0,23.6,95.0,21.6,84.1,1021,0
2026/7/15,21:35:31,19.8,84.0,23.4,95.0,21.6,84.2,1019,0
2026/7/15,21:35:36,19.7,84.0,23.5,95.0,21.7,84.2,1023,0
2026/7/15,21:35:41,19.8,84.0,23.5,95.0,21.6,84.2,1023,0
2026/7/15,21:35:46,19.7,84.0,23.5,95.0,21.6,84.2,1022,0
2026/7/15,21:35:51,19.7,84.0,23.5,95.0,21.6,84.2,1023,0
2026/7/15,21:35:56,19.7,84.0,23.4,95.0,21.6,84.2,1021,0
2026/7/15,21:36:1,19.7,84.0,23.5,95.0,21.6,84.2,1023,0
2026/7/15,21:36:6,19.8,84.0,23.5,95.0,21.6,84.2,1019,0
2026/7/15,21:36:11,19.7,84.0,23.5,95.0,21.6,84.2,1022,0
2026/7/15,21:36:16,19.8,84.0,23.5,95.0,21.6,84.3,1019,0
2026/7/15,21:36:21,19.7,84.0,23.4,95.0,21.6,84.3,1023,0
2026/7/15,21:36:26,20.1,84.0,23.6,95.0,21.6,84.2,1023,0
2026/7/15,21:36:31,20.2,84.0,23.5,95.0,21.6,84.2,1023,0
2026/7/15,21:36:36,19.6,85.0,23.4,95.0,21.6,84.3,1023,0
2026/7/15,21:36:41,19.7,85.0,23.5,95.0,21.6,84.3,1021,0
2026/7/15,21:36:46,20.1,85.0,23.5,95.0,21.6,84.3,1019,0
2026/7/15,21:36:51,19.7,85.0,23.5,95.0,21.6,84.3,1019,0
2026/7/15,21:36:56,19.7,85.0,23.5,95.0,21.6,84.3,1023,0
2026/7/15,21:37:1,19.7,85.0,23.4,95.0,21.6,84.3,1023,0
2026/7/15,21:37:6,19.7,85.0,23.5,95.0,21.6,84.3,1022,0
2026/7/15,21:37:11,19.7,85.0,23.5,95.0,21.6,84.3,1022,0
2026/7/15,21:37:16,19.8,85.0,23.6,95.0,21.6,84.3,1021,0
2026/7/15,21:37:21,19.7,85.0,23.5,95.0,21.6,84.3,1023,0
2026/7/15,21:37:26,19.7,85.0,23.5,95.0,21.6,84.3,1023,0
2026/7/15,21:37:31,19.7,85.0,23.5,95.0,21.6,84.3,1023,0
2026/7/15,21:37:36,20.2,85.0,23.5,95.0,21.6,84.3,1021,0
2026/7/15,21:37:41,19.7,85.0,23.6,95.0,21.6,84.4,1019,0
2026/7/15,21:37:46,19.8,85.0,23.5,95.0,21.6,84.3,1022,0
2026/7/15,21:37:51,19.7,84.0,23.5,95.0,21.6,84.3,1019,0
2026/7/15,21:37:56,19.7,85.0,23.5,95.0,21.6,84.4,1023,0
2026/7/15,21:38:1,19.7,85.0,23.5,95.0,21.6,84.3,1019,0
2026/7/15,21:38:6,19.6,85.0,23.5,95.0,21.6,84.3,1021,0
2026/7/15,21:38:11,19.7,85.0,23.5,95.0,21.6,84.3,1023,0
2026/7/15,21:38:16,19.7,85.0,23.5,95.0,21.6,84.4,1023,0
2026/7/15,21:38:21,19.9,84.0,23.5,95.0,21.6,84.4,1021,0
2026/7/15,21:38:26,19.7,84.0,23.5,95.0,21.6,84.4,1022,0
2026/7/15,21:38:31,19.6,84.0,23.4,95.0,21.6,84.4,1022,0
2026/7/15,21:38:36,19.8,84.0,23.5,95.0,21.6,84.4,1021,0
2026/7/15,21:38:41,19.6,84.0,23.4,95.0,21.6,84.4,1023,0
2026/7/15,21:38:46,19.7,85.0,23.5,95.0,21.6,84.4,1022,0
2026/7/15,21:38:51,19.7,85.0,23.4,95.0,21.6,84.4,1019,0
2026/7/15,21:38:56,19.6,85.0,23.4,95.0,21.6,84.4,1023,0
2026/7/15,21:39:1,19.7,85.0,23.5,95.0,21.6,84.4,1023,0
2026/7/15,21:39:6,19.7,85.0,23.5,95.0,21.6,84.4,1021,0
2026/7/15,21:39:11,19.7,85.0,23.5,95.0,21.6,84.4,1022,0
2026/7/15,21:39:16,19.6,85.0,23.4,95.0,21.6,84.4,1023,0
2026/7/15,21:39:21,19.7,85.0,23.5,95.0,21.6,84.4,1022,0
2026/7/15,21:39:26,19.7,85.0,23.5,95.0,21.6,84.4,1019,0
2026/7/15,21:39:31,19.6,85.0,23.5,95.0,21.6,84.4,1022,0
2026/7/15,21:39:36,19.6,85.0,23.5,95.0,21.6,84.4,1023,0
2026/7/15,21:39:41,19.6,86.0,23.5,95.0,21.6,84.4,1021,0
2026/7/15,21:39:46,19.6,86.0,23.5,95.0,21.5,84.4,1023,0
2026/7/15,21:39:51,19.6,86.0,23.5,95.0,21.6,84.4,1022,0
2026/7/15,21:39:56,19.6,86.0,23.5,95.0,21.6,84.4,1021,0
2026/7/15,21:40:1,19.7,86.0,23.5,95.0,21.5,84.4,1019,0
2026/7/15,21:40:6,19.6,85.0,23.5,95.0,21.5,84.4,1022,0
2026/7/15,21:40:11,19.6,86.0,23.4,95.0,21.5,84.4,1022,0
2026/7/15,21:40:16,19.6,85.0,23.5,95.0,21.5,84.4,1023,0
2026/7/15,21:40:21,19.6,85.0,23.5,95.0,21.6,84.4,1022,0
2026/7/15,21:40:26,19.6,85.0,23.4,95.0,21.6,84.5,1023,0
2026/7/15,21:40:31,19.6,85.0,23.5,95.0,21.6,84.5,1019,0
2026/7/15,21:40:36,19.6,84.0,23.5,95.0,21.6,84.4,1019,0
2026/7/15,21:40:41,19.6,85.0,23.5,95.0,21.5,84.4,1022,0
2026/7/15,21:40:46,19.6,85.0,23.5,95.0,21.5,84.4,1021,0
2026/7/15,21:40:51,19.6,85.0,23.5,95.0,21.5,84.4,1023,0
2026/7/15,21:40:56,19.5,85.0,23.5,95.0,21.6,84.4,1023,0
2026/7/15,21:41:1,19.5,85.0,23.5,95.0,21.6,84.4,1021,0
2026/7/15,21:41:6,19.5,85.0,23.5,95.0,21.6,84.4,1023,0
2026/7/15,21:41:11,19.6,85.0,23.5,95.0,21.5,84.5,1022,0
2026/7/15,21:41:16,19.6,85.0,23.5,95.0,21.6,84.5,1023,0
2026/7/15,21:41:21,19.6,85.0,23.6,95.0,21.5,84.5,1019,0
2026/7/15,21:41:26,19.6,85.0,23.5,95.0,21.5,84.5,1019,0
2026/7/15,21:41:32,19.6,85.0,23.5,95.0,21.5,84.5,1022,0
2026/7/15,21:41:37,19.6,86.0,23.6,95.0,21.5,84.5,1021,0
2026/7/15,21:41:42,19.6,86.0,23.5,95.0,21.5,84.5,1019,0
2026/7/15,21:41:47,19.6,86.0,23.5,95.0,21.5,84.5,1019,0
2026/7/15,21:41:52,19.6,86.0,23.5,95.0,21.5,84.5,1021,0
2026/7/15,21:41:57,19.6,86.0,23.5,95.0,21.5,84.5,1022,0
2026/7/15,21:42:2,19.6,86.0,23.5,95.0,21.5,84.4,1023,0
2026/7/15,21:42:7,19.5,86.0,23.6,95.0,21.5,84.5,1023,0
2026/7/15,21:42:12,19.6,86.0,23.6,95.0,21.5,84.5,1023,0
2026/7/15,21:42:17,19.6,86.0,23.5,95.0,21.5,84.5,1021,0
2026/7/15,21:42:22,19.6,87.0,23.5,95.0,21.5,84.5,1022,0
2026/7/15,21:42:27,19.6,87.0,23.5,95.0,21.5,84.5,1022,0
2026/7/15,21:42:32,19.6,87.0,23.5,95.0,21.5,84.5,1019,0
2026/7/15,21:42:37,19.6,87.0,23.5,95.0,21.5,84.5,1023,0
2026/7/15,21:42:42,19.6,86.0,23.5,95.0,21.5,84.5,1022,0
2026/7/15,21:42:47,19.5,86.0,23.5,95.0,21.5,84.5,1019,0
2026/7/15,21:42:52,19.6,86.0,23.5,95.0,21.5,84.5,1021,0
2026/7/15,21:42:57,19.6,86.0,23.5,95.0,21.5,84.5,1023,0
2026/7/15,21:43:2,19.5,86.0,23.4,95.0,21.5,84.5,1023,0
2026/7/15,21:43:7,19.6,86.0,23.5,95.0,21.5,84.5,1022,0
2026/7/15,21:43:12,19.5,87.0,23.4,95.0,21.5,84.5,1019,0
2026/7/15,21:43:17,19.5,87.0,23.5,95.0,21.5,84.5,1021,0
2026/7/15,21:43:22,19.5,86.0,23.5,95.0,21.5,84.5,1023,0
2026/7/15,21:43:27,19.5,86.0,23.5,95.0,21.5,84.4,1023,0
2026/7/15,21:43:32,19.5,86.0,23.5,95.0,21.5,84.5,1021,0
2026/7/15,21:43:37,19.6,87.0,23.5,95.0,21.5,84.4,1022,0
2026/7/15,21:43:42,19.6,86.0,23.5,95.0,21.5,84.5,1023,0
2026/7/15,21:43:47,19.5,86.0,23.4,95.0,21.5,84.5,1022,0
2026/7/15,21:43:52,19.5,86.0,23.5,95.0,21.5,84.5,1023,0
2026/7/15,21:43:57,19.6,86.0,23.5,95.0,21.5,84.5,1023,0
2026/7/15,21:44:2,19.5,86.0,23.5,95.0,21.5,84.5,1023,0
2026/7/15,21:44:7,19.6,86.0,23.5,95.0,21.5,84.5,1023,0
2026/7/15,21:44:12,19.6,86.0,23.5,95.0,21.5,84.5,1019,0
2026/7/15,21:44:17,19.6,87.0,23.4,95.0,21.5,84.5,1021,0
2026/7/15,21:44:22,19.6,86.0,23.5,95.0,21.5,84.5,1021,0
2026/7/15,21:44:27,19.6,86.0,23.5,95.0,21.5,84.5,1021,0
2026/7/15,21:44:32,19.6,86.0,23.5,95.0,21.5,84.5,1023,0
2026/7/15,21:44:37,19.6,86.0,23.5,95.0,21.5,84.5,1023,0
2026/7/15,21:44:42,19.6,86.0,23.4,95.0,21.5,84.4,1023,0
2026/7/15,21:44:47,19.6,86.0,23.5,95.0,21.5,84.4,1023,0
2026/7/15,21:44:52,19.6,86.0,23.5,95.0,21.5,84.5,1023,0
2026/7/15,21:44:57,19.5,86.0,23.5,95.0,21.5,84.5,1021,0
2026/7/15,21:45:2,19.6,86.0,23.5,95.0,21.5,84.4,1023,0
2026/7/15,21:45:7,19.5,86.0,23.5,95.0,21.5,84.5,1021,0
2026/7/15,21:45:12,19.6,86.0,23.5,95.0,21.5,84.5,1023,0
2026/7/15,21:45:17,19.5,86.0,23.5,95.0,21.4,84.4,1023,0
2026/7/15,21:45:22,19.6,86.0,23.5,95.0,21.5,84.5,1019,0
2026/7/15,21:45:27,19.6,86.0,23.5,95.0,21.4,84.5,1019,0
2026/7/15,21:45:32,19.6,87.0,23.5,95.0,21.4,84.4,1022,0
2026/7/15,21:45:37,19.5,87.0,23.5,95.0,21.5,84.5,1023,0
2026/7/15,21:45:42,19.6,87.0,23.5,95.0,21.5,84.5,1023,0
2026/7/15,21:45:47,19.6,86.0,23.5,95.0,21.4,84.5,1021,0
2026/7/15,21:45:52,19.6,86.0,23.5,95.0,21.4,84.5,1022,0
2026/7/15,21:45:57,19.6,86.0,23.4,95.0,21.5,84.5,1019,0
2026/7/15,21:46:2,19.6,86.0,23.5,95.0,21.4,84.5,1021,0
2026/7/15,21:46:7,19.6,86.0,23.6,95.0,21.4,84.4,1021,0
2026/7/15,21:46:12,19.6,86.0,23.4,95.0,21.4,84.4,1019,0
2026/7/15,21:46:17,19.5,86.0,23.4,95.0,21.4,84.4,1023,0
2026/7/15,21:46:22,19.5,86.0,23.5,95.0,21.4,84.5,1023,0
2026/7/15,21:46:27,19.5,86.0,23.5,95.0,21.4,84.5,1023,0
2026/7/15,21:46:32,19.6,86.0,23.5,95.0,21.4,84.4,1021,0
2026/7/15,21:46:37,19.5,86.0,23.5,95.0,21.4,84.5,1023,0
2026/7/15,21:46:42,19.6,86.0,23.5,95.0,21.4,84.5,1022,0
2026/7/15,21:46:47,19.5,86.0,23.5,95.0,21.4,84.5,1023,0
2026/7/15,21:46:52,19.5,85.0,23.4,95.0,21.4,84.6,1023,0
2026/7/15,21:46:57,19.6,85.0,23.5,95.0,21.4,84.5,1019,0
2026/7/15,21:47:2,19.6,85.0,23.4,95.0,21.4,84.5,1023,0
2026/7/15,21:47:7,19.5,85.0,23.4,95.0,21.4,84.5,1023,0
2026/7/15,21:47:12,19.5,85.0,23.4,95.0,21.4,84.5,1023,0
2026/7/15,21:47:17,19.5,85.0,23.4,95.0,21.4,84.5,1023,0
2026/7/15,21:47:22,19.5,85.0,23.5,95.0,21.4,84.5,1022,0
2026/7/15,21:47:27,19.6,85.0,23.5,95.0,21.4,84.5,1022,0
2026/7/15,21:47:32,19.5,85.0,23.4,95.0,21.4,84.5,1023,0
2026/7/15,21:47:37,19.5,85.0,23.5,95.0,21.4,84.6,1019,0
2026/7/15,21:47:42,19.5,85.0,23.5,95.0,21.4,84.5,1022,0
2026/7/15,21:47:47,19.5,86.0,23.5,95.0,21.4,84.6,1021,0
2026/7/15,21:47:52,19.6,86.0,23.5,95.0,21.4,84.6,1023,0
2026/7/15,21:47:57,19.5,86.0,23.4,95.0,21.4,84.7,1021,0
2026/7/15,21:48:2,19.5,87.0,23.5,95.0,21.4,84.8,1022,0
2026/7/15,21:48:7,19.5,87.0,23.5,95.0,21.4,84.8,1019,0
2026/7/15,21:48:12,19.5,87.0,23.4,95.0,21.4,84.7,1022,0
2026/7/15,21:48:17,19.4,87.0,23.5,95.0,21.4,84.8,1023,0
2026/7/15,21:48:22,19.5,87.0,23.4,95.0,21.4,84.7,1021,0
2026/7/15,21:48:27,19.6,87.0,23.5,95.0,21.4,84.7,1023,0
2026/7/15,21:48:32,19.5,87.0,23.5,95.0,21.4,84.7,1023,0
2026/7/15,21:48:37,19.6,87.0,23.5,95.0,21.4,84.7,1023,0
2026/7/15,21:48:42,19.5,87.0,23.5,95.0,21.4,84.7,1019,0
2026/7/15,21:48:47,19.5,87.0,23.5,95.0,21.4,84.8,1023,0
2026/7/15,21:48:52,19.5,87.0,23.5,95.0,21.4,84.8,1019,0
2026/7/15,21:48:57,19.5,87.0,23.5,95.0,21.4,84.7,1023,0
2026/7/15,21:49:2,19.5,87.0,23.5,95.0,21.4,84.8,1023,0
2026/7/15,21:49:7,19.5,87.0,23.5,95.0,21.4,84.8,1023,0
2026/7/15,21:49:12,19.5,87.0,23.4,95.0,21.4,84.7,1019,0
2026/7/15,21:49:17,19.5,87.0,23.5,95.0,21.3,84.8,1023,0
2026/7/15,21:49:22,19.5,87.0,23.4,95.0,21.4,84.8,1021,0
2026/7/15,21:49:27,19.5,87.0,23.4,95.0,21.4,84.8,1019,0
2026/7/15,21:49:32,19.5,87.0,23.4,95.0,21.4,84.8,1023,0
2026/7/15,21:49:37,19.5,87.0,23.4,95.0,21.4,84.8,1022,0
2026/7/15,21:49:42,19.5,87.0,23.5,95.0,21.4,84.8,1022,0
2026/7/15,21:49:47,19.5,87.0,23.4,95.0,21.4,84.8,1021,0
2026/7/15,21:49:52,19.5,87.0,23.4,95.0,21.4,84.8,1019,0
2026/7/15,21:49:57,19.5,87.0,23.4,95.0,21.3,84.8,1023,0
2026/7/15,21:50:2,19.5,88.0,23.4,95.0,21.3,84.9,1023,0
2026/7/15,21:50:7,19.5,88.0,23.4,95.0,21.4,84.8,1023,0
2026/7/15,21:50:12,19.5,88.0,23.5,95.0,21.3,84.8,1021,0
2026/7/15,21:50:17,19.5,88.0,23.5,95.0,21.4,84.9,1022,0
2026/7/15,21:50:22,19.5,88.0,23.5,95.0,21.3,84.9,1023,0
2026/7/15,21:50:27,19.5,88.0,23.5,95.0,21.4,84.9,1023,0
2026/7/15,21:50:32,19.5,88.0,23.5,95.0,21.4,84.9,1019,0
2026/7/15,21:50:37,19.5,88.0,23.5,95.0,21.4,84.9,1022,0
2026/7/15,21:50:42,19.7,88.0,23.5,95.0,21.3,84.9,1023,0
2026/7/15,21:50:47,19.5,87.0,23.5,95.0,21.4,84.9,1019,0
2026/7/15,21:50:52,19.5,87.0,23.5,95.0,21.3,84.9,1019,0
2026/7/15,21:50:57,19.5,87.0,23.4,95.0,21.4,84.9,1023,0
2026/7/15,21:51:2,19.5,87.0,23.5,95.0,21.4,84.9,1022,0
2026/7/15,21:51:7,19.5,87.0,23.5,95.0,21.4,84.9,1022,0
2026/7/15,21:51:12,19.6,86.0,23.4,95.0,21.3,84.8,1022,0
2026/7/15,21:51:17,19.5,87.0,23.5,95.0,21.3,84.9,1022,0
2026/7/15,21:51:23,19.4,87.0,23.4,95.0,21.3,84.9,1023,0
2026/7/15,21:51:28,19.5,87.0,23.4,95.0,21.3,84.9,1023,0
2026/7/15,21:51:33,19.5,87.0,23.4,95.0,21.3,84.9,1022,0
2026/7/15,21:51:38,19.5,87.0,23.5,95.0,21.3,84.8,1022,0
2026/7/15,21:51:43,19.5,87.0,23.5,95.0,21.4,84.9,1023,0
2026/7/15,21:51:48,19.5,87.0,23.5,95.0,21.3,84.9,1022,0
2026/7/15,21:51:53,19.5,87.0,23.5,95.0,21.3,84.8,1022,0
2026/7/15,21:51:58,19.5,87.0,23.4,95.0,21.3,84.8,1023,0
2026/7/15,21:52:3,19.6,87.0,23.5,95.0,21.3,84.8,1021,0
2026/7/15,21:52:8,19.5,87.0,23.4,95.0,21.3,84.8,1023,0
2026/7/15,21:52:13,19.5,86.0,23.5,95.0,21.3,84.8,1023,0
2026/7/15,21:52:18,19.5,86.0,23.5,95.0,21.3,84.8,1022,0
2026/7/15,21:52:23,19.6,86.0,23.4,95.0,21.3,84.8,1022,0
2026/7/15,21:52:28,19.6,86.0,23.5,95.0,21.3,84.8,1023,0
2026/7/15,21:52:33,19.5,86.0,23.5,95.0,21.3,84.8,1022,0
2026/7/15,21:52:38,19.5,86.0,23.5,95.0,21.3,84.8,1023,0
2026/7/15,21:52:43,19.5,86.0,23.5,95.0,21.3,84.8,1019,0
2026/7/15,21:52:48,19.4,86.0,23.6,95.0,21.3,84.8,1019,0
2026/7/15,21:52:53,19.5,86.0,23.5,95.0,21.3,84.8,1021,0
2026/7/15,21:52:58,19.5,86.0,23.6,95.0,21.3,84.8,1019,0
2026/7/15,21:53:3,19.5,86.0,23.5,95.0,21.3,84.8,1023,0
2026/7/15,21:53:8,19.5,86.0,23.5,95.0,21.3,84.8,1022,0
2026/7/15,21:53:13,19.5,86.0,23.5,95.0,21.3,84.8,1023,0
2026/7/15,21:53:18,19.5,86.0,23.5,95.0,21.3,84.7,1019,0
2026/7/15,21:53:23,19.7,86.0,23.6,95.0,21.3,84.8,1023,0
2026/7/15,21:53:28,19.5,86.0,23.5,95.0,21.3,84.8,1019,0
2026/7/15,21:53:33,19.5,86.0,23.5,95.0,21.3,84.8,1023,0
2026/7/15,21:53:38,19.5,86.0,23.5,95.0,21.3,84.8,1021,0
2026/7/15,21:53:43,19.6,86.0,23.4,95.0,21.3,84.8,1022,0
2026/7/15,21:53:48,19.6,87.0,23.5,95.0,21.3,84.8,1023,0
2026/7/15,21:53:53,19.5,86.0,23.5,95.0,21.3,84.8,1023,0
2026/7/15,21:53:58,19.5,87.0,23.5,95.0,21.3,84.8,1019,0
2026/7/15,21:54:3,19.5,87.0,23.5,95.0,21.3,84.8,1023,0
2026/7/15,21:54:8,19.5,87.0,23.4,95.0,21.3,84.8,1021,0
2026/7/15,21:54:13,19.6,87.0,23.5,95.0,21.3,84.8,1021,0
2026/7/15,21:54:18,19.5,87.0,23.5,95.0,21.3,84.8,1019,0
2026/7/15,21:54:23,19.4,87.0,23.5,95.0,21.3,84.8,1021,0
2026/7/15,21:54:28,19.5,87.0,23.5,95.0,21.3,84.8,1022,0
2026/7/15,21:54:33,19.5,87.0,23.5,95.0,21.3,84.9,1021,0
2026/7/15,21:54:38,19.5,87.0,23.5,95.0,21.3,84.8,1023,0
2026/7/15,21:54:43,19.6,87.0,23.5,95.0,21.3,84.9,1023,0
2026/7/15,21:54:48,19.5,87.0,23.5,95.0,21.3,84.8,1019,0
2026/7/15,21:54:53,19.5,87.0,23.5,95.0,21.3,84.9,1019,0
2026/7/15,21:54:58,19.5,87.0,23.4,95.0,21.3,84.8,1022,0
2026/7/15,21:55:3,19.7,88.0,23.5,95.0,21.3,84.8,1023,0
2026/7/15,21:55:8,19.5,87.0,23.4,95.0,21.3,84.8,1023,0
2026/7/15,21:55:13,19.5,87.0,23.4,95.0,21.3,84.8,1023,0
2026/7/15,21:55:18,19.5,87.0,23.4,95.0,21.3,84.8,1021,0
2026/7/15,21:55:23,19.4,87.0,23.5,95.0,21.3,84.8,1019,0
2026/7/15,21:55:28,19.4,87.0,23.5,95.0,21.3,84.9,1021,0
2026/7/15,21:55:33,19.6,87.0,23.5,95.0,21.3,84.8,1022,0
2026/7/15,21:55:38,19.5,87.0,23.5,95.0,21.3,84.8,1022,0
2026/7/15,21:55:43,19.5,86.0,23.4,95.0,21.3,84.8,1023,0
2026/7/15,21:55:48,19.5,87.0,23.5,95.0,21.4,84.8,1021,0
2026/7/15,21:55:53,19.5,87.0,23.4,95.0,21.3,84.8,1023,0
2026/7/15,21:55:58,19.5,87.0,23.5,95.0,21.3,84.8,1019,0
2026/7/15,21:56:3,19.5,87.0,23.4,95.0,21.3,84.8,1022,0
2026/7/15,21:56:8,19.5,87.0,23.5,95.0,21.3,84.8,1019,0
2026/7/15,21:56:13,19.4,87.0,23.5,95.0,21.3,84.8,1021,0
2026/7/15,21:56:18,19.5,87.0,23.4,95.0,21.3,84.9,1023,0
2026/7/15,21:56:23,19.5,88.0,23.5,95.0,21.3,84.9,1021,0
2026/7/15,21:56:28,19.5,88.0,23.5,95.0,21.3,84.9,1023,0
2026/7/15,21:56:33,19.5,88.0,23.4,95.0,21.3,85.0,1019,0
2026/7/15,21:56:38,19.5,88.0,23.4,95.0,21.4,85.0,1022,0
2026/7/15,21:56:43,19.5,88.0,23.5,95.0,21.3,85.0,1023,0
2026/7/15,21:56:48,19.5,88.0,23.4,95.0,21.3,85.0,1023,0
2026/7/15,21:56:53,19.4,87.0,23.5,95.0,21.3,85.0,1021,0
2026/7/15,21:56:58,19.5,87.0,23.5,95.0,21.3,85.0,1023,0
2026/7/15,21:57:3,19.4,87.0,23.4,95.0,21.3,85.0,1023,0
2026/7/15,21:57:8,19.5,87.0,23.4,95.0,21.3,85.0,1019,0
2026/7/15,21:57:13,19.5,87.0,23.4,95.0,21.3,85.0,1022,0
2026/7/15,21:57:18,19.6,87.0,23.5,95.0,21.3,84.9,1019,0
2026/7/15,21:57:23,19.4,87.0,23.4,95.0,21.3,85.0,1019,0
2026/7/15,21:57:28,19.4,86.0,23.5,95.0,21.3,84.9,1023,0
2026/7/15,21:57:33,19.4,86.0,23.5,95.0,21.3,84.9,1023,0
2026/7/15,21:57:38,19.4,86.0,23.5,95.0,21.3,84.9,1023,0
2026/7/15,21:57:43,19.5,86.0,23.4,95.0,21.3,84.9,1021,0
2026/7/15,21:57:48,19.4,86.0,23.4,95.0,21.3,84.9,1019,0
2026/7/15,21:57:53,19.4,87.0,23.5,95.0,21.3,84.9,1021,0
2026/7/15,21:57:58,19.4,87.0,23.4,95.0,21.3,84.9,1023,0
2026/7/15,21:58:3,19.6,87.0,23.5,95.0,21.3,84.9,1022,0
2026/7/15,21:58:8,19.7,87.0,23.5,95.0,21.3,84.9,1023,0
2026/7/15,21:58:13,19.5,87.0,23.5,95.0,21.3,85.0,1022,0
2026/7/15,21:58:18,19.6,87.0,23.6,95.0,21.3,84.9,1019,0
2026/7/15,21:58:23,19.5,87.0,23.5,95.0,21.3,84.9,1022,0
2026/7/15,21:58:28,19.4,87.0,23.5,95.0,21.3,84.9,1023,0
2026/7/15,21:58:33,19.4,86.0,23.5,95.0,21.3,84.9,1021,0
2026/7/15,21:58:38,19.5,86.0,23.4,95.0,21.3,85.0,1023,0
2026/7/15,21:58:43,19.4,86.0,23.5,95.0,21.3,84.9,1023,0
2026/7/15,21:58:48,19.5,86.0,23.4,95.0,21.3,85.0,1023,0
2026/7/15,21:58:53,19.6,86.0,23.5,95.0,21.3,84.9,1021,0
2026/7/15,21:58:58,19.5,86.0,23.5,95.0,21.3,85.0,1022,0
2026/7/15,21:59:3,19.7,86.0,23.5,95.0,21.3,84.9,1022,0
2026/7/15,21:59:8,19.2,86.0,23.5,95.0,21.3,85.0,1022,0
2026/7/15,21:59:13,19.4,85.0,23.4,95.0,21.3,84.9,1022,0
2026/7/15,21:59:18,19.4,85.0,23.5,95.0,21.3,84.9,1019,0
2026/7/15,21:59:23,19.6,86.0,23.6,95.0,21.3,84.9,1023,0
2026/7/15,21:59:28,19.1,86.0,23.5,95.0,21.3,84.9,1023,0
2026/7/15,21:59:33,19.5,86.0,23.5,95.0,21.3,84.9,1022,0
2026/7/15,21:59:38,19.5,86.0,23.5,95.0,21.3,84.9,1021,0
2026/7/15,21:59:43,19.4,86.0,23.4,95.0,21.3,84.9,1019,0
2026/7/15,21:59:48,19.4,86.0,23.5,95.0,21.3,84.9,1023,0
2026/7/15,21:59:53,19.4,86.0,23.5,95.0,21.3,84.9,1023,0
2026/7/15,21:59:58,19.3,86.0,23.4,95.0,21.3,84.9,1021,0
2026/7/15,22:0:3,19.6,86.0,23.5,95.0,21.3,84.9,1023,0
2026/7/15,22:0:8,19.3,86.0,23.5,95.0,21.3,84.9,1022,0
2026/7/15,22:0:13,19.4,86.0,23.4,95.0,21.3,84.9,1021,0
2026/7/15,22:0:18,19.6,86.0,23.4,95.0,21.3,84.9,1021,0
2026/7/15,22:0:23,19.6,86.0,23.4,95.0,21.3,84.9,1023,0
2026/7/15,22:0:28,19.6,86.0,23.5,95.0,21.3,84.9,1021,0
2026/7/15,22:0:33,19.4,86.0,23.5,95.0,21.3,84.9,1022,0
2026/7/15,22:0:38,19.4,86.0,23.5,95.0,21.3,84.9,1022,0
2026/7/15,22:0:43,19.4,86.0,23.5,95.0,21.3,84.9,1021,0
2026/7/15,22:0:48,19.4,86.0,23.4,95.0,21.3,84.9,1023,0
2026/7/15,22:0:53,19.6,86.0,23.6,95.0,21.3,84.8,1019,0
2026/7/15,22:0:58,19.4,86.0,23.4,95.0,21.3,84.8,1021,0
2026/7/15,22:1:3,19.4,86.0,23.4,95.0,21.3,84.9,1023,0
2026/7/15,22:1:8,19.4,87.0,23.4,95.0,21.3,84.8,1021,0
2026/7/15,22:1:13,19.4,87.0,23.5,95.0,21.3,84.9,1021,0
2026/7/15,22:1:18,19.6,87.0,23.6,95.0,21.3,84.8,1023,0
2026/7/15,22:1:23,19.1,87.0,23.5,95.0,21.3,84.9,1019,0
2026/7/15,22:1:28,19.1,87.0,23.5,95.0,21.3,84.9,1022,0
2026/7/15,22:1:33,19.4,87.0,23.4,95.0,21.3,85.0,1022,0
2026/7/15,22:1:39,19.4,87.0,23.5,95.0,21.3,84.9,1023,0
2026/7/15,22:1:44,19.5,87.0,23.5,95.0,21.3,84.8,1019,0
2026/7/15,22:1:49,19.3,87.0,23.5,95.0,21.3,84.8,1019,0
2026/7/15,22:1:54,19.4,87.0,23.5,95.0,21.3,84.7,1021,0
2026/7/15,22:1:59,19.6,87.0,23.5,95.0,21.3,84.7,1019,0
2026/7/15,22:2:4,19.4,87.0,23.5,95.0,21.3,84.7,1019,0
2026/7/15,22:2:9,19.6,87.0,23.5,95.0,21.3,84.7,1021,0
2026/7/15,22:2:14,19.4,87.0,23.2,95.0,21.3,84.7,1022,0
2026/7/15,22:2:19,19.2,87.0,23.5,95.0,21.2,84.7,1023,0
2026/7/15,22:2:24,19.4,86.0,23.5,95.0,21.2,84.7,1022,0
2026/7/15,22:2:29,19.6,87.0,23.5,95.0,21.3,84.8,1022,0
2026/7/15,22:2:34,19.1,87.0,23.5,95.0,21.2,84.8,1019,0
2026/7/15,22:2:39,19.1,87.0,23.5,95.0,21.2,84.8,1022,0
2026/7/15,22:2:44,19.6,87.0,23.5,95.0,21.2,84.8,1019,0
2026/7/15,22:2:49,19.1,87.0,23.4,95.0,21.2,84.8,1019,0
2026/7/15,22:2:54,19.5,87.0,23.5,95.0,21.3,84.9,1019,0
2026/7/15,22:2:59,19.1,87.0,23.5,95.0,21.3,84.9,1023,0
2026/7/15,22:3:4,19.5,87.0,23.5,95.0,21.2,84.9,1021,0
2026/7/15,22:3:9,19.6,87.0,23.5,95.0,21.2,84.9,1022,0
2026/7/15,22:3:14,19.2,87.0,23.6,95.0,21.2,84.9,1022,0
2026/7/15,22:3:19,19.1,87.0,23.5,95.0,21.2,85.0,1023,0
2026/7/15,22:3:24,19.1,88.0,23.5,95.0,21.2,84.9,1022,0
2026/7/15,22:3:29,19.5,87.0,23.5,95.0,21.2,84.9,1021,0
2026/7/15,22:3:34,19.5,87.0,23.5,95.0,21.2,84.9,1021,0
2026/7/15,22:3:39,19.1,87.0,23.6,95.0,21.2,85.0,1019,0
2026/7/15,22:3:44,19.5,87.0,23.5,95.0,21.2,85.0,1022,0
2026/7/15,22:3:49,19.1,87.0,23.5,95.0,21.2,85.0,1022,0
2026/7/15,22:3:54,19.1,87.0,23.6,95.0,21.2,85.0,1019,0
2026/7/15,22:3:59,19.1,87.0,23.4,95.0,21.2,85.0,1021,0
2026/7/15,22:4:4,19.1,87.0,23.5,95.0,21.2,85.0,1023,0
2026/7/15,22:4:9,19.0,87.0,23.4,95.0,21.2,85.0,1021,0
2026/7/15,22:4:14,19.5,87.0,23.5,95.0,21.2,85.0,1019,0
2026/7/15,22:4:19,19.1,87.0,23.5,95.0,21.2,85.0,1022,0
2026/7/15,22:4:24,19.5,87.0,23.5,95.0,21.2,85.0,1021,0
2026/7/15,22:4:29,19.5,87.0,23.5,95.0,21.2,85.1,1021,0
2026/7/15,22:4:34,19.4,87.0,23.5,95.0,21.2,85.0,1021,0
2026/7/15,22:4:39,19.1,88.0,23.5,95.0,21.2,85.0,1019,0
2026/7/15,22:4:44,19.0,88.0,23.6,95.0,21.2,85.0,1019,0
2026/7/15,22:4:49,19.5,88.0,23.5,95.0,21.2,85.0,1019,0
2026/7/15,22:4:54,19.5,87.0,23.5,95.0,21.2,85.0,1022,0
2026/7/15,22:4:59,19.0,87.0,23.4,95.0,21.2,85.0,1023,0
2026/7/15,22:5:4,19.5,87.0,23.5,95.0,21.2,85.0,1023,0
2026/7/15,22:5:9,19.1,87.0,23.4,95.0,21.2,85.0,1023,0
2026/7/15,22:5:14,19.1,87.0,23.6,95.0,21.2,85.0,1023,0
2026/7/15,22:5:19,19.0,87.0,23.5,95.0,21.2,85.0,1021,0
2026/7/15,22:5:24,19.5,87.0,23.5,95.0,21.2,85.0,1019,0
2026/7/15,22:5:29,19.5,87.0,23.6,95.0,21.2,85.0,1019,0
2026/7/15,22:5:34,19.2,87.0,23.5,95.0,21.2,85.0,1023,0
2026/7/15,22:5:39,19.0,87.0,23.4,95.0,21.2,85.0,1021,0
2026/7/15,22:5:44,19.0,87.0,23.6,95.0,21.2,85.0,1023,0
2026/7/15,22:5:49,19.5,87.0,23.4,95.0,21.2,85.0,1019,0
2026/7/15,22:5:54,19.5,87.0,23.5,95.0,21.2,85.1,1023,0
2026/7/15,22:5:59,19.5,87.0,23.5,95.0,21.2,85.0,1023,0
2026/7/15,22:6:4,19.5,88.0,23.5,95.0,21.2,85.0,1023,0
2026/7/15,22:6:9,19.0,88.0,23.4,95.0,21.2,85.0,1021,0
2026/7/15,22:6:14,19.0,88.0,23.5,95.0,21.2,85.0,1019,0
2026/7/15,22:6:19,19.0,88.0,23.6,95.0,21.2,85.0,1021,0
2026/7/15,22:6:24,19.2,88.0,23.5,95.0,21.2,85.1,1023,0
2026/7/15,22:6:29,19.1,88.0,23.5,95.0,21.2,85.1,1023,0
2026/7/15,22:6:34,19.4,89.0,23.5,95.0,21.2,85.1,1019,0
2026/7/15,22:6:39,19.0,89.0,23.5,95.0,21.2,85.1,1019,0
2026/7/15,22:6:44,19.3,89.0,23.4,95.0,21.2,85.1,1023,0
2026/7/15,22:6:49,19.1,88.0,23.4,95.0,21.2,85.1,1022,0
2026/7/15,22:6:54,19.5,88.0,23.4,95.0,21.2,85.1,1021,0
2026/7/15,22:6:59,19.0,88.0,23.4,95.0,21.2,85.1,1022,0
2026/7/15,22:7:4,19.0,88.0,23.4,95.0,21.2,85.0,1019,0
2026/7/15,22:7:9,19.1,88.0,23.5,95.0,21.2,85.0,1021,0
2026/7/15,22:7:14,19.0,88.0,23.4,95.0,21.2,85.0,1021,0
2026/7/15,22:7:19,19.0,88.0,23.4,95.0,21.2,84.9,1021,0
2026/7/15,22:7:24,19.3,88.0,23.5,95.0,21.2,84.9,1019,0
2026/7/15,22:7:29,19.0,88.0,23.5,95.0,21.2,84.9,1021,0
2026/7/15,22:7:34,19.0,88.0,23.4,95.0,21.2,84.8,1023,0
2026/7/15,22:7:39,19.2,88.0,23.4,95.0,21.1,84.8,1023,0
2026/7/15,22:7:44,19.0,88.0,23.5,95.0,21.2,84.8,1023,0
2026/7/15,22:7:49,19.0,88.0,23.4,95.0,21.2,84.9,1022,0
2026/7/15,22:7:54,19.5,88.0,23.4,95.0,21.2,84.9,1019,0
2026/7/15,22:7:59,19.5,88.0,23.4,95.0,21.2,84.9,1023,0
2026/7/15,22:8:4,19.2,88.0,23.4,95.0,21.2,84.9,1021,0
2026/7/15,22:8:9,19.1,88.0,23.4,95.0,21.2,85.0,1022,0
2026/7/15,22:8:14,19.1,88.0,23.4,95.0,21.1,85.0,1022,0
2026/7/15,22:8:19,19.3,88.0,23.4,95.0,21.2,85.0,1021,0
2026/7/15,22:8:24,19.3,88.0,23.4,95.0,21.2,85.0,1021,0
2026/7/15,22:8:29,19.0,88.0,23.4,95.0,21.2,85.0,1021,0
2026/7/15,22:8:34,19.0,88.0,23.4,95.0,21.2,85.0,1021,0
2026/7/15,22:8:39,19.5,88.0,23.5,95.0,21.1,85.0,1022,0
2026/7/15,22:8:44,19.5,87.0,23.5,95.0,21.1,85.0,1019,0
2026/7/15,22:8:49,19.0,87.0,23.5,95.0,21.2,85.0,1019,0
2026/7/15,22:8:54,19.1,88.0,23.4,95.0,21.1,85.0,1022,0
2026/7/15,22:8:59,19.0,88.0,23.4,95.0,21.2,85.0,1022,0
2026/7/15,22:9:4,19.0,88.0,23.4,95.0,21.1,85.0,1019,0
2026/7/15,22:9:9,19.4,88.0,23.5,95.0,21.1,85.0,1021,0
2026/7/15,22:9:14,19.0,88.0,23.5,95.0,21.1,85.0,1023,0
2026/7/15,22:9:19,19.5,88.0,23.4,95.0,21.1,85.0,1019,0
2026/7/15,22:9:24,19.0,88.0,23.5,95.0,21.1,85.0,1019,0
2026/7/15,22:9:29,19.5,88.0,23.4,95.0,21.1,85.1,1021,0
2026/7/15,22:9:34,19.0,88.0,23.4,95.0,21.2,85.0,1021,0
2026/7/15,22:9:39,19.0,88.0,23.4,95.0,21.1,85.1,1019,0
2026/7/15,22:9:44,19.4,88.0,23.4,95.0,21.1,85.0,1021,0
2026/7/15,22:9:49,19.1,88.0,23.4,95.0,21.1,85.1,1023,0
2026/7/15,22:9:54,19.0,88.0,23.4,95.0,21.1,85.0,1021,0
2026/7/15,22:9:59,19.0,87.0,23.4,95.0,21.1,85.0,1021,0
2026/7/15,22:10:4,19.1,88.0,23.4,95.0,21.1,85.0,1023,0
2026/7/15,22:10:9,19.5,88.0,23.4,95.0,21.1,85.0,1021,0
2026/7/15,22:10:14,19.1,87.0,23.4,95.0,21.2,85.0,1022,0
2026/7/15,22:10:19,19.1,87.0,23.4,95.0,21.1,85.1,1023,0
2026/7/15,22:10:24,19.1,87.0,23.5,95.0,21.1,85.0,1019,0
2026/7/15,22:10:29,19.0,88.0,23.4,95.0,21.1,85.1,1023,0
2026/7/15,22:10:34,19.4,87.0,23.4,95.0,21.1,85.1,1023,0
2026/7/15,22:10:39,19.4,87.0,23.4,95.0,21.1,85.1,1019,0
2026/7/15,22:10:44,19.4,87.0,23.5,95.0,21.1,85.1,1022,0
2026/7/15,22:10:49,18.9,88.0,23.4,95.0,21.1,85.0,1023,0
2026/7/15,22:10:54,19.0,88.0,23.4,95.0,21.1,85.0,1023,0
2026/7/15,22:10:59,19.2,87.0,23.4,95.0,21.1,85.0,1021,0
2026/7/15,22:11:4,19.5,87.0,23.4,95.0,21.1,85.0,1022,0
2026/7/15,22:11:9,19.0,88.0,23.5,95.0,21.1,85.0,1023,0
2026/7/15,22:11:14,18.9,88.0,23.4,95.0,21.1,85.0,1023,0
2026/7/15,22:11:19,19.0,88.0,23.4,95.0,21.1,85.0,1023,0
2026/7/15,22:11:24,19.0,88.0,23.4,95.0,21.1,85.0,1023,0
2026/7/15,22:11:29,19.0,88.0,23.5,95.0,21.1,85.0,1021,0
2026/7/15,22:11:34,19.0,88.0,23.4,95.0,21.1,85.1,1022,0
2026/7/15,22:11:39,19.2,88.0,23.4,95.0,21.1,85.1,1022,0
2026/7/15,22:11:44,19.0,88.0,23.4,95.0,21.1,85.0,1019,0
2026/7/15,22:11:49,19.0,88.0,23.4,95.0,21.1,85.0,1021,0
2026/7/15,22:11:54,19.0,88.0,23.5,95.0,21.1,84.9,1019,0
2026/7/15,22:11:59,19.4,88.0,23.5,95.0,21.1,84.9,1023,0
2026/7/15,22:12:4,19.0,88.0,23.4,95.0,21.1,84.9,1019,0
2026/7/15,22:12:10,18.9,87.0,23.4,95.0,21.1,84.9,1021,0
2026/7/15,22:12:15,19.0,87.0,23.5,95.0,21.1,84.9,1023,0
2026/7/15,22:12:20,19.0,87.0,23.4,95.0,21.1,84.9,1019,0
2026/7/15,22:12:25,19.1,87.0,23.5,95.0,21.1,84.9,1022,0
2026/7/15,22:12:30,19.1,88.0,23.5,95.0,21.1,84.9,1023,0
2026/7/15,22:12:35,18.9,88.0,23.4,95.0,21.1,84.9,1019,0
2026/7/15,22:12:40,19.0,88.0,23.4,95.0,21.1,85.0,1023,0
2026/7/15,22:12:45,19.3,88.0,23.4,95.0,21.1,85.0,1021,0
2026/7/15,22:12:50,19.1,87.0,23.5,95.0,21.1,84.9,1019,0
2026/7/15,22:12:55,19.0,88.0,23.5,95.0,21.1,85.0,1019,0
2026/7/15,22:13:0,19.1,88.0,23.4,95.0,21.1,84.9,1022,0
2026/7/15,22:13:5,19.4,88.0,23.4,95.0,21.1,85.0,1023,0
2026/7/15,22:13:10,19.1,87.0,23.6,95.0,21.1,84.9,1023,0
2026/7/15,22:13:15,19.0,88.0,23.5,95.0,21.1,85.0,1023,0
2026/7/15,22:13:20,19.4,88.0,23.4,95.0,21.1,84.9,1023,0
2026/7/15,22:13:25,19.2,88.0,23.5,95.0,21.1,85.0,1021,0
2026/7/15,22:13:30,19.0,89.0,23.5,95.0,21.1,84.9,1021,0
2026/7/15,22:13:35,19.4,89.0,23.4,95.0,21.1,84.9,1021,0
2026/7/15,22:13:40,18.9,89.0,23.4,95.0,21.1,84.9,1022,0
2026/7/15,22:13:45,19.1,89.0,23.3,95.0,21.1,84.9,1019,0
2026/7/15,22:13:50,19.4,89.0,23.4,95.0,21.1,84.9,1022,0
2026/7/15,22:13:55,19.4,89.0,23.4,95.0,21.1,84.9,1022,0
2026/7/15,22:14:0,19.0,89.0,23.5,95.0,21.1,85.0,1023,0
2026/7/15,22:14:5,19.0,89.0,23.4,95.0,21.1,84.9,1019,0
2026/7/15,22:14:10,19.0,89.0,23.4,95.0,21.1,84.9,1023,0
2026/7/15,22:14:15,19.1,89.0,23.5,95.0,21.1,85.0,1023,0
2026/7/15,22:14:20,19.0,89.0,23.4,95.0,21.1,85.0,1023,0
2026/7/15,22:14:25,19.4,89.0,23.4,95.0,21.1,85.0,1022,0
2026/7/15,22:14:30,19.0,89.0,23.4,95.0,21.1,85.0,1019,0
2026/7/15,22:14:35,19.0,89.0,23.4,95.0,21.1,84.9,1019,0
2026/7/15,22:14:40,19.1,89.0,23.5,95.0,21.1,84.9,1019,0
2026/7/15,22:14:45,19.0,89.0,23.5,95.0,21.1,85.0,1022,0
2026/7/15,22:14:50,19.3,88.0,23.3,95.0,21.1,84.9,1023,0
2026/7/15,22:14:55,19.0,88.0,23.4,95.0,21.1,85.0,1019,0
2026/7/15,22:15:0,19.1,88.0,23.5,95.0,21.1,85.0,1019,0
2026/7/15,22:15:5,19.1,88.0,23.5,95.0,21.1,85.0,1023,0
2026/7/15,22:15:10,19.4,88.0,23.4,95.0,21.1,85.0,1019,0
2026/7/15,22:15:15,19.4,89.0,23.4,95.0,21.0,85.0,1023,0
2026/7/15,22:15:20,19.1,89.0,23.5,95.0,21.0,85.1,1019,0
2026/7/15,22:15:25,19.0,89.0,23.3,95.0,21.1,85.1,1019,0
2026/7/15,22:15:30,19.1,89.0,23.3,95.0,21.1,85.1,1019,0
2026/7/15,22:15:35,19.0,89.0,23.5,95.0,21.0,85.1,1023,0
2026/7/15,22:15:40,19.1,89.0,23.5,95.0,21.1,85.1,1021,0
2026/7/15,22:15:45,18.9,89.0,23.4,95.0,21.1,85.1,1022,0
2026/7/15,22:15:50,19.0,89.0,23.4,95.0,21.0,85.1,1021,0
2026/7/15,22:15:55,19.0,88.0,23.5,95.0,21.0,85.2,1022,0
2026/7/15,22:16:0,19.0,88.0,23.3,95.0,21.0,85.1,1021,0
2026/7/15,22:16:5,19.1,88.0,23.4,95.0,21.0,85.1,1023,0
2026/7/15,22:16:10,18.9,88.0,23.3,95.0,21.0,85.1,1019,0
2026/7/15,22:16:15,19.0,88.0,23.5,95.0,21.0,85.1,1021,0
2026/7/15,22:16:20,19.0,88.0,23.3,95.0,21.0,85.1,1019,0
2026/7/15,22:16:25,19.1,88.0,23.5,95.0,21.0,85.1,1022,0
2026/7/15,22:16:30,19.0,88.0,23.5,95.0,21.0,85.1,1021,0
2026/7/15,22:16:35,19.1,88.0,23.5,95.0,21.0,85.1,1023,0
2026/7/15,22:16:40,19.0,88.0,23.5,95.0,21.0,85.1,1019,0
2026/7/15,22:16:45,19.1,88.0,23.5,95.0,21.0,85.1,1021,0
2026/7/15,22:16:50,19.0,88.0,23.5,95.0,21.0,85.1,1023,0
2026/7/15,22:16:55,19.1,88.0,23.5,95.0,21.1,85.1,1022,0
2026/7/15,22:17:0,19.1,88.0,23.5,95.0,21.0,85.1,1023,0
2026/7/15,22:17:5,19.0,88.0,23.5,95.0,21.0,85.1,1019,0
2026/7/15,22:17:10,19.0,89.0,23.5,95.0,21.0,85.2,1023,0
2026/7/15,22:17:15,19.1,89.0,23.5,95.0,21.0,85.2,1019,0
2026/7/15,22:17:20,19.0,89.0,23.5,95.0,21.0,85.2,1021,0
2026/7/15,22:17:25,19.0,89.0,23.5,95.0,21.0,85.1,1021,0
2026/7/15,22:17:30,19.0,89.0,23.5,95.0,21.0,85.1,1021,0
2026/7/15,22:17:35,19.1,88.0,23.5,95.0,21.0,85.2,1023,0
2026/7/15,22:17:40,19.0,88.0,23.4,95.0,21.0,85.1,1023,0
2026/7/15,22:17:45,19.0,88.0,23.5,95.0,21.0,85.1,1023,0
2026/7/15,22:17:50,19.0,88.0,23.3,95.0,21.0,85.1,1023,0
2026/7/15,22:17:55,19.1,88.0,23.3,95.0,21.1,85.1,1019,0
2026/7/15,22:18:0,19.0,88.0,23.5,95.0,21.0,85.1,1023,0
2026/7/15,22:18:5,19.0,88.0,23.5,95.0,21.0,85.2,1023,0
2026/7/15,22:18:10,19.1,88.0,23.4,95.0,21.0,85.1,1019,0
2026/7/15,22:18:15,19.1,88.0,23.5,95.0,21.0,85.1,1022,0
2026/7/15,22:18:20,19.0,88.0,23.4,95.0,21.0,85.1,1021,0
2026/7/15,22:18:25,18.9,88.0,23.4,95.0,21.1,85.1,1021,0
2026/7/15,22:18:30,19.1,88.0,23.4,95.0,21.0,85.1,1023,0
2026/7/15,22:18:35,19.0,88.0,23.3,95.0,21.0,85.1,1023,0
2026/7/15,22:18:40,19.0,88.0,23.5,95.0,21.0,85.1,1023,0
2026/7/15,22:18:45,19.0,88.0,23.5,95.0,21.0,85.1,1021,0
2026/7/15,22:18:50,19.1,88.0,23.4,95.0,21.0,85.1,1022,0
2026/7/15,22:18:55,19.0,88.0,23.5,95.0,21.0,85.2,1019,0
2026/7/15,22:19:0,19.0,88.0,23.4,95.0,21.0,85.1,1021,0
2026/7/15,22:19:5,19.1,88.0,23.5,95.0,21.0,85.1,1023,0
2026/7/15,22:19:10,19.0,88.0,23.4,95.0,21.0,85.1,1023,0
2026/7/15,22:19:15,19.0,88.0,23.5,95.0,21.0,85.1,1019,0
2026/7/15,22:19:20,18.9,88.0,23.3,95.0,21.0,85.1,1019,0
2026/7/15,22:19:25,19.0,88.0,23.5,95.0,21.0,85.1,1022,0
2026/7/15,22:19:30,19.0,88.0,23.3,95.0,21.0,85.2,1019,0
2026/7/15,22:19:35,19.0,88.0,23.4,95.0,21.0,85.2,1021,0
2026/7/15,22:19:40,19.0,88.0,23.5,95.0,21.0,85.2,1023,0
2026/7/15,22:19:45,19.0,88.0,23.5,95.0,21.0,85.2,1019,0
2026/7/15,22:19:50,19.1,88.0,23.5,95.0,21.0,85.2,1019,0
2026/7/15,22:19:55,18.9,88.0,23.5,95.0,21.0,85.2,1023,0
2026/7/15,22:20:0,19.0,88.0,23.4,95.0,21.0,85.2,1021,0
2026/7/15,22:20:5,19.2,89.0,23.5,95.0,21.0,85.2,1021,0
2026/7/15,22:20:10,19.0,89.0,23.4,95.0,21.0,85.2,1019,0
2026/7/15,22:20:15,19.0,89.0,23.4,95.0,21.0,85.2,1019,0
2026/7/15,22:20:20,19.1,89.0,23.4,95.0,21.0,85.2,1023,0
2026/7/15,22:20:25,19.0,89.0,23.5,95.0,21.0,85.3,1019,0
2026/7/15,22:20:30,19.1,89.0,23.5,95.0,21.0,85.2,1019,0
2026/7/15,22:20:35,19.1,89.0,23.4,95.0,21.0,85.3,1023,0
2026/7/15,22:20:40,19.0,89.0,23.5,95.0,21.1,85.2,1023,0
2026/7/15,22:20:45,19.1,88.0,23.4,95.0,21.0,85.2,1021,0
2026/7/15,22:20:50,19.0,88.0,23.5,95.0,21.0,85.2,1021,0
2026/7/15,22:20:55,19.0,89.0,23.4,95.0,21.0,85.2,1023,0
2026/7/15,22:21:0,19.1,89.0,23.5,95.0,21.0,85.2,1023,0
2026/7/15,22:21:5,19.1,89.0,23.5,95.0,21.0,85.2,1023,0
2026/7/15,22:21:10,19.0,88.0,23.4,95.0,21.0,85.2,1021,0
2026/7/15,22:21:15,19.1,88.0,23.5,95.0,21.0,85.1,1021,0
2026/7/15,22:21:20,19.0,88.0,23.3,95.0,21.0,85.2,1023,0
2026/7/15,22:21:25,19.0,88.0,23.5,95.0,21.0,85.2,1021,0
2026/7/15,22:21:30,19.0,89.0,23.5,95.0,21.0,85.2,1021,0
2026/7/15,22:21:35,19.1,89.0,23.5,95.0,21.0,85.2,1019,0
2026/7/15,22:21:40,19.1,89.0,23.4,95.0,21.0,85.2,1023,0
2026/7/15,22:21:45,19.1,89.0,23.4,95.0,21.0,85.2,1019,0
2026/7/15,22:21:50,19.0,89.0,23.4,95.0,21.0,85.2,1023,0
2026/7/15,22:21:55,19.2,89.0,23.5,95.0,21.0,85.2,1023,0
2026/7/15,22:22:0,19.4,89.0,23.4,95.0,21.1,85.2,1022,0
2026/7/15,22:22:5,19.1,89.0,23.4,95.0,21.0,85.2,1023,0
2026/7/15,22:22:10,19.1,89.0,23.4,95.0,21.0,85.2,1019,0
2026/7/15,22:22:15,19.2,89.0,23.5,95.0,21.0,85.3,1019,0
2026/7/15,22:22:20,19.0,89.0,23.4,95.0,21.0,85.3,1023,0
2026/7/15,22:22:25,19.0,89.0,23.5,95.0,21.0,85.3,1023,0
2026/7/15,22:22:30,19.0,89.0,23.4,95.0,21.0,85.3,1023,0
2026/7/15,22:22:35,19.5,89.0,23.3,95.0,21.0,85.2,1023,0
2026/7/15,22:22:40,19.0,88.0,23.5,95.0,21.0,85.3,1019,0
2026/7/15,22:22:45,19.1,88.0,23.5,95.0,21.0,85.2,1019,0
2026/7/15,22:22:50,19.3,88.0,23.5,95.0,21.0,85.2,1023,0
2026/7/15,22:22:55,19.0,88.0,23.3,95.0,21.0,85.2,1019,0
2026/7/15,22:23:0,19.0,88.0,23.5,95.0,21.0,85.3,1019,0
2026/7/15,22:23:6,19.1,88.0,23.4,95.0,21.0,85.2,1023,0
2026/7/15,22:23:11,19.4,88.0,23.3,95.0,21.0,85.4,1021,0
2026/7/15,22:23:16,19.0,88.0,23.5,95.0,21.0,85.4,1023,0
2026/7/15,22:23:21,19.2,88.0,23.4,95.0,21.0,85.2,1021,0
2026/7/15,22:23:26,19.1,88.0,23.3,95.0,21.0,85.1,1021,0
2026/7/15,22:23:31,19.0,88.0,23.4,95.0,21.0,85.0,1022,0
2026/7/15,22:23:36,19.0,88.0,23.5,95.0,21.0,85.0,1023,0
2026/7/15,22:23:41,19.1,88.0,23.5,95.0,21.0,85.0,1022,0
2026/7/15,22:23:46,19.1,88.0,23.4,95.0,21.0,85.0,1021,0
2026/7/15,22:23:51,19.1,88.0,23.1,95.0,21.0,85.0,1019,0
2026/7/15,22:23:56,19.0,88.0,23.2,95.0,21.0,85.1,1023,0
2026/7/15,22:24:1,19.1,88.0,23.5,95.0,21.0,85.1,1023,0
2026/7/15,22:24:6,19.0,88.0,23.5,95.0,21.0,85.0,1019,0
2026/7/15,22:24:11,19.2,88.0,23.4,95.0,21.0,85.1,1023,0
2026/7/15,22:24:16,19.0,88.0,23.5,95.0,21.0,85.1,1019,0
2026/7/15,22:24:21,19.0,88.0,23.4,95.0,21.0,85.1,1019,0
2026/7/15,22:24:26,19.0,88.0,23.4,95.0,21.0,85.0,1021,0
2026/7/15,22:24:31,19.0,88.0,23.4,95.0,21.0,85.1,1022,0
2026/7/15,22:24:36,19.2,88.0,23.4,95.0,21.0,85.1,1019,0
2026/7/15,22:24:41,19.0,88.0,23.5,95.0,21.0,85.1,1023,0
2026/7/15,22:24:46,19.0,88.0,23.5,95.0,21.0,85.1,1021,0
2026/7/15,22:24:51,19.1,88.0,23.5,95.0,21.0,85.2,1019,0
2026/7/15,22:24:56,19.1,88.0,23.4,95.0,21.0,85.2,1021,0
2026/7/15,22:25:1,19.0,88.0,23.3,95.0,21.0,85.1,1021,0
2026/7/15,22:25:6,19.1,88.0,23.4,95.0,21.0,85.2,1023,0
2026/7/15,22:25:11,19.4,88.0,23.3,95.0,21.0,85.1,1022,0
2026/7/15,22:25:16,19.0,88.0,23.5,95.0,21.0,85.1,1021,0
2026/7/15,22:25:21,19.1,88.0,23.5,95.0,21.0,85.2,1023,0
2026/7/15,22:25:26,19.1,88.0,23.4,95.0,21.0,85.2,1019,0
2026/7/15,22:25:31,19.1,89.0,23.4,95.0,21.0,85.2,1023,0
2026/7/15,22:25:36,19.1,89.0,23.2,95.0,21.0,85.2,1021,0
2026/7/15,22:25:41,19.1,88.0,23.4,95.0,21.0,85.2,1023,0
2026/7/15,22:25:46,19.0,88.0,23.4,95.0,21.0,85.2,1021,0
2026/7/15,22:25:51,19.0,88.0,23.5,95.0,21.0,85.2,1023,0
2026/7/15,22:25:56,19.1,88.0,23.4,95.0,21.0,85.2,1021,0
2026/7/15,22:26:1,19.1,88.0,23.4,95.0,21.0,85.2,1022,0
2026/7/15,22:26:6,19.1,89.0,23.4,95.0,21.0,85.2,1023,0
2026/7/15,22:26:11,19.0,89.0,23.4,95.0,21.0,85.2,1021,0
2026/7/15,22:26:16,19.0,89.0,23.4,95.0,21.0,85.3,1021,0
2026/7/15,22:26:21,19.1,89.0,23.4,95.0,21.0,85.4,1023,0
2026/7/15,22:26:26,19.1,88.0,23.4,95.0,21.0,85.3,1019,0
2026/7/15,22:26:31,18.9,88.0,23.4,95.0,21.0,85.4,1022,0
2026/7/15,22:26:36,18.9,87.0,23.4,95.0,21.0,85.3,1019,0
2026/7/15,22:26:41,19.0,87.0,23.4,95.0,20.9,85.2,1021,0
2026/7/15,22:26:46,19.0,87.0,23.4,95.0,21.0,85.1,1022,0
2026/7/15,22:26:51,19.2,88.0,23.4,95.0,21.0,85.1,1023,0
2026/7/15,22:26:56,19.1,88.0,23.4,95.0,21.0,85.2,1023,0
2026/7/15,22:27:1,19.2,88.0,23.4,95.0,21.0,85.1,1021,0
2026/7/15,22:27:6,19.1,88.0,22.9,95.0,21.0,85.1,1022,0
2026/7/15,22:27:11,19.1,88.0,23.4,95.0,20.9,85.1,1021,0
2026/7/15,22:27:16,19.4,88.0,23.4,95.0,21.0,85.1,1023,0
2026/7/15,22:27:21,19.4,88.0,23.4,95.0,20.9,85.1,1019,0
2026/7/15,22:27:26,19.1,89.0,23.4,95.0,20.9,85.2,1023,0
2026/7/15,22:27:31,19.0,89.0,23.2,95.0,21.0,85.2,1021,0
2026/7/15,22:27:36,19.0,89.0,23.5,95.0,20.9,85.2,1023,0
2026/7/15,22:27:41,19.2,89.0,23.4,95.0,21.0,85.2,1023,0
2026/7/15,22:27:46,19.1,88.0,23.5,95.0,21.0,85.2,1022,0
2026/7/15,22:27:51,19.2,88.0,23.4,95.0,20.9,85.2,1023,0
2026/7/15,22:27:56,19.1,88.0,23.5,95.0,20.9,85.3,1021,0
2026/7/15,22:28:1,19.1,88.0,23.5,95.0,21.0,85.2,1023,0
2026/7/15,22:28:6,19.2,88.0,23.4,95.0,20.9,85.2,1023,0
2026/7/15,22:28:11,19.1,88.0,23.4,95.0,21.0,85.2,1019,0
2026/7/15,22:28:16,19.2,88.0,23.5,95.0,20.9,85.2,1021,0
2026/7/15,22:28:21,19.2,88.0,23.4,95.0,20.9,85.2,1023,0
2026/7/15,22:28:26,19.0,88.0,23.4,95.0,20.9,85.2,1023,0
2026/7/15,22:28:31,19.2,88.0,23.4,95.0,20.9,85.2,1019,0
2026/7/15,22:28:36,19.0,88.0,23.4,95.0,20.9,85.2,1019,0
2026/7/15,22:28:41,19.0,88.0,23.4,95.0,21.0,85.2,1023,0
2026/7/15,22:28:46,19.1,88.0,23.4,95.0,21.0,85.2,1023,0
2026/7/15,22:28:51,19.1,88.0,23.2,95.0,21.0,85.2,1023,0
2026/7/15,22:28:56,19.2,88.0,23.4,95.0,20.9,85.3,1023,0
2026/7/15,22:29:1,19.5,88.0,23.4,95.0,21.0,85.3,1021,0
2026/7/15,22:29:6,19.2,88.0,23.1,95.0,20.9,85.2,1019,0
2026/7/15,22:29:11,19.0,88.0,23.5,95.0,21.0,85.3,1021,0
2026/7/15,22:29:16,19.0,88.0,23.5,95.0,21.0,85.3,1019,0
2026/7/15,22:29:21,19.2,88.0,23.5,95.0,21.0,85.3,1023,0
2026/7/15,22:29:26,19.1,88.0,23.4,95.0,20.9,85.2,1023,0
2026/7/15,22:29:31,19.2,88.0,23.4,95.0,21.0,85.3,1019,0
2026/7/15,22:29:36,19.2,88.0,23.5,95.0,20.9,85.2,1021,0
2026/7/15,22:29:41,19.1,88.0,23.4,95.0,21.0,85.3,1023,0
2026/7/15,22:29:46,19.2,88.0,23.4,95.0,21.0,85.3,1019,0
2026/7/15,22:29:51,19.1,88.0,23.5,95.0,21.0,85.3,1023,0
2026/7/15,22:29:56,19.2,88.0,23.0,95.0,21.0,85.3,1023,0
2026/7/15,22:30:1,19.2,88.0,23.4,95.0,21.0,85.3,1021,0
2026/7/15,22:30:6,19.2,88.0,23.4,95.0,21.0,85.3,1019,0
2026/7/15,22:30:11,19.1,88.0,23.1,95.0,21.0,85.3,1023,0
2026/7/15,22:30:16,19.1,88.0,23.4,95.0,21.0,85.4,1023,0
2026/7/15,22:30:21,19.2,88.0,23.4,95.0,21.0,85.4,1022,0
2026/7/15,22:30:26,19.2,88.0,23.5,95.0,21.0,85.4,1022,0
2026/7/15,22:30:31,19.0,88.0,23.0,95.0,21.0,85.4,1022,0
2026/7/15,22:30:36,19.0,88.0,23.3,95.0,21.0,85.4,1021,0
2026/7/15,22:30:41,19.0,88.0,23.0,95.0,21.0,85.4,1023,0
2026/7/15,22:30:46,19.0,88.0,23.3,95.0,21.0,85.4,1023,0
2026/7/15,22:30:51,19.0,88.0,23.4,95.0,21.0,85.4,1019,0
2026/7/15,22:30:56,19.0,88.0,23.4,95.0,21.0,85.4,1022,0
2026/7/15,22:31:1,19.2,88.0,23.5,95.0,21.0,85.3,1019,0
2026/7/15,22:31:6,19.1,88.0,23.4,95.0,21.0,85.3,1023,0
2026/7/15,22:31:11,19.0,88.0,23.1,95.0,21.0,85.3,1022,0
2026/7/15,22:31:16,19.2,88.0,23.4,95.0,21.0,85.4,1023,0
2026/7/15,22:31:21,19.2,88.0,23.5,95.0,21.0,85.4,1019,0
2026/7/15,22:31:26,19.1,88.0,23.4,95.0,20.9,85.4,1021,0
2026/7/15,22:31:31,19.2,88.0,23.0,95.0,20.9,85.4,1023,0
2026/7/15,22:31:36,19.0,88.0,23.4,95.0,21.0,85.4,1023,0
2026/7/15,22:31:41,19.0,88.0,23.3,95.0,21.0,85.4,1021,0
2026/7/15,22:31:46,19.2,88.0,23.4,95.0,21.0,85.4,1023,0
2026/7/15,22:31:51,19.0,88.0,23.4,95.0,21.0,85.4,1021,0
2026/7/15,22:31:56,19.0,88.0,23.4,95.0,21.0,85.4,1023,0
2026/7/15,22:32:1,19.2,88.0,23.0,95.0,21.0,85.4,1023,0
2026/7/15,22:32:6,19.2,88.0,23.1,95.0,21.0,85.4,1023,0
2026/7/15,22:32:11,19.2,88.0,22.9,95.0,21.0,85.4,1023,0
2026/7/15,22:32:16,19.1,88.0,23.4,95.0,21.0,85.4,1023,0
2026/7/15,22:32:21,19.3,88.0,23.5,95.0,21.0,85.4,1021,0
2026/7/15,22:32:26,19.3,88.0,23.0,95.0,21.0,85.4,1019,0
2026/7/15,22:32:31,19.0,88.0,23.4,95.0,21.0,85.4,1019,0
2026/7/15,22:32:36,19.0,88.0,23.4,95.0,21.0,85.4,1023,0
2026/7/15,22:32:41,19.5,88.0,23.4,95.0,21.0,85.4,1021,0
2026/7/15,22:32:46,19.0,88.0,23.5,95.0,21.0,85.4,1022,0
2026/7/15,22:32:51,19.2,88.0,23.4,95.0,21.0,85.4,1021,0
2026/7/15,22:32:56,19.2,87.0,23.4,95.0,21.0,85.4,1021,0
2026/7/15,22:33:1,19.1,87.0,23.4,95.0,21.0,85.4,1021,0
2026/7/15,22:33:6,19.0,87.0,23.4,95.0,21.0,85.4,1023,0
2026/7/15,22:33:11,19.1,87.0,23.0,95.0,20.9,85.4,1022,0
2026/7/15,22:33:16,19.0,87.0,23.2,95.0,20.9,85.4,1019,0
2026/7/15,22:33:21,19.5,87.0,23.2,95.0,20.9,85.4,1023,0
2026/7/15,22:33:26,19.2,87.0,23.4,95.0,20.9,85.4,1019,0
2026/7/15,22:33:31,19.2,87.0,23.2,95.0,21.0,85.4,1021,0
2026/7/15,22:33:36,19.1,87.0,23.4,95.0,21.0,85.5,1019,0
2026/7/15,22:33:41,19.2,88.0,23.4,95.0,21.0,85.4,1019,0
2026/7/15,22:33:46,19.0,88.0,23.4,95.0,21.0,85.4,1021,0
2026/7/15,22:33:51,19.0,88.0,23.2,95.0,21.0,85.5,1023,0
2026/7/15,22:33:56,19.0,88.0,23.1,95.0,20.9,85.5,1019,0
2026/7/15,22:34:2,19.2,88.0,23.4,95.0,21.0,85.5,1023,0
2026/7/15,22:34:7,19.2,88.0,23.4,95.0,21.0,85.5,1023,0
2026/7/15,22:34:12,19.1,88.0,23.5,95.0,21.0,85.5,1021,0
2026/7/15,22:34:17,19.0,88.0,23.4,95.0,21.0,85.5,1023,0
2026/7/15,22:34:22,19.0,88.0,23.3,95.0,20.9,85.4,1021,0
2026/7/15,22:34:27,19.2,88.0,23.5,95.0,21.0,85.5,1022,0
2026/7/15,22:34:32,19.4,88.0,23.4,95.0,21.0,85.5,1022,0
2026/7/15,22:34:37,19.4,88.0,23.4,95.0,21.0,85.5,1023,0
2026/7/15,22:34:42,19.2,88.0,23.4,95.0,21.0,85.5,1023,0
2026/7/15,22:34:47,19.1,88.0,23.2,95.0,21.0,85.5,1023,0
2026/7/15,22:34:52,19.2,88.0,23.0,95.0,21.0,85.4,1023,0
2026/7/15,22:34:57,19.2,88.0,23.5,95.0,21.0,85.4,1019,0
2026/7/15,22:35:2,19.2,88.0,23.4,95.0,20.9,85.3,1023,0
2026/7/15,22:35:7,19.2,88.0,23.5,95.0,20.9,85.3,1019,0
2026/7/15,22:35:12,19.1,88.0,23.3,95.0,20.9,85.3,1019,0
2026/7/15,22:35:17,19.2,88.0,23.4,95.0,20.9,85.3,1019,0
2026/7/15,22:35:22,19.2,88.0,23.4,95.0,21.0,85.3,1023,0
2026/7/15,22:35:27,19.1,88.0,23.4,95.0,20.9,85.3,1019,0
2026/7/15,22:35:32,19.0,88.0,23.4,95.0,20.9,85.3,1019,0
2026/7/15,22:35:37,19.0,88.0,23.4,95.0,20.9,85.4,1023,0
2026/7/15,22:35:42,19.0,88.0,23.2,95.0,20.9,85.3,1019,0
2026/7/15,22:35:47,19.4,88.0,23.5,95.0,20.9,85.4,1021,0
2026/7/15,22:35:52,19.0,88.0,23.3,95.0,21.0,85.3,1021,0
2026/7/15,22:35:57,19.4,88.0,23.5,95.0,20.9,85.3,1023,0
2026/7/15,22:36:2,19.2,88.0,23.5,95.0,20.9,85.3,1021,0
2026/7/15,22:36:7,19.0,88.0,23.4,95.0,20.9,85.3,1023,0
2026/7/15,22:36:12,19.0,88.0,23.4,95.0,21.0,85.3,1019,0
2026/7/15,22:36:17,19.1,88.0,23.4,95.0,20.9,85.4,1021,0
2026/7/15,22:36:22,19.0,88.0,23.4,95.0,20.9,85.3,1023,0
2026/7/15,22:36:27,19.1,87.0,22.9,95.0,20.9,85.3,1022,0
2026/7/15,22:36:32,19.1,87.0,23.4,95.0,21.0,85.4,1023,0
2026/7/15,22:36:37,19.0,87.0,23.5,95.0,20.9,85.3,1021,0
2026/7/15,22:36:42,19.1,88.0,23.0,95.0,20.9,85.3,1023,0
2026/7/15,22:36:47,19.0,87.0,23.4,95.0,20.9,85.4,1019,0
2026/7/15,22:36:52,19.0,88.0,23.4,95.0,20.9,85.3,1021,0
2026/7/15,22:36:57,19.0,88.0,23.4,95.0,21.0,85.4,1023,0
2026/7/15,22:37:2,19.1,88.0,23.4,95.0,21.0,85.4,1019,0
2026/7/15,22:37:7,19.0,88.0,23.0,95.0,20.9,85.4,1022,0
2026/7/15,22:37:12,19.1,88.0,23.0,95.0,20.9,85.4,1023,0
2026/7/15,22:37:17,19.0,88.0,23.2,95.0,20.9,85.4,1023,0
2026/7/15,22:37:22,19.0,88.0,23.4,95.0,20.9,85.4,1019,0
2026/7/15,22:37:27,19.1,88.0,23.4,95.0,20.9,85.4,1023,0
2026/7/15,22:37:32,19.1,88.0,23.4,95.0,20.9,85.4,1022,0
2026/7/15,22:37:37,19.0,88.0,23.4,95.0,20.9,85.4,1023,0
2026/7/15,22:37:42,19.1,88.0,23.4,95.0,20.9,85.4,1023,0
2026/7/15,22:37:47,19.1,88.0,23.5,95.0,20.9,85.4,1022,0
2026/7/15,22:37:52,19.0,88.0,23.4,95.0,20.9,85.4,1021,0
2026/7/15,22:37:57,19.0,88.0,23.4,95.0,20.9,85.4,1023,0
2026/7/15,22:38:2,19.0,88.0,23.0,95.0,20.9,85.4,1019,0
2026/7/15,22:38:7,19.1,88.0,22.9,95.0,20.9,85.4,1023,0
2026/7/15,22:38:12,19.1,88.0,23.4,95.0,20.9,85.4,1023,0
2026/7/15,22:38:17,19.1,88.0,23.4,95.0,20.9,85.4,1023,0
2026/7/15,22:38:22,19.1,88.0,23.4,95.0,20.9,85.4,1023,0
2026/7/15,22:38:27,19.0,88.0,23.4,95.0,20.9,85.4,1021,0
2026/7/15,22:38:32,19.1,88.0,23.4,95.0,20.9,85.4,1021,0
2026/7/15,22:38:37,19.1,88.0,23.4,95.0,20.9,85.4,1021,0
2026/7/15,22:38:42,19.0,88.0,23.4,95.0,20.9,85.4,1022,0
2026/7/15,22:38:47,19.1,88.0,23.4,95.0,20.9,85.4,1023,0
2026/7/15,22:38:52,19.0,88.0,23.4,95.0,20.9,85.4,1021,0
2026/7/15,22:38:57,19.1,88.0,23.4,95.0,20.9,85.4,1021,0
2026/7/15,22:39:2,19.0,88.0,23.4,95.0,20.9,85.4,1023,0
2026/7/15,22:39:7,19.0,88.0,23.4,95.0,20.9,85.5,1019,0
2026/7/15,22:39:12,19.1,88.0,23.0,95.0,20.9,85.4,1023,0
2026/7/15,22:39:17,19.0,88.0,23.4,95.0,20.9,85.5,1021,0
2026/7/15,22:39:22,19.1,88.0,23.4,95.0,20.9,85.4,1023,0
2026/7/15,22:39:27,19.0,88.0,23.4,95.0,20.9,85.5,1019,0
2026/7/15,22:39:32,19.0,88.0,23.1,95.0,20.9,85.5,1023,0
2026/7/15,22:39:37,19.1,88.0,23.4,95.0,20.9,85.5,1023,0
2026/7/15,22:39:42,19.1,88.0,23.0,95.0,20.9,85.4,1023,0
2026/7/15,22:39:47,19.0,88.0,23.4,95.0,20.9,85.4,1019,0
2026/7/15,22:39:52,19.1,88.0,23.4,95.0,20.9,85.4,1022,0
2026/7/15,22:39:57,19.0,87.0,23.4,95.0,20.9,85.4,1023,0
2026/7/15,22:40:2,19.1,88.0,23.2,95.0,20.9,85.4,1023,0
2026/7/15,22:40:7,19.1,88.0,23.4,95.0,20.9,85.4,1023,0
2026/7/15,22:40:12,19.1,87.0,23.4,95.0,20.9,85.4,1022,0
2026/7/15,22:40:17,19.1,87.0,23.5,95.0,20.9,85.4,1023,0
2026/7/15,22:40:22,19.0,88.0,23.4,95.0,20.9,85.4,1022,0
2026/7/15,22:40:27,19.1,88.0,23.4,95.0,20.9,85.4,1019,0
2026/7/15,22:40:32,19.0,88.0,23.4,95.0,20.9,85.4,1023,0
2026/7/15,22:40:37,19.1,88.0,23.4,95.0,20.9,85.4,1022,0
2026/7/15,22:40:42,19.1,88.0,23.5,95.0,20.9,85.4,1021,0
2026/7/15,22:40:47,19.1,88.0,23.0,95.0,20.9,85.4,1022,0
2026/7/15,22:40:52,19.0,88.0,22.9,95.0,20.9,85.4,1021,0
2026/7/15,22:40:57,19.1,89.0,23.4,95.0,20.9,85.4,1021,0
2026/7/15,22:41:2,19.0,89.0,23.4,95.0,21.0,85.4,1021,0
2026/7/15,22:41:7,19.2,89.0,23.4,95.0,20.9,85.4,1019,0
2026/7/15,22:41:12,19.1,89.0,23.4,95.0,20.9,85.4,1019,0
2026/7/15,22:41:17,19.0,89.0,23.4,95.0,20.9,85.4,1019,0
2026/7/15,22:41:22,19.1,89.0,23.4,95.0,21.0,85.4,1022,0
2026/7/15,22:41:27,19.0,88.0,23.5,95.0,20.9,85.4,1019,0
2026/7/15,22:41:32,19.2,88.0,23.4,95.0,20.9,85.4,1021,0
2026/7/15,22:41:37,19.0,88.0,23.4,95.0,20.9,85.4,1023,0
2026/7/15,22:41:42,19.0,88.0,23.2,95.0,20.9,85.4,1022,0
2026/7/15,22:41:47,19.1,88.0,23.4,95.0,20.9,85.4,1022,0
2026/7/15,22:41:52,19.1,88.0,23.4,95.0,20.9,85.4,1021,0
2026/7/15,22:41:57,19.1,88.0,23.4,95.0,20.9,85.3,1019,0
2026/7/15,22:42:2,19.1,88.0,23.4,95.0,20.9,85.2,1023,0
2026/7/15,22:42:7,19.0,88.0,23.4,95.0,20.9,85.1,1023,0
2026/7/15,22:42:12,19.0,88.0,23.4,95.0,20.9,85.1,1023,0
2026/7/15,22:42:17,19.0,88.0,23.4,95.0,20.9,85.0,1021,0
2026/7/15,22:42:22,19.1,88.0,22.9,95.0,20.9,85.0,1023,0
2026/7/15,22:42:27,19.1,88.0,23.4,95.0,20.9,85.0,1023,0
2026/7/15,22:42:32,19.0,88.0,23.4,95.0,20.9,85.1,1023,0
2026/7/15,22:42:37,19.1,89.0,23.4,95.0,20.9,85.1,1023,0
2026/7/15,22:42:42,19.1,88.0,22.9,95.0,20.9,85.1,1019,0
2026/7/15,22:42:47,19.1,88.0,23.0,95.0,20.9,85.2,1023,0
2026/7/15,22:42:52,19.1,88.0,23.4,95.0,20.9,85.2,1019,0
2026/7/15,22:42:57,19.0,88.0,23.4,95.0,20.9,85.2,1022,0
2026/7/15,22:43:2,19.1,88.0,23.4,95.0,20.9,85.2,1021,0
2026/7/15,22:43:7,19.1,88.0,23.4,95.0,20.9,85.2,1019,0
2026/7/15,22:43:12,19.0,88.0,23.4,95.0,20.9,85.2,1022,0
2026/7/15,22:43:17,19.1,88.0,23.4,95.0,20.9,85.1,1021,0
2026/7/15,22:43:22,19.0,88.0,23.4,95.0,20.9,85.1,1022,0
2026/7/15,22:43:27,19.2,88.0,23.4,95.0,20.9,85.1,1019,0
2026/7/15,22:43:32,19.0,88.0,23.4,95.0,20.9,85.1,1019,0
2026/7/15,22:43:37,19.0,88.0,22.9,95.0,20.9,85.1,1022,0
2026/7/15,22:43:42,19.1,88.0,23.4,95.0,20.9,85.1,1022,0
2026/7/15,22:43:47,19.1,88.0,23.4,95.0,20.9,85.1,1021,0
2026/7/15,22:43:52,19.1,88.0,22.9,95.0,20.9,85.1,1021,0
2026/7/15,22:43:57,19.0,88.0,23.3,95.0,20.9,85.1,1019,0
2026/7/15,22:44:2,19.0,88.0,23.4,95.0,20.9,85.1,1023,0
2026/7/15,22:44:7,19.1,88.0,23.4,95.0,20.9,85.2,1019,0
2026/7/15,22:44:12,19.1,88.0,23.4,95.0,20.9,85.1,1021,0
2026/7/15,22:44:17,19.0,88.0,23.4,95.0,20.9,85.1,1022,0
2026/7/15,22:44:22,19.1,88.0,23.4,95.0,20.9,85.1,1023,0
2026/7/15,22:44:27,19.0,88.0,23.3,95.0,20.9,85.2,1023,0
2026/7/15,22:44:32,19.0,87.0,23.4,95.0,20.9,85.2,1021,0
2026/7/15,22:44:37,19.1,87.0,23.4,95.0,20.9,85.2,1019,0
2026/7/15,22:44:42,19.4,87.0,23.2,95.0,20.9,85.3,1019,0
2026/7/15,22:44:47,18.9,88.0,23.2,95.0,20.9,85.3,1023,0
2026/7/15,22:44:52,19.0,88.0,23.4,95.0,20.9,85.2,1021,0
2026/7/15,22:44:58,19.1,87.0,22.9,95.0,20.9,85.2,1021,0
2026/7/15,22:45:3,19.2,87.0,23.4,95.0,20.9,85.2,1022,0
2026/7/15,22:45:8,19.1,87.0,23.4,95.0,20.9,85.2,1023,0
2026/7/15,22:45:13,19.1,87.0,23.4,95.0,20.9,85.1,1023,0
2026/7/15,22:45:18,19.2,88.0,23.4,95.0,20.9,85.2,1023,0
2026/7/15,22:45:23,19.1,88.0,23.4,95.0,20.9,85.2,1021,0
2026/7/15,22:45:28,19.1,88.0,22.9,95.0,20.9,85.2,1021,0
2026/7/15,22:45:33,19.0,88.0,23.4,95.0,20.9,85.2,1023,0
2026/7/15,22:45:38,19.0,88.0,23.4,95.0,20.9,85.2,1021,0
2026/7/15,22:45:43,19.0,88.0,23.3,95.0,20.9,85.2,1023,0
2026/7/15,22:45:48,18.9,88.0,23.4,95.0,20.9,85.2,1023,0
2026/7/15,22:45:53,19.0,88.0,23.4,95.0,20.9,85.2,1023,0
2026/7/15,22:45:58,19.0,88.0,23.4,95.0,20.9,85.2,1023,0
2026/7/15,22:46:3,19.0,88.0,23.4,95.0,20.9,85.1,1021,0
2026/7/15,22:46:8,19.0,88.0,23.4,95.0,20.9,85.1,1021,0
2026/7/15,22:46:13,19.0,88.0,22.9,95.0,20.9,85.1,1022,0
2026/7/15,22:46:18,19.0,88.0,23.4,95.0,20.9,85.1,1021,0
2026/7/15,22:46:23,18.9,88.0,23.4,95.0,20.9,85.1,1021,0
2026/7/15,22:46:28,19.1,88.0,22.9,95.0,20.9,85.0,1022,0
2026/7/15,22:46:33,19.0,88.0,22.9,95.0,20.9,85.2,1023,0
2026/7/15,22:46:38,19.0,88.0,23.3,95.0,20.9,85.1,1023,0
2026/7/15,22:46:43,19.1,88.0,23.3,95.0,20.9,85.1,1022,0
2026/7/15,22:46:48,19.0,88.0,23.3,95.0,20.9,85.2,1019,0
2026/7/15,22:46:53,19.1,88.0,22.9,95.0,20.9,85.1,1021,0
2026/7/15,22:46:58,19.1,88.0,23.4,95.0,20.9,85.1,1022,0
2026/7/15,22:47:3,19.0,88.0,23.4,95.0,20.9,85.0,1023,0
2026/7/15,22:47:8,19.0,88.0,23.4,95.0,20.9,85.0,1019,0
2026/7/15,22:47:13,19.0,88.0,23.3,95.0,20.9,85.0,1023,0
2026/7/15,22:47:18,19.1,88.0,22.9,95.0,20.9,85.0,1021,0
2026/7/15,22:47:23,19.1,88.0,23.4,95.0,20.9,85.0,1023,0
2026/7/15,22:47:28,19.1,87.0,23.3,95.0,20.9,85.0,1023,0
2026/7/15,22:47:33,19.0,88.0,23.4,95.0,20.9,85.0,1021,0
2026/7/15,22:47:38,19.1,88.0,23.4,95.0,20.9,85.0,1023,0
2026/7/15,22:47:43,19.0,88.0,23.4,95.0,20.9,85.0,1022,0
2026/7/15,22:47:48,19.0,88.0,23.4,95.0,20.9,85.0,1023,0
2026/7/15,22:47:53,19.1,88.0,23.3,95.0,20.9,85.0,1023,0
2026/7/15,22:47:58,19.1,88.0,23.3,95.0,20.9,85.0,1023,0
2026/7/15,22:48:3,19.1,88.0,23.4,95.0,20.9,85.0,1023,0
2026/7/15,22:48:8,19.1,88.0,23.1,95.0,20.9,85.0,1023,0
2026/7/15,22:48:13,19.1,88.0,23.3,95.0,20.9,85.0,1023,0
2026/7/15,22:48:18,19.0,88.0,23.3,95.0,20.9,85.1,1023,0
2026/7/15,22:48:23,19.0,88.0,23.4,95.0,20.9,85.1,1023,0
2026/7/15,22:48:28,19.0,88.0,23.4,95.0,20.9,85.1,1023,0
2026/7/15,22:48:33,19.3,89.0,23.3,95.0,20.9,85.1,1023,0
2026/7/15,22:48:38,19.0,89.0,22.9,95.0,20.9,85.1,1023,0
2026/7/15,22:48:43,19.0,89.0,22.9,95.0,20.9,85.1,1023,0
2026/7/15,22:48:48,19.0,89.0,23.4,95.0,20.9,85.1,1022,0
2026/7/15,22:48:53,19.0,89.0,22.9,95.0,20.9,85.1,1019,0
2026/7/15,22:48:58,19.0,89.0,23.3,95.0,20.9,85.1,1023,0
2026/7/15,22:49:3,19.0,89.0,22.9,95.0,20.9,85.1,1019,0
2026/7/15,22:49:8,18.9,89.0,23.1,95.0,20.9,85.1,1023,0
2026/7/15,22:49:13,19.2,89.0,23.2,95.0,20.9,85.1,1023,0
2026/7/15,22:49:18,18.9,88.0,23.4,95.0,20.9,85.2,1021,0
2026/7/15,22:49:23,19.2,88.0,23.4,95.0,20.9,85.1,1019,0
2026/7/15,22:49:28,19.1,88.0,22.9,95.0,20.9,85.2,1023,0
2026/7/15,22:49:33,19.0,88.0,23.3,95.0,20.9,85.1,1019,0
2026/7/15,22:49:38,18.9,88.0,23.1,95.0,20.9,85.2,1023,0
2026/7/15,22:49:43,19.4,88.0,23.4,95.0,20.9,85.1,1021,0
2026/7/15,22:49:48,19.1,88.0,23.0,95.0,20.9,85.2,1021,0
2026/7/15,22:49:53,19.0,88.0,23.3,95.0,20.9,85.2,1019,0
2026/7/15,22:49:58,19.1,88.0,23.4,95.0,20.9,85.2,1023,0
2026/7/15,22:50:3,18.9,87.0,23.1,95.0,20.9,85.2,1023,0
2026/7/15,22:50:8,19.0,87.0,22.9,95.0,20.9,85.3,1023,0
2026/7/15,22:50:13,18.9,87.0,23.4,95.0,20.9,85.2,1019,0
2026/7/15,22:50:18,19.1,87.0,23.4,95.0,20.9,85.3,1022,0
2026/7/15,22:50:23,19.1,87.0,23.4,95.0,20.9,85.3,1022,0
2026/7/15,22:50:28,18.9,87.0,23.4,95.0,20.9,85.3,1022,0
2026/7/15,22:50:33,19.0,87.0,23.4,95.0,20.9,85.3,1019,0
2026/7/15,22:50:38,19.0,87.0,23.4,95.0,20.9,85.3,1023,0
2026/7/15,22:50:43,19.0,88.0,23.4,95.0,20.9,85.3,1022,0
2026/7/15,22:50:48,19.0,88.0,23.2,95.0,20.9,85.3,1023,0
2026/7/15,22:50:53,19.1,87.0,23.4,95.0,20.9,85.3,1021,0
2026/7/15,22:50:58,19.0,88.0,22.9,95.0,20.9,85.3,1023,0
2026/7/15,22:51:3,19.0,88.0,23.3,95.0,20.9,85.2,1021,0
2026/7/15,22:51:8,18.9,88.0,23.4,95.0,20.9,85.3,1023,0
2026/7/15,22:51:13,19.0,88.0,23.0,95.0,20.9,85.3,1022,0
2026/7/15,22:51:18,19.0,88.0,23.4,95.0,20.9,85.3,1023,0
2026/7/15,22:51:23,19.0,88.0,23.4,95.0,20.9,85.2,1022,0
2026/7/15,22:51:28,19.0,88.0,22.9,95.0,20.9,85.2,1023,0
2026/7/15,22:51:33,19.0,88.0,23.3,95.0,20.9,85.2,1019,0
2026/7/15,22:51:38,19.1,88.0,23.2,95.0,20.9,85.3,1019,0
2026/7/15,22:51:43,19.0,88.0,23.4,95.0,20.9,85.2,1021,0
2026/7/15,22:51:48,19.1,88.0,23.4,95.0,20.9,85.2,1022,0
2026/7/15,22:51:53,18.9,88.0,23.0,95.0,20.9,85.2,1021,0
2026/7/15,22:51:58,19.1,88.0,23.4,95.0,20.9,85.2,1019,0
2026/7/15,22:52:3,19.0,88.0,23.4,95.0,20.9,85.2,1019,0
2026/7/15,22:52:8,19.0,88.0,23.3,95.0,20.9,85.1,1022,0
2026/7/15,22:52:13,19.0,88.0,23.0,95.0,20.9,85.2,1023,0
2026/7/15,22:52:18,19.0,89.0,23.4,95.0,20.9,85.3,1022,0
2026/7/15,22:52:23,19.0,89.0,23.4,95.0,20.9,85.3,1021,0
2026/7/15,22:52:28,19.0,89.0,23.2,95.0,20.9,85.3,1022,0
2026/7/15,22:52:33,19.0,88.0,23.4,95.0,20.9,85.3,1021,0
2026/7/15,22:52:38,19.0,88.0,22.9,95.0,20.9,85.3,1023,0
2026/7/15,22:52:43,19.0,88.0,23.3,95.0,20.9,85.3,1023,0
2026/7/15,22:52:48,19.0,88.0,23.3,95.0,20.9,85.3,1022,0
2026/7/15,22:52:53,19.0,88.0,23.4,95.0,20.9,85.3,1021,0
2026/7/15,22:52:58,19.0,88.0,23.3,95.0,20.9,85.2,1023,0
2026/7/15,22:53:3,19.0,88.0,23.3,95.0,20.9,85.3,1023,0
2026/7/15,22:53:8,19.0,88.0,23.0,95.0,20.9,85.2,1023,0
2026/7/15,22:53:13,19.0,88.0,23.3,95.0,20.9,85.2,1019,0
2026/7/15,22:53:18,19.1,88.0,23.3,95.0,20.9,85.2,1021,0
2026/7/15,22:53:23,18.9,88.0,23.4,95.0,20.9,85.2,1023,0
2026/7/15,22:53:28,18.9,88.0,23.4,95.0,20.9,85.2,1023,0
2026/7/15,22:53:33,19.0,88.0,23.3,95.0,20.9,85.2,1023,0
2026/7/15,22:53:38,19.0,88.0,22.9,95.0,20.9,85.2,1022,0
2026/7/15,22:53:43,19.0,88.0,22.9,95.0,20.9,85.2,1023,0
2026/7/15,22:53:48,19.0,88.0,23.3,95.0,20.9,85.2,1021,0
2026/7/15,22:53:53,19.0,88.0,23.0,95.0,20.9,85.1,1023,0
2026/7/15,22:53:58,19.0,88.0,23.1,95.0,20.9,85.2,1021,0
2026/7/15,22:54:3,19.0,88.0,23.3,95.0,20.9,85.2,1021,0
2026/7/15,22:54:8,19.0,88.0,23.3,95.0,20.9,85.2,1021,0
2026/7/15,22:54:13,19.0,88.0,23.4,95.0,20.9,85.2,1019,0
2026/7/15,22:54:18,18.9,88.0,23.3,95.0,20.9,85.2,1019,0
2026/7/15,22:54:23,19.0,88.0,23.4,95.0,20.9,85.2,1023,0
2026/7/15,22:54:28,19.1,88.0,23.3,95.0,20.9,85.2,1023,0
2026/7/15,22:54:33,19.1,88.0,23.3,95.0,20.9,85.2,1023,0
2026/7/15,22:54:38,19.0,88.0,23.0,95.0,20.9,85.2,1021,0
2026/7/15,22:54:43,19.0,89.0,23.0,95.0,20.9,85.2,1023,0
2026/7/15,22:54:48,19.0,89.0,23.4,95.0,20.9,85.2,1023,0
2026/7/15,22:54:53,19.0,89.0,23.3,95.0,20.9,85.2,1023,0
2026/7/15,22:54:58,19.0,89.0,23.3,95.0,20.9,85.2,1023,0
2026/7/15,22:55:3,19.1,89.0,23.3,95.0,20.9,85.2,1022,0
2026/7/15,22:55:8,19.0,89.0,23.1,95.0,20.9,85.2,1021,0
2026/7/15,22:55:13,19.1,89.0,23.2,95.0,20.9,85.2,1021,0
2026/7/15,22:55:18,19.0,89.0,23.3,95.0,20.8,85.2,1021,0
2026/7/15,22:55:23,19.1,88.0,23.3,95.0,20.9,85.2,1023,0
2026/7/15,22:55:28,19.0,89.0,23.3,95.0,20.9,85.2,1022,0
2026/7/15,22:55:33,19.1,89.0,23.1,95.0,20.9,85.2,1021,0
2026/7/15,22:55:38,19.0,89.0,22.9,95.0,20.9,85.2,1019,0
2026/7/15,22:55:43,19.0,89.0,23.4,95.0,20.8,85.2,1021,0
2026/7/15,22:55:48,19.0,89.0,23.1,95.0,20.9,85.1,1021,0
2026/7/15,22:55:53,19.0,89.0,23.3,95.0,20.9,85.2,1023,0
2026/7/15,22:55:59,19.0,89.0,23.1,95.0,20.9,85.1,1019,0
2026/7/15,22:56:4,19.0,89.0,23.3,95.0,20.9,85.2,1023,0
2026/7/15,22:56:9,19.1,90.0,23.2,95.0,20.9,85.1,1023,0
2026/7/15,22:56:14,19.0,89.0,23.1,95.0,20.9,85.1,1019,0
2026/7/15,22:56:19,19.0,89.0,23.1,95.0,20.9,85.1,1022,0
2026/7/15,22:56:24,19.0,89.0,23.2,95.0,20.9,85.2,1021,0
2026/7/15,22:56:29,19.0,89.0,23.3,95.0,20.9,85.1,1019,0
2026/7/15,22:56:34,19.0,89.0,23.2,95.0,20.9,85.2,1023,0
2026/7/15,22:56:39,19.0,89.0,22.9,95.0,20.9,85.1,1019,0
2026/7/15,22:56:44,19.0,89.0,23.3,95.0,20.9,85.2,1023,0
2026/7/15,22:56:49,19.0,89.0,23.4,95.0,20.9,85.1,1019,0
2026/7/15,22:56:54,19.1,89.0,23.2,95.0,20.9,85.2,1023,0
2026/7/15,22:56:59,19.1,89.0,23.1,95.0,20.9,85.2,1022,0
2026/7/15,22:57:4,19.0,89.0,23.3,95.0,20.9,85.2,1023,0
2026/7/15,22:57:9,19.0,89.0,23.0,95.0,20.9,85.2,1023,0
2026/7/15,22:57:14,19.0,89.0,23.3,95.0,20.9,85.2,1022,0
2026/7/15,22:57:19,19.0,89.0,23.3,95.0,20.9,85.2,1021,0
2026/7/15,22:57:24,19.0,89.0,23.1,95.0,20.9,85.2,1023,0
2026/7/15,22:57:29,19.0,89.0,23.0,95.0,20.9,85.2,1021,0
2026/7/15,22:57:34,19.0,89.0,23.3,95.0,20.9,85.1,1022,0
2026/7/15,22:57:39,19.0,89.0,23.1,95.0,20.9,85.1,1023,0
2026/7/15,22:57:44,19.0,89.0,23.3,95.0,20.9,85.2,1019,0
2026/7/15,22:57:49,19.0,89.0,23.2,95.0,20.8,85.1,1022,0
2026/7/15,22:57:54,19.0,89.0,23.3,95.0,20.9,84.9,1019,0
2026/7/15,22:57:59,19.0,88.0,23.0,95.0,20.9,84.7,1021,0
2026/7/15,22:58:4,19.1,88.0,23.1,95.0,20.8,84.5,1022,0
2026/7/15,22:58:9,19.0,88.0,23.2,95.0,20.9,84.5,1019,0
2026/7/15,22:58:14,19.0,88.0,23.3,95.0,20.9,84.5,1019,0
2026/7/15,22:58:19,19.0,88.0,23.0,95.0,20.8,84.5,1019,0
2026/7/15,22:58:24,19.0,88.0,22.9,95.0,20.8,84.5,1022,0
2026/7/15,22:58:29,19.0,88.0,23.3,95.0,20.8,84.5,1023,0
2026/7/15,22:58:34,19.1,88.0,23.2,95.0,20.8,84.5,1019,0
2026/7/15,22:58:39,19.0,88.0,23.0,95.0,20.9,84.5,1023,0
2026/7/15,22:58:44,19.0,88.0,23.3,95.0,20.8,84.5,1019,0
2026/7/15,22:58:49,19.0,88.0,23.1,95.0,20.8,84.5,1023,0
2026/7/15,22:58:54,19.0,88.0,23.2,95.0,20.8,84.5,1021,0
2026/7/15,22:58:59,19.0,88.0,23.1,95.0,20.8,84.5,1022,0
2026/7/15,22:59:4,19.0,88.0,23.3,95.0,20.8,84.5,1023,0
2026/7/15,22:59:9,19.0,88.0,23.2,95.0,20.8,84.5,1023,0
2026/7/15,22:59:14,19.0,88.0,22.8,95.0,20.8,84.5,1023,0
2026/7/15,22:59:19,19.0,88.0,23.1,95.0,20.8,84.6,1023,0
2026/7/15,22:59:24,19.0,88.0,23.3,95.0,20.9,84.6,1023,0
2026/7/15,22:59:29,19.0,88.0,22.9,95.0,20.8,84.6,1023,0
2026/7/15,22:59:34,18.9,88.0,23.3,95.0,20.8,84.7,1019,0
2026/7/15,22:59:39,19.0,89.0,23.2,95.0,20.8,84.7,1021,0
2026/7/15,22:59:44,19.0,88.0,23.1,95.0,20.8,84.7,1019,0
2026/7/15,22:59:49,19.0,88.0,23.1,95.0,20.8,84.7,1019,0
2026/7/15,22:59:54,19.1,88.0,23.0,95.0,20.8,84.8,1019,0
2026/7/15,22:59:59,19.0,88.0,23.0,95.0,20.8,84.7,1023,0
2026/7/15,23:0:4,19.0,88.0,23.3,95.0,20.8,84.8,1023,0
2026/7/15,23:0:9,19.0,88.0,23.1,95.0,20.8,84.7,1019,0
2026/7/15,23:0:14,19.0,88.0,23.0,95.0,20.8,84.8,1023,0
2026/7/15,23:0:19,19.1,88.0,23.2,95.0,20.8,84.8,1023,0
2026/7/15,23:0:24,19.0,88.0,23.0,95.0,20.8,84.8,1023,0
2026/7/15,23:0:29,19.1,88.0,23.1,95.0,20.8,84.8,1019,0
2026/7/15,23:0:34,19.0,88.0,23.1,95.0,20.8,84.8,1019,0
2026/7/15,23:0:39,19.0,88.0,23.2,95.0,20.8,84.9,1021,0
2026/7/15,23:0:44,19.0,88.0,23.0,95.0,20.8,84.9,1023,0
2026/7/15,23:0:49,19.1,88.0,23.2,95.0,20.8,84.8,1019,0
2026/7/15,23:0:54,19.0,88.0,23.0,95.0,20.8,84.9,1023,0
2026/7/15,23:0:59,18.9,88.0,23.1,95.0,20.8,84.9,1019,0
2026/7/15,23:1:4,19.1,88.0,23.0,95.0,20.8,84.9,1021,0
2026/7/15,23:1:9,19.0,88.0,23.0,95.0,20.8,85.0,1023,0
2026/7/15,23:1:14,19.1,88.0,23.2,95.0,20.8,84.9,1021,0
2026/7/15,23:1:19,19.0,88.0,23.0,95.0,20.8,84.9,1019,0
2026/7/15,23:1:24,19.0,88.0,23.1,95.0,20.8,84.9,1019,0
2026/7/15,23:1:29,19.0,88.0,23.2,95.0,20.8,84.9,1023,0
2026/7/15,23:1:34,19.0,88.0,23.0,95.0,20.8,84.9,1022,0
2026/7/15,23:1:39,19.0,88.0,23.3,95.0,20.8,84.9,1023,0
2026/7/15,23:1:44,19.0,88.0,22.8,95.0,20.8,84.9,1019,0
2026/7/15,23:1:49,18.9,88.0,23.3,95.0,20.8,84.9,1022,0
2026/7/15,23:1:54,19.0,88.0,22.8,95.0,20.8,85.0,1019,0
2026/7/15,23:1:59,19.0,88.0,23.1,95.0,20.8,85.0,1021,0
2026/7/15,23:2:4,19.0,88.0,23.3,95.0,20.8,85.0,1019,0
2026/7/15,23:2:9,19.0,88.0,23.1,95.0,20.8,85.0,1019,0
2026/7/15,23:2:14,18.9,88.0,22.8,95.0,20.8,85.0,1022,0
2026/7/15,23:2:19,18.9,88.0,23.3,95.0,20.8,85.0,1023,0
2026/7/15,23:2:24,19.0,88.0,23.3,95.0,20.8,85.0,1019,0
2026/7/15,23:2:29,19.0,88.0,23.3,95.0,20.8,85.0,1019,0
2026/7/15,23:2:34,19.0,89.0,23.3,95.0,20.8,84.9,1023,0
2026/7/15,23:2:39,19.0,89.0,23.1,95.0,20.8,85.0,1023,0
2026/7/15,23:2:44,19.0,89.0,23.0,95.0,20.8,85.0,1019,0
2026/7/15,23:2:49,19.0,89.0,23.0,95.0,20.8,85.0,1021,0
2026/7/15,23:2:54,18.9,89.0,23.3,95.0,20.8,84.9,1023,0
2026/7/15,23:2:59,19.0,89.0,23.2,95.0,20.8,84.9,1023,0
2026/7/15,23:3:4,19.0,89.0,23.0,95.0,20.8,85.0,1019,0
2026/7/15,23:3:9,19.0,89.0,23.0,95.0,20.8,85.0,1022,0
2026/7/15,23:3:14,19.0,89.0,23.1,95.0,20.8,85.0,1023,0
2026/7/15,23:3:19,18.9,89.0,23.1,95.0,20.8,85.1,1019,0
2026/7/15,23:3:24,19.0,89.0,23.1,95.0,20.8,85.1,1019,0
2026/7/15,23:3:29,18.9,89.0,23.0,95.0,20.8,85.0,1023,0
2026/7/15,23:3:34,19.0,89.0,22.9,95.0,20.8,85.0,1021,0
2026/7/15,23:3:39,18.9,89.0,23.0,95.0,20.8,85.0,1022,0
2026/7/15,23:3:44,19.0,89.0,23.1,95.0,20.8,85.0,1023,0
2026/7/15,23:3:49,18.9,89.0,23.3,95.0,20.8,85.1,1023,0
2026/7/15,23:3:54,19.0,89.0,22.8,95.0,20.8,85.1,1019,0
2026/7/15,23:3:59,19.0,89.0,22.8,95.0,20.8,85.1,1022,0
2026/7/15,23:4:4,19.0,89.0,23.0,95.0,20.8,85.1,1019,0
2026/7/15,23:4:9,19.0,89.0,23.3,95.0,20.8,85.1,1021,0
2026/7/15,23:4:14,19.0,89.0,23.3,95.0,20.8,85.1,1023,0
2026/7/15,23:4:19,19.0,89.0,23.1,95.0,20.8,85.1,1021,0
2026/7/15,23:4:24,19.0,88.0,23.3,95.0,20.8,85.1,1019,0
2026/7/15,23:4:29,19.0,88.0,23.0,95.0,20.8,85.0,1023,0
2026/7/15,23:4:34,18.9,88.0,23.3,95.0,20.8,85.1,1021,0
2026/7/15,23:4:39,19.0,89.0,23.3,95.0,20.8,85.1,1023,0
2026/7/15,23:4:44,19.0,89.0,23.1,95.0,20.8,85.1,1019,0
2026/7/15,23:4:49,19.0,89.0,23.0,95.0,20.8,85.1,1023,0
2026/7/15,23:4:54,19.0,89.0,23.0,95.0,20.8,85.1,1023,0
2026/7/15,23:4:59,19.0,89.0,23.0,95.0,20.8,85.1,1023,0
2026/7/15,23:5:4,19.0,89.0,23.0,95.0,20.8,85.1,1021,0
2026/7/15,23:5:9,19.0,89.0,23.0,95.0,20.8,85.1,1023,0
2026/7/15,23:5:14,19.0,88.0,23.3,95.0,20.8,85.2,1021,0
2026/7/15,23:5:19,19.0,88.0,23.0,95.0,20.8,85.2,1022,0
2026/7/15,23:5:24,19.0,88.0,23.1,95.0,20.8,85.2,1023,0
2026/7/15,23:5:29,18.9,88.0,23.2,95.0,20.8,85.1,1023,0
2026/7/15,23:5:34,18.9,88.0,23.1,95.0,20.8,85.1,1021,0
2026/7/15,23:5:39,19.0,88.0,23.0,95.0,20.8,84.9,1023,0
2026/7/15,23:5:44,19.0,88.0,23.0,95.0,20.8,84.9,1019,0
2026/7/15,23:5:49,19.0,88.0,23.3,95.0,20.8,84.8,1023,0
2026/7/15,23:5:54,19.0,88.0,23.3,95.0,20.8,84.8,1019,0
2026/7/15,23:5:59,19.0,88.0,23.3,95.0,20.8,84.8,1023,0
2026/7/15,23:6:4,18.9,88.0,23.3,95.0,20.8,84.8,1019,0
2026/7/15,23:6:9,19.0,88.0,23.0,95.0,20.7,84.8,1021,0
2026/7/15,23:6:14,19.0,88.0,23.0,95.0,20.8,84.8,1022,0
2026/7/15,23:6:19,18.9,88.0,22.8,95.0,20.8,84.8,1021,0
2026/7/15,23:6:24,19.0,88.0,22.8,95.0,20.8,84.8,1023,0
2026/7/15,23:6:29,19.0,88.0,23.3,95.0,20.8,84.8,1019,0
2026/7/15,23:6:34,19.0,88.0,22.8,95.0,20.8,84.9,1022,0
2026/7/15,23:6:39,18.9,88.0,23.3,95.0,20.8,84.9,1019,0
2026/7/15,23:6:44,19.0,88.0,23.1,95.0,20.8,84.9,1023,0
2026/7/15,23:6:49,19.0,88.0,22.9,95.0,20.8,84.9,1023,0
2026/7/15,23:6:55,19.0,88.0,23.3,95.0,20.8,84.9,1023,0
2026/7/15,23:7:0,19.0,88.0,22.9,95.0,20.8,84.9,1022,0
2026/7/15,23:7:5,19.0,89.0,23.0,95.0,20.8,84.9,1023,0
2026/7/15,23:7:10,19.0,89.0,23.0,95.0,20.8,85.0,1022,0
2026/7/15,23:7:15,19.0,89.0,23.0,95.0,20.8,85.0,1021,0
2026/7/15,23:7:20,18.9,89.0,23.1,95.0,20.8,85.0,1023,0
2026/7/15,23:7:25,19.0,89.0,23.1,95.0,20.8,85.0,1023,0
2026/7/15,23:7:30,19.1,89.0,23.1,95.0,20.8,85.0,1021,0
2026/7/15,23:7:35,19.0,88.0,23.1,95.0,20.8,85.0,1019,0
2026/7/15,23:7:40,19.1,88.0,23.2,95.0,20.7,85.0,1022,0
2026/7/15,23:7:45,19.0,88.0,23.3,95.0,20.8,85.0,1023,0
2026/7/15,23:7:50,19.0,88.0,23.2,95.0,20.7,85.0,1019,0
2026/7/15,23:7:55,19.1,88.0,23.0,95.0,20.8,85.0,1019,0
2026/7/15,23:8:0,19.0,88.0,23.0,95.0,20.7,85.0,1021,0
2026/7/15,23:8:5,19.0,88.0,23.1,95.0,20.7,85.0,1023,0
2026/7/15,23:8:10,19.0,88.0,23.0,95.0,20.8,85.0,1021,0
2026/7/15,23:8:15,19.0,88.0,23.1,95.0,20.8,85.0,1023,0
2026/7/15,23:8:20,19.0,88.0,23.2,95.0,20.8,85.0,1023,0
2026/7/15,23:8:25,19.0,88.0,23.0,95.0,20.8,85.0,1019,0
2026/7/15,23:8:30,19.0,89.0,23.1,95.0,20.8,85.0,1023,0
2026/7/15,23:8:35,19.0,89.0,23.2,95.0,20.7,85.0,1021,0
2026/7/15,23:8:40,19.0,88.0,23.1,95.0,20.8,85.0,1021,0
2026/7/15,23:8:45,19.0,88.0,23.1,95.0,20.8,85.0,1022,0
2026/7/15,23:8:50,19.0,88.0,23.2,95.0,20.8,85.0,1021,0
2026/7/15,23:8:55,19.1,88.0,23.0,95.0,20.8,85.0,1023,0
2026/7/15,23:9:0,19.0,88.0,23.2,95.0,20.7,85.0,1021,0
2026/7/15,23:9:5,19.0,88.0,23.1,95.0,20.7,85.0,1019,0
2026/7/15,23:9:10,19.0,88.0,23.1,95.0,20.7,85.0,1023,0
2026/7/15,23:9:15,19.1,88.0,23.1,95.0,20.7,85.0,1022,0
2026/7/15,23:9:20,19.0,88.0,23.1,95.0,20.7,85.0,1019,0
2026/7/15,23:9:25,19.0,88.0,23.0,95.0,20.7,84.9,1023,0
2026/7/15,23:9:30,19.0,88.0,23.0,95.0,20.7,84.9,1019,0
2026/7/15,23:9:35,18.9,88.0,23.2,95.0,20.7,85.0,1021,0
2026/7/15,23:9:40,19.0,88.0,23.0,95.0,20.7,85.0,1023,0
2026/7/15,23:9:45,19.0,88.0,23.1,95.0,20.8,85.0,1021,0
2026/7/15,23:9:50,19.1,88.0,23.0,95.0,20.8,85.0,1023,0
2026/7/15,23:9:55,19.0,88.0,23.0,95.0,20.7,85.0,1021,0
2026/7/15,23:10:0,19.0,88.0,23.0,95.0,20.7,85.0,1023,0
2026/7/15,23:10:5,19.0,88.0,23.1,95.0,20.7,85.0,1021,0
2026/7/15,23:10:10,19.0,89.0,23.1,95.0,20.8,85.1,1022,0
2026/7/15,23:10:15,19.0,89.0,23.0,95.0,20.7,85.0,1023,0
2026/7/15,23:10:20,19.0,89.0,23.0,95.0,20.7,85.1,1021,0
2026/7/15,23:10:25,18.9,88.0,23.1,95.0,20.7,85.1,1022,0
2026/7/15,23:10:30,19.0,88.0,23.0,95.0,20.8,85.0,1021,0
2026/7/15,23:10:35,19.0,88.0,23.1,95.0,20.7,85.1,1023,0
2026/7/15,23:10:40,19.0,88.0,23.0,95.0,20.7,85.0,1021,0
2026/7/15,23:10:45,19.0,88.0,23.1,95.0,20.8,85.1,1021,0
2026/7/15,23:10:50,19.0,88.0,23.0,95.0,20.7,85.1,1023,0
2026/7/15,23:10:55,19.0,88.0,23.2,95.0,20.7,85.0,1022,0
2026/7/15,23:11:0,19.0,88.0,23.0,95.0,20.7,85.0,1019,0
2026/7/15,23:11:5,19.0,88.0,23.2,95.0,20.7,85.0,1023,0
2026/7/15,23:11:10,19.0,88.0,23.0,95.0,20.7,85.0,1023,0
2026/7/15,23:11:15,18.8,88.0,23.0,95.0,20.7,85.0,1021,0
2026/7/15,23:11:20,18.8,88.0,23.1,95.0,20.7,85.0,1022,0
2026/7/15,23:11:25,19.0,88.0,22.9,95.0,20.7,85.0,1019,0
2026/7/15,23:11:30,19.0,89.0,23.1,95.0,20.7,85.0,1023,0
2026/7/15,23:11:35,19.0,89.0,23.0,95.0,20.7,85.0,1022,0
2026/7/15,23:11:40,19.0,89.0,23.2,95.0,20.8,85.0,1021,0
2026/7/15,23:11:45,19.0,89.0,23.1,95.0,20.7,85.0,1019,0
2026/7/15,23:11:50,18.7,89.0,23.0,95.0,20.7,85.0,1022,0
2026/7/15,23:11:55,19.0,89.0,23.1,95.0,20.7,85.0,1023,0
2026/7/15,23:12:0,19.0,90.0,23.1,95.0,20.7,85.1,1023,0
2026/7/15,23:12:5,19.0,90.0,23.2,95.0,20.7,85.0,1019,0
2026/7/15,23:12:10,19.0,90.0,23.0,95.0,20.7,85.1,1023,0
2026/7/15,23:12:15,19.0,90.0,23.1,95.0,20.8,85.0,1023,0
2026/7/15,23:12:20,18.7,90.0,23.1,95.0,20.7,85.0,1023,0
2026/7/15,23:12:25,19.0,90.0,23.2,95.0,20.8,85.0,1021,0
2026/7/15,23:12:30,19.0,90.0,23.2,95.0,20.8,85.1,1023,0
2026/7/15,23:12:35,19.0,89.0,23.1,95.0,20.7,85.1,1021,0
2026/7/15,23:12:40,19.0,89.0,23.2,95.0,20.7,85.1,1021,0
2026/7/15,23:12:45,19.0,90.0,23.1,95.0,20.7,85.1,1023,0
2026/7/15,23:12:50,19.0,90.0,23.1,95.0,20.7,85.1,1023,0
2026/7/15,23:12:55,19.0,90.0,23.1,95.0,20.7,85.2,1021,0
2026/7/15,23:13:0,19.0,89.0,23.0,95.0,20.7,85.2,1022,0
2026/7/15,23:13:5,19.0,89.0,23.0,95.0,20.8,85.2,1023,0
2026/7/15,23:13:10,19.0,89.0,23.1,95.0,20.7,85.2,1023,0
2026/7/15,23:13:15,19.0,89.0,23.0,95.0,20.7,85.2,1022,0
2026/7/15,23:13:20,19.0,89.0,23.2,95.0,20.7,85.2,1021,0
2026/7/15,23:13:25,19.0,89.0,23.2,95.0,20.7,85.1,1022,0
2026/7/15,23:13:30,19.0,89.0,23.0,95.0,20.7,85.1,1023,0
2026/7/15,23:13:35,19.0,89.0,23.2,95.0,20.7,85.1,1023,0
2026/7/15,23:13:40,18.5,89.0,23.0,95.0,20.7,85.2,1023,0
2026/7/15,23:13:45,19.0,89.0,23.1,95.0,20.7,85.2,1022,0
2026/7/15,23:13:50,18.9,89.0,23.1,95.0,20.7,85.2,1021,0
2026/7/15,23:13:55,19.0,89.0,23.1,95.0,20.7,85.1,1021,0
2026/7/15,23:14:0,18.9,89.0,23.1,95.0,20.7,85.2,1019,0
2026/7/15,23:14:5,19.0,89.0,23.1,95.0,20.7,85.1,1023,0
2026/7/15,23:14:10,19.0,89.0,23.0,95.0,20.7,85.1,1019,0
2026/7/15,23:14:15,19.0,89.0,22.9,95.0,20.7,85.1,1019,0
2026/7/15,23:14:20,18.9,89.0,23.0,95.0,20.7,85.1,1021,0
2026/7/15,23:14:25,18.5,90.0,23.0,95.0,20.7,85.1,1021,0
2026/7/15,23:14:30,19.0,90.0,23.0,95.0,20.7,85.1,1023,0
2026/7/15,23:14:35,19.0,89.0,23.1,95.0,20.7,85.1,1023,0
2026/7/15,23:14:40,19.0,90.0,23.0,95.0,20.7,85.1,1023,0
2026/7/15,23:14:45,18.5,90.0,23.1,95.0,20.7,85.1,1022,0
2026/7/15,23:14:50,19.0,90.0,23.1,95.0,20.7,85.1,1022,0
2026/7/15,23:14:55,19.0,90.0,23.0,95.0,20.7,85.1,1021,0
2026/7/15,23:15:0,19.0,90.0,23.0,95.0,20.7,85.1,1023,0
2026/7/15,23:15:5,19.0,90.0,23.1,95.0,20.7,85.1,1021,0
2026/7/15,23:15:10,19.0,90.0,23.1,95.0,20.7,85.1,1022,0
2026/7/15,23:15:15,19.0,89.0,23.0,95.0,20.7,85.1,1022,0
2026/7/15,23:15:20,19.0,89.0,23.0,95.0,20.7,85.1,1023,0
2026/7/15,23:15:25,19.0,89.0,23.0,95.0,20.7,85.2,1019,0
2026/7/15,23:15:30,18.9,89.0,23.1,95.0,20.7,85.1,1019,0
2026/7/15,23:15:35,19.0,90.0,23.0,95.0,20.7,85.1,1021,0
2026/7/15,23:15:40,19.0,90.0,23.0,95.0,20.7,85.1,1023,0
2026/7/15,23:15:45,18.5,90.0,23.0,95.0,20.7,85.2,1019,0
2026/7/15,23:15:50,19.0,89.0,23.1,95.0,20.7,85.2,1021,0
2026/7/15,23:15:55,18.9,89.0,23.0,95.0,20.7,85.2,1019,0
2026/7/15,23:16:0,18.9,89.0,23.0,95.0,20.7,85.2,1022,0
2026/7/15,23:16:5,19.0,89.0,23.1,95.0,20.7,85.2,1023,0
2026/7/15,23:16:10,18.8,89.0,23.0,95.0,20.7,85.2,1023,0
2026/7/15,23:16:15,19.0,89.0,23.0,95.0,20.7,85.2,1019,0
2026/7/15,23:16:20,18.9,89.0,23.1,95.0,20.7,85.1,1019,0
2026/7/15,23:16:25,18.5,89.0,23.0,95.0,20.7,85.1,1022,0
2026/7/15,23:16:30,19.0,89.0,23.0,95.0,20.7,85.2,1021,0
2026/7/15,23:16:35,19.0,89.0,22.9,95.0,20.7,85.2,1021,0
2026/7/15,23:16:40,19.0,89.0,23.1,95.0,20.7,85.2,1022,0
2026/7/15,23:16:45,19.0,89.0,23.0,95.0,20.7,85.3,1022,0
2026/7/15,23:16:50,18.9,89.0,23.0,95.0,20.7,85.3,1019,0
2026/7/15,23:16:55,19.0,89.0,23.1,95.0,20.7,85.2,1021,0
2026/7/15,23:17:0,19.0,89.0,23.0,95.0,20.7,85.3,1023,0
2026/7/15,23:17:5,19.0,89.0,23.1,95.0,20.7,85.2,1023,0
2026/7/15,23:17:10,18.9,89.0,23.1,95.0,20.7,85.3,1023,0
2026/7/15,23:17:15,18.8,89.0,22.8,95.0,20.7,85.3,1023,0
2026/7/15,23:17:20,18.8,89.0,23.0,95.0,20.7,85.2,1023,0
2026/7/15,23:17:25,18.9,89.0,23.3,95.0,20.7,85.2,1022,0
2026/7/15,23:17:30,18.9,89.0,23.0,95.0,20.7,85.2,1021,0
2026/7/15,23:17:35,18.8,90.0,23.1,95.0,20.7,85.2,1021,0
2026/7/15,23:17:40,18.9,89.0,23.1,95.0,20.7,85.2,1019,0
2026/7/15,23:17:45,18.7,89.0,22.8,95.0,20.7,85.2,1019,0
2026/7/15,23:17:50,18.9,89.0,22.8,95.0,20.7,85.2,1023,0
2026/7/15,23:17:56,18.8,90.0,23.0,95.0,20.7,85.2,1022,0
2026/7/15,23:18:1,18.9,90.0,23.0,95.0,20.7,85.2,1019,0
2026/7/15,23:18:6,18.8,90.0,23.2,95.0,20.7,85.2,1023,0
2026/7/15,23:18:11,18.9,90.0,23.0,95.0,20.7,85.2,1021,0
2026/7/15,23:18:16,18.9,90.0,23.0,95.0,20.7,85.2,1021,0
2026/7/15,23:18:21,18.8,89.0,22.8,95.0,20.7,85.3,1022,0
2026/7/15,23:18:26,18.8,89.0,23.2,95.0,20.7,85.2,1023,0
2026/7/15,23:18:31,18.9,89.0,23.0,95.0,20.7,85.2,1019,0
2026/7/15,23:18:36,18.8,89.0,22.8,95.0,20.7,85.2,1021,0
2026/7/15,23:18:41,18.7,89.0,23.3,95.0,20.7,85.2,1021,0
2026/7/15,23:18:46,18.9,90.0,23.2,95.0,20.7,85.3,1023,0
2026/7/15,23:18:51,18.9,90.0,23.0,95.0,20.7,85.2,1022,0
2026/7/15,23:18:56,18.8,90.0,22.8,95.0,20.7,85.2,1022,0
2026/7/15,23:19:1,18.9,90.0,22.8,95.0,20.7,85.2,1019,0
2026/7/15,23:19:6,18.8,90.0,22.8,95.0,20.7,85.2,1023,0
2026/7/15,23:19:11,18.6,90.0,23.0,95.0,20.7,85.3,1023,0
2026/7/15,23:19:16,18.9,90.0,23.0,95.0,20.7,85.2,1019,0
2026/7/15,23:19:21,19.0,90.0,23.1,95.0,20.7,85.3,1023,0
2026/7/15,23:19:26,18.8,90.0,22.8,95.0,20.7,85.3,1022,0
2026/7/15,23:19:31,18.7,90.0,23.2,95.0,20.7,85.3,1022,0
2026/7/15,23:19:36,18.8,90.0,23.0,95.0,20.7,85.3,1021,0
2026/7/15,23:19:41,18.8,90.0,23.0,95.0,20.7,85.3,1022,0
2026/7/15,23:19:46,18.9,90.0,23.0,95.0,20.7,85.3,1022,0
2026/7/15,23:19:51,18.7,90.0,22.9,95.0,20.7,85.3,1023,0
2026/7/15,23:19:56,18.9,90.0,23.0,95.0,20.7,85.3,1019,0
2026/7/15,23:20:1,18.8,90.0,23.3,95.0,20.7,85.3,1023,0
2026/7/15,23:20:6,18.7,90.0,23.0,95.0,20.7,85.3,1023,0
2026/7/15,23:20:11,18.9,90.0,23.0,95.0,20.7,85.3,1023,0
2026/7/15,23:20:16,18.8,89.0,23.3,95.0,20.7,85.3,1019,0
2026/7/15,23:20:21,18.7,90.0,23.3,95.0,20.7,85.3,1023,0
2026/7/15,23:20:26,18.8,90.0,23.0,95.0,20.7,85.3,1021,0
2026/7/15,23:20:31,18.9,90.0,23.2,95.0,20.7,85.3,1023,0
2026/7/15,23:20:36,18.7,90.0,22.8,95.0,20.7,85.3,1023,0
2026/7/15,23:20:41,18.7,90.0,22.8,95.0,20.7,85.3,1019,0
2026/7/15,23:20:46,18.8,90.0,23.0,95.0,20.7,85.3,1023,0
2026/7/15,23:20:51,18.7,90.0,23.0,95.0,20.7,85.4,1023,0
2026/7/15,23:20:56,18.5,90.0,23.1,95.0,20.7,85.4,1023,0
2026/7/15,23:21:1,18.9,90.0,23.0,95.0,20.7,85.4,1019,0
2026/7/15,23:21:6,18.9,90.0,23.0,95.0,20.7,85.4,1021,0
2026/7/15,23:21:11,18.9,87.0,23.0,95.0,20.7,85.4,1022,0
2026/7/15,23:21:16,18.9,86.0,23.0,95.0,20.7,85.3,1023,0
2026/7/15,23:21:21,19.0,85.0,23.0,95.0,20.6,85.2,1021,0
2026/7/15,23:21:26,18.9,85.0,22.9,95.0,20.7,85.2,1019,0
2026/7/15,23:21:31,18.8,82.0,23.0,95.0,20.7,85.0,1019,0
2026/7/15,23:21:36,18.9,81.0,23.0,95.0,20.7,84.9,1019,0
2026/7/15,23:21:41,18.8,82.0,23.1,95.0,20.7,84.8,1022,0
2026/7/15,23:21:46,18.8,83.0,23.0,95.0,20.7,84.7,1021,0
2026/7/15,23:21:51,18.8,83.0,23.1,95.0,20.7,84.6,1023,0
2026/7/15,23:21:56,18.9,84.0,23.0,95.0,20.7,84.6,1019,0
2026/7/15,23:22:1,18.9,84.0,23.0,95.0,20.7,84.5,1023,0
2026/7/15,23:22:6,19.0,85.0,22.9,95.0,20.7,84.5,1023,0
2026/7/15,23:22:11,18.8,86.0,23.3,95.0,20.7,84.4,1019,0
2026/7/15,23:22:16,18.9,86.0,22.9,95.0,20.7,84.5,1023,0
2026/7/15,23:22:21,19.0,86.0,23.0,95.0,20.7,84.4,1019,0
2026/7/15,23:22:26,18.9,86.0,22.8,95.0,20.7,84.4,1023,0
2026/7/15,23:22:31,18.9,86.0,23.0,95.0,20.7,84.3,1021,0
2026/7/15,23:22:36,19.0,86.0,23.1,95.0,20.7,84.3,1021,0
2026/7/15,23:22:41,18.9,86.0,23.1,95.0,20.7,84.4,1023,0
2026/7/15,23:22:46,18.9,86.0,22.8,95.0,20.7,84.3,1023,0
2026/7/15,23:22:51,19.0,86.0,23.1,95.0,20.7,84.3,1023,0
2026/7/15,23:22:56,19.0,86.0,23.0,95.0,20.7,84.3,1021,0
2026/7/15,23:23:1,18.9,86.0,23.1,95.0,20.7,84.2,1023,0
2026/7/15,23:23:6,19.0,86.0,23.0,95.0,20.7,84.2,1021,0
2026/7/15,23:23:11,18.9,86.0,23.0,95.0,20.7,84.1,1023,0
2026/7/15,23:23:16,18.9,86.0,23.1,95.0,20.7,84.1,1021,0
2026/7/15,23:23:21,19.0,86.0,23.0,95.0,20.7,84.1,1022,0
2026/7/15,23:23:26,19.0,86.0,22.9,95.0,20.7,84.1,1023,0
2026/7/15,23:23:31,19.0,86.0,23.0,95.0,20.7,84.1,1023,0
2026/7/15,23:23:36,19.0,87.0,23.0,95.0,20.7,84.1,1021,0
2026/7/15,23:23:41,19.0,87.0,23.0,95.0,20.7,84.2,1023,0
2026/7/15,23:23:46,19.0,87.0,23.3,95.0,20.7,84.2,1023,0
2026/7/15,23:23:51,19.0,87.0,23.0,95.0,20.7,84.2,1019,0
2026/7/15,23:23:56,19.0,87.0,23.0,95.0,20.7,84.3,1021,0
2026/7/15,23:24:1,19.0,87.0,23.0,95.0,20.7,84.3,1019,0
2026/7/15,23:24:6,19.0,87.0,23.0,95.0,20.7,84.3,1023,0
2026/7/15,23:24:11,19.0,87.0,23.0,95.0,20.7,84.3,1023,0
2026/7/15,23:24:16,19.0,87.0,23.0,95.0,20.7,84.3,1021,0
2026/7/15,23:24:21,19.0,87.0,22.8,95.0,20.7,84.3,1019,0
2026/7/15,23:24:26,18.9,87.0,22.7,95.0,20.7,84.3,1019,0
2026/7/15,23:24:31,19.0,87.0,23.0,95.0,20.7,84.3,1023,0
2026/7/15,23:24:36,19.0,87.0,23.0,95.0,20.7,84.4,1023,0
2026/7/15,23:24:41,19.0,87.0,23.0,95.0,20.7,84.4,1021,0
2026/7/15,23:24:46,19.0,87.0,23.0,95.0,20.7,84.4,1019,0
2026/7/15,23:24:51,19.0,87.0,23.0,95.0,20.7,84.3,1023,0
2026/7/15,23:24:56,19.0,87.0,22.9,95.0,20.7,84.4,1023,0
2026/7/15,23:25:1,18.9,87.0,23.3,95.0,20.7,84.5,1019,0
2026/7/15,23:25:6,19.0,87.0,23.1,95.0,20.7,84.5,1021,0
2026/7/15,23:25:11,19.0,87.0,22.9,95.0,20.7,84.5,1022,0
2026/7/15,23:25:16,19.0,87.0,22.9,95.0,20.7,84.5,1023,0
2026/7/15,23:25:21,18.9,87.0,23.2,95.0,20.7,84.5,1023,0
2026/7/15,23:25:26,19.0,86.0,22.9,95.0,20.7,84.5,1023,0
2026/7/15,23:25:31,18.9,86.0,23.0,95.0,20.7,84.5,1023,0
2026/7/15,23:25:36,19.0,87.0,23.0,95.0,20.7,84.5,1023,0
2026/7/15,23:25:41,19.0,87.0,22.9,95.0,20.7,84.5,1022,0
2026/7/15,23:25:46,19.0,87.0,22.9,95.0,20.7,84.5,1019,0
2026/7/15,23:25:51,19.0,87.0,23.0,95.0,20.7,84.5,1023,0
2026/7/15,23:25:56,19.0,87.0,23.1,95.0,20.7,84.5,1023,0
2026/7/15,23:26:1,19.0,87.0,23.0,95.0,20.7,84.6,1019,0
2026/7/15,23:26:6,19.0,87.0,23.0,95.0,20.7,84.5,1023,0
2026/7/15,23:26:11,19.0,87.0,23.0,95.0,20.7,84.6,1021,0
2026/7/15,23:26:16,19.1,87.0,23.0,95.0,20.7,84.6,1023,0
2026/7/15,23:26:21,19.0,87.0,23.0,95.0,20.7,84.6,1023,0
2026/7/15,23:26:26,19.0,87.0,23.0,95.0,20.7,84.6,1023,0
2026/7/15,23:26:31,19.0,87.0,23.0,95.0,20.7,84.6,1023,0
2026/7/15,23:26:36,19.0,86.0,23.0,95.0,20.7,84.6,1023,0
2026/7/15,23:26:41,19.0,87.0,23.1,95.0,20.7,84.6,1023,0
2026/7/15,23:26:46,19.0,87.0,22.9,95.0,20.7,84.5,1021,0
2026/7/15,23:26:51,19.0,87.0,23.0,95.0,20.7,84.5,1019,0
2026/7/15,23:26:56,19.1,87.0,23.1,95.0,20.7,84.5,1019,0
2026/7/15,23:27:1,19.0,87.0,23.0,95.0,20.7,84.5,1021,0
2026/7/15,23:27:6,19.0,86.0,22.8,95.0,20.7,84.5,1021,0
2026/7/15,23:27:11,19.1,86.0,22.8,95.0,20.7,84.6,1021,0
2026/7/15,23:27:16,19.0,86.0,23.1,95.0,20.7,84.5,1023,0
2026/7/15,23:27:21,19.0,86.0,23.0,95.0,20.7,84.5,1022,0
2026/7/15,23:27:26,19.0,86.0,23.0,95.0,20.7,84.5,1023,0
2026/7/15,23:27:31,19.0,86.0,23.0,95.0,20.7,84.6,1023,0
2026/7/15,23:27:36,19.1,86.0,23.1,95.0,20.7,84.6,1021,0
2026/7/15,23:27:41,19.0,86.0,22.9,95.0,20.7,84.6,1022,0
2026/7/15,23:27:46,19.1,86.0,22.8,95.0,20.7,84.6,1022,0
2026/7/15,23:27:51,19.0,86.0,23.0,95.0,20.7,84.6,1022,0
2026/7/15,23:27:56,19.0,86.0,23.0,95.0,20.7,84.5,1023,0
2026/7/15,23:28:1,19.0,87.0,23.0,95.0,20.7,84.6,1023,0
2026/7/15,23:28:6,19.0,87.0,23.0,95.0,20.7,84.6,1019,0
2026/7/15,23:28:11,19.0,87.0,23.0,95.0,20.7,84.6,1022,0
2026/7/15,23:28:16,19.0,88.0,23.0,95.0,20.7,84.7,1023,0
2026/7/15,23:28:21,19.0,88.0,22.9,95.0,20.7,84.8,1023,0
2026/7/15,23:28:26,19.1,88.0,23.0,95.0,20.7,84.7,1021,0
2026/7/15,23:28:31,19.0,88.0,23.0,95.0,20.7,84.7,1023,0
2026/7/15,23:28:36,19.0,88.0,22.9,95.0,20.7,84.8,1023,0
2026/7/15,23:28:42,19.0,88.0,23.0,95.0,20.7,84.7,1022,0
2026/7/15,23:28:47,19.0,88.0,22.9,95.0,20.7,84.8,1023,0
2026/7/15,23:28:52,19.0,88.0,23.0,95.0,20.7,84.8,1019,0
2026/7/15,23:28:57,19.0,87.0,23.0,95.0,20.7,84.8,1023,0
2026/7/15,23:29:2,19.0,87.0,23.1,95.0,20.7,84.8,1023,0
2026/7/15,23:29:7,19.1,87.0,23.0,95.0,20.7,84.8,1022,0
2026/7/15,23:29:12,19.1,87.0,22.9,95.0,20.7,84.8,1021,0
2026/7/15,23:29:17,19.1,87.0,23.0,95.0,20.7,84.8,1022,0
2026/7/15,23:29:22,19.1,87.0,22.9,95.0,20.7,84.8,1023,0
2026/7/15,23:29:27,19.1,87.0,23.1,95.0,20.7,84.8,1022,0
2026/7/15,23:29:32,19.0,87.0,23.0,95.0,20.7,84.8,1023,0
2026/7/15,23:29:37,19.0,87.0,23.1,95.0,20.7,84.9,1019,0
2026/7/15,23:29:42,19.0,87.0,22.8,95.0,20.7,84.8,1021,0
2026/7/15,23:29:47,19.1,87.0,23.0,95.0,20.7,84.8,1021,0
2026/7/15,23:29:52,19.0,87.0,23.0,95.0,20.7,84.8,1021,0
2026/7/15,23:29:57,19.0,86.0,22.9,95.0,20.7,84.8,1023,0
2026/7/15,23:30:2,19.0,87.0,23.0,95.0,20.7,84.7,1023,0
2026/7/15,23:30:7,19.0,87.0,23.0,95.0,20.7,84.8,1022,0
2026/7/15,23:30:12,19.1,87.0,23.0,95.0,20.7,84.8,1019,0
2026/7/15,23:30:17,19.1,87.0,22.9,95.0,20.7,84.8,1023,0
2026/7/15,23:30:22,19.1,87.0,22.9,95.0,20.7,84.7,1023,0
2026/7/15,23:30:27,19.0,87.0,23.0,95.0,20.7,84.8,1022,0
2026/7/15,23:30:32,19.1,87.0,22.9,95.0,20.7,84.8,1023,0
2026/7/15,23:30:37,19.1,87.0,22.9,95.0,20.7,84.8,1023,0
2026/7/15,23:30:42,19.0,87.0,23.0,95.0,20.7,84.8,1023,0
2026/7/15,23:30:47,19.1,87.0,22.9,95.0,20.7,84.8,1022,0
2026/7/15,23:30:52,19.0,87.0,23.0,95.0,20.7,84.8,1022,0
2026/7/15,23:30:57,19.0,87.0,22.9,95.0,20.7,84.8,1023,0
2026/7/15,23:31:2,19.0,87.0,23.0,95.0,20.7,84.7,1021,0
2026/7/15,23:31:7,19.0,87.0,23.0,95.0,20.7,84.8,1023,0
2026/7/15,23:31:12,19.0,87.0,23.1,95.0,20.7,84.8,1023,0
2026/7/15,23:31:17,19.0,88.0,23.0,95.0,20.7,84.8,1021,0
2026/7/15,23:31:22,19.0,88.0,23.0,95.0,20.7,84.8,1019,0
2026/7/15,23:31:27,19.0,88.0,22.9,95.0,20.7,84.8,1023,0
2026/7/15,23:31:32,19.1,88.0,23.1,95.0,20.7,84.8,1022,0
2026/7/15,23:31:37,19.0,88.0,23.1,95.0,20.7,84.8,1019,0
2026/7/15,23:31:42,19.0,88.0,23.1,95.0,20.7,84.8,1023,0
2026/7/15,23:31:47,19.0,88.0,23.0,95.0,20.7,84.8,1021,0
2026/7/15,23:31:52,19.1,88.0,22.9,95.0,20.7,84.8,1022,0
2026/7/15,23:31:57,19.1,88.0,23.0,95.0,20.7,84.8,1019,0
2026/7/15,23:32:2,19.0,88.0,23.0,95.0,20.7,84.9,1019,0
2026/7/15,23:32:7,19.0,88.0,23.0,95.0,20.7,84.8,1023,0
2026/7/15,23:32:12,19.1,88.0,22.9,95.0,20.7,84.8,1023,0
2026/7/15,23:32:17,19.0,88.0,23.0,95.0,20.7,84.8,1019,0
2026/7/15,23:32:22,19.0,87.0,22.8,95.0,20.7,84.8,1023,0
2026/7/15,23:32:27,19.1,87.0,23.0,95.0,20.7,84.9,1021,0
2026/7/15,23:32:32,19.1,87.0,23.0,95.0,20.7,84.9,1023,0
2026/7/15,23:32:37,19.1,88.0,23.0,95.0,20.7,84.9,1023,0
2026/7/15,23:32:42,19.0,88.0,22.9,95.0,20.7,84.9,1021,0
2026/7/15,23:32:47,19.1,88.0,23.0,95.0,20.7,84.9,1021,0
2026/7/15,23:32:52,19.0,88.0,23.1,95.0,20.7,84.9,1021,0
2026/7/15,23:32:57,19.1,87.0,22.9,95.0,20.7,84.7,1021,0
2026/7/15,23:33:2,19.0,87.0,23.0,95.0,20.7,84.6,1019,0
2026/7/15,23:33:7,19.0,87.0,23.0,95.0,20.7,84.6,1022,0
2026/7/15,23:33:12,19.0,87.0,23.0,95.0,20.7,84.6,1023,0
2026/7/15,23:33:17,19.1,87.0,22.9,95.0,20.7,84.7,1022,0
2026/7/15,23:33:22,19.1,87.0,23.0,95.0,20.7,84.7,1022,0
2026/7/15,23:33:27,19.0,87.0,23.1,95.0,20.7,84.6,1019,0
2026/7/15,23:33:32,19.0,87.0,22.9,95.0,20.7,84.7,1022,0
2026/7/15,23:33:37,19.0,87.0,23.1,95.0,20.7,84.7,1023,0
2026/7/15,23:33:42,19.1,87.0,23.0,95.0,20.7,84.7,1019,0
2026/7/15,23:33:47,19.0,87.0,22.9,95.0,20.7,84.7,1022,0
2026/7/15,23:33:52,19.1,87.0,23.0,95.0,20.7,84.7,1023,0
2026/7/15,23:33:57,19.0,87.0,22.9,95.0,20.7,84.7,1019,0
2026/7/15,23:34:2,19.1,87.0,22.9,95.0,20.7,84.8,1023,0
2026/7/15,23:34:7,19.1,87.0,23.0,95.0,20.7,84.7,1022,0
2026/7/15,23:34:12,19.0,87.0,23.0,95.0,20.7,84.8,1023,0
2026/7/15,23:34:17,19.0,87.0,23.0,95.0,20.7,84.8,1021,0
2026/7/15,23:34:22,19.1,87.0,22.8,95.0,20.7,84.8,1023,0
2026/7/15,23:34:27,19.1,87.0,22.9,95.0,20.7,84.8,1023,0
2026/7/15,23:34:32,19.0,87.0,22.9,95.0,20.7,84.8,1023,0
2026/7/15,23:34:37,19.0,86.0,22.9,95.0,20.7,84.8,1022,0
2026/7/15,23:34:42,19.1,86.0,22.9,95.0,20.7,84.7,1023,0
2026/7/15,23:34:47,19.0,86.0,22.9,95.0,20.7,84.7,1023,0
2026/7/15,23:34:52,19.0,86.0,23.0,95.0,20.7,84.7,1022,0
2026/7/15,23:34:57,19.0,86.0,23.1,95.0,20.7,84.7,1023,0
2026/7/15,23:35:2,19.0,86.0,22.9,95.0,20.7,84.7,1021,0
2026/7/15,23:35:7,19.1,86.0,22.9,95.0,20.7,84.6,1023,0
2026/7/15,23:35:12,19.1,86.0,22.9,95.0,20.7,84.7,1022,0
2026/7/15,23:35:17,19.1,86.0,22.8,95.0,20.7,84.7,1022,0
2026/7/15,23:35:22,19.0,86.0,22.9,95.0,20.7,84.7,1022,0
2026/7/15,23:35:27,19.0,86.0,23.0,95.0,20.7,84.6,1023,0
2026/7/15,23:35:32,19.1,86.0,22.9,95.0,20.7,84.6,1023,0
2026/7/15,23:35:37,19.1,86.0,22.9,95.0,20.7,84.7,1023,0
2026/7/15,23:35:42,19.0,86.0,23.0,95.0,20.7,84.7,1022,0
2026/7/15,23:35:47,19.0,87.0,23.0,95.0,20.7,84.7,1023,0
2026/7/15,23:35:52,19.0,87.0,22.9,95.0,20.7,84.6,1019,0
2026/7/15,23:35:57,19.1,87.0,23.0,95.0,20.7,84.7,1023,0
2026/7/15,23:36:2,19.1,87.0,23.1,95.0,20.7,84.6,1023,0
2026/7/15,23:36:7,19.1,87.0,23.0,95.0,20.7,84.6,1021,0
2026/7/15,23:36:12,19.1,87.0,23.0,95.0,20.7,84.6,1021,0
2026/7/15,23:36:17,19.1,87.0,22.8,95.0,20.7,84.6,1023,0
2026/7/15,23:36:22,19.1,87.0,23.0,95.0,20.7,84.6,1021,0
2026/7/15,23:36:27,19.1,87.0,22.8,95.0,20.7,84.6,1023,0
2026/7/15,23:36:32,19.1,87.0,23.0,95.0,20.7,84.6,1019,0
2026/7/15,23:36:37,19.1,87.0,22.9,95.0,20.7,84.6,1022,0
2026/7/15,23:36:42,19.1,87.0,23.0,95.0,20.7,84.7,1022,0
2026/7/15,23:36:47,19.1,87.0,22.9,95.0,20.7,84.7,1019,0
2026/7/15,23:36:52,19.1,87.0,23.0,95.0,20.7,84.6,1022,0
2026/7/15,23:36:57,19.1,87.0,23.0,95.0,20.7,84.7,1021,0
2026/7/15,23:37:2,19.1,88.0,23.0,95.0,20.7,84.7,1023,0
2026/7/15,23:37:7,19.1,88.0,22.9,95.0,20.7,84.7,1019,0
2026/7/15,23:37:12,19.1,88.0,22.9,95.0,20.7,84.7,1023,0
2026/7/15,23:37:17,19.1,88.0,23.0,95.0,20.7,84.8,1021,0
2026/7/15,23:37:22,19.1,88.0,22.9,95.0,20.7,84.7,1022,0
2026/7/15,23:37:27,19.1,88.0,22.9,95.0,20.7,84.8,1022,0
2026/7/15,23:37:32,19.1,87.0,23.0,95.0,20.7,84.7,1022,0
2026/7/15,23:37:37,19.1,87.0,23.0,95.0,20.8,84.8,1019,0
2026/7/15,23:37:42,19.1,87.0,22.8,95.0,20.7,84.7,1021,0
2026/7/15,23:37:47,19.1,87.0,22.9,95.0,20.7,84.7,1021,0
2026/7/15,23:37:52,19.2,87.0,22.8,95.0,20.8,84.8,1022,0
2026/7/15,23:37:57,19.1,87.0,22.9,95.0,20.7,84.8,1021,0
2026/7/15,23:38:2,19.2,87.0,22.8,95.0,20.7,84.8,1023,0
2026/7/15,23:38:7,19.1,87.0,22.8,95.0,20.8,84.8,1019,0
2026/7/15,23:38:12,19.1,87.0,23.0,95.0,20.7,84.8,1023,0
2026/7/15,23:38:17,19.2,87.0,22.9,95.0,20.7,84.8,1022,0
2026/7/15,23:38:22,19.1,87.0,22.8,95.0,20.7,84.8,1023,0
2026/7/15,23:38:27,19.2,87.0,22.8,95.0,20.7,84.8,1021,0
2026/7/15,23:38:32,19.1,87.0,22.8,95.0,20.8,84.8,1021,0
2026/7/15,23:38:37,19.2,87.0,22.9,95.0,20.8,84.8,1023,0
2026/7/15,23:38:42,19.1,87.0,22.9,95.0,20.8,84.8,1022,0
2026/7/15,23:38:47,19.2,87.0,22.9,95.0,20.8,84.9,1023,0
2026/7/15,23:38:52,19.2,87.0,23.0,95.0,20.7,84.8,1023,0
2026/7/15,23:38:57,19.1,87.0,22.8,95.0,20.8,84.8,1023,0
2026/7/15,23:39:2,19.1,87.0,23.0,95.0,20.8,84.8,1021,0
2026/7/15,23:39:7,19.1,87.0,22.9,95.0,20.8,84.8,1022,0
2026/7/15,23:39:12,19.2,87.0,23.0,95.0,20.8,84.8,1022,0
2026/7/15,23:39:17,19.2,87.0,23.0,95.0,20.8,84.9,1021,0
2026/7/15,23:39:22,19.1,86.0,23.1,95.0,20.8,84.8,1022,0
2026/7/15,23:39:27,19.1,86.0,23.0,95.0,20.8,84.8,1019,0
2026/7/15,23:39:33,19.1,86.0,22.9,95.0,20.8,84.8,1023,0
2026/7/15,23:39:38,19.1,86.0,23.0,95.0,20.8,84.8,1019,0
2026/7/15,23:39:43,19.2,86.0,23.0,95.0,20.8,84.8,1023,0
2026/7/15,23:39:48,19.2,86.0,23.0,95.0,20.8,84.8,1023,0
2026/7/15,23:39:53,19.1,87.0,23.0,95.0,20.8,84.8,1023,0
2026/7/15,23:39:58,19.3,87.0,23.0,95.0,20.8,84.8,1023,0
2026/7/15,23:40:3,19.4,87.0,23.0,95.0,20.8,84.9,1019,0
2026/7/15,23:40:8,19.1,87.0,23.0,95.0,20.8,84.9,1023,0
2026/7/15,23:40:13,19.2,87.0,22.9,95.0,20.8,85.0,1023,0
2026/7/15,23:40:18,19.3,87.0,22.9,95.0,20.8,84.9,1022,0
2026/7/15,23:40:23,19.2,86.0,22.8,95.0,20.8,84.9,1021,0
2026/7/15,23:40:28,19.2,86.0,22.9,95.0,20.8,84.9,1023,0
2026/7/15,23:40:33,19.2,86.0,22.9,95.0,20.8,84.9,1022,0
2026/7/15,23:40:38,19.2,86.0,23.0,95.0,20.8,84.8,1023,0
2026/7/15,23:40:43,19.2,86.0,22.7,95.0,20.8,84.9,1022,0
2026/7/15,23:40:48,19.2,86.0,23.0,95.0,20.8,84.9,1019,0
2026/7/15,23:40:53,19.2,86.0,22.9,95.0,20.8,84.9,1023,0
2026/7/15,23:40:58,19.2,86.0,22.9,95.0,20.8,84.8,1023,0
2026/7/15,23:41:3,19.1,86.0,22.8,95.0,20.8,84.8,1023,0
2026/7/15,23:41:8,19.1,86.0,22.9,95.0,20.8,84.8,1023,0
2026/7/15,23:41:13,19.3,86.0,22.9,95.0,20.8,84.7,1022,0
2026/7/15,23:41:18,19.2,85.0,22.9,95.0,20.8,84.7,1022,0
2026/7/15,23:41:23,19.1,85.0,22.9,95.0,20.8,84.7,1023,0
2026/7/15,23:41:28,19.2,85.0,22.9,95.0,20.8,84.6,1021,0
2026/7/15,23:41:33,19.0,85.0,23.0,95.0,20.8,84.6,1021,0
2026/7/15,23:41:38,19.2,85.0,23.0,95.0,20.8,84.6,1023,0
2026/7/15,23:41:43,19.4,85.0,23.0,95.0,20.8,84.6,1023,0
2026/7/15,23:41:48,19.4,85.0,23.0,95.0,20.8,84.6,1019,0
2026/7/15,23:41:53,19.2,85.0,22.8,95.0,20.8,84.5,1023,0
2026/7/15,23:41:58,19.5,85.0,22.9,95.0,20.8,84.5,1023,0
2026/7/15,23:42:3,19.4,85.0,22.9,95.0,20.8,84.5,1023,0
2026/7/15,23:42:8,19.3,85.0,22.9,95.0,20.8,84.5,1023,0
2026/7/15,23:42:13,19.1,85.0,22.9,95.0,20.8,84.5,1023,0
2026/7/15,23:42:18,19.3,85.0,22.9,95.0,20.8,84.5,1021,0
2026/7/15,23:42:23,19.4,85.0,22.9,95.0,20.8,84.5,1023,0
2026/7/15,23:42:28,19.3,85.0,22.8,95.0,20.8,84.5,1023,0
2026/7/15,23:42:33,19.4,86.0,22.9,95.0,20.8,84.5,1022,0
2026/7/15,23:42:38,19.4,86.0,23.0,95.0,20.8,84.5,1023,0
2026/7/15,23:42:43,19.5,86.0,22.9,95.0,20.8,84.5,1023,0
2026/7/15,23:42:48,19.5,86.0,22.8,95.0,20.8,84.6,1021,0
2026/7/15,23:42:53,19.4,86.0,22.8,95.0,20.8,84.6,1023,0
2026/7/15,23:42:58,19.2,86.0,22.9,95.0,20.8,84.6,1019,0
2026/7/15,23:43:3,19.2,86.0,22.9,95.0,20.8,84.6,1023,0
2026/7/15,23:43:8,19.3,86.0,22.9,95.0,20.8,84.6,1021,0
2026/7/15,23:43:13,19.4,86.0,22.9,95.0,20.8,84.6,1019,0
2026/7/15,23:43:18,19.4,86.0,22.9,95.0,20.8,84.6,1023,0
2026/7/15,23:43:23,19.4,86.0,22.9,95.0,20.8,84.6,1023,0
2026/7/15,23:43:28,19.4,86.0,23.0,95.0,20.8,84.6,1023,0
2026/7/15,23:43:33,19.6,86.0,22.8,95.0,20.9,84.6,1021,0
2026/7/15,23:43:38,19.4,86.0,22.9,95.0,20.8,84.6,1019,0
2026/7/15,23:43:43,19.6,86.0,22.9,95.0,20.8,84.6,1021,0
2026/7/15,23:43:48,19.2,86.0,22.9,95.0,20.8,84.6,1023,0
2026/7/15,23:43:53,19.6,86.0,22.9,95.0,20.8,84.6,1021,0
2026/7/15,23:43:58,19.4,86.0,22.9,95.0,20.9,84.6,1022,0
2026/7/15,23:44:3,19.6,86.0,23.0,95.0,20.9,84.7,1019,0
2026/7/15,23:44:8,19.3,86.0,22.9,95.0,20.8,84.6,1022,0
2026/7/15,23:44:13,19.6,86.0,22.9,95.0,20.8,84.6,1023,0
2026/7/15,23:44:18,19.4,86.0,22.9,95.0,20.9,84.6,1023,0
2026/7/15,23:44:23,19.3,86.0,22.9,95.0,20.8,84.7,1022,0
2026/7/15,23:44:28,19.6,86.0,23.0,95.0,20.8,84.6,1023,0
2026/7/15,23:44:33,19.5,87.0,22.9,95.0,20.8,84.7,1019,0
2026/7/15,23:44:38,19.5,87.0,23.0,95.0,20.9,84.7,1019,0
2026/7/15,23:44:43,19.2,87.0,22.8,95.0,20.9,84.6,1023,0
2026/7/15,23:44:48,19.6,86.0,22.9,95.0,20.9,84.6,1022,0
2026/7/15,23:44:53,19.6,86.0,22.9,95.0,20.9,84.7,1019,0
2026/7/15,23:44:58,19.1,86.0,22.9,95.0,20.9,84.6,1023,0
2026/7/15,23:45:3,19.4,86.0,23.0,95.0,20.9,84.6,1022,0
2026/7/15,23:45:8,19.6,86.0,22.9,95.0,20.9,84.6,1019,0
2026/7/15,23:45:13,19.1,86.0,22.9,95.0,20.9,84.6,1023,0
2026/7/15,23:45:18,19.6,86.0,22.9,95.0,20.9,84.6,1023,0
2026/7/15,23:45:23,19.4,86.0,22.9,95.0,20.9,84.6,1023,0
2026/7/15,23:45:28,19.4,86.0,22.9,95.0,20.9,84.6,1022,0
2026/7/15,23:45:33,19.4,86.0,22.9,95.0,20.9,84.6,1019,0
2026/7/15,23:45:38,19.6,86.0,22.8,95.0,20.9,84.6,1022,0
2026/7/15,23:45:43,19.6,86.0,22.8,95.0,20.9,84.6,1022,0
2026/7/15,23:45:48,19.6,86.0,23.0,95.0,20.9,84.6,1022,0
2026/7/15,23:45:53,19.6,86.0,23.0,95.0,20.9,84.6,1022,0
2026/7/15,23:45:58,19.7,86.0,22.8,95.0,20.9,84.6,1019,0
2026/7/15,23:46:3,19.2,86.0,22.9,95.0,20.9,84.6,1019,0
2026/7/15,23:46:8,19.6,86.0,22.8,95.0,20.9,84.6,1022,0
2026/7/15,23:46:13,19.6,86.0,22.8,95.0,20.9,84.6,1023,0
2026/7/15,23:46:18,19.7,86.0,22.9,95.0,20.9,84.6,1019,0
2026/7/15,23:46:23,19.6,86.0,22.9,95.0,20.9,84.6,1023,0
2026/7/15,23:46:28,19.6,86.0,22.9,95.0,20.9,84.7,1021,0
2026/7/15,23:46:33,19.2,86.0,22.9,95.0,20.9,84.6,1023,0
2026/7/15,23:46:38,19.2,85.0,22.9,95.0,20.9,84.6,1019,0
2026/7/15,23:46:43,19.2,85.0,22.9,95.0,20.9,84.6,1022,0
2026/7/15,23:46:48,19.6,85.0,22.9,95.0,20.9,84.6,1022,0
2026/7/15,23:46:53,19.2,85.0,22.9,95.0,20.9,84.6,1021,0
2026/7/15,23:46:58,19.6,85.0,23.0,95.0,20.9,84.6,1021,0
2026/7/15,23:47:3,19.2,85.0,23.0,95.0,20.9,84.6,1022,0
2026/7/15,23:47:8,19.7,85.0,22.8,95.0,20.9,84.6,1023,0
2026/7/15,23:47:13,19.6,85.0,22.9,95.0,20.9,84.6,1023,0
2026/7/15,23:47:18,19.6,85.0,22.8,95.0,20.9,84.6,1022,0
2026/7/15,23:47:23,19.6,85.0,22.9,95.0,20.9,84.6,1023,0
2026/7/15,23:47:28,19.2,84.0,22.8,95.0,20.9,84.6,1023,0
2026/7/15,23:47:33,19.6,84.0,22.9,95.0,20.9,84.5,1022,0
2026/7/15,23:47:38,19.7,84.0,23.0,95.0,20.9,84.6,1023,0
2026/7/15,23:47:43,19.6,84.0,22.9,95.0,20.9,84.5,1022,0
2026/7/15,23:47:48,19.2,84.0,22.9,95.0,20.9,84.5,1021,0
2026/7/15,23:47:53,19.6,84.0,22.9,95.0,20.9,84.5,1019,0
2026/7/15,23:47:58,19.6,84.0,22.9,95.0,20.9,84.5,1022,0
2026/7/15,23:48:3,19.6,84.0,22.9,95.0,20.9,84.5,1023,0
2026/7/15,23:48:8,19.5,84.0,22.9,95.0,20.9,84.5,1019,0
2026/7/15,23:48:13,19.7,84.0,22.9,95.0,20.9,84.5,1023,0
2026/7/15,23:48:18,19.2,84.0,22.9,95.0,20.9,84.5,1019,0
2026/7/15,23:48:23,19.6,84.0,22.9,95.0,20.9,84.5,1021,0
2026/7/15,23:48:28,19.6,84.0,22.8,95.0,20.9,84.5,1019,0
2026/7/15,23:48:33,19.1,84.0,22.9,95.0,20.9,84.5,1022,0
2026/7/15,23:48:38,19.4,85.0,22.9,95.0,20.9,84.5,1023,0
2026/7/15,23:48:43,19.6,85.0,22.9,95.0,20.9,84.6,1023,0
2026/7/15,23:48:48,19.4,85.0,23.0,95.0,20.9,84.5,1022,0
2026/7/15,23:48:53,19.6,85.0,22.9,95.0,20.9,84.5,1023,0
2026/7/15,23:48:58,19.2,85.0,23.0,95.0,20.9,84.5,1022,0
2026/7/15,23:49:3,19.6,85.0,22.9,95.0,20.9,84.5,1021,0
2026/7/15,23:49:8,19.3,85.0,23.0,95.0,20.9,84.5,1023,0
2026/7/15,23:49:13,19.4,85.0,22.9,95.0,20.9,84.5,1019,0
2026/7/15,23:49:18,19.6,85.0,22.9,95.0,20.9,84.5,1021,0
2026/7/15,23:49:23,19.4,85.0,22.9,95.0,20.9,84.5,1021,0
2026/7/15,23:49:28,19.4,86.0,23.0,95.0,20.9,84.4,1023,0
2026/7/15,23:49:33,19.3,86.0,22.8,95.0,20.9,84.4,1019,0
2026/7/15,23:49:38,19.4,86.0,22.9,95.0,20.9,84.4,1023,0
2026/7/15,23:49:43,19.7,86.0,22.8,95.0,21.0,84.4,1023,0
2026/7/15,23:49:48,19.4,86.0,22.9,95.0,20.9,84.5,1021,0
2026/7/15,23:49:53,19.6,85.0,22.9,95.0,20.9,84.5,1023,0
2026/7/15,23:49:58,19.1,85.0,22.8,95.0,20.9,84.4,1021,0
2026/7/15,23:50:3,19.4,86.0,23.0,95.0,20.9,84.4,1022,0
2026/7/15,23:50:8,19.1,85.0,22.9,95.0,20.9,84.4,1021,0
2026/7/15,23:50:13,19.3,86.0,22.8,95.0,21.0,84.4,1023,0
2026/7/15,23:50:18,19.2,86.0,22.9,95.0,20.9,84.4,1019,0
2026/7/15,23:50:23,19.3,86.0,22.9,95.0,20.9,84.4,1019,0
2026/7/15,23:50:29,19.6,86.0,22.9,95.0,21.0,84.4,1023,0
2026/7/15,23:50:34,19.5,86.0,22.9,95.0,20.9,84.4,1019,0
2026/7/15,23:50:39,19.1,86.0,22.8,95.0,20.9,84.5,1023,0
2026/7/15,23:50:44,19.6,85.0,22.9,95.0,20.9,84.5,1021,0
2026/7/15,23:50:49,19.4,85.0,22.9,95.0,20.9,84.5,1023,0
2026/7/15,23:50:54,19.1,85.0,22.9,95.0,20.9,84.5,1023,0
2026/7/15,23:50:59,19.3,85.0,22.9,95.0,21.0,84.5,1019,0
2026/7/15,23:51:4,19.6,85.0,22.9,95.0,20.9,84.5,1022,0
2026/7/15,23:51:9,19.6,85.0,22.9,95.0,20.9,84.5,1023,0
2026/7/15,23:51:14,19.3,85.0,22.9,95.0,20.9,84.5,1021,0
2026/7/15,23:51:19,19.6,85.0,22.9,95.0,20.9,84.5,1023,0
2026/7/15,23:51:24,19.1,85.0,22.8,95.0,20.9,84.5,1023,0
2026/7/15,23:51:29,19.5,85.0,22.8,95.0,20.9,84.5,1022,0
2026/7/15,23:51:34,19.4,85.0,22.8,95.0,20.9,84.5,1023,0
2026/7/15,23:51:39,19.4,85.0,22.9,95.0,20.9,84.5,1019,0
2026/7/15,23:51:44,19.1,85.0,22.9,95.0,20.9,84.4,1019,0
2026/7/15,23:51:49,19.5,85.0,22.8,95.0,20.9,84.4,1023,0
2026/7/15,23:51:54,19.1,85.0,22.7,95.0,20.9,84.3,1023,0
2026/7/15,23:51:59,19.1,85.0,22.7,95.0,20.9,84.4,1019,0
2026/7/15,23:52:4,19.6,85.0,22.8,95.0,20.9,84.4,1023,0
2026/7/15,23:52:9,19.1,85.0,22.8,95.0,20.9,84.3,1023,0
2026/7/15,23:52:14,19.5,85.0,22.9,95.0,20.9,84.3,1021,0
2026/7/15,23:52:19,19.5,85.0,22.8,95.0,20.9,84.4,1019,0
2026/7/15,23:52:24,19.5,85.0,22.8,95.0,20.9,84.4,1021,0
2026/7/15,23:52:29,19.1,85.0,22.7,95.0,20.9,84.4,1022,0
2026/7/15,23:52:34,19.5,85.0,22.8,95.0,20.9,84.4,1019,0
2026/7/15,23:52:39,19.4,85.0,22.9,95.0,20.9,84.4,1019,0
2026/7/15,23:52:44,19.5,86.0,23.0,95.0,20.9,84.4,1022,0
2026/7/15,23:52:49,19.1,85.0,22.7,95.0,20.9,84.4,1021,0
2026/7/15,23:52:54,19.1,85.0,22.9,95.0,20.9,84.4,1023,0
2026/7/15,23:52:59,19.1,85.0,22.8,95.0,20.9,84.4,1021,0
2026/7/15,23:53:4,19.4,85.0,22.9,95.0,20.9,84.4,1023,0
2026/7/15,23:53:9,19.3,85.0,22.9,95.0,20.9,84.5,1021,0
2026/7/15,23:53:14,19.2,85.0,22.8,95.0,20.9,84.4,1019,0
2026/7/15,23:53:19,19.3,86.0,22.9,95.0,20.9,84.4,1022,0
2026/7/15,23:53:24,19.1,86.0,22.8,95.0,20.9,84.4,1021,0
2026/7/15,23:53:29,19.1,86.0,22.9,95.0,20.9,84.4,1023,0
2026/7/15,23:53:34,19.3,86.0,22.8,95.0,20.9,84.4,1021,0
2026/7/15,23:53:39,19.3,86.0,22.9,95.0,20.9,84.4,1019,0
2026/7/15,23:53:44,19.4,86.0,22.9,95.0,20.9,84.4,1023,0
2026/7/15,23:53:49,19.3,86.0,23.0,95.0,20.9,84.4,1021,0
2026/7/15,23:53:54,19.2,86.0,23.0,95.0,20.9,84.4,1023,0
2026/7/15,23:53:59,19.2,86.0,22.9,95.0,20.9,84.4,1021,0
2026/7/15,23:54:4,19.2,86.0,22.8,95.0,20.9,84.3,1023,0
2026/7/15,23:54:9,19.2,86.0,22.9,95.0,20.9,84.4,1023,0
2026/7/15,23:54:14,19.2,86.0,22.8,95.0,20.9,84.4,1023,0
2026/7/15,23:54:19,19.1,86.0,22.9,95.0,20.9,84.4,1023,0
2026/7/15,23:54:24,19.5,86.0,22.8,95.0,20.9,84.5,1021,0
2026/7/15,23:54:29,19.3,86.0,22.8,95.0,20.9,84.5,1022,0
2026/7/15,23:54:34,19.2,86.0,23.0,95.0,20.9,84.5,1023,0
2026/7/15,23:54:39,19.5,86.0,22.8,95.0,20.9,84.5,1022,0
2026/7/15,23:54:44,19.3,86.0,23.0,95.0,20.9,84.4,1019,0
2026/7/15,23:54:49,19.1,86.0,22.9,95.0,20.9,84.5,1021,0
2026/7/15,23:54:54,19.2,86.0,22.8,95.0,20.9,84.5,1022,0
2026/7/15,23:54:59,19.1,86.0,22.7,95.0,20.9,84.5,1019,0
2026/7/15,23:55:4,19.0,86.0,22.9,95.0,20.9,84.5,1021,0
2026/7/15,23:55:9,19.0,86.0,22.7,95.0,20.9,84.4,1021,0
2026/7/15,23:55:14,19.2,86.0,22.7,95.0,20.9,84.5,1019,0
2026/7/15,23:55:19,19.3,86.0,22.8,95.0,20.9,84.5,1022,0
2026/7/15,23:55:24,19.4,86.0,22.9,95.0,20.9,84.5,1019,0
2026/7/15,23:55:29,19.1,86.0,22.7,95.0,20.9,84.3,1019,0
2026/7/15,23:55:34,19.5,86.0,22.9,95.0,20.9,84.3,1022,0
2026/7/15,23:55:39,19.4,86.0,22.9,95.0,20.9,84.2,1021,0
2026/7/15,23:55:44,19.1,86.0,22.9,95.0,20.9,84.2,1019,0
2026/7/15,23:55:49,19.2,86.0,22.8,95.0,20.9,84.1,1021,0
2026/7/15,23:55:54,19.1,86.0,22.9,95.0,20.9,84.2,1023,0
2026/7/15,23:55:59,19.2,86.0,22.8,95.0,20.9,84.2,1021,0
2026/7/15,23:56:4,19.1,86.0,22.8,95.0,20.9,84.1,1021,0
2026/7/15,23:56:9,19.2,86.0,22.9,95.0,20.9,84.2,1021,0
2026/7/15,23:56:14,19.2,86.0,22.9,95.0,20.9,84.2,1021,0
2026/7/15,23:56:19,19.1,86.0,22.8,95.0,20.9,84.2,1021,0
2026/7/15,23:56:24,19.2,86.0,22.7,95.0,20.9,84.3,1023,0
2026/7/15,23:56:29,19.1,86.0,22.8,95.0,20.8,84.2,1023,0
2026/7/15,23:56:34,19.1,86.0,22.9,95.0,20.9,84.3,1022,0
2026/7/15,23:56:39,19.1,86.0,22.9,95.0,20.9,84.3,1022,0
2026/7/15,23:56:44,19.1,86.0,22.9,95.0,20.8,84.4,1023,0
2026/7/15,23:56:49,19.1,86.0,22.9,95.0,20.8,84.4,1022,0
2026/7/15,23:56:54,19.1,86.0,22.8,95.0,20.8,84.3,1023,0
2026/7/15,23:56:59,19.1,87.0,22.9,95.0,20.9,84.4,1019,0
2026/7/15,23:57:4,19.2,87.0,22.9,95.0,20.9,84.4,1019,0
2026/7/15,23:57:9,19.1,87.0,22.9,95.0,20.8,84.4,1019,0
2026/7/15,23:57:14,19.2,87.0,23.0,95.0,20.8,84.4,1023,0
2026/7/15,23:57:19,19.1,87.0,22.9,95.0,20.9,84.4,1022,0
2026/7/15,23:57:24,19.1,87.0,22.8,95.0,20.8,84.5,1019,0
2026/7/15,23:57:29,19.0,87.0,22.8,95.0,20.8,84.5,1022,0
2026/7/15,23:57:34,19.1,87.0,22.9,95.0,20.8,84.5,1021,0
2026/7/15,23:57:39,19.1,87.0,22.8,95.0,20.8,84.5,1023,0
2026/7/15,23:57:44,19.2,87.0,22.9,95.0,20.8,84.6,1023,0
2026/7/15,23:57:49,19.1,87.0,22.9,95.0,20.8,84.6,1023,0
2026/7/15,23:57:54,19.1,87.0,22.9,95.0,20.8,84.6,1019,0
2026/7/15,23:57:59,19.1,87.0,22.8,95.0,20.8,84.6,1023,0
2026/7/15,23:58:4,19.2,87.0,22.9,95.0,20.8,84.6,1019,0
2026/7/15,23:58:9,19.1,87.0,22.7,95.0,20.8,84.6,1022,0
2026/7/15,23:58:14,19.1,87.0,22.9,95.0,20.8,84.6,1021,0
2026/7/15,23:58:19,19.1,88.0,22.9,95.0,20.8,84.7,1021,0
2026/7/15,23:58:24,19.1,88.0,23.0,95.0,20.8,84.7,1019,0
2026/7/15,23:58:29,19.1,88.0,22.8,95.0,20.8,84.7,1023,0
2026/7/15,23:58:34,19.1,88.0,22.9,95.0,20.8,84.7,1021,0
2026/7/15,23:58:39,19.1,88.0,22.9,95.0,20.8,84.7,1019,0
2026/7/15,23:58:44,19.1,87.0,22.9,95.0,20.9,84.7,1021,0
2026/7/15,23:58:49,19.1,87.0,22.7,95.0,20.9,84.8,1023,0
2026/7/15,23:58:54,19.1,87.0,22.9,95.0,20.8,84.8,1023,0
2026/7/15,23:58:59,19.1,87.0,22.9,95.0,20.8,84.8,1023,0
2026/7/15,23:59:4,19.1,87.0,22.9,95.0,20.8,84.8,1023,0
2026/7/15,23:59:9,19.1,87.0,22.9,95.0,20.8,84.8,1019,0
2026/7/15,23:59:14,19.1,87.0,22.9,95.0,20.8,84.8,1019,0
2026/7/15,23:59:19,19.1,87.0,22.9,95.0,20.8,84.8,1019,0
2026/7/15,23:59:24,19.1,87.0,22.8,95.0,20.8,84.8,1019,0
2026/7/15,23:59:29,19.1,87.0,22.8,95.0,20.8,84.8,1022,0
2026/7/15,23:59:34,19.1,87.0,22.8,95.0,20.8,84.8,1021,0
2026/7/15,23:59:39,19.1,87.0,22.9,95.0,20.9,84.8,1023,0
2026/7/15,23:59:44,19.1,87.0,22.9,95.0,20.8,84.8,1023,0
2026/7/15,23:59:49,19.1,87.0,22.9,95.0,20.8,84.8,1021,0
2026/7/15,23:59:54,19.0,87.0,22.7,95.0,20.8,84.8,1022,0
2026/7/15,23:59:59,19.1,88.0,22.9,95.0,20.8,84.8,1021,0
2026/7/16,0:0:4,19.1,88.0,22.8,95.0,20.8,84.8,1019,0
2026/7/16,0:0:9,19.2,88.0,22.9,95.0,20.8,84.8,1023,0
2026/7/16,0:0:14,19.1,88.0,22.8,95.0,20.8,84.8,1019,0
2026/7/16,0:0:19,19.1,88.0,22.9,95.0,20.8,84.8,1019,0
2026/7/16,0:0:24,19.1,88.0,22.9,95.0,20.8,84.8,1021,0
2026/7/16,0:0:29,19.2,88.0,22.9,95.0,20.8,84.8,1023,0
2026/7/16,0:0:34,19.1,87.0,22.9,95.0,20.8,84.8,1019,0
2026/7/16,0:0:39,19.1,87.0,22.9,95.0,20.8,84.8,1023,0
2026/7/16,0:0:44,19.1,87.0,22.9,95.0,20.8,84.8,1022,0
2026/7/16,0:0:49,19.2,87.0,22.9,95.0,20.8,84.8,1022,0
2026/7/16,0:0:54,19.2,87.0,22.9,95.0,20.8,84.8,1022,0
2026/7/16,0:0:59,19.1,87.0,22.9,95.0,20.8,84.9,1021,0
2026/7/16,0:1:4,19.1,87.0,22.9,95.0,20.8,84.9,1023,0
2026/7/16,0:1:9,19.1,87.0,22.9,95.0,20.8,84.9,1023,0
2026/7/16,0:1:14,19.2,87.0,22.9,95.0,20.8,84.9,1021,0
2026/7/16,0:1:19,19.1,87.0,22.9,95.0,20.8,84.9,1022,0
2026/7/16,0:1:25,19.2,87.0,22.9,95.0,20.8,84.9,1023,0
2026/7/16,0:1:30,19.2,87.0,22.9,95.0,20.8,84.9,1023,0
2026/7/16,0:1:35,19.1,87.0,22.9,95.0,20.8,84.9,1023,0
2026/7/16,0:1:40,19.1,87.0,22.9,95.0,20.8,84.8,1022,0
2026/7/16,0:1:45,19.1,87.0,22.9,95.0,20.8,84.8,1023,0
2026/7/16,0:1:50,19.1,87.0,22.9,95.0,20.8,84.9,1022,0
2026/7/16,0:1:55,19.1,87.0,22.9,95.0,20.8,84.8,1023,0
2026/7/16,0:2:0,19.1,87.0,22.9,95.0,20.8,84.9,1023,0
2026/7/16,0:2:5,19.1,87.0,23.0,95.0,20.8,84.9,1021,0
2026/7/16,0:2:10,19.2,87.0,22.9,95.0,20.8,84.9,1022,0
2026/7/16,0:2:15,19.1,87.0,22.9,95.0,20.8,84.9,1019,0
2026/7/16,0:2:20,19.1,87.0,22.9,95.0,20.8,84.9,1019,0
2026/7/16,0:2:25,19.1,87.0,22.9,95.0,20.8,84.9,1023,0
2026/7/16,0:2:30,19.1,87.0,22.9,95.0,20.8,84.9,1019,0
2026/7/16,0:2:35,19.1,88.0,22.9,95.0,20.8,84.9,1021,0
2026/7/16,0:2:40,19.1,88.0,22.9,95.0,20.8,84.9,1019,0
2026/7/16,0:2:45,19.1,88.0,22.8,95.0,20.8,84.9,1021,0
2026/7/16,0:2:50,19.1,88.0,22.8,95.0,20.8,84.9,1023,0
2026/7/16,0:2:55,19.1,88.0,22.9,95.0,20.8,84.9,1023,0
2026/7/16,0:3:0,19.0,88.0,22.8,95.0,20.8,84.9,1023,0
2026/7/16,0:3:5,19.1,88.0,22.9,95.0,20.8,84.9,1022,0
2026/7/16,0:3:10,19.1,88.0,22.9,95.0,20.8,84.9,1022,0
2026/7/16,0:3:15,19.1,88.0,22.9,95.0,20.8,84.9,1021,0
2026/7/16,0:3:20,19.1,88.0,22.7,95.0,20.8,84.9,1022,0
2026/7/16,0:3:25,19.1,88.0,22.9,95.0,20.8,85.0,1023,0
2026/7/16,0:3:30,19.1,88.0,22.9,95.0,20.8,85.0,1023,0
2026/7/16,0:3:35,19.1,88.0,22.8,95.0,20.8,85.0,1019,0
2026/7/16,0:3:40,19.1,88.0,22.9,95.0,20.8,85.0,1022,0
2026/7/16,0:3:45,19.1,87.0,22.9,95.0,20.8,85.0,1021,0
2026/7/16,0:3:50,19.2,87.0,22.9,95.0,20.8,84.9,1023,0
2026/7/16,0:3:55,19.1,87.0,22.9,95.0,20.8,85.0,1022,0
2026/7/16,0:4:0,19.1,87.0,23.0,95.0,20.8,85.0,1021,0
2026/7/16,0:4:5,19.1,87.0,22.9,95.0,20.8,85.0,1023,0
2026/7/16,0:4:10,19.0,87.0,22.8,95.0,20.8,84.9,1022,0
2026/7/16,0:4:15,19.1,87.0,22.8,95.0,20.8,84.9,1022,0
2026/7/16,0:4:20,19.1,88.0,22.9,95.0,20.8,85.0,1021,0
2026/7/16,0:4:25,19.1,88.0,22.9,95.0,20.8,85.0,1019,0
2026/7/16,0:4:30,19.1,88.0,22.8,95.0,20.8,85.0,1023,0
2026/7/16,0:4:35,19.1,88.0,22.9,95.0,20.8,85.1,1023,0
2026/7/16,0:4:40,19.1,88.0,22.9,95.0,20.8,85.0,1021,0
2026/7/16,0:4:45,19.1,87.0,22.9,95.0,20.8,85.0,1023,0
2026/7/16,0:4:50,19.0,87.0,22.8,95.0,20.8,85.0,1023,0
2026/7/16,0:4:55,19.1,87.0,22.9,95.0,20.8,85.0,1019,0
2026/7/16,0:5:0,19.1,87.0,22.8,95.0,20.8,85.0,1022,0
2026/7/16,0:5:5,19.1,87.0,22.9,95.0,20.8,85.0,1022,0
2026/7/16,0:5:10,19.1,87.0,22.9,95.0,20.8,85.0,1023,0
2026/7/16,0:5:15,19.1,87.0,22.8,95.0,20.8,84.9,1019,0
2026/7/16,0:5:20,19.1,87.0,22.9,95.0,20.8,85.0,1019,0
2026/7/16,0:5:25,19.1,87.0,22.9,95.0,20.8,84.9,1019,0
2026/7/16,0:5:30,19.1,88.0,22.9,95.0,20.8,85.0,1019,0
2026/7/16,0:5:35,19.1,88.0,22.9,95.0,20.8,85.0,1022,0
2026/7/16,0:5:40,19.1,88.0,22.8,95.0,20.8,84.9,1021,0
2026/7/16,0:5:45,19.1,87.0,22.8,95.0,20.8,84.9,1021,0
2026/7/16,0:5:50,19.1,87.0,22.8,95.0,20.8,84.9,1023,0
2026/7/16,0:5:55,19.1,87.0,22.9,95.0,20.8,84.8,1021,0
2026/7/16,0:6:0,19.1,87.0,22.9,95.0,20.8,84.8,1023,0
2026/7/16,0:6:5,19.1,87.0,22.9,95.0,20.8,84.8,1023,0
2026/7/16,0:6:10,19.2,87.0,22.9,95.0,20.8,84.8,1022,0
2026/7/16,0:6:15,19.0,87.0,22.9,95.0,20.8,84.6,1023,0
2026/7/16,0:6:20,19.1,87.0,22.9,95.0,20.8,84.4,1021,0
2026/7/16,0:6:25,19.1,87.0,22.8,95.0,20.8,84.4,1023,0
2026/7/16,0:6:30,19.1,87.0,22.9,95.0,20.7,84.3,1023,0
2026/7/16,0:6:35,19.1,87.0,22.8,95.0,20.7,84.4,1023,0
2026/7/16,0:6:40,19.1,87.0,22.8,95.0,20.7,84.3,1023,0
2026/7/16,0:6:45,19.1,87.0,22.9,95.0,20.7,84.5,1019,0
2026/7/16,0:6:50,19.1,87.0,22.9,95.0,20.7,84.4,1021,0
2026/7/16,0:6:55,19.1,87.0,22.9,95.0,20.7,84.5,1021,0
2026/7/16,0:7:0,19.1,87.0,22.9,95.0,20.7,84.5,1021,0
2026/7/16,0:7:5,19.1,87.0,22.8,95.0,20.7,84.4,1021,0
2026/7/16,0:7:10,19.1,87.0,22.8,95.0,20.7,84.4,1023,0
2026/7/16,0:7:15,19.1,87.0,22.9,95.0,20.7,84.5,1019,0
2026/7/16,0:7:20,19.1,87.0,22.9,95.0,20.7,84.6,1022,0
2026/7/16,0:7:25,19.1,87.0,22.9,95.0,20.7,84.6,1022,0
2026/7/16,0:7:30,19.1,87.0,22.8,95.0,20.7,84.6,1023,0
2026/7/16,0:7:35,19.1,87.0,22.9,95.0,20.7,84.6,1023,0
2026/7/16,0:7:40,19.1,87.0,22.8,95.0,20.7,84.6,1022,0
2026/7/16,0:7:45,19.1,86.0,22.9,95.0,20.7,84.6,1023,0
2026/7/16,0:7:50,19.1,86.0,22.8,95.0,20.7,84.7,1023,0
2026/7/16,0:7:55,19.1,86.0,22.9,95.0,20.7,84.7,1021,0
2026/7/16,0:8:0,19.1,86.0,22.8,95.0,20.7,84.6,1021,0
2026/7/16,0:8:5,19.1,86.0,22.8,95.0,20.7,84.7,1021,0
2026/7/16,0:8:10,19.0,86.0,22.8,95.0,20.7,84.6,1021,0
2026/7/16,0:8:15,19.0,86.0,22.8,95.0,20.7,84.5,1023,0
2026/7/16,0:8:20,19.1,86.0,22.9,95.0,20.7,84.4,1023,0
2026/7/16,0:8:25,19.0,86.0,22.8,95.0,20.7,84.4,1022,0
2026/7/16,0:8:30,19.1,86.0,22.9,95.0,20.7,84.4,1023,0
2026/7/16,0:8:35,19.1,86.0,22.9,95.0,20.7,84.4,1022,0
2026/7/16,0:8:40,19.0,86.0,22.9,95.0,20.7,84.4,1019,0
2026/7/16,0:8:45,19.0,86.0,22.9,95.0,20.7,84.4,1022,0
2026/7/16,0:8:50,19.1,86.0,22.8,95.0,20.6,84.5,1023,0
2026/7/16,0:8:55,19.1,86.0,22.9,95.0,20.6,84.5,1021,0
2026/7/16,0:9:0,19.1,86.0,22.8,95.0,20.6,84.5,1023,0
2026/7/16,0:9:5,19.0,86.0,22.9,95.0,20.7,84.5,1022,0
2026/7/16,0:9:10,19.1,86.0,22.9,95.0,20.7,84.6,1021,0
2026/7/16,0:9:15,19.1,86.0,22.9,95.0,20.7,84.5,1023,0
2026/7/16,0:9:20,19.1,86.0,22.9,95.0,20.6,84.6,1021,0
2026/7/16,0:9:25,19.1,86.0,22.9,95.0,20.7,84.6,1023,0
2026/7/16,0:9:30,19.1,86.0,22.8,95.0,20.6,84.6,1023,0
2026/7/16,0:9:35,19.1,86.0,22.8,95.0,20.6,84.6,1022,0
2026/7/16,0:9:40,19.1,86.0,22.9,95.0,20.7,84.6,1021,0
2026/7/16,0:9:45,19.1,86.0,22.9,95.0,20.6,84.7,1023,0
2026/7/16,0:9:50,19.1,86.0,22.8,95.0,20.6,84.7,1023,0
2026/7/16,0:9:55,19.1,86.0,22.9,95.0,20.6,84.5,1022,0
2026/7/16,0:10:0,19.1,86.0,22.8,95.0,20.6,84.5,1019,0
2026/7/16,0:10:5,19.1,86.0,22.8,95.0,20.6,84.5,1023,0
2026/7/16,0:10:10,19.1,86.0,22.9,95.0,20.6,84.4,1023,0
2026/7/16,0:10:15,19.1,86.0,22.9,95.0,20.6,84.4,1019,0
2026/7/16,0:10:20,19.1,86.0,22.9,95.0,20.6,84.4,1023,0
2026/7/16,0:10:25,19.1,86.0,22.8,95.0,20.6,84.3,1019,0
2026/7/16,0:10:30,19.1,87.0,22.8,95.0,20.6,84.3,1021,0
2026/7/16,0:10:35,19.1,87.0,22.9,95.0,20.6,84.4,1023,0
2026/7/16,0:10:40,19.1,87.0,22.8,95.0,20.6,84.4,1023,0
2026/7/16,0:10:45,19.1,87.0,22.8,95.0,20.6,84.4,1022,0
2026/7/16,0:10:50,19.1,86.0,22.9,95.0,20.6,84.3,1021,0
2026/7/16,0:10:55,19.1,86.0,22.9,95.0,20.6,84.3,1022,0
2026/7/16,0:11:0,19.1,86.0,22.8,95.0,20.6,84.3,1023,0
2026/7/16,0:11:5,19.1,86.0,22.8,95.0,20.6,84.3,1019,0
2026/7/16,0:11:10,19.1,86.0,22.9,95.0,20.6,84.3,1019,0
2026/7/16,0:11:15,19.0,86.0,22.9,95.0,20.6,84.2,1021,0
2026/7/16,0:11:20,19.1,86.0,22.7,95.0,20.6,84.2,1019,0
2026/7/16,0:11:25,19.1,86.0,22.9,95.0,20.6,84.2,1019,0
2026/7/16,0:11:30,19.1,86.0,22.9,95.0,20.6,84.2,1021,0
2026/7/16,0:11:35,19.1,86.0,22.8,95.0,20.6,84.2,1023,0
2026/7/16,0:11:40,19.1,86.0,22.8,95.0,20.6,84.2,1022,0
2026/7/16,0:11:45,19.1,86.0,22.9,95.0,20.6,84.2,1019,0
2026/7/16,0:11:50,19.1,86.0,22.8,95.0,20.6,84.2,1021,0
2026/7/16,0:11:55,19.1,86.0,22.9,95.0,20.6,84.0,1021,0
2026/7/16,0:12:0,19.1,85.0,22.8,95.0,20.6,84.0,1021,0
2026/7/16,0:12:5,19.1,85.0,22.8,95.0,20.6,84.0,1023,0
2026/7/16,0:12:11,19.1,83.0,22.9,95.0,20.6,83.9,1021,0
2026/7/16,0:12:16,19.1,82.0,22.8,95.0,20.6,83.9,1023,0
2026/7/16,0:12:21,19.1,81.0,22.9,95.0,20.6,83.8,1023,0
2026/7/16,0:12:26,19.1,82.0,22.8,95.0,20.6,83.6,1021,0
2026/7/16,0:12:31,19.1,82.0,22.9,95.0,20.6,83.4,1021,0
2026/7/16,0:12:36,19.1,82.0,22.8,95.0,20.6,83.3,1019,0
2026/7/16,0:12:41,19.0,82.0,22.8,95.0,20.6,83.2,1023,0
2026/7/16,0:12:46,19.1,82.0,22.9,95.0,20.6,83.3,1019,0
2026/7/16,0:12:51,19.0,82.0,22.7,95.0,20.5,83.3,1019,0
2026/7/16,0:12:56,19.1,82.0,22.8,95.0,20.6,83.3,1023,0
2026/7/16,0:13:1,19.1,83.0,22.9,95.0,20.6,83.3,1023,0
2026/7/16,0:13:6,19.1,84.0,22.9,95.0,20.6,83.4,1023,0
2026/7/16,0:13:11,19.1,84.0,22.7,95.0,20.6,83.5,1022,0
2026/7/16,0:13:16,19.1,85.0,22.8,95.0,20.6,83.6,1019,0
2026/7/16,0:13:21,19.1,85.0,22.8,95.0,20.6,83.6,1019,0
2026/7/16,0:13:26,19.1,85.0,22.9,95.0,20.6,83.8,1019,0
2026/7/16,0:13:31,19.1,85.0,22.9,95.0,20.6,83.7,1019,0
2026/7/16,0:13:36,19.1,85.0,22.8,95.0,20.6,83.7,1019,0
2026/7/16,0:13:41,19.1,85.0,22.9,95.0,20.6,83.8,1021,0
2026/7/16,0:13:46,19.1,85.0,22.8,95.0,20.6,83.9,1023,0
2026/7/16,0:13:51,19.1,85.0,22.8,95.0,20.6,83.9,1019,0
2026/7/16,0:13:56,19.1,85.0,22.7,95.0,20.6,83.9,1023,0
2026/7/16,0:14:1,19.1,85.0,22.8,95.0,20.6,83.9,1021,0
2026/7/16,0:14:6,19.1,84.0,22.9,95.0,20.6,83.9,1023,0
2026/7/16,0:14:11,19.0,84.0,22.7,95.0,20.6,83.9,1023,0
2026/7/16,0:14:16,19.2,83.0,22.8,95.0,20.6,84.0,1021,0
2026/7/16,0:14:21,19.1,80.0,22.9,95.0,20.6,83.9,1023,0
2026/7/16,0:14:26,19.1,78.0,22.7,95.0,20.6,83.8,1022,0
2026/7/16,0:14:31,19.1,77.0,22.8,95.0,20.6,83.4,1019,0
2026/7/16,0:14:36,19.1,76.0,22.8,95.0,20.6,82.6,1019,0
2026/7/16,0:14:41,19.3,77.0,22.8,95.0,20.6,82.3,1023,0
2026/7/16,0:14:46,19.1,77.0,22.7,95.0,20.6,82.1,1023,0
2026/7/16,0:14:51,19.2,78.0,22.7,95.0,20.6,82.0,1023,0
2026/7/16,0:14:56,19.2,79.0,22.8,95.0,20.6,82.0,1023,0
2026/7/16,0:15:1,19.3,80.0,22.8,95.0,20.6,81.9,1023,0
2026/7/16,0:15:6,19.2,80.0,22.7,95.0,20.7,82.1,1023,0
2026/7/16,0:15:11,19.1,80.0,22.7,95.0,20.7,82.1,1022,0
2026/7/16,0:15:16,19.4,81.0,22.7,95.0,20.7,82.1,1023,0
2026/7/16,0:15:21,19.3,81.0,22.8,95.0,20.6,82.1,1019,0
2026/7/16,0:15:26,19.5,81.0,22.7,95.0,20.6,82.1,1022,0
2026/7/16,0:15:31,19.1,81.0,22.7,95.0,20.7,82.2,1023,0
2026/7/16,0:15:36,19.5,81.0,22.9,95.0,20.7,82.3,1023,0
2026/7/16,0:15:41,19.5,81.0,22.8,95.0,20.7,82.3,1023,0
2026/7/16,0:15:46,19.6,81.0,22.7,95.0,20.7,82.3,1023,0
2026/7/16,0:15:51,19.5,81.0,22.8,95.0,20.7,82.3,1022,0
2026/7/16,0:15:56,19.4,81.0,22.8,95.0,20.7,82.4,1019,0
2026/7/16,0:16:1,19.3,81.0,22.8,95.0,20.7,82.4,1021,0
2026/7/16,0:16:6,19.3,80.0,22.8,95.0,20.7,82.4,1019,0
2026/7/16,0:16:11,19.6,79.0,22.7,95.0,20.7,82.4,1021,0
2026/7/16,0:16:16,19.6,76.0,22.7,95.0,20.7,82.3,1023,0
2026/7/16,0:16:21,19.2,76.0,22.8,95.0,20.7,82.2,1023,0
2026/7/16,0:16:26,19.5,76.0,22.8,95.0,20.7,82.1,1023,0
2026/7/16,0:16:31,19.7,76.0,22.8,95.0,20.7,82.1,1021,0
2026/7/16,0:16:36,19.2,76.0,22.7,95.0,20.7,82.0,1021,0
2026/7/16,0:16:41,19.6,76.0,22.9,95.0,20.7,82.0,1023,0
2026/7/16,0:16:46,19.7,77.0,22.7,95.0,20.7,81.9,1023,0
2026/7/16,0:16:51,19.7,77.0,22.8,95.0,20.7,81.9,1023,0
2026/7/16,0:16:56,19.6,78.0,22.7,95.0,20.7,81.9,1022,0
2026/7/16,0:17:1,19.5,78.0,22.7,95.0,20.7,81.9,1021,0
2026/7/16,0:17:6,19.7,79.0,22.8,95.0,20.7,82.1,1019,0
2026/7/16,0:17:11,19.7,79.0,22.7,95.0,20.7,82.2,1023,0
2026/7/16,0:17:16,19.7,79.0,22.7,95.0,20.7,82.1,1021,0
2026/7/16,0:17:21,19.7,79.0,22.8,95.0,20.8,82.0,1023,0
2026/7/16,0:17:26,19.6,79.0,22.7,95.0,20.8,82.0,1021,0
2026/7/16,0:17:31,19.2,78.0,22.8,95.0,20.7,82.0,1021,0
2026/7/16,0:17:36,19.7,77.0,22.7,95.0,20.8,81.9,1022,0
2026/7/16,0:17:41,19.6,76.0,22.7,95.0,20.8,81.9,1023,0
2026/7/16,0:17:46,19.2,76.0,22.7,95.0,20.8,81.8,1022,0
2026/7/16,0:17:51,19.7,76.0,22.7,95.0,20.8,81.8,1023,0
2026/7/16,0:17:56,19.7,77.0,22.7,95.0,20.8,81.8,1023,0
2026/7/16,0:18:1,19.3,77.0,22.8,95.0,20.8,81.7,1023,0
2026/7/16,0:18:6,19.7,77.0,22.8,95.0,20.8,81.7,1019,0
2026/7/16,0:18:11,19.7,77.0,22.8,95.0,20.8,81.6,1023,0
2026/7/16,0:18:16,19.7,77.0,22.7,95.0,20.8,81.7,1021,0
2026/7/16,0:18:21,19.7,77.0,22.7,95.0,20.8,81.6,1022,0
2026/7/16,0:18:26,19.7,77.0,22.8,95.0,20.8,81.6,1019,0
2026/7/16,0:18:31,19.7,77.0,22.8,95.0,20.8,81.7,1023,0
2026/7/16,0:18:36,19.7,77.0,22.7,95.0,20.8,81.6,1022,0
2026/7/16,0:18:41,19.7,77.0,22.8,95.0,20.8,81.6,1023,0
2026/7/16,0:18:46,19.7,77.0,22.7,95.0,20.8,81.6,1023,0
2026/7/16,0:18:51,19.7,77.0,22.8,95.0,20.8,81.6,1023,0
2026/7/16,0:18:56,19.8,77.0,22.7,95.0,20.8,81.5,1023,0
2026/7/16,0:19:1,19.7,77.0,22.7,95.0,20.8,81.5,1023,0
2026/7/16,0:19:6,19.7,77.0,22.8,95.0,20.8,81.5,1019,0
2026/7/16,0:19:11,19.8,77.0,22.8,95.0,20.8,81.5,1019,0
2026/7/16,0:19:16,19.8,77.0,22.7,95.0,20.8,81.4,1019,0
2026/7/16,0:19:21,19.7,77.0,22.7,95.0,20.8,81.4,1019,0
2026/7/16,0:19:26,19.7,77.0,22.7,95.0,20.8,81.4,1022,0
2026/7/16,0:19:31,19.8,77.0,22.8,95.0,20.8,81.4,1022,0
2026/7/16,0:19:36,19.7,77.0,22.7,95.0,20.8,81.4,1021,0
2026/7/16,0:19:41,19.6,77.0,22.8,95.0,20.8,81.4,1023,0
2026/7/16,0:19:46,19.8,77.0,22.8,95.0,20.8,81.4,1021,0
2026/7/16,0:19:51,19.5,77.0,22.8,95.0,20.8,81.4,1022,0
2026/7/16,0:19:56,19.8,77.0,22.7,95.0,20.8,81.4,1023,0
2026/7/16,0:20:1,19.7,78.0,22.7,95.0,20.8,81.4,1019,0
2026/7/16,0:20:6,19.8,78.0,22.8,95.0,20.8,81.5,1023,0
2026/7/16,0:20:11,19.7,78.0,22.7,95.0,20.8,81.5,1019,0
2026/7/16,0:20:16,19.7,78.0,22.8,95.0,20.8,81.5,1023,0
2026/7/16,0:20:21,19.7,78.0,22.8,95.0,20.8,81.5,1023,0
2026/7/16,0:20:26,19.7,79.0,22.8,95.0,20.8,81.5,1019,0
2026/7/16,0:20:31,19.7,79.0,22.8,95.0,20.8,81.5,1022,0
2026/7/16,0:20:36,19.8,79.0,22.7,95.0,20.8,81.6,1023,0
2026/7/16,0:20:41,19.8,79.0,22.8,95.0,20.8,81.6,1022,0
2026/7/16,0:20:46,19.7,78.0,22.8,95.0,20.8,81.6,1022,0
2026/7/16,0:20:51,19.7,78.0,22.7,95.0,20.8,81.6,1019,0
2026/7/16,0:20:56,19.8,78.0,22.8,95.0,20.9,81.6,1023,0
2026/7/16,0:21:1,19.7,78.0,22.8,95.0,20.9,81.6,1023,0
2026/7/16,0:21:6,19.5,78.0,22.7,95.0,20.8,81.6,1022,0
2026/7/16,0:21:11,19.7,78.0,22.7,95.0,20.8,81.7,1021,0
2026/7/16,0:21:16,19.7,78.0,22.7,95.0,20.8,81.7,1022,0
2026/7/16,0:21:21,19.5,78.0,22.7,95.0,20.8,81.7,1021,0
2026/7/16,0:21:26,19.7,78.0,22.8,95.0,20.8,81.5,1019,0
2026/7/16,0:21:31,19.7,78.0,22.7,95.0,20.8,81.5,1019,0
2026/7/16,0:21:36,19.7,78.0,22.7,95.0,20.8,81.5,1021,0
2026/7/16,0:21:41,19.7,78.0,22.9,95.0,20.8,81.5,1022,0
2026/7/16,0:21:46,19.7,78.0,22.8,95.0,20.8,81.5,1023,0
2026/7/16,0:21:51,19.7,78.0,22.8,95.0,20.8,81.5,1021,0
2026/7/16,0:21:56,19.5,79.0,22.7,95.0,20.8,81.6,1022,0
2026/7/16,0:22:1,19.2,79.0,22.7,95.0,20.8,81.6,1019,0
2026/7/16,0:22:6,19.7,79.0,22.7,95.0,20.8,81.5,1023,0
2026/7/16,0:22:11,19.4,79.0,22.7,95.0,20.8,81.5,1023,0
2026/7/16,0:22:16,19.7,79.0,22.7,95.0,20.8,81.5,1023,0
2026/7/16,0:22:21,19.7,79.0,22.8,95.0,20.8,81.6,1023,0
2026/7/16,0:22:26,19.7,79.0,22.7,95.0,20.8,81.5,1019,0
2026/7/16,0:22:31,19.4,79.0,22.9,95.0,20.8,81.5,1023,0
2026/7/16,0:22:36,19.6,79.0,22.7,95.0,20.8,81.5,1019,0
2026/7/16,0:22:41,19.6,79.0,22.9,95.0,20.8,81.5,1019,0
2026/7/16,0:22:46,19.6,79.0,22.8,95.0,20.8,81.6,1019,0
2026/7/16,0:22:51,19.7,79.0,22.8,95.0,20.8,81.6,1022,0
2026/7/16,0:22:56,19.6,79.0,22.7,95.0,20.8,81.7,1022,0
2026/7/16,0:23:1,19.6,79.0,22.7,95.0,20.8,81.7,1022,0
2026/7/16,0:23:7,19.5,79.0,22.8,95.0,20.8,81.7,1019,0
2026/7/16,0:23:12,19.4,79.0,22.7,95.0,20.8,81.7,1023,0
2026/7/16,0:23:17,19.4,79.0,22.7,95.0,20.8,81.8,1021,0
2026/7/16,0:23:22,19.5,79.0,22.8,95.0,20.8,81.7,1022,0
2026/7/16,0:23:27,19.7,79.0,22.7,95.0,20.8,81.8,1022,0
2026/7/16,0:23:32,19.5,79.0,22.8,95.0,20.8,81.8,1019,0
2026/7/16,0:23:37,19.2,79.0,22.8,95.0,20.8,81.8,1023,0
2026/7/16,0:23:42,19.4,79.0,22.8,95.0,20.8,81.7,1023,0
2026/7/16,0:23:47,19.5,79.0,22.9,95.0,20.8,81.8,1022,0
2026/7/16,0:23:52,19.3,79.0,22.7,95.0,20.8,81.7,1023,0
2026/7/16,0:23:57,19.5,79.0,22.8,95.0,20.8,81.8,1019,0
2026/7/16,0:24:2,19.3,80.0,22.8,95.0,20.8,81.8,1023,0
2026/7/16,0:24:7,19.2,80.0,22.8,95.0,20.8,81.8,1023,0
2026/7/16,0:24:12,19.4,79.0,22.7,95.0,20.8,81.8,1023,0
2026/7/16,0:24:17,19.1,79.0,22.7,95.0,20.8,81.9,1021,0
2026/7/16,0:24:22,19.3,79.0,22.8,95.0,20.8,81.8,1023,0
2026/7/16,0:24:27,19.3,79.0,22.8,95.0,20.8,81.8,1023,0
2026/7/16,0:24:32,19.5,79.0,22.7,95.0,20.8,81.8,1019,0
2026/7/16,0:24:37,19.1,79.0,22.7,95.0,20.8,81.8,1023,0
2026/7/16,0:24:42,19.3,79.0,22.8,95.0,20.8,81.8,1019,0
2026/7/16,0:24:47,19.2,79.0,22.7,95.0,20.8,81.8,1021,0
2026/7/16,0:24:52,19.4,79.0,22.8,95.0,20.8,81.8,1022,0
2026/7/16,0:24:57,19.3,79.0,22.7,95.0,20.8,81.6,1021,0
2026/7/16,0:25:2,19.4,79.0,22.8,95.0,20.8,81.6,1023,0
2026/7/16,0:25:7,19.3,78.0,22.7,95.0,20.8,81.6,1021,0
2026/7/16,0:25:12,19.3,77.0,22.7,95.0,20.8,81.5,1023,0
2026/7/16,0:25:17,19.5,76.0,22.7,95.0,20.8,81.6,1019,0
2026/7/16,0:25:22,19.1,77.0,22.7,95.0,20.8,81.5,1023,0
2026/7/16,0:25:27,19.4,77.0,22.7,95.0,20.8,81.5,1023,0
2026/7/16,0:25:32,19.4,77.0,22.7,95.0,20.8,81.5,1019,0
2026/7/16,0:25:37,19.4,77.0,22.8,95.0,20.8,81.4,1019,0
2026/7/16,0:25:42,19.4,77.0,22.8,95.0,20.8,81.4,1022,0
2026/7/16,0:25:47,19.3,77.0,22.9,95.0,20.8,81.3,1022,0
2026/7/16,0:25:52,19.3,77.0,22.8,95.0,20.8,80.9,1019,0
2026/7/16,0:25:57,19.4,77.0,22.8,95.0,20.8,80.6,1022,0
2026/7/16,0:26:2,19.6,76.0,22.8,95.0,20.8,80.5,1019,0
2026/7/16,0:26:7,19.2,76.0,22.7,95.0,20.8,80.5,1023,0
2026/7/16,0:26:12,19.6,76.0,22.7,95.0,20.8,80.4,1019,0
2026/7/16,0:26:17,19.4,76.0,22.7,95.0,20.8,80.5,1019,0
2026/7/16,0:26:22,19.3,77.0,22.7,95.0,20.8,80.5,1022,0
2026/7/16,0:26:27,19.6,77.0,22.7,95.0,20.8,80.5,1019,0
2026/7/16,0:26:32,19.6,77.0,22.7,95.0,20.8,80.5,1023,0
2026/7/16,0:26:37,19.3,77.0,22.8,95.0,20.8,80.5,1019,0
2026/7/16,0:26:42,19.5,77.0,22.8,95.0,20.8,80.5,1023,0
2026/7/16,0:26:47,19.2,77.0,22.7,95.0,20.8,80.5,1023,0
2026/7/16,0:26:52,19.6,77.0,22.7,95.0,20.8,80.5,1021,0
2026/7/16,0:26:57,19.7,77.0,22.7,95.0,20.8,80.5,1019,0
2026/7/16,0:27:2,19.4,77.0,22.6,95.0,20.8,80.6,1023,0
2026/7/16,0:27:7,19.4,77.0,22.7,95.0,20.8,80.5,1023,0
2026/7/16,0:27:12,19.2,77.0,22.8,95.0,20.8,80.5,1021,0
2026/7/16,0:27:17,19.4,77.0,22.7,95.0,20.8,80.6,1023,0
2026/7/16,0:27:22,19.5,78.0,22.7,95.0,20.8,80.6,1023,0
2026/7/16,0:27:27,19.7,77.0,22.8,95.0,20.8,80.6,1019,0
2026/7/16,0:27:32,19.5,76.0,22.7,95.0,20.8,80.5,1022,0
2026/7/16,0:27:37,19.7,76.0,22.7,95.0,20.8,80.5,1019,0
2026/7/16,0:27:42,19.7,76.0,22.7,95.0,20.8,80.5,1022,0
2026/7/16,0:27:47,19.7,76.0,22.7,95.0,20.8,80.7,1023,0
2026/7/16,0:27:52,19.6,77.0,22.7,95.0,20.8,80.8,1019,0
2026/7/16,0:27:57,19.6,77.0,22.8,95.0,20.8,80.8,1023,0
2026/7/16,0:28:2,19.2,77.0,22.7,95.0,20.8,80.8,1023,0
2026/7/16,0:28:7,19.7,77.0,22.8,95.0,20.8,80.9,1019,0
2026/7/16,0:28:12,19.7,77.0,22.8,95.0,20.8,80.9,1023,0
2026/7/16,0:28:17,19.7,78.0,22.7,95.0,20.8,80.9,1021,0
2026/7/16,0:28:22,19.7,77.0,22.7,95.0,20.8,80.9,1023,0
2026/7/16,0:28:27,19.2,77.0,22.7,95.0,20.8,80.9,1021,0
2026/7/16,0:28:32,19.7,77.0,22.8,95.0,20.8,80.8,1019,0
2026/7/16,0:28:37,19.7,77.0,22.7,95.0,20.8,80.9,1023,0
2026/7/16,0:28:42,19.6,78.0,22.7,95.0,20.8,80.9,1021,0
2026/7/16,0:28:47,19.7,78.0,22.7,95.0,20.8,80.9,1021,0
2026/7/16,0:28:52,19.2,78.0,22.7,95.0,20.8,80.9,1023,0
2026/7/16,0:28:57,19.7,78.0,22.7,95.0,20.8,81.0,1019,0
2026/7/16,0:29:2,19.7,78.0,22.7,95.0,20.8,80.9,1021,0
2026/7/16,0:29:7,19.5,78.0,22.7,95.0,20.8,80.8,1022,0
2026/7/16,0:29:12,19.6,78.0,22.6,95.0,20.8,80.8,1022,0
2026/7/16,0:29:17,19.7,78.0,22.7,95.0,20.8,80.8,1021,0
2026/7/16,0:29:22,19.7,77.0,22.7,95.0,20.8,80.8,1023,0
2026/7/16,0:29:27,19.5,77.0,22.7,95.0,20.8,80.8,1021,0
2026/7/16,0:29:32,19.7,77.0,22.7,95.0,20.8,80.8,1022,0
2026/7/16,0:29:37,19.6,78.0,22.7,95.0,20.8,80.7,1023,0
2026/7/16,0:29:42,19.7,77.0,22.7,95.0,20.8,80.7,1019,0
2026/7/16,0:29:47,19.7,78.0,22.7,95.0,20.8,80.5,1019,0
2026/7/16,0:29:52,19.6,77.0,22.8,95.0,20.8,80.5,1019,0
2026/7/16,0:29:57,19.2,77.0,22.7,95.0,20.8,80.4,1019,0
2026/7/16,0:30:2,19.6,77.0,22.7,95.0,20.8,80.4,1019,0
2026/7/16,0:30:7,19.6,77.0,22.7,95.0,20.8,80.5,1019,0
2026/7/16,0:30:12,19.6,78.0,22.7,95.0,20.8,80.6,1019,0
2026/7/16,0:30:17,19.6,78.0,22.7,95.0,20.8,80.6,1023,0
2026/7/16,0:30:22,19.7,77.0,22.8,95.0,20.8,80.7,1021,0
2026/7/16,0:30:27,19.6,77.0,22.7,95.0,20.8,80.7,1023,0
2026/7/16,0:30:32,19.6,77.0,22.7,95.0,20.8,80.8,1019,0
2026/7/16,0:30:37,19.6,77.0,22.7,95.0,20.8,80.8,1022,0
2026/7/16,0:30:42,19.7,77.0,22.7,95.0,20.8,80.8,1021,0
2026/7/16,0:30:47,19.6,77.0,22.7,95.0,20.8,80.9,1022,0
2026/7/16,0:30:52,19.6,77.0,22.7,95.0,20.8,80.8,1022,0
2026/7/16,0:30:57,19.5,77.0,22.7,95.0,20.8,80.8,1021,0
2026/7/16,0:31:2,19.6,77.0,22.7,95.0,20.8,80.9,1023,0
2026/7/16,0:31:7,19.2,77.0,22.7,95.0,20.8,80.7,1023,0
2026/7/16,0:31:12,19.7,77.0,22.8,95.0,20.8,80.4,1023,0
2026/7/16,0:31:17,19.2,77.0,22.7,95.0,20.8,80.3,1023,0
2026/7/16,0:31:22,19.6,77.0,22.7,95.0,20.8,80.3,1019,0
2026/7/16,0:31:27,19.6,77.0,22.7,95.0,20.8,80.3,1022,0
2026/7/16,0:31:32,19.7,77.0,22.7,95.0,20.8,80.3,1022,0
2026/7/16,0:31:37,19.1,77.0,22.8,95.0,20.8,80.4,1019,0
2026/7/16,0:31:42,19.7,77.0,22.8,95.0,20.8,80.4,1022,0
2026/7/16,0:31:47,19.7,77.0,22.8,95.0,20.8,80.4,1019,0
2026/7/16,0:31:52,19.6,77.0,22.7,95.0,20.8,80.5,1022,0
2026/7/16,0:31:57,19.6,77.0,22.8,95.0,20.8,80.5,1021,0
2026/7/16,0:32:2,19.2,78.0,22.7,95.0,20.8,80.5,1019,0
2026/7/16,0:32:7,19.7,78.0,22.7,95.0,20.8,80.6,1021,0
2026/7/16,0:32:12,19.6,78.0,22.7,95.0,20.8,80.6,1023,0
2026/7/16,0:32:17,19.2,79.0,22.7,95.0,20.8,80.6,1021,0
2026/7/16,0:32:22,19.4,79.0,22.7,95.0,20.8,80.7,1023,0
2026/7/16,0:32:27,19.7,79.0,22.7,95.0,20.8,80.7,1021,0
2026/7/16,0:32:32,19.6,79.0,22.7,95.0,20.8,80.7,1019,0
2026/7/16,0:32:37,19.2,79.0,22.7,95.0,20.8,80.8,1021,0
2026/7/16,0:32:42,19.2,79.0,22.7,95.0,20.8,80.8,1022,0
2026/7/16,0:32:47,19.6,79.0,22.7,95.0,20.8,80.8,1021,0
2026/7/16,0:32:52,19.6,78.0,22.7,95.0,20.8,80.8,1023,0
2026/7/16,0:32:57,19.6,78.0,22.7,95.0,20.8,80.8,1023,0
2026/7/16,0:33:2,19.2,77.0,22.7,95.0,20.8,80.8,1021,0
2026/7/16,0:33:7,19.6,76.0,22.8,95.0,20.8,80.5,1021,0
2026/7/16,0:33:12,19.6,75.0,22.7,95.0,20.8,80.1,1023,0
2026/7/16,0:33:17,19.6,75.0,22.7,95.0,20.8,80.0,1021,0
2026/7/16,0:33:22,19.2,76.0,22.8,95.0,20.8,79.9,1023,0
2026/7/16,0:33:27,19.6,76.0,22.7,95.0,20.8,79.9,1022,0
2026/7/16,0:33:32,19.6,76.0,22.8,95.0,20.9,80.1,1021,0
2026/7/16,0:33:38,19.5,76.0,22.7,95.0,20.8,80.1,1021,0
2026/7/16,0:33:43,19.7,76.0,22.8,95.0,20.8,80.0,1019,0
2026/7/16,0:33:48,19.2,76.0,22.7,95.0,20.8,80.0,1022,0
2026/7/16,0:33:53,19.2,76.0,22.8,95.0,20.8,79.6,1022,0
2026/7/16,0:33:58,19.6,74.0,22.7,95.0,20.8,78.9,1023,0
2026/7/16,0:34:3,19.6,73.0,22.7,95.0,20.8,78.3,1023,0
2026/7/16,0:34:8,19.7,72.0,22.7,95.0,20.8,77.9,1019,0
2026/7/16,0:34:13,19.7,72.0,22.7,95.0,20.8,77.7,1022,0
2026/7/16,0:34:18,19.7,73.0,22.7,95.0,20.8,77.7,1023,0
2026/7/16,0:34:23,19.7,74.0,22.7,95.0,20.9,77.7,1023,0
2026/7/16,0:34:28,19.7,75.0,22.7,95.0,20.9,77.8,1021,0
2026/7/16,0:34:33,19.6,75.0,22.8,95.0,20.9,77.9,1023,0
2026/7/16,0:34:38,19.7,76.0,22.7,95.0,20.9,77.9,1022,0
2026/7/16,0:34:43,19.7,75.0,22.7,95.0,20.9,78.0,1019,0
2026/7/16,0:34:48,19.7,76.0,22.7,95.0,20.9,78.1,1023,0
2026/7/16,0:34:53,19.7,76.0,22.7,95.0,20.9,78.3,1019,0
2026/7/16,0:34:58,19.6,76.0,22.7,95.0,20.9,78.3,1022,0
2026/7/16,0:35:3,19.7,76.0,22.7,95.0,20.9,78.4,1019,0
2026/7/16,0:35:8,19.7,76.0,22.7,95.0,20.9,78.4,1023,0
2026/7/16,0:35:13,19.7,76.0,22.7,95.0,20.9,78.5,1023,0
2026/7/16,0:35:18,19.7,77.0,22.7,95.0,20.9,78.6,1021,0
2026/7/16,0:35:23,19.7,77.0,22.7,95.0,20.9,78.6,1019,0
2026/7/16,0:35:28,19.7,77.0,22.7,95.0,20.9,78.9,1023,0
2026/7/16,0:35:33,19.7,77.0,22.7,95.0,20.9,78.9,1023,0
2026/7/16,0:35:38,19.8,77.0,22.7,95.0,20.9,79.1,1023,0
2026/7/16,0:35:43,19.6,77.0,22.7,95.0,20.9,79.0,1023,0
2026/7/16,0:35:48,19.8,77.0,22.7,95.0,20.9,79.0,1021,0
2026/7/16,0:35:53,19.5,77.0,22.7,95.0,20.9,79.1,1019,0
2026/7/16,0:35:58,19.8,77.0,22.7,95.0,20.9,79.1,1023,0
2026/7/16,0:36:3,19.7,77.0,22.7,95.0,20.9,79.2,1023,0
2026/7/16,0:36:8,19.5,77.0,22.7,95.0,20.9,79.2,1021,0
2026/7/16,0:36:13,19.7,76.0,22.7,95.0,20.9,79.2,1021,0
2026/7/16,0:36:18,19.7,77.0,22.7,95.0,20.9,79.2,1023,0
2026/7/16,0:36:23,19.5,77.0,22.7,95.0,20.9,79.2,1023,0
2026/7/16,0:36:28,19.4,77.0,22.7,95.0,20.9,79.3,1023,0
2026/7/16,0:36:33,19.7,77.0,22.7,95.0,20.9,79.3,1023,0
2026/7/16,0:36:38,19.8,77.0,22.7,95.0,20.9,79.3,1023,0
2026/7/16,0:36:43,19.2,77.0,22.7,95.0,20.9,79.4,1023,0
2026/7/16,0:36:48,19.7,77.0,22.8,95.0,20.9,79.4,1022,0
2026/7/16,0:36:53,19.2,78.0,22.7,95.0,20.9,79.4,1023,0
2026/7/16,0:36:58,19.7,78.0,22.7,95.0,20.9,79.5,1023,0
2026/7/16,0:37:3,19.5,78.0,22.7,95.0,20.9,79.5,1022,0
2026/7/16,0:37:8,19.8,78.0,22.7,95.0,20.9,79.5,1021,0
2026/7/16,0:37:13,19.7,78.0,22.8,95.0,20.9,79.5,1019,0
2026/7/16,0:37:18,19.7,78.0,22.8,95.0,20.9,79.6,1023,0
2026/7/16,0:37:23,19.7,78.0,22.8,95.0,20.9,79.5,1023,0
2026/7/16,0:37:28,19.7,78.0,22.7,95.0,20.9,79.6,1023,0
2026/7/16,0:37:33,19.7,78.0,22.7,95.0,20.9,79.6,1023,0
2026/7/16,0:37:38,19.7,78.0,22.8,95.0,20.9,79.6,1022,0
2026/7/16,0:37:43,19.2,78.0,22.7,95.0,20.9,79.6,1022,0
2026/7/16,0:37:48,19.7,78.0,22.7,95.0,20.9,79.6,1022,0
2026/7/16,0:37:53,19.6,78.0,22.8,95.0,20.9,79.7,1023,0
2026/7/16,0:37:58,19.7,78.0,22.7,95.0,20.9,79.7,1022,0
2026/7/16,0:38:3,19.6,78.0,22.8,95.0,20.9,79.7,1022,0
2026/7/16,0:38:8,19.7,78.0,22.7,95.0,20.9,79.8,1021,0
2026/7/16,0:38:13,19.7,78.0,22.7,95.0,20.9,79.8,1021,0
2026/7/16,0:38:18,19.5,78.0,22.8,95.0,20.9,79.8,1022,0
2026/7/16,0:38:23,19.7,78.0,22.7,95.0,20.9,79.9,1023,0
2026/7/16,0:38:28,19.5,78.0,22.8,95.0,20.9,79.9,1023,0
2026/7/16,0:38:33,19.6,78.0,22.6,95.0,20.9,79.8,1023,0
2026/7/16,0:38:38,19.6,78.0,22.7,95.0,20.9,79.9,1021,0
2026/7/16,0:38:43,19.6,78.0,22.7,95.0,20.9,80.0,1019,0
2026/7/16,0:38:48,19.1,79.0,22.7,95.0,20.9,80.0,1019,0
2026/7/16,0:38:53,19.6,78.0,22.7,95.0,20.9,80.0,1019,0
2026/7/16,0:38:58,19.5,79.0,22.7,95.0,20.9,80.1,1023,0
2026/7/16,0:39:3,19.4,79.0,22.7,95.0,20.9,80.1,1019,0
2026/7/16,0:39:8,19.4,79.0,22.7,95.0,20.9,80.2,1022,0
2026/7/16,0:39:13,19.2,79.0,22.7,95.0,20.9,80.1,1023,0
2026/7/16,0:39:18,19.5,79.0,22.7,95.0,20.9,80.2,1023,0
2026/7/16,0:39:23,19.4,79.0,22.8,95.0,20.9,80.2,1021,0
2026/7/16,0:39:28,19.6,79.0,22.7,95.0,20.9,80.3,1022,0
2026/7/16,0:39:33,19.4,79.0,22.7,95.0,20.9,80.3,1023,0
2026/7/16,0:39:38,19.3,79.0,22.7,95.0,20.9,80.3,1019,0
2026/7/16,0:39:43,19.5,79.0,22.8,95.0,20.9,80.3,1023,0
2026/7/16,0:39:48,19.1,79.0,22.7,95.0,20.9,80.4,1019,0
2026/7/16,0:39:53,19.4,79.0,22.7,95.0,20.9,80.4,1023,0
2026/7/16,0:39:58,19.4,79.0,22.7,95.0,20.9,80.4,1023,0
2026/7/16,0:40:3,19.4,79.0,22.7,95.0,20.9,80.4,1019,0
2026/7/16,0:40:8,19.3,79.0,22.7,95.0,20.9,80.4,1022,0
2026/7/16,0:40:13,19.4,79.0,22.7,95.0,20.9,80.5,1022,0
2026/7/16,0:40:18,19.3,79.0,22.7,95.0,20.9,80.5,1021,0
2026/7/16,0:40:23,19.2,79.0,22.7,95.0,20.9,80.5,1021,0
2026/7/16,0:40:28,19.3,79.0,22.7,95.0,20.9,80.5,1022,0
2026/7/16,0:40:33,19.4,79.0,22.8,95.0,20.9,80.5,1019,0
2026/7/16,0:40:38,19.4,79.0,22.7,95.0,20.9,80.6,1021,0
2026/7/16,0:40:43,19.3,79.0,22.7,95.0,20.9,80.6,1022,0
2026/7/16,0:40:48,19.2,79.0,22.7,95.0,20.9,80.6,1023,0
2026/7/16,0:40:53,19.4,79.0,22.7,95.0,20.9,80.7,1023,0
2026/7/16,0:40:58,19.2,79.0,22.6,95.0,20.9,80.6,1022,0
2026/7/16,0:41:3,19.2,79.0,22.7,95.0,20.9,80.5,1021,0
2026/7/16,0:41:8,19.2,79.0,22.7,95.0,20.9,80.5,1021,0
2026/7/16,0:41:13,19.2,79.0,22.7,95.0,20.9,80.5,1023,0
2026/7/16,0:41:18,19.1,79.0,22.7,95.0,20.9,80.5,1023,0
2026/7/16,0:41:23,19.2,78.0,22.8,95.0,20.9,80.5,1022,0
2026/7/16,0:41:28,19.3,79.0,22.7,95.0,20.9,80.5,1021,0
2026/7/16,0:41:33,19.2,78.0,22.7,95.0,20.9,80.6,1022,0
2026/7/16,0:41:38,19.2,79.0,22.7,95.0,20.9,80.6,1019,0
2026/7/16,0:41:43,19.2,79.0,22.8,95.0,20.9,80.6,1022,0
2026/7/16,0:41:48,19.4,79.0,22.7,95.0,20.9,80.7,1023,0
2026/7/16,0:41:53,19.2,79.0,22.7,95.0,20.9,80.6,1021,0
2026/7/16,0:41:58,19.2,79.0,22.8,95.0,20.9,80.7,1023,0
2026/7/16,0:42:3,19.1,79.0,22.7,95.0,20.9,80.7,1021,0
2026/7/16,0:42:8,19.2,79.0,22.7,95.0,20.9,80.7,1023,0
2026/7/16,0:42:13,19.2,79.0,22.8,95.0,20.9,80.7,1022,0
2026/7/16,0:42:18,19.1,80.0,22.7,95.0,20.9,80.8,1023,0
2026/7/16,0:42:23,19.1,80.0,22.7,95.0,20.9,80.8,1021,0
2026/7/16,0:42:28,19.2,80.0,22.7,95.0,20.9,80.8,1021,0
2026/7/16,0:42:33,19.2,80.0,22.7,95.0,20.9,80.8,1021,0
2026/7/16,0:42:38,19.2,80.0,22.7,95.0,20.9,80.9,1023,0
2026/7/16,0:42:43,19.1,80.0,22.7,95.0,20.9,80.9,1023,0
2026/7/16,0:42:48,19.1,80.0,22.7,95.0,20.9,80.9,1021,0
2026/7/16,0:42:53,19.2,80.0,22.7,95.0,20.9,80.9,1022,0
2026/7/16,0:42:58,19.2,80.0,22.7,95.0,20.8,80.9,1019,0
2026/7/16,0:43:3,19.2,80.0,22.7,95.0,20.8,80.9,1021,0
2026/7/16,0:43:8,19.1,80.0,22.8,95.0,20.9,80.9,1021,0
2026/7/16,0:43:13,19.2,80.0,22.7,95.0,20.9,81.0,1023,0
2026/7/16,0:43:18,19.1,80.0,22.8,95.0,20.8,81.0,1022,0
2026/7/16,0:43:23,19.1,81.0,22.7,95.0,20.9,80.9,1023,0
2026/7/16,0:43:28,19.1,81.0,22.7,95.0,20.9,80.9,1023,0
2026/7/16,0:43:33,19.2,81.0,22.7,95.0,20.8,81.0,1022,0
2026/7/16,0:43:38,19.2,82.0,22.7,95.0,20.8,81.0,1023,0
2026/7/16,0:43:43,19.1,82.0,22.7,95.0,20.8,81.0,1019,0
2026/7/16,0:43:48,19.1,82.0,22.7,95.0,20.8,81.0,1023,0
2026/7/16,0:43:53,19.1,82.0,22.7,95.0,20.9,81.1,1023,0
2026/7/16,0:43:58,19.2,82.0,22.7,95.0,20.9,81.1,1021,0
2026/7/16,0:44:4,19.1,82.0,22.7,95.0,20.8,81.1,1021,0
2026/7/16,0:44:9,19.0,82.0,22.7,95.0,20.9,81.1,1023,0
2026/7/16,0:44:14,19.1,82.0,22.6,95.0,20.9,81.1,1021,0
2026/7/16,0:44:19,19.1,82.0,22.8,95.0,20.8,81.2,1023,0
2026/7/16,0:44:24,19.1,82.0,22.7,95.0,20.8,81.2,1021,0
2026/7/16,0:44:29,19.2,81.0,22.7,95.0,20.8,81.2,1021,0
2026/7/16,0:44:34,19.0,81.0,22.7,95.0,20.8,81.2,1021,0
2026/7/16,0:44:39,19.1,81.0,22.7,95.0,20.8,81.2,1023,0
2026/7/16,0:44:44,19.1,81.0,22.6,95.0,20.8,81.2,1021,0
2026/7/16,0:44:49,19.1,81.0,22.7,95.0,20.8,81.2,1023,0
2026/7/16,0:44:54,19.1,81.0,22.7,95.0,20.8,81.2,1023,0
2026/7/16,0:44:59,19.1,81.0,22.8,95.0,20.8,81.2,1023,0
2026/7/16,0:45:4,19.2,81.0,22.8,95.0,20.8,81.2,1022,0
2026/7/16,0:45:9,19.1,81.0,22.7,95.0,20.8,81.2,1019,0
2026/7/16,0:45:14,19.1,81.0,22.7,95.0,20.8,81.3,1023,0
2026/7/16,0:45:19,19.1,81.0,22.7,95.0,20.8,81.3,1023,0
2026/7/16,0:45:24,19.1,81.0,22.8,95.0,20.8,81.3,1023,0
2026/7/16,0:45:29,19.1,81.0,22.7,95.0,20.8,81.3,1021,0
2026/7/16,0:45:34,19.1,81.0,22.7,95.0,20.8,81.4,1022,0
2026/7/16,0:45:39,19.1,81.0,22.7,95.0,20.8,81.4,1021,0
2026/7/16,0:45:44,19.1,81.0,22.7,95.0,20.8,81.4,1021,0
2026/7/16,0:45:49,19.1,81.0,22.8,95.0,20.8,81.4,1023,0
2026/7/16,0:45:54,19.1,81.0,22.7,95.0,20.8,81.4,1023,0
2026/7/16,0:45:59,19.1,81.0,22.8,95.0,20.8,81.4,1022,0
2026/7/16,0:46:4,19.0,80.0,22.7,95.0,20.8,81.4,1023,0
2026/7/16,0:46:9,19.1,81.0,22.7,95.0,20.8,81.3,1019,0
2026/7/16,0:46:14,19.1,81.0,22.7,95.0,20.8,81.4,1023,0
2026/7/16,0:46:19,19.1,81.0,22.7,95.0,20.8,81.3,1023,0
2026/7/16,0:46:24,19.1,81.0,22.7,95.0,20.8,81.3,1023,0
2026/7/16,0:46:29,19.1,81.0,22.8,95.0,20.8,81.3,1023,0
2026/7/16,0:46:34,19.1,81.0,22.7,95.0,20.8,81.4,1023,0
2026/7/16,0:46:39,19.1,81.0,22.8,95.0,20.8,81.3,1023,0
2026/7/16,0:46:44,19.1,81.0,22.7,95.0,20.8,81.4,1022,0
2026/7/16,0:46:49,19.0,81.0,22.7,95.0,20.8,81.4,1023,0
2026/7/16,0:46:54,19.0,81.0,22.7,95.0,20.8,81.4,1023,0
2026/7/16,0:46:59,19.1,81.0,22.8,95.0,20.8,81.4,1021,0
2026/7/16,0:47:4,19.1,81.0,22.7,95.0,20.8,81.4,1021,0
2026/7/16,0:47:9,19.0,82.0,22.7,95.0,20.8,81.4,1021,0
2026/7/16,0:47:14,19.0,82.0,22.7,95.0,20.8,81.4,1021,0
2026/7/16,0:47:19,19.1,82.0,22.7,95.0,20.8,81.4,1023,0
2026/7/16,0:47:24,19.0,82.0,22.7,95.0,20.8,81.4,1021,0
2026/7/16,0:47:29,19.0,82.0,22.7,95.0,20.8,81.4,1021,0
2026/7/16,0:47:34,19.0,82.0,22.7,95.0,20.8,81.4,1023,0
2026/7/16,0:47:39,19.0,82.0,22.7,95.0,20.8,81.5,1023,0
2026/7/16,0:47:44,19.0,82.0,22.7,95.0,20.8,81.5,1023,0
2026/7/16,0:47:49,19.0,82.0,22.7,95.0,20.8,81.4,1021,0
2026/7/16,0:47:54,19.0,82.0,22.7,95.0,20.8,81.5,1023,0
2026/7/16,0:47:59,19.0,82.0,22.7,95.0,20.8,81.5,1021,0
2026/7/16,0:48:4,19.1,82.0,22.7,95.0,20.8,81.5,1019,0
2026/7/16,0:48:9,19.0,82.0,22.7,95.0,20.8,81.5,1019,0
2026/7/16,0:48:14,19.1,82.0,22.7,95.0,20.7,81.5,1022,0
2026/7/16,0:48:19,19.1,82.0,22.8,95.0,20.8,81.5,1019,0
2026/7/16,0:48:24,19.0,82.0,22.7,95.0,20.8,81.6,1019,0
2026/7/16,0:48:29,19.0,82.0,22.7,95.0,20.8,81.5,1019,0
2026/7/16,0:48:34,19.1,82.0,22.7,95.0,20.8,81.5,1021,0
2026/7/16,0:48:39,19.0,82.0,22.7,95.0,20.8,81.6,1019,0
2026/7/16,0:48:44,19.0,82.0,22.8,95.0,20.8,81.5,1023,0
2026/7/16,0:48:49,19.0,82.0,22.7,95.0,20.8,81.6,1023,0
2026/7/16,0:48:54,19.0,82.0,22.7,95.0,20.8,81.6,1023,0
2026/7/16,0:48:59,19.1,83.0,22.8,95.0,20.8,81.6,1022,0
2026/7/16,0:49:4,19.1,83.0,22.7,95.0,20.7,81.6,1019,0
2026/7/16,0:49:9,19.1,82.0,22.8,95.0,20.8,81.6,1023,0
2026/7/16,0:49:14,19.0,82.0,22.7,95.0,20.7,81.7,1019,0
2026/7/16,0:49:19,19.0,82.0,22.7,95.0,20.7,81.7,1023,0
2026/7/16,0:49:24,18.9,82.0,22.8,95.0,20.8,81.6,1019,0
2026/7/16,0:49:29,18.9,83.0,22.7,95.0,20.8,81.6,1019,0
2026/7/16,0:49:34,19.0,83.0,22.7,95.0,20.7,81.6,1023,0
2026/7/16,0:49:39,19.0,83.0,22.7,95.0,20.7,81.6,1021,0
2026/7/16,0:49:44,19.0,82.0,22.7,95.0,20.8,81.6,1021,0
2026/7/16,0:49:49,19.0,82.0,22.7,95.0,20.7,81.6,1023,0
2026/7/16,0:49:54,19.0,82.0,22.8,95.0,20.7,81.7,1023,0
2026/7/16,0:49:59,19.0,82.0,22.7,95.0,20.7,81.7,1023,0
2026/7/16,0:50:4,19.0,82.0,22.7,95.0,20.7,81.7,1021,0
2026/7/16,0:50:9,18.8,82.0,22.7,95.0,20.8,81.6,1021,0
2026/7/16,0:50:14,18.9,83.0,22.7,95.0,20.7,81.6,1021,0
2026/7/16,0:50:19,19.0,83.0,22.7,95.0,20.7,81.7,1019,0
2026/7/16,0:50:24,19.0,83.0,22.8,95.0,20.7,81.6,1021,0
2026/7/16,0:50:29,19.0,83.0,22.7,95.0,20.7,81.7,1021,0
2026/7/16,0:50:34,19.0,83.0,22.7,95.0,20.7,81.7,1019,0
2026/7/16,0:50:39,19.0,83.0,22.7,95.0,20.7,81.7,1023,0
2026/7/16,0:50:44,19.0,83.0,22.7,95.0,20.7,81.7,1023,0
2026/7/16,0:50:49,19.0,83.0,22.8,95.0,20.7,81.7,1021,0
2026/7/16,0:50:54,19.0,83.0,22.7,95.0,20.7,81.8,1019,0
2026/7/16,0:50:59,19.0,83.0,22.7,95.0,20.7,81.8,1023,0
2026/7/16,0:51:4,19.0,83.0,22.7,95.0,20.7,81.8,1019,0
2026/7/16,0:51:9,19.0,83.0,22.7,95.0,20.7,81.8,1019,0
2026/7/16,0:51:14,18.7,83.0,22.7,95.0,20.7,81.8,1019,0
2026/7/16,0:51:19,19.0,83.0,22.7,95.0,20.7,81.9,1022,0
2026/7/16,0:51:24,19.0,82.0,22.8,95.0,20.7,81.9,1021,0
2026/7/16,0:51:29,19.0,82.0,22.7,95.0,20.7,81.9,1019,0
2026/7/16,0:51:34,19.0,82.0,22.7,95.0,20.7,81.8,1022,0
2026/7/16,0:51:39,19.0,82.0,22.7,95.0,20.7,81.8,1023,0
2026/7/16,0:51:44,19.0,82.0,22.7,95.0,20.7,81.8,1019,0
2026/7/16,0:51:49,19.0,82.0,22.7,95.0,20.7,81.8,1019,0
2026/7/16,0:51:54,19.0,82.0,22.7,95.0,20.7,81.8,1019,0
2026/7/16,0:51:59,19.0,82.0,22.7,95.0,20.7,81.8,1019,0
2026/7/16,0:52:4,19.0,82.0,22.7,95.0,20.7,81.8,1023,0
2026/7/16,0:52:9,19.0,82.0,22.7,95.0,20.7,81.7,1021,0
2026/7/16,0:52:14,19.0,82.0,22.7,95.0,20.7,81.7,1023,0
2026/7/16,0:52:19,19.0,82.0,22.7,95.0,20.7,81.8,1023,0
2026/7/16,0:52:24,19.0,82.0,22.7,95.0,20.7,81.7,1023,0
2026/7/16,0:52:29,18.7,82.0,22.7,95.0,20.7,81.7,1022,0
2026/7/16,0:52:34,18.9,82.0,22.7,95.0,20.7,81.6,1021,0
2026/7/16,0:52:39,18.8,82.0,22.7,95.0,20.7,81.7,1022,0
2026/7/16,0:52:44,19.0,82.0,22.7,95.0,20.7,81.6,1021,0
2026/7/16,0:52:49,19.0,82.0,22.7,95.0,20.7,81.7,1023,0
2026/7/16,0:52:54,18.7,82.0,22.7,95.0,20.7,81.7,1019,0
2026/7/16,0:52:59,19.0,82.0,22.8,95.0,20.7,81.6,1023,0
2026/7/16,0:53:4,19.0,80.0,22.7,95.0,20.6,81.5,1022,0
2026/7/16,0:53:9,19.0,79.0,22.7,95.0,20.7,81.0,1022,0
2026/7/16,0:53:14,19.0,78.0,22.7,95.0,20.7,80.7,1022,0
2026/7/16,0:53:19,19.0,78.0,22.6,95.0,20.7,80.6,1022,0
2026/7/16,0:53:24,19.0,78.0,22.7,95.0,20.7,80.6,1023,0
2026/7/16,0:53:29,19.0,78.0,22.7,95.0,20.6,80.6,1021,0
2026/7/16,0:53:34,19.0,79.0,22.7,95.0,20.7,80.6,1021,0
2026/7/16,0:53:39,19.0,79.0,22.7,95.0,20.6,80.6,1022,0
2026/7/16,0:53:44,19.1,79.0,22.7,95.0,20.7,80.6,1023,0
2026/7/16,0:53:49,19.0,79.0,22.7,95.0,20.7,80.7,1019,0
2026/7/16,0:53:54,19.0,80.0,22.7,95.0,20.7,80.7,1019,0
2026/7/16,0:53:59,19.0,80.0,22.7,95.0,20.7,80.8,1023,0
2026/7/16,0:54:4,19.0,81.0,22.7,95.0,20.7,80.8,1023,0
2026/7/16,0:54:9,19.0,81.0,22.7,95.0,20.7,80.8,1022,0
2026/7/16,0:54:14,19.1,81.0,22.7,95.0,20.7,80.8,1021,0
2026/7/16,0:54:19,19.1,81.0,22.7,95.0,20.7,80.8,1023,0
2026/7/16,0:54:24,19.1,81.0,22.7,95.0,20.7,80.8,1023,0
2026/7/16,0:54:29,19.1,81.0,22.7,95.0,20.7,80.8,1023,0
2026/7/16,0:54:34,19.1,81.0,22.7,95.0,20.7,80.8,1023,0
2026/7/16,0:54:39,19.1,81.0,22.7,95.0,20.6,80.9,1022,0
2026/7/16,0:54:44,19.0,81.0,22.6,95.0,20.7,80.9,1022,0
2026/7/16,0:54:49,19.1,81.0,22.7,95.0,20.7,80.9,1021,0
2026/7/16,0:54:54,19.1,81.0,22.7,95.0,20.7,80.8,1019,0
2026/7/16,0:55:0,19.1,81.0,22.7,95.0,20.6,80.9,1019,0
2026/7/16,0:55:5,19.1,81.0,22.7,95.0,20.7,80.9,1019,0
2026/7/16,0:55:10,19.1,82.0,22.7,95.0,20.6,80.9,1023,0
2026/7/16,0:55:15,19.1,82.0,22.7,95.0,20.7,80.9,1021,0
2026/7/16,0:55:20,19.1,82.0,22.6,95.0,20.7,81.0,1021,0
2026/7/16,0:55:25,19.0,82.0,22.7,95.0,20.7,81.0,1019,0
2026/7/16,0:55:30,19.1,82.0,22.7,95.0,20.7,81.1,1023,0
2026/7/16,0:55:35,19.0,83.0,22.6,95.0,20.7,81.0,1019,0
2026/7/16,0:55:40,19.1,83.0,22.7,95.0,20.7,81.1,1022,0
2026/7/16,0:55:45,19.0,83.0,22.7,95.0,20.6,81.1,1023,0
2026/7/16,0:55:50,19.1,83.0,22.7,95.0,20.6,81.2,1019,0
2026/7/16,0:55:55,19.1,83.0,22.7,95.0,20.7,81.2,1023,0
2026/7/16,0:56:0,19.1,83.0,22.7,95.0,20.6,81.2,1021,0
2026/7/16,0:56:5,19.1,83.0,22.8,95.0,20.6,81.3,1022,0
2026/7/16,0:56:10,19.0,83.0,22.7,95.0,20.6,81.3,1021,0
2026/7/16,0:56:15,19.1,83.0,22.7,95.0,20.6,81.3,1022,0
2026/7/16,0:56:20,19.1,82.0,22.7,95.0,20.6,81.4,1022,0
2026/7/16,0:56:25,19.0,83.0,22.7,95.0,20.6,81.4,1019,0
2026/7/16,0:56:30,19.0,83.0,22.7,95.0,20.6,81.4,1019,0
2026/7/16,0:56:35,19.0,82.0,22.6,95.0,20.6,81.4,1023,0
2026/7/16,0:56:40,19.0,82.0,22.7,95.0,20.6,81.4,1023,0
2026/7/16,0:56:45,19.1,82.0,22.7,95.0,20.6,81.5,1022,0
2026/7/16,0:56:50,19.0,82.0,22.7,95.0,20.6,81.5,1019,0
2026/7/16,0:56:55,19.0,82.0,22.7,95.0,20.6,81.5,1022,0
2026/7/16,0:57:0,19.0,82.0,22.7,95.0,20.6,81.3,1023,0
2026/7/16,0:57:5,19.0,81.0,22.7,95.0,20.6,81.2,1021,0
2026/7/16,0:57:10,19.0,81.0,22.6,95.0,20.6,81.1,1022,0
2026/7/16,0:57:15,19.1,81.0,22.7,95.0,20.6,81.1,1019,0
2026/7/16,0:57:20,19.1,81.0,22.7,95.0,20.6,81.0,1021,0
2026/7/16,0:57:25,19.1,81.0,22.7,95.0,20.6,81.1,1023,0
2026/7/16,0:57:30,19.0,81.0,22.6,95.0,20.6,81.1,1023,0
2026/7/16,0:57:35,19.0,81.0,22.6,95.0,20.6,81.2,1022,0
2026/7/16,0:57:40,18.9,82.0,22.7,95.0,20.6,81.2,1023,0
2026/7/16,0:57:45,19.0,82.0,22.6,95.0,20.6,81.2,1021,0
2026/7/16,0:57:50,19.1,82.0,22.7,95.0,20.6,81.3,1022,0
2026/7/16,0:57:55,19.0,82.0,22.7,95.0,20.6,81.3,1019,0
2026/7/16,0:58:0,19.0,82.0,22.7,95.0,20.6,81.3,1023,0
2026/7/16,0:58:5,19.0,82.0,22.6,95.0,20.6,81.3,1022,0
2026/7/16,0:58:10,19.0,82.0,22.7,95.0,20.6,81.4,1023,0
2026/7/16,0:58:15,18.8,82.0,22.7,95.0,20.6,81.3,1021,0
2026/7/16,0:58:20,19.0,82.0,22.7,95.0,20.6,81.4,1021,0
2026/7/16,0:58:25,19.0,82.0,22.7,95.0,20.6,81.4,1021,0
2026/7/16,0:58:30,19.0,82.0,22.6,95.0,20.6,81.4,1019,0
2026/7/16,0:58:35,19.0,82.0,22.7,95.0,20.6,81.4,1022,0
2026/7/16,0:58:40,18.8,82.0,22.7,95.0,20.6,81.4,1021,0
2026/7/16,0:58:45,19.0,82.0,22.7,95.0,20.6,81.5,1021,0
2026/7/16,0:58:50,19.0,83.0,22.7,95.0,20.6,81.5,1021,0
2026/7/16,0:58:55,19.0,83.0,22.6,95.0,20.6,81.5,1019,0
2026/7/16,0:59:0,19.0,83.0,22.6,95.0,20.6,81.6,1023,0
2026/7/16,0:59:5,19.1,83.0,22.7,95.0,20.6,81.6,1023,0
2026/7/16,0:59:10,19.0,83.0,22.7,95.0,20.6,81.6,1022,0
2026/7/16,0:59:15,19.0,83.0,22.7,95.0,20.6,81.6,1021,0
2026/7/16,0:59:20,19.0,83.0,22.7,95.0,20.6,81.6,1022,0
2026/7/16,0:59:25,19.0,83.0,22.6,95.0,20.6,81.6,1021,0
2026/7/16,0:59:30,19.0,83.0,22.7,95.0,20.6,81.6,1023,0
2026/7/16,0:59:35,19.0,83.0,22.7,95.0,20.6,81.6,1023,0
2026/7/16,0:59:40,19.0,83.0,22.7,95.0,20.6,81.6,1023,0
2026/7/16,0:59:45,19.0,83.0,22.7,95.0,20.6,81.6,1022,0
2026/7/16,0:59:50,19.0,83.0,22.6,95.0,20.6,81.7,1023,0
2026/7/16,0:59:55,18.9,83.0,22.7,95.0,20.6,81.6,1019,0
2026/7/16,1:0:0,18.8,83.0,22.7,95.0,20.6,81.7,1019,0
2026/7/16,1:0:5,19.0,82.0,22.6,95.0,20.6,81.7,1019,0
2026/7/16,1:0:10,18.5,82.0,22.7,95.0,20.6,81.7,1019,0
2026/7/16,1:0:15,19.0,82.0,22.7,95.0,20.6,81.6,1021,0
2026/7/16,1:0:20,19.0,82.0,22.6,95.0,20.6,81.6,1021,0
2026/7/16,1:0:25,19.0,82.0,22.7,95.0,20.6,81.6,1023,0
2026/7/16,1:0:30,19.0,82.0,22.7,95.0,20.6,81.6,1023,0
2026/7/16,1:0:35,19.0,82.0,22.7,95.0,20.6,81.6,1019,0
2026/7/16,1:0:40,18.6,82.0,22.7,95.0,20.6,81.7,1022,0
2026/7/16,1:0:45,19.0,82.0,22.7,95.0,20.6,81.6,1023,0
2026/7/16,1:0:50,18.9,82.0,22.7,95.0,20.6,81.6,1022,0
2026/7/16,1:0:55,19.0,83.0,22.7,95.0,20.6,81.7,1021,0
2026/7/16,1:1:0,19.0,83.0,22.7,95.0,20.6,81.6,1023,0
2026/7/16,1:1:5,19.0,83.0,22.7,95.0,20.6,81.5,1019,0
2026/7/16,1:1:10,19.0,83.0,22.7,95.0,20.6,81.5,1023,0
2026/7/16,1:1:15,19.0,83.0,22.7,95.0,20.6,81.5,1022,0
2026/7/16,1:1:20,19.0,83.0,22.7,95.0,20.6,81.5,1021,0
2026/7/16,1:1:25,18.8,83.0,22.7,95.0,20.6,81.6,1019,0
2026/7/16,1:1:30,18.9,83.0,22.7,95.0,20.6,81.6,1023,0
2026/7/16,1:1:35,18.7,82.0,22.7,95.0,20.6,81.6,1023,0
2026/7/16,1:1:40,18.9,82.0,22.7,95.0,20.6,81.6,1023,0
2026/7/16,1:1:45,19.0,82.0,22.6,95.0,20.6,81.6,1023,0
2026/7/16,1:1:50,18.9,82.0,22.7,95.0,20.6,81.7,1019,0
2026/7/16,1:1:55,19.0,83.0,22.7,95.0,20.5,81.6,1019,0
2026/7/16,1:2:0,18.9,83.0,22.7,95.0,20.6,81.8,1019,0
2026/7/16,1:2:5,18.8,83.0,22.7,95.0,20.6,81.8,1022,0
2026/7/16,1:2:10,18.6,83.0,22.7,95.0,20.6,81.8,1022,0
2026/7/16,1:2:15,19.0,83.0,22.6,95.0,20.6,81.8,1023,0
2026/7/16,1:2:20,18.8,83.0,22.7,95.0,20.5,81.8,1023,0
2026/7/16,1:2:25,18.8,83.0,22.7,95.0,20.5,81.7,1019,0
2026/7/16,1:2:30,18.8,83.0,22.7,95.0,20.5,81.8,1023,0
2026/7/16,1:2:35,18.8,83.0,22.5,95.0,20.5,81.8,1023,0
2026/7/16,1:2:40,18.8,83.0,22.7,95.0,20.5,81.7,1022,0
2026/7/16,1:2:45,18.8,83.0,22.7,95.0,20.5,81.7,1023,0
2026/7/16,1:2:50,18.8,83.0,22.7,95.0,20.5,81.7,1021,0
2026/7/16,1:2:55,18.8,83.0,22.7,95.0,20.5,81.7,1023,0
2026/7/16,1:3:0,18.8,83.0,22.6,95.0,20.5,81.7,1023,0
2026/7/16,1:3:5,18.8,83.0,22.7,95.0,20.5,81.7,1022,0
2026/7/16,1:3:10,18.8,83.0,22.7,95.0,20.5,81.8,1021,0
2026/7/16,1:3:15,18.6,83.0,22.7,95.0,20.5,81.6,1023,0
2026/7/16,1:3:20,18.7,83.0,22.6,95.0,20.5,81.6,1022,0
2026/7/16,1:3:25,18.8,83.0,22.7,95.0,20.5,81.6,1022,0
2026/7/16,1:3:30,18.7,83.0,22.7,95.0,20.5,81.7,1022,0
2026/7/16,1:3:35,18.8,83.0,22.7,95.0,20.5,81.7,1023,0
2026/7/16,1:3:40,18.7,84.0,22.7,95.0,20.5,81.7,1021,0
2026/7/16,1:3:45,18.7,84.0,22.6,95.0,20.5,81.8,1021,0
2026/7/16,1:3:50,18.7,84.0,22.7,95.0,20.5,81.9,1021,0
2026/7/16,1:3:55,18.8,84.0,22.7,95.0,20.5,82.0,1023,0
2026/7/16,1:4:0,18.6,84.0,22.7,95.0,20.5,82.1,1022,0
2026/7/16,1:4:5,18.7,84.0,22.7,95.0,20.5,82.1,1023,0
2026/7/16,1:4:10,18.6,84.0,22.7,95.0,20.5,82.2,1022,0
2026/7/16,1:4:15,18.8,84.0,22.6,95.0,20.5,82.2,1019,0
2026/7/16,1:4:20,18.7,84.0,22.6,95.0,20.5,82.2,1023,0
2026/7/16,1:4:25,18.7,84.0,22.7,95.0,20.5,82.2,1021,0
2026/7/16,1:4:30,18.8,83.0,22.7,95.0,20.5,82.2,1019,0
2026/7/16,1:4:35,18.4,83.0,22.6,95.0,20.5,82.1,1021,0
2026/7/16,1:4:40,18.8,83.0,22.7,95.0,20.5,82.1,1022,0
2026/7/16,1:4:45,18.7,83.0,22.7,95.0,20.5,82.1,1023,0
2026/7/16,1:4:50,18.7,83.0,22.7,95.0,20.5,82.1,1021,0
2026/7/16,1:4:55,18.8,83.0,22.7,95.0,20.5,82.1,1019,0
2026/7/16,1:5:0,18.6,83.0,22.6,95.0,20.5,82.1,1023,0
2026/7/16,1:5:5,18.7,83.0,22.7,95.0,20.5,82.1,1023,0
2026/7/16,1:5:10,18.5,83.0,22.7,95.0,20.5,82.1,1023,0
2026/7/16,1:5:15,18.8,83.0,22.7,95.0,20.4,82.1,1019,0
2026/7/16,1:5:20,18.7,84.0,22.6,95.0,20.4,82.1,1023,0
2026/7/16,1:5:25,18.7,84.0,22.6,95.0,20.5,82.1,1021,0
2026/7/16,1:5:30,18.7,84.0,22.6,95.0,20.5,82.1,1023,0
2026/7/16,1:5:36,18.6,84.0,22.6,95.0,20.5,82.1,1022,0
2026/7/16,1:5:41,18.7,84.0,22.7,95.0,20.4,82.1,1019,0
2026/7/16,1:5:46,18.7,84.0,22.6,95.0,20.4,82.1,1019,0
2026/7/16,1:5:51,18.7,84.0,22.7,95.0,20.4,82.2,1022,0
2026/7/16,1:5:56,18.6,84.0,22.6,95.0,20.4,82.2,1019,0
2026/7/16,1:6:1,18.6,84.0,22.7,95.0,20.4,82.2,1019,0
2026/7/16,1:6:6,18.7,84.0,22.6,95.0,20.4,82.3,1021,0
2026/7/16,1:6:11,18.6,84.0,22.7,95.0,20.5,82.3,1023,0
2026/7/16,1:6:16,18.5,84.0,22.6,95.0,20.5,82.4,1019,0
2026/7/16,1:6:21,18.5,84.0,22.7,95.0,20.5,82.5,1019,0
2026/7/16,1:6:26,18.7,84.0,22.5,95.0,20.4,82.4,1023,0
2026/7/16,1:6:31,18.7,84.0,22.7,95.0,20.4,82.4,1021,0
2026/7/16,1:6:36,18.5,83.0,22.6,95.0,20.4,82.4,1021,0
2026/7/16,1:6:41,18.5,83.0,22.6,95.0,20.4,82.3,1021,0
2026/7/16,1:6:46,18.6,83.0,22.7,95.0,20.4,82.2,1023,0
2026/7/16,1:6:51,18.5,83.0,22.6,95.0,20.4,82.2,1023,0
2026/7/16,1:6:56,18.7,83.0,22.7,95.0,20.4,82.2,1023,0
2026/7/16,1:7:1,18.5,83.0,22.7,95.0,20.4,82.2,1023,0
2026/7/16,1:7:6,18.6,83.0,22.7,95.0,20.4,82.2,1023,0
2026/7/16,1:7:11,18.7,83.0,22.7,95.0,20.4,82.2,1019,0
2026/7/16,1:7:16,18.6,83.0,22.6,95.0,20.4,82.3,1023,0
2026/7/16,1:7:21,18.7,84.0,22.6,95.0,20.4,82.2,1021,0
2026/7/16,1:7:26,18.7,84.0,22.7,95.0,20.4,82.2,1019,0
2026/7/16,1:7:31,18.5,84.0,22.5,95.0,20.4,82.3,1021,0
2026/7/16,1:7:36,18.5,84.0,22.5,95.0,20.4,82.3,1019,0
2026/7/16,1:7:41,18.7,84.0,22.6,95.0,20.4,82.3,1021,0
2026/7/16,1:7:46,18.7,84.0,22.6,95.0,20.4,82.3,1021,0
2026/7/16,1:7:51,18.7,84.0,22.7,95.0,20.4,82.3,1019,0
2026/7/16,1:7:56,18.7,84.0,22.6,95.0,20.4,82.3,1022,0
2026/7/16,1:8:1,18.7,84.0,22.7,95.0,20.4,82.4,1023,0
2026/7/16,1:8:6,18.6,84.0,22.6,95.0,20.4,82.4,1021,0
2026/7/16,1:8:11,18.5,84.0,22.7,95.0,20.4,82.5,1019,0
2026/7/16,1:8:16,18.7,84.0,22.6,95.0,20.4,82.4,1023,0
2026/7/16,1:8:21,18.7,84.0,22.6,95.0,20.4,82.5,1019,0
2026/7/16,1:8:26,18.7,84.0,22.5,95.0,20.4,82.5,1022,0
2026/7/16,1:8:31,18.7,84.0,22.6,95.0,20.4,82.4,1023,0
2026/7/16,1:8:36,18.5,84.0,22.6,95.0,20.4,82.4,1023,0
2026/7/16,1:8:41,18.6,84.0,22.6,95.0,20.4,82.4,1023,0
2026/7/16,1:8:46,18.6,84.0,22.6,95.0,20.4,82.5,1021,0
2026/7/16,1:8:51,18.7,84.0,22.6,95.0,20.4,82.5,1021,0
2026/7/16,1:8:56,18.7,84.0,22.6,95.0,20.4,82.6,1021,0
2026/7/16,1:9:1,18.7,84.0,22.6,95.0,20.4,82.6,1019,0
2026/7/16,1:9:6,18.5,84.0,22.6,95.0,20.4,82.6,1023,0
2026/7/16,1:9:11,18.7,84.0,22.7,95.0,20.4,82.6,1021,0
2026/7/16,1:9:16,18.7,84.0,22.7,95.0,20.4,82.6,1023,0
2026/7/16,1:9:21,18.7,84.0,22.6,95.0,20.4,82.6,1019,0
2026/7/16,1:9:26,18.7,84.0,22.6,95.0,20.4,82.6,1019,0
2026/7/16,1:9:31,18.5,84.0,22.6,95.0,20.4,82.7,1022,0
2026/7/16,1:9:36,18.7,84.0,22.6,95.0,20.4,82.6,1019,0
2026/7/16,1:9:41,18.7,84.0,22.7,95.0,20.4,82.7,1021,0
2026/7/16,1:9:46,18.6,84.0,22.6,95.0,20.4,82.6,1019,0
2026/7/16,1:9:51,18.6,84.0,22.6,95.0,20.4,82.7,1023,0
2026/7/16,1:9:56,18.7,84.0,22.7,95.0,20.4,82.7,1022,0
2026/7/16,1:10:1,18.6,84.0,22.7,95.0,20.4,82.7,1021,0
2026/7/16,1:10:6,18.7,85.0,22.7,95.0,20.4,82.7,1022,0
2026/7/16,1:10:11,18.6,85.0,22.7,95.0,20.4,82.7,1023,0
2026/7/16,1:10:16,18.7,85.0,22.7,95.0,20.4,82.7,1021,0
2026/7/16,1:10:21,18.5,85.0,22.7,95.0,20.4,82.7,1021,0
2026/7/16,1:10:26,18.6,85.0,22.7,95.0,20.4,82.7,1023,0
2026/7/16,1:10:31,18.6,85.0,22.7,95.0,20.4,82.7,1022,0
2026/7/16,1:10:36,18.6,85.0,22.6,95.0,20.4,82.7,1021,0
2026/7/16,1:10:41,18.5,85.0,22.6,95.0,20.4,82.7,1019,0
2026/7/16,1:10:46,18.6,85.0,22.6,95.0,20.4,82.7,1023,0
2026/7/16,1:10:51,18.6,85.0,22.7,95.0,20.4,82.7,1023,0
2026/7/16,1:10:56,18.6,85.0,22.6,95.0,20.4,82.7,1021,0
2026/7/16,1:11:1,18.6,85.0,22.5,95.0,20.4,82.7,1022,0
2026/7/16,1:11:6,18.5,85.0,22.7,95.0,20.4,82.7,1019,0
2026/7/16,1:11:11,18.5,85.0,22.5,95.0,20.4,82.7,1021,0
2026/7/16,1:11:16,18.6,85.0,22.7,95.0,20.4,82.7,1023,0
2026/7/16,1:11:21,18.6,85.0,22.6,95.0,20.4,82.7,1021,0
2026/7/16,1:11:26,18.6,86.0,22.6,95.0,20.4,82.7,1021,0
2026/7/16,1:11:31,18.5,86.0,22.7,95.0,20.4,82.7,1023,0
2026/7/16,1:11:36,18.6,86.0,22.6,95.0,20.4,82.8,1022,0
2026/7/16,1:11:41,18.6,86.0,22.6,95.0,20.4,82.7,1021,0
2026/7/16,1:11:46,18.5,86.0,22.7,95.0,20.4,82.8,1023,0
2026/7/16,1:11:51,18.5,86.0,22.5,95.0,20.4,82.9,1023,0
2026/7/16,1:11:56,18.5,86.0,22.5,95.0,20.4,82.9,1023,0
2026/7/16,1:12:1,18.5,86.0,22.5,95.0,20.4,82.9,1022,0
2026/7/16,1:12:6,18.7,86.0,22.6,95.0,20.4,82.9,1019,0
2026/7/16,1:12:11,18.5,86.0,22.6,95.0,20.4,82.9,1022,0
2026/7/16,1:12:16,18.6,85.0,22.5,95.0,20.4,82.8,1023,0
2026/7/16,1:12:21,18.7,85.0,22.5,95.0,20.4,82.9,1023,0
2026/7/16,1:12:26,18.6,85.0,22.6,95.0,20.4,82.9,1023,0
2026/7/16,1:12:31,18.5,85.0,22.6,95.0,20.4,82.9,1023,0
2026/7/16,1:12:36,18.5,86.0,22.6,95.0,20.4,82.9,1023,0
2026/7/16,1:12:41,18.5,86.0,22.6,95.0,20.4,82.9,1023,0
2026/7/16,1:12:46,18.5,86.0,22.7,95.0,20.4,82.9,1022,0
2026/7/16,1:12:51,18.5,86.0,22.7,95.0,20.4,82.9,1023,0
2026/7/16,1:12:56,18.7,86.0,22.7,95.0,20.4,82.9,1023,0
2026/7/16,1:13:1,18.5,86.0,22.7,95.0,20.4,82.9,1019,0
2026/7/16,1:13:6,18.7,86.0,22.6,95.0,20.4,82.9,1023,0
2026/7/16,1:13:11,18.6,86.0,22.5,95.0,20.4,82.9,1022,0
2026/7/16,1:13:16,18.5,86.0,22.7,95.0,20.4,82.9,1023,0
2026/7/16,1:13:21,18.6,86.0,22.6,95.0,20.4,82.9,1021,0
2026/7/16,1:13:26,18.5,86.0,22.6,95.0,20.4,82.9,1022,0
2026/7/16,1:13:31,18.5,86.0,22.6,95.0,20.4,82.8,1021,0
2026/7/16,1:13:36,18.6,86.0,22.5,95.0,20.4,82.9,1023,0
2026/7/16,1:13:41,18.6,86.0,22.5,95.0,20.4,82.9,1023,0
2026/7/16,1:13:46,18.5,86.0,22.6,95.0,20.4,82.9,1021,0
2026/7/16,1:13:51,18.5,86.0,22.7,95.0,20.4,82.9,1021,0
2026/7/16,1:13:56,18.5,86.0,22.6,95.0,20.4,82.9,1021,0
2026/7/16,1:14:1,18.5,85.0,22.6,95.0,20.4,82.9,1022,0
2026/7/16,1:14:6,18.5,85.0,22.7,95.0,20.4,82.9,1023,0
2026/7/16,1:14:11,18.5,85.0,22.7,95.0,20.4,82.9,1023,0
2026/7/16,1:14:16,18.5,85.0,22.6,95.0,20.4,82.9,1023,0
2026/7/16,1:14:21,18.6,86.0,22.7,95.0,20.4,82.9,1021,0
2026/7/16,1:14:26,18.4,86.0,22.5,95.0,20.4,83.0,1023,0
2026/7/16,1:14:31,18.5,86.0,22.6,95.0,20.4,83.0,1019,0
2026/7/16,1:14:36,18.5,86.0,22.5,95.0,20.4,82.9,1021,0
2026/7/16,1:14:41,18.5,86.0,22.5,95.0,20.4,83.0,1021,0
2026/7/16,1:14:46,18.6,86.0,22.5,95.0,20.4,82.9,1022,0
2026/7/16,1:14:51,18.5,86.0,22.6,95.0,20.4,83.0,1022,0
2026/7/16,1:14:56,18.5,85.0,22.5,95.0,20.4,82.9,1023,0
2026/7/16,1:15:1,18.6,85.0,22.6,95.0,20.4,82.9,1023,0
2026/7/16,1:15:6,18.6,85.0,22.6,95.0,20.4,82.9,1021,0
2026/7/16,1:15:11,18.5,85.0,22.6,95.0,20.4,83.0,1023,0
2026/7/16,1:15:16,18.5,85.0,22.6,95.0,20.4,82.9,1022,0
2026/7/16,1:15:21,18.5,86.0,22.6,95.0,20.4,82.9,1021,0
2026/7/16,1:15:26,18.5,85.0,22.6,95.0,20.4,82.9,1023,0
2026/7/16,1:15:31,18.5,85.0,22.5,95.0,20.4,82.9,1023,0
2026/7/16,1:15:36,18.5,86.0,22.5,95.0,20.4,82.9,1019,0
2026/7/16,1:15:41,18.5,86.0,22.5,95.0,20.4,82.9,1019,0
2026/7/16,1:15:46,18.5,86.0,22.5,95.0,20.4,82.9,1019,0
2026/7/16,1:15:51,18.5,86.0,22.5,95.0,20.4,82.9,1023,0
2026/7/16,1:15:56,18.4,86.0,22.6,95.0,20.4,82.9,1021,0
2026/7/16,1:16:1,18.5,85.0,22.5,95.0,20.4,82.9,1019,0
2026/7/16,1:16:6,18.5,85.0,22.5,95.0,20.4,82.9,1022,0
2026/7/16,1:16:11,18.5,85.0,22.5,95.0,20.4,82.9,1022,0
2026/7/16,1:16:16,18.5,84.0,22.5,95.0,20.4,82.8,1021,0
2026/7/16,1:16:21,18.4,85.0,22.5,95.0,20.4,82.9,1023,0
2026/7/16,1:16:26,18.5,85.0,22.5,95.0,20.4,82.8,1021,0
2026/7/16,1:16:32,18.5,85.0,22.5,95.0,20.4,82.9,1019,0
2026/7/16,1:16:37,18.5,85.0,22.6,95.0,20.4,82.9,1019,0
2026/7/16,1:16:42,18.4,85.0,22.5,95.0,20.4,82.8,1022,0
2026/7/16,1:16:47,18.5,85.0,22.6,95.0,20.4,82.8,1021,0
2026/7/16,1:16:52,18.5,85.0,22.4,95.0,20.4,82.7,1022,0
2026/7/16,1:16:57,18.5,85.0,22.6,95.0,20.4,82.7,1023,0
2026/7/16,1:17:2,18.5,85.0,22.4,95.0,20.4,82.7,1021,0
2026/7/16,1:17:7,18.5,85.0,22.4,95.0,20.4,82.7,1023,0
2026/7/16,1:17:12,18.5,85.0,22.5,95.0,20.4,82.7,1023,0
2026/7/16,1:17:17,18.6,84.0,22.5,95.0,20.4,82.7,1023,0
2026/7/16,1:17:22,18.5,84.0,22.6,95.0,20.4,82.7,1022,0
2026/7/16,1:17:27,18.5,85.0,22.6,95.0,20.4,82.7,1019,0
2026/7/16,1:17:32,18.5,84.0,22.5,95.0,20.4,82.7,1023,0
2026/7/16,1:17:37,18.5,84.0,22.5,95.0,20.4,82.6,1021,0
2026/7/16,1:17:42,18.5,84.0,22.5,95.0,20.4,82.6,1019,0
2026/7/16,1:17:47,18.5,84.0,22.6,95.0,20.4,82.7,1022,0
2026/7/16,1:17:52,18.5,84.0,22.4,95.0,20.4,82.6,1022,0
2026/7/16,1:17:57,18.5,85.0,22.5,95.0,20.4,82.6,1019,0
2026/7/16,1:18:2,18.5,85.0,22.4,95.0,20.4,82.6,1021,0
2026/7/16,1:18:7,18.5,85.0,22.4,95.0,20.4,82.6,1021,0
2026/7/16,1:18:12,18.5,85.0,22.5,95.0,20.4,82.6,1019,0
2026/7/16,1:18:17,18.5,85.0,22.5,95.0,20.4,82.6,1022,0
2026/7/16,1:18:22,18.5,85.0,22.5,95.0,20.4,82.6,1023,0
2026/7/16,1:18:27,18.5,85.0,22.5,95.0,20.4,82.6,1023,0
2026/7/16,1:18:32,18.4,85.0,22.6,95.0,20.4,82.6,1021,0
2026/7/16,1:18:37,18.5,85.0,22.5,95.0,20.4,82.6,1019,0
2026/7/16,1:18:42,18.5,85.0,22.5,95.0,20.4,82.6,1019,0
2026/7/16,1:18:47,18.5,85.0,22.5,95.0,20.4,82.6,1023,0
2026/7/16,1:18:52,18.5,85.0,22.5,95.0,20.4,82.6,1023,0
2026/7/16,1:18:57,18.5,85.0,22.5,95.0,20.4,82.6,1019,0
2026/7/16,1:19:2,18.5,85.0,22.5,95.0,20.4,82.6,1023,0
2026/7/16,1:19:7,18.5,85.0,22.5,95.0,20.4,82.6,1023,0
2026/7/16,1:19:12,18.5,85.0,22.5,95.0,20.4,82.5,1023,0
2026/7/16,1:19:17,18.4,85.0,22.5,95.0,20.4,82.4,1023,0
2026/7/16,1:19:22,18.5,85.0,22.5,95.0,20.3,82.4,1019,0
2026/7/16,1:19:27,18.5,85.0,22.5,95.0,20.3,82.3,1019,0
2026/7/16,1:19:32,18.5,84.0,22.5,95.0,20.3,82.4,1023,0
2026/7/16,1:19:37,18.5,84.0,22.5,95.0,20.3,82.3,1022,0
2026/7/16,1:19:42,18.5,84.0,22.5,95.0,20.4,82.3,1023,0
2026/7/16,1:19:47,18.5,84.0,22.4,95.0,20.3,82.3,1021,0
2026/7/16,1:19:52,18.5,84.0,22.5,95.0,20.3,82.2,1023,0
2026/7/16,1:19:57,18.5,84.0,22.5,95.0,20.3,82.2,1019,0
2026/7/16,1:20:2,18.5,84.0,22.5,95.0,20.3,82.2,1021,0
2026/7/16,1:20:7,18.5,84.0,22.6,95.0,20.3,82.2,1023,0
2026/7/16,1:20:12,18.5,84.0,22.5,95.0,20.3,82.3,1023,0
2026/7/16,1:20:17,18.6,83.0,22.5,95.0,20.3,82.3,1022,0
2026/7/16,1:20:22,18.5,83.0,22.5,95.0,20.3,82.3,1023,0
2026/7/16,1:20:27,18.5,83.0,22.5,95.0,20.3,82.2,1019,0
2026/7/16,1:20:32,18.6,83.0,22.5,95.0,20.3,82.3,1023,0
2026/7/16,1:20:37,18.5,83.0,22.5,95.0,20.3,82.2,1021,0
2026/7/16,1:20:42,18.5,83.0,22.6,95.0,20.3,82.1,1022,0
2026/7/16,1:20:47,18.5,82.0,22.5,95.0,20.3,81.9,1019,0
2026/7/16,1:20:52,18.5,82.0,22.5,95.0,20.3,81.9,1019,0
2026/7/16,1:20:57,18.5,82.0,22.5,95.0,20.3,81.9,1021,0
2026/7/16,1:21:2,18.5,82.0,22.5,95.0,20.3,81.9,1022,0
2026/7/16,1:21:7,18.5,83.0,22.5,95.0,20.3,82.0,1022,0
2026/7/16,1:21:12,18.5,84.0,22.6,95.0,20.3,82.0,1023,0
2026/7/16,1:21:17,18.5,84.0,22.5,95.0,20.3,82.1,1023,0
2026/7/16,1:21:22,18.5,84.0,22.5,95.0,20.3,82.1,1021,0
2026/7/16,1:21:27,18.5,84.0,22.5,95.0,20.3,82.2,1023,0
2026/7/16,1:21:32,18.5,83.0,22.3,95.0,20.3,82.2,1022,0
2026/7/16,1:21:37,18.5,83.0,22.6,95.0,20.3,82.0,1019,0
2026/7/16,1:21:42,18.6,82.0,22.5,95.0,20.3,82.0,1023,0
2026/7/16,1:21:47,18.5,82.0,22.5,95.0,20.3,82.0,1023,0
2026/7/16,1:21:52,18.5,82.0,22.5,95.0,20.3,81.9,1021,0
2026/7/16,1:21:57,18.5,82.0,22.4,95.0,20.3,81.9,1023,0
2026/7/16,1:22:2,18.6,83.0,22.5,95.0,20.3,81.9,1021,0
2026/7/16,1:22:7,18.6,83.0,22.5,95.0,20.3,81.9,1023,0
2026/7/16,1:22:12,18.6,83.0,22.5,95.0,20.3,82.0,1023,0
2026/7/16,1:22:17,18.7,83.0,22.6,95.0,20.3,82.0,1019,0
2026/7/16,1:22:22,18.6,83.0,22.5,95.0,20.3,82.1,1023,0
2026/7/16,1:22:27,18.6,83.0,22.5,95.0,20.3,82.1,1022,0
2026/7/16,1:22:32,18.6,83.0,22.6,95.0,20.3,82.1,1019,0
2026/7/16,1:22:37,18.6,83.0,22.5,95.0,20.3,82.2,1023,0
2026/7/16,1:22:42,18.6,84.0,22.5,95.0,20.3,82.4,1019,0
2026/7/16,1:22:47,18.7,84.0,22.3,95.0,20.3,82.5,1021,0
2026/7/16,1:22:52,18.6,83.0,22.4,95.0,20.3,82.5,1023,0
2026/7/16,1:22:57,18.5,83.0,22.5,95.0,20.3,82.5,1023,0
2026/7/16,1:23:2,18.7,83.0,22.5,95.0,20.3,82.5,1022,0
2026/7/16,1:23:7,18.6,83.0,22.5,95.0,20.3,82.5,1021,0
2026/7/16,1:23:12,18.7,83.0,22.5,95.0,20.3,82.2,1022,0
2026/7/16,1:23:17,18.5,83.0,22.5,95.0,20.3,82.0,1021,0
2026/7/16,1:23:22,18.6,83.0,22.4,95.0,20.3,81.9,1022,0
2026/7/16,1:23:27,18.6,83.0,22.5,95.0,20.3,81.8,1019,0
2026/7/16,1:23:32,18.6,83.0,22.5,95.0,20.3,81.9,1021,0
2026/7/16,1:23:37,18.6,83.0,22.5,95.0,20.3,81.8,1019,0
2026/7/16,1:23:42,18.6,83.0,22.5,95.0,20.3,81.9,1021,0
2026/7/16,1:23:47,18.7,83.0,22.5,95.0,20.3,81.9,1019,0
2026/7/16,1:23:52,18.6,83.0,22.4,95.0,20.3,81.9,1019,0
2026/7/16,1:23:57,18.6,83.0,22.4,95.0,20.2,81.9,1019,0
2026/7/16,1:24:2,18.7,83.0,22.5,95.0,20.3,81.9,1023,0
2026/7/16,1:24:7,18.6,83.0,22.4,95.0,20.3,82.0,1022,0
2026/7/16,1:24:12,18.7,83.0,22.4,95.0,20.3,82.0,1023,0
2026/7/16,1:24:17,18.5,83.0,22.5,95.0,20.3,82.0,1022,0
2026/7/16,1:24:22,18.7,83.0,22.5,95.0,20.2,82.0,1021,0
2026/7/16,1:24:27,18.7,83.0,22.5,95.0,20.3,82.1,1021,0
2026/7/16,1:24:32,18.7,83.0,22.5,95.0,20.3,82.1,1022,0
2026/7/16,1:24:37,18.5,83.0,22.5,95.0,20.2,82.1,1021,0
2026/7/16,1:24:42,18.7,83.0,22.5,95.0,20.3,82.1,1023,0
2026/7/16,1:24:47,18.6,83.0,22.5,95.0,20.3,82.2,1021,0
2026/7/16,1:24:52,18.6,83.0,22.5,95.0,20.3,82.3,1019,0
2026/7/16,1:24:57,18.6,82.0,22.5,95.0,20.3,82.2,1019,0
2026/7/16,1:25:2,18.7,82.0,22.3,95.0,20.3,82.3,1023,0
2026/7/16,1:25:7,18.6,82.0,22.5,95.0,20.3,82.3,1021,0
2026/7/16,1:25:12,18.6,82.0,22.4,95.0,20.3,82.3,1022,0
2026/7/16,1:25:17,18.7,82.0,22.4,95.0,20.2,82.1,1021,0
2026/7/16,1:25:22,18.6,82.0,22.5,95.0,20.3,82.0,1021,0
2026/7/16,1:25:27,18.5,81.0,22.5,95.0,20.2,81.8,1023,0
2026/7/16,1:25:32,18.5,80.0,22.5,95.0,20.3,81.8,1022,0
2026/7/16,1:25:37,18.6,80.0,22.5,95.0,20.3,81.8,1019,0
2026/7/16,1:25:42,18.7,80.0,22.4,95.0,20.3,81.7,1019,0
2026/7/16,1:25:47,18.7,80.0,22.5,95.0,20.3,81.7,1023,0
2026/7/16,1:25:52,18.7,81.0,22.4,95.0,20.3,81.7,1023,0
2026/7/16,1:25:57,18.7,81.0,22.5,95.0,20.3,81.7,1021,0
2026/7/16,1:26:2,18.7,81.0,22.5,95.0,20.3,81.8,1023,0
2026/7/16,1:26:7,18.7,81.0,22.4,95.0,20.3,81.7,1021,0
2026/7/16,1:26:12,18.6,81.0,22.5,95.0,20.3,81.7,1023,0
2026/7/16,1:26:17,18.7,81.0,22.4,95.0,20.3,81.7,1023,0
2026/7/16,1:26:22,18.8,81.0,22.4,95.0,20.3,81.7,1023,0
2026/7/16,1:26:27,18.7,81.0,22.4,95.0,20.3,81.7,1023,0
2026/7/16,1:26:32,18.8,81.0,22.5,95.0,20.3,81.6,1023,0
2026/7/16,1:26:37,18.8,81.0,22.4,95.0,20.3,81.6,1022,0
2026/7/16,1:26:42,18.8,81.0,22.4,95.0,20.3,81.7,1023,0
2026/7/16,1:26:47,18.8,82.0,22.4,95.0,20.3,81.7,1022,0
2026/7/16,1:26:52,18.6,82.0,22.4,95.0,20.3,81.7,1022,0
2026/7/16,1:26:57,18.8,83.0,22.4,95.0,20.3,81.8,1021,0
2026/7/16,1:27:2,18.8,83.0,22.5,95.0,20.3,81.8,1022,0
2026/7/16,1:27:7,18.9,83.0,22.5,95.0,20.3,81.9,1021,0
2026/7/16,1:27:12,18.8,82.0,22.5,95.0,20.3,81.9,1023,0
2026/7/16,1:27:17,18.6,82.0,22.5,95.0,20.3,81.9,1021,0
2026/7/16,1:27:22,18.7,82.0,22.5,95.0,20.3,81.9,1019,0
2026/7/16,1:27:28,18.6,82.0,22.5,95.0,20.3,81.9,1019,0
2026/7/16,1:27:33,18.7,82.0,22.5,95.0,20.3,81.9,1021,0
2026/7/16,1:27:38,18.8,81.0,22.5,95.0,20.3,81.9,1023,0
2026/7/16,1:27:43,18.6,82.0,22.3,95.0,20.3,81.9,1021,0
2026/7/16,1:27:48,18.7,82.0,22.5,95.0,20.3,81.9,1022,0
2026/7/16,1:27:53,18.5,82.0,22.5,95.0,20.3,81.9,1021,0
2026/7/16,1:27:58,18.7,82.0,22.4,95.0,20.3,81.8,1019,0
2026/7/16,1:28:3,18.8,82.0,22.5,95.0,20.3,81.8,1023,0
2026/7/16,1:28:8,18.8,82.0,22.4,95.0,20.3,81.8,1023,0
2026/7/16,1:28:13,18.7,82.0,22.5,95.0,20.3,81.9,1019,0
2026/7/16,1:28:18,18.7,82.0,22.4,95.0,20.3,81.9,1019,0
2026/7/16,1:28:23,18.7,82.0,22.4,95.0,20.3,81.9,1021,0
2026/7/16,1:28:28,18.7,80.0,22.5,95.0,20.3,81.9,1022,0
2026/7/16,1:28:33,18.8,79.0,22.5,95.0,20.3,81.8,1021,0
2026/7/16,1:28:38,18.7,78.0,22.5,95.0,20.3,81.7,1023,0
2026/7/16,1:28:38,nan,nan,nan,nan,nan,nan,1023,0
2026/7/16,1:28:38,nan,nan,nan,nan,nan,nan,1023,0
2026/7/16,1:28:38,nan,nan,nan,nan,nan,nan,1022,0
2026/7/16,1:28:38,nan,nan,nan,nan,nan,nan,1019,0
2026/7/16,1:28:39,nan,nan,nan,nan,nan,nan,1019,0
2026/7/16,1:28:39,nan,nan,nan,nan,nan,nan,1023,0
2026/7/16,1:28:39,nan,nan,nan,nan,nan,nan,1022,0
2026/7/16,1:28:39,nan,nan,nan,nan,nan,nan,1022,0
2026/7/16,1:28:39,nan,nan,nan,nan,nan,nan,1022,0
2026/7/16,1:28:40,nan,nan,nan,nan,nan,nan,1023,0
2026/7/16,1:28:40,nan,nan,nan,nan,nan,nan,1021,0
2026/7/16,1:28:40,18.7,77.0,22.3,95.0,20.3,81.7,1023,0
2026/7/16,1:28:40,18.7,77.0,22.3,95.0,20.3,81.7,1019,0
2026/7/16,1:28:40,18.7,77.0,22.3,95.0,20.3,81.7,1022,0
2026/7/16,1:28:41,18.7,77.0,22.3,95.0,20.3,81.7,1023,0
2026/7/16,1:28:41,18.7,77.0,22.3,95.0,20.3,81.7,1022,0
2026/7/16,1:28:41,18.7,77.0,22.3,95.0,20.3,81.7,1021,0
2026/7/16,1:28:41,18.7,77.0,22.3,95.0,20.3,81.7,1021,0
2026/7/16,1:28:41,18.7,77.0,22.3,95.0,20.3,81.7,1023,0
2026/7/16,1:28:42,18.7,77.0,22.3,95.0,20.3,81.7,1023,0
2026/7/16,1:28:42,18.7,77.0,22.3,95.0,20.3,81.7,1023,0
2026/7/16,1:28:42,18.6,77.0,22.2,95.0,20.3,81.7,1023,0
2026/7/16,1:28:42,18.6,77.0,22.2,95.0,20.3,81.7,1022,0
2026/7/16,1:28:42,18.6,77.0,22.2,95.0,20.3,81.7,1022,0
2026/7/16,1:28:43,18.6,77.0,22.2,95.0,20.3,81.7,1023,0
2026/7/16,1:28:43,18.6,77.0,22.2,95.0,20.3,81.7,1023,0
2026/7/16,1:28:43,18.6,77.0,22.2,95.0,20.3,81.7,1022,0
2026/7/16,1:28:43,18.6,77.0,22.2,95.0,20.3,81.7,1023,0
2026/7/16,1:28:43,18.6,77.0,22.2,95.0,20.3,81.7,1022,0
2026/7/16,1:28:44,18.6,77.0,22.2,95.0,20.3,81.7,1023,0
2026/7/16,1:28:44,18.6,77.0,22.2,95.0,20.3,81.7,1022,0
2026/7/16,1:28:44,18.6,77.0,22.5,95.0,20.3,81.6,1022,0
2026/7/16,1:28:44,18.6,77.0,22.5,95.0,20.3,81.6,1023,0
2026/7/16,1:28:44,18.6,77.0,22.5,95.0,20.3,81.6,1021,0
2026/7/16,1:28:45,18.6,77.0,22.5,95.0,20.3,81.6,1023,0
2026/7/16,1:28:45,18.6,77.0,22.5,95.0,20.3,81.6,1023,0
2026/7/16,1:28:45,18.6,77.0,22.5,95.0,20.3,81.6,1023,0
2026/7/16,1:28:45,18.6,77.0,22.5,95.0,20.3,81.6,1023,0
2026/7/16,1:28:45,18.6,77.0,22.5,95.0,20.3,81.6,1019,0
2026/7/16,1:28:46,18.6,77.0,22.5,95.0,20.3,81.6,1022,0
2026/7/16,1:28:46,18.6,77.0,22.5,95.0,20.3,81.6,1022,0
2026/7/16,1:28:46,18.6,77.0,22.5,95.0,20.3,81.5,1023,0
2026/7/16,1:28:46,18.6,77.0,22.5,95.0,20.3,81.5,1023,0
2026/7/16,1:28:46,18.6,77.0,22.5,95.0,20.3,81.5,1019,0
2026/7/16,1:28:47,18.6,77.0,22.5,95.0,20.3,81.5,1023,0
2026/7/16,1:28:47,18.6,77.0,22.5,95.0,20.3,81.5,1023,0
2026/7/16,1:28:47,18.6,77.0,22.5,95.0,20.3,81.5,1023,0
2026/7/16,1:28:47,18.6,77.0,22.5,95.0,20.3,81.5,1023,0
2026/7/16,1:28:47,18.6,77.0,22.5,95.0,20.3,81.5,1023,0
2026/7/16,1:28:48,18.6,77.0,22.5,95.0,20.3,81.5,1021,0
2026/7/16,1:28:48,18.6,77.0,22.5,95.0,20.3,81.5,1023,0
2026/7/16,1:28:48,18.7,77.0,22.5,95.0,20.3,81.5,1023,0
2026/7/16,1:28:48,18.7,77.0,22.5,95.0,20.3,81.5,1023,0
2026/7/16,1:28:49,18.7,77.0,22.5,95.0,20.3,81.5,1023,0
2026/7/16,1:28:49,18.7,77.0,22.5,95.0,20.3,81.5,1022,0
2026/7/16,1:28:49,18.7,77.0,22.5,95.0,20.3,81.5,1023,0
2026/7/16,1:28:49,18.7,77.0,22.5,95.0,20.3,81.5,1023,0
2026/7/16,1:28:49,18.7,77.0,22.5,95.0,20.3,81.5,1023,0
2026/7/16,1:28:50,18.7,77.0,22.5,95.0,20.3,81.5,1022,0
2026/7/16,1:28:50,18.7,77.0,22.5,95.0,20.3,81.5,1023,0
2026/7/16,1:28:50,18.7,77.0,22.5,95.0,20.3,81.5,1022,0
2026/7/16,1:28:50,19.0,77.0,22.5,95.0,20.3,81.5,1023,0
2026/7/16,1:28:50,19.0,77.0,22.5,95.0,20.3,81.5,1023,0
2026/7/16,1:28:51,19.0,77.0,22.5,95.0,20.3,81.5,1023,0
2026/7/16,1:28:51,19.0,77.0,22.5,95.0,20.3,81.5,1022,0
2026/7/16,1:28:51,19.0,77.0,22.5,95.0,20.3,81.5,1022,0
2026/7/16,1:28:51,19.0,77.0,22.5,95.0,20.3,81.5,1022,0
2026/7/16,1:28:51,19.0,77.0,22.5,95.0,20.3,81.5,1023,0
2026/7/16,1:28:52,19.0,77.0,22.5,95.0,20.3,81.5,1019,0
2026/7/16,1:28:52,19.0,77.0,22.5,95.0,20.3,81.5,1023,0
2026/7/16,1:28:52,19.0,77.0,22.5,95.0,20.3,81.5,1023,0
2026/7/16,1:28:52,18.7,77.0,22.5,95.0,20.3,81.5,1023,0
2026/7/16,1:28:52,18.7,77.0,22.5,95.0,20.3,81.5,1023,0
2026/7/16,1:28:53,18.7,77.0,22.5,95.0,20.3,81.5,1023,0
2026/7/16,1:28:53,18.7,77.0,22.5,95.0,20.3,81.5,1023,0
2026/7/16,1:28:53,18.7,77.0,22.5,95.0,20.3,81.5,1022,0
2026/7/16,1:28:53,18.7,77.0,22.5,95.0,20.3,81.5,1022,0
2026/7/16,1:28:53,18.7,77.0,22.5,95.0,20.3,81.5,1023,0
2026/7/16,1:28:54,18.7,77.0,22.5,95.0,20.3,81.5,1023,0
2026/7/16,1:28:54,18.7,77.0,22.5,95.0,20.3,81.5,1022,0
2026/7/16,1:28:54,18.7,77.0,22.5,95.0,20.3,81.5,1023,0
2026/7/16,1:28:54,18.8,77.0,22.5,95.0,20.3,81.4,1022,0
2026/7/16,1:28:54,18.8,77.0,22.5,95.0,20.3,81.4,1023,0
2026/7/16,1:28:55,18.8,77.0,22.5,95.0,20.3,81.4,1019,0
2026/7/16,1:28:55,18.8,77.0,22.5,95.0,20.3,81.4,1023,0
2026/7/16,1:28:55,18.8,77.0,22.5,95.0,20.3,81.4,1023,0
2026/7/16,1:28:55,18.8,77.0,22.5,95.0,20.3,81.4,1022,0
2026/7/16,1:28:55,18.8,77.0,22.5,95.0,20.3,81.4,1023,0
2026/7/16,1:28:56,18.8,77.0,22.5,95.0,20.3,81.4,1022,0
2026/7/16,1:28:56,18.8,77.0,22.5,95.0,20.3,81.4,1023,0
2026/7/16,1:28:56,18.8,77.0,22.5,95.0,20.3,81.4,1023,0
2026/7/16,1:28:56,18.9,78.0,22.6,95.0,20.3,81.4,1023,0
2026/7/16,1:28:56,18.9,78.0,22.6,95.0,20.3,81.4,1023,0
2026/7/16,1:28:57,18.9,78.0,22.6,95.0,20.3,81.4,1023,0
2026/7/16,1:28:57,18.9,78.0,22.6,95.0,20.3,81.4,1023,0
2026/7/16,1:28:57,18.9,78.0,22.6,95.0,20.3,81.4,1022,0
2026/7/16,1:28:57,18.9,78.0,22.6,95.0,20.3,81.4,1023,0
2026/7/16,1:28:57,18.9,78.0,22.6,95.0,20.3,81.4,1019,0
2026/7/16,1:28:58,18.9,78.0,22.6,95.0,20.3,81.4,1023,0
2026/7/16,1:28:58,18.9,78.0,22.6,95.0,20.3,81.4,1023,0
2026/7/16,1:28:58,18.9,78.0,22.6,95.0,20.3,81.4,1019,0
2026/7/16,1:28:58,18.9,78.0,22.5,95.0,20.3,81.4,1023,0
2026/7/16,1:28:58,18.9,78.0,22.5,95.0,20.3,81.4,1022,0
2026/7/16,1:28:59,18.9,78.0,22.5,95.0,20.3,81.4,1022,0
2026/7/16,1:28:59,18.9,78.0,22.5,95.0,20.3,81.4,1023,0
2026/7/16,1:28:59,18.9,78.0,22.5,95.0,20.3,81.4,1023,0
2026/7/16,1:28:59,18.9,78.0,22.5,95.0,20.3,81.4,1023,0
2026/7/16,1:28:59,18.9,78.0,22.5,95.0,20.3,81.4,1019,0
2026/7/16,1:29:0,18.9,78.0,22.5,95.0,20.3,81.4,1023,0
2026/7/16,1:29:0,18.9,78.0,22.5,95.0,20.3,81.4,1023,0
2026/7/16,1:29:0,18.9,78.0,22.5,95.0,20.3,81.4,1023,0
2026/7/16,1:29:0,18.8,78.0,22.5,95.0,20.3,81.4,1023,0
2026/7/16,1:29:0,18.8,78.0,22.5,95.0,20.3,81.4,1022,0
2026/7/16,1:29:1,18.8,78.0,22.5,95.0,20.3,81.4,1022,0
2026/7/16,1:29:1,18.8,78.0,22.5,95.0,20.3,81.4,1022,0
2026/7/16,1:29:1,18.8,78.0,22.5,95.0,20.3,81.4,1023,0
2026/7/16,1:29:1,18.8,78.0,22.5,95.0,20.3,81.4,1023,0
2026/7/16,1:29:1,18.8,78.0,22.5,95.0,20.3,81.4,1023,0
2026/7/16,1:29:2,18.8,78.0,22.5,95.0,20.3,81.4,1022,0
2026/7/16,1:29:2,18.8,78.0,22.5,95.0,20.3,81.4,1023,0
2026/7/16,1:29:2,18.8,78.0,22.5,95.0,20.3,81.4,1019,0
2026/7/16,1:29:2,19.0,78.0,22.5,95.0,20.3,81.3,1022,0
2026/7/16,1:29:2,19.0,78.0,22.5,95.0,20.3,81.3,1023,0
2026/7/16,1:29:3,19.0,78.0,22.5,95.0,20.3,81.3,1023,0
2026/7/16,1:29:3,19.0,78.0,22.5,95.0,20.3,81.3,1022,0
2026/7/16,1:29:3,19.0,78.0,22.5,95.0,20.3,81.3,1023,0
2026/7/16,1:29:3,19.0,78.0,22.5,95.0,20.3,81.3,1022,0
2026/7/16,1:29:3,19.0,78.0,22.5,95.0,20.3,81.3,1021,0
2026/7/16,1:29:4,19.0,78.0,22.5,95.0,20.3,81.3,1022,0
2026/7/16,1:29:4,19.0,78.0,22.5,95.0,20.3,81.3,1019,0
2026/7/16,1:29:4,19.0,78.0,22.5,95.0,20.3,81.3,1022,0
2026/7/16,1:29:4,18.9,78.0,22.6,95.0,20.3,81.3,1022,0
2026/7/16,1:29:4,18.9,78.0,22.6,95.0,20.3,81.3,1023,0
2026/7/16,1:29:5,18.9,78.0,22.6,95.0,20.3,81.3,1022,0
2026/7/16,1:29:5,18.9,78.0,22.6,95.0,20.3,81.3,1022,0
2026/7/16,1:29:5,18.9,78.0,22.6,95.0,20.3,81.3,1021,0
2026/7/16,1:29:5,18.9,78.0,22.6,95.0,20.3,81.3,1022,0
2026/7/16,1:29:5,18.9,78.0,22.6,95.0,20.3,81.3,1019,0
2026/7/16,1:29:6,18.9,78.0,22.6,95.0,20.3,81.3,1023,0
2026/7/16,1:29:6,18.9,78.0,22.6,95.0,20.3,81.3,1023,0
2026/7/16,1:29:6,18.9,78.0,22.6,95.0,20.3,81.3,1019,0
2026/7/16,1:29:6,18.8,78.0,22.5,95.0,20.4,81.3,1022,0
2026/7/16,1:29:6,18.8,78.0,22.5,95.0,20.4,81.3,1023,0
2026/7/16,1:29:7,18.8,78.0,22.5,95.0,20.4,81.3,1022,0
2026/7/16,1:29:7,18.8,78.0,22.5,95.0,20.4,81.3,1023,0
2026/7/16,1:29:7,18.8,78.0,22.5,95.0,20.4,81.3,1023,0
2026/7/16,1:29:7,18.8,78.0,22.5,95.0,20.4,81.3,1019,0
2026/7/16,1:29:7,18.8,78.0,22.5,95.0,20.4,81.3,1022,0
2026/7/16,1:29:8,18.8,78.0,22.5,95.0,20.4,81.3,1022,0
2026/7/16,1:29:8,18.8,78.0,22.5,95.0,20.4,81.3,1022,0
2026/7/16,1:29:8,18.8,78.0,22.5,95.0,20.4,81.3,1021,0
2026/7/16,1:29:8,18.8,79.0,22.5,95.0,20.3,81.3,1022,0
2026/7/16,1:29:8,18.8,79.0,22.5,95.0,20.3,81.3,1023,0
2026/7/16,1:29:9,18.8,79.0,22.5,95.0,20.3,81.3,1022,0
2026/7/16,1:29:9,18.8,79.0,22.5,95.0,20.3,81.3,1022,0
2026/7/16,1:29:9,18.8,79.0,22.5,95.0,20.3,81.3,1022,0
2026/7/16,1:29:9,18.8,79.0,22.5,95.0,20.3,81.3,1022,0
2026/7/16,1:29:9,18.8,79.0,22.5,95.0,20.3,81.3,1021,0
2026/7/16,1:29:10,18.8,79.0,22.5,95.0,20.3,81.3,1023,0
2026/7/16,1:29:10,18.8,79.0,22.5,95.0,20.3,81.3,1023,0
2026/7/16,1:29:10,18.8,79.0,22.5,95.0,20.3,81.3,1023,0
2026/7/16,1:29:10,18.8,79.0,22.6,95.0,20.3,81.3,1023,0
2026/7/16,1:29:11,18.8,79.0,22.6,95.0,20.3,81.3,1022,0
2026/7/16,1:29:11,18.8,79.0,22.6,95.0,20.3,81.3,1022,0
2026/7/16,1:29:11,18.8,79.0,22.6,95.0,20.3,81.3,1022,0
2026/7/16,1:29:11,18.8,79.0,22.6,95.0,20.3,81.3,1022,0
2026/7/16,1:29:11,18.8,79.0,22.6,95.0,20.3,81.3,1022,0
2026/7/16,1:29:12,18.8,79.0,22.6,95.0,20.3,81.3,1023,0
2026/7/16,1:29:12,18.8,79.0,22.6,95.0,20.3,81.3,1021,0
2026/7/16,1:29:12,18.8,79.0,22.6,95.0,20.3,81.3,1022,0
2026/7/16,1:29:12,18.8,79.0,22.6,95.0,20.3,81.3,1019,0
2026/7/16,1:29:12,19.0,79.0,22.6,95.0,20.4,81.3,1022,0
2026/7/16,1:29:13,19.0,79.0,22.6,95.0,20.4,81.3,1023,0
2026/7/16,1:29:13,19.0,79.0,22.6,95.0,20.4,81.3,1023,0
2026/7/16,1:29:13,19.0,79.0,22.6,95.0,20.4,81.3,1023,0
2026/7/16,1:29:13,19.0,79.0,22.6,95.0,20.4,81.3,1023,0
2026/7/16,1:29:13,19.0,79.0,22.6,95.0,20.4,81.3,1023,0
2026/7/16,1:29:14,19.0,79.0,22.6,95.0,20.4,81.3,1023,0
2026/7/16,1:29:14,19.0,79.0,22.6,95.0,20.4,81.3,1019,0
2026/7/16,1:29:14,19.0,79.0,22.6,95.0,20.4,81.3,1023,0
2026/7/16,1:29:14,19.0,79.0,22.6,95.0,20.4,81.3,1023,0
2026/7/16,1:29:14,18.9,79.0,22.6,95.0,20.4,81.3,1023,0
2026/7/16,1:29:15,18.9,79.0,22.6,95.0,20.4,81.3,1023,0
2026/7/16,1:29:15,18.9,79.0,22.6,95.0,20.4,81.3,1023,0
2026/7/16,1:29:15,18.9,79.0,22.6,95.0,20.4,81.3,1023,0
2026/7/16,1:29:15,18.9,79.0,22.6,95.0,20.4,81.3,1022,0
2026/7/16,1:29:15,18.9,79.0,22.6,95.0,20.4,81.3,1019,0
2026/7/16,1:29:16,18.9,79.0,22.6,95.0,20.4,81.3,1019,0
2026/7/16,1:29:16,18.9,79.0,22.6,95.0,20.4,81.3,1022,0
2026/7/16,1:29:16,18.9,79.0,22.6,95.0,20.4,81.3,1022,0
2026/7/16,1:29:16,18.9,79.0,22.6,95.0,20.4,81.3,1019,0
2026/7/16,1:29:16,18.8,79.0,22.5,95.0,20.3,81.3,1021,0
2026/7/16,1:29:17,18.8,79.0,22.5,95.0,20.3,81.3,1023,0
2026/7/16,1:29:17,18.8,79.0,22.5,95.0,20.3,81.3,1022,0
2026/7/16,1:29:17,18.8,79.0,22.5,95.0,20.3,81.3,1022,0
2026/7/16,1:29:17,18.8,79.0,22.5,95.0,20.3,81.3,1023,0
2026/7/16,1:29:17,18.8,79.0,22.5,95.0,20.3,81.3,1023,0
2026/7/16,1:29:18,18.8,79.0,22.5,95.0,20.3,81.3,1023,0
2026/7/16,1:29:18,18.8,79.0,22.5,95.0,20.3,81.3,1021,0
2026/7/16,1:29:18,18.8,79.0,22.5,95.0,20.3,81.3,1023,0
2026/7/16,1:29:18,18.8,79.0,22.5,95.0,20.3,81.3,1023,0
2026/7/16,1:29:18,18.9,79.0,22.5,95.0,20.4,81.3,1022,0
2026/7/16,1:29:19,18.9,79.0,22.5,95.0,20.4,81.3,1022,0
2026/7/16,1:29:19,18.9,79.0,22.5,95.0,20.4,81.3,1022,0
2026/7/16,1:29:19,18.9,79.0,22.5,95.0,20.4,81.3,1022,0
2026/7/16,1:29:19,18.9,79.0,22.5,95.0,20.4,81.3,1022,0
2026/7/16,1:29:19,18.9,79.0,22.5,95.0,20.4,81.3,1022,0
2026/7/16,1:29:20,18.9,79.0,22.5,95.0,20.4,81.3,1022,0
2026/7/16,1:29:20,18.9,79.0,22.5,95.0,20.4,81.3,1021,0
2026/7/16,1:29:20,18.9,79.0,22.5,95.0,20.4,81.3,1023,0
2026/7/16,1:29:20,18.9,79.0,22.5,95.0,20.4,81.3,1019,0
2026/7/16,1:29:20,19.0,79.0,22.6,95.0,20.4,81.4,1022,0
2026/7/16,1:29:21,19.0,79.0,22.6,95.0,20.4,81.4,1023,0
2026/7/16,1:29:21,19.0,79.0,22.6,95.0,20.4,81.4,1022,0
2026/7/16,1:29:21,19.0,79.0,22.6,95.0,20.4,81.4,1023,0
2026/7/16,1:29:21,19.0,79.0,22.6,95.0,20.4,81.4,1021,0
2026/7/16,1:29:21,19.0,79.0,22.6,95.0,20.4,81.4,1023,0
2026/7/16,1:29:22,19.0,79.0,22.6,95.0,20.4,81.4,1023,0
2026/7/16,1:29:22,19.0,79.0,22.6,95.0,20.4,81.4,1022,0
2026/7/16,1:29:22,19.0,79.0,22.6,95.0,20.4,81.4,1019,0
2026/7/16,1:29:22,19.0,79.0,22.6,95.0,20.4,81.4,1023,0
2026/7/16,1:29:23,18.9,79.0,22.6,95.0,20.4,81.3,1023,0
2026/7/16,1:29:23,18.9,79.0,22.6,95.0,20.4,81.3,1023,0
2026/7/16,1:29:23,18.9,79.0,22.6,95.0,20.4,81.3,1023,0
2026/7/16,1:29:23,18.9,79.0,22.6,95.0,20.4,81.3,1023,0
2026/7/16,1:29:23,18.9,79.0,22.6,95.0,20.4,81.3,1023,0
2026/7/16,1:29:23,18.9,79.0,22.6,95.0,20.4,81.3,1023,0
2026/7/16,1:29:24,18.9,79.0,22.6,95.0,20.4,81.3,1022,0
2026/7/16,1:29:24,18.9,79.0,22.6,95.0,20.4,81.3,1023,0
2026/7/16,1:29:24,18.9,79.0,22.6,95.0,20.4,81.3,1021,0
2026/7/16,1:29:24,18.9,79.0,22.6,95.0,20.4,81.3,1021,0
2026/7/16,1:29:25,19.1,79.0,22.6,95.0,20.4,81.3,1022,0
2026/7/16,1:29:25,19.1,79.0,22.6,95.0,20.4,81.3,1022,0
2026/7/16,1:29:25,19.1,79.0,22.6,95.0,20.4,81.3,1022,0
2026/7/16,1:29:25,19.1,79.0,22.6,95.0,20.4,81.3,1023,0
2026/7/16,1:29:25,19.1,79.0,22.6,95.0,20.4,81.3,1023,0
2026/7/16,1:29:25,19.1,79.0,22.6,95.0,20.4,81.3,1023,0
2026/7/16,1:29:26,19.1,79.0,22.6,95.0,20.4,81.3,1021,0
2026/7/16,1:29:26,19.1,79.0,22.6,95.0,20.4,81.3,1023,0
2026/7/16,1:29:26,19.1,79.0,22.6,95.0,20.4,81.3,1021,0
2026/7/16,1:29:26,19.1,79.0,22.6,95.0,20.4,81.3,1023,0
2026/7/16,1:29:27,18.9,79.0,22.6,95.0,20.4,81.3,1022,0
2026/7/16,1:29:27,18.9,79.0,22.6,95.0,20.4,81.3,1023,0
2026/7/16,1:29:27,18.9,79.0,22.6,95.0,20.4,81.3,1023,0
2026/7/16,1:29:27,18.9,79.0,22.6,95.0,20.4,81.3,1019,0
2026/7/16,1:29:27,18.9,79.0,22.6,95.0,20.4,81.3,1022,0
2026/7/16,1:29:28,18.9,79.0,22.6,95.0,20.4,81.3,1023,0
2026/7/16,1:29:28,18.9,79.0,22.6,95.0,20.4,81.3,1019,0
2026/7/16,1:29:28,18.9,79.0,22.6,95.0,20.4,81.3,1022,0
2026/7/16,1:29:28,18.9,79.0,22.6,95.0,20.4,81.3,1019,0
2026/7/16,1:29:28,18.9,79.0,22.6,95.0,20.4,81.3,1023,0
2026/7/16,1:29:29,18.9,79.0,22.5,95.0,20.4,81.3,1023,0
2026/7/16,1:29:29,18.9,79.0,22.5,95.0,20.4,81.3,1022,0
2026/7/16,1:29:29,18.9,79.0,22.5,95.0,20.4,81.3,1022,0
2026/7/16,1:29:29,18.9,79.0,22.5,95.0,20.4,81.3,1023,0
2026/7/16,1:29:29,18.9,79.0,22.5,95.0,20.4,81.3,1023,0
2026/7/16,1:29:30,18.9,79.0,22.5,95.0,20.4,81.3,1023,0
2026/7/16,1:29:30,18.9,79.0,22.5,95.0,20.4,81.3,1023,0
2026/7/16,1:29:30,18.9,79.0,22.5,95.0,20.4,81.3,1023,0
2026/7/16,1:29:30,18.9,79.0,22.5,95.0,20.4,81.3,1021,0
2026/7/16,1:29:30,18.9,79.0,22.5,95.0,20.4,81.3,1023,0
2026/7/16,1:29:31,19.1,79.0,22.5,95.0,20.4,81.3,1023,0
2026/7/16,1:29:31,19.1,79.0,22.5,95.0,20.4,81.3,1022,0
2026/7/16,1:29:31,19.1,79.0,22.5,95.0,20.4,81.3,1023,0
2026/7/16,1:29:31,19.1,79.0,22.5,95.0,20.4,81.3,1023,0
2026/7/16,1:29:31,19.1,79.0,22.5,95.0,20.4,81.3,1023,0
2026/7/16,1:29:32,19.1,79.0,22.5,95.0,20.4,81.3,1023,0
2026/7/16,1:29:32,19.1,79.0,22.5,95.0,20.4,81.3,1021,0
2026/7/16,1:29:32,19.1,79.0,22.5,95.0,20.4,81.3,1023,0
2026/7/16,1:29:32,19.1,79.0,22.5,95.0,20.4,81.3,1023,0
2026/7/16,1:29:32,19.1,79.0,22.5,95.0,20.4,81.3,1023,0
2026/7/16,1:29:33,19.1,79.0,22.6,95.0,20.4,81.3,1023,0
2026/7/16,1:29:33,19.1,79.0,22.6,95.0,20.4,81.3,1023,0
2026/7/16,1:29:33,19.1,79.0,22.6,95.0,20.4,81.3,1022,0
2026/7/16,1:29:33,19.1,79.0,22.6,95.0,20.4,81.3,1023,0
2026/7/16,1:29:33,19.1,79.0,22.6,95.0,20.4,81.3,1022,0
2026/7/16,1:29:34,19.1,79.0,22.6,95.0,20.4,81.3,1021,0
2026/7/16,1:29:34,19.1,79.0,22.6,95.0,20.4,81.3,1022,0
2026/7/16,1:29:34,19.1,79.0,22.6,95.0,20.4,81.3,1023,0
2026/7/16,1:29:34,19.1,79.0,22.6,95.0,20.4,81.3,1023,0
2026/7/16,1:29:34,19.1,79.0,22.6,95.0,20.4,81.3,1023,0
2026/7/16,1:29:35,19.1,79.0,22.5,95.0,20.4,81.3,1022,0
2026/7/16,1:29:35,19.1,79.0,22.5,95.0,20.4,81.3,1022,0
2026/7/16,1:29:35,19.1,79.0,22.5,95.0,20.4,81.3,1022,0
2026/7/16,1:29:35,19.1,79.0,22.5,95.0,20.4,81.3,1022,0
2026/7/16,1:29:35,19.1,79.0,22.5,95.0,20.4,81.3,1023,0
2026/7/16,1:29:36,19.1,79.0,22.5,95.0,20.4,81.3,1022,0
2026/7/16,1:29:36,19.1,79.0,22.5,95.0,20.4,81.3,1019,0
2026/7/16,1:29:36,19.1,79.0,22.5,95.0,20.4,81.3,1022,0
2026/7/16,1:29:36,19.1,79.0,22.5,95.0,20.4,81.3,1023,0
2026/7/16,1:29:36,19.1,79.0,22.5,95.0,20.4,81.3,1019,0
2026/7/16,1:29:37,19.0,79.0,22.5,95.0,20.4,81.3,1022,0
2026/7/16,1:29:37,19.0,79.0,22.5,95.0,20.4,81.3,1023,0
2026/7/16,1:29:37,19.0,79.0,22.5,95.0,20.4,81.3,1022,0
2026/7/16,1:29:37,19.0,79.0,22.5,95.0,20.4,81.3,1023,0
2026/7/16,1:29:37,19.0,79.0,22.5,95.0,20.4,81.3,1022,0
2026/7/16,1:29:38,19.0,79.0,22.5,95.0,20.4,81.3,1022,0
2026/7/16,1:29:38,19.0,79.0,22.5,95.0,20.4,81.3,1022,0
2026/7/16,1:29:38,19.0,79.0,22.5,95.0,20.4,81.3,1023,0
2026/7/16,1:29:38,19.0,79.0,22.5,95.0,20.4,81.3,1019,0
2026/7/16,1:29:38,19.0,79.0,22.5,95.0,20.4,81.3,1019,0
2026/7/16,1:29:39,18.9,79.0,22.6,95.0,20.4,81.3,1019,0
2026/7/16,1:29:39,18.9,79.0,22.6,95.0,20.4,81.3,1022,0
2026/7/16,1:29:39,18.9,79.0,22.6,95.0,20.4,81.3,1022,0
2026/7/16,1:29:39,18.9,79.0,22.6,95.0,20.4,81.3,1023,0
2026/7/16,1:29:39,18.9,79.0,22.6,95.0,20.4,81.3,1022,0
2026/7/16,1:29:40,18.9,79.0,22.6,95.0,20.4,81.3,1023,0
2026/7/16,1:29:40,18.9,79.0,22.6,95.0,20.4,81.3,1022,0
2026/7/16,1:29:40,18.9,79.0,22.6,95.0,20.4,81.3,1022,0
2026/7/16,1:29:40,18.9,79.0,22.6,95.0,20.4,81.3,1023,0
2026/7/16,1:29:40,18.9,79.0,22.6,95.0,20.4,81.3,1022,0
2026/7/16,1:29:41,19.1,79.0,22.6,95.0,20.4,81.3,1023,0
2026/7/16,1:29:41,19.1,79.0,22.6,95.0,20.4,81.3,1022,0
2026/7/16,1:29:41,19.1,79.0,22.6,95.0,20.4,81.3,1023,0
2026/7/16,1:29:41,19.1,79.0,22.6,95.0,20.4,81.3,1023,0
2026/7/16,1:29:41,19.1,79.0,22.6,95.0,20.4,81.3,1021,0
2026/7/16,1:29:42,19.1,79.0,22.6,95.0,20.4,81.3,1022,0
2026/7/16,1:29:42,19.1,79.0,22.6,95.0,20.4,81.3,1023,0
2026/7/16,1:29:42,19.1,79.0,22.6,95.0,20.4,81.3,1023,0
2026/7/16,1:29:42,19.1,79.0,22.6,95.0,20.4,81.3,1021,0
2026/7/16,1:29:42,19.1,79.0,22.6,95.0,20.4,81.3,1023,0
2026/7/16,1:29:43,19.0,79.0,22.6,95.0,20.4,81.3,1022,0
2026/7/16,1:29:43,19.0,79.0,22.6,95.0,20.4,81.3,1022,0
2026/7/16,1:29:43,19.0,79.0,22.6,95.0,20.4,81.3,1022,0
2026/7/16,1:29:43,19.0,79.0,22.6,95.0,20.4,81.3,1023,0
2026/7/16,1:29:44,19.0,79.0,22.6,95.0,20.4,81.3,1022,0
2026/7/16,1:29:44,19.0,79.0,22.6,95.0,20.4,81.3,1023,0
2026/7/16,1:29:44,19.0,79.0,22.6,95.0,20.4,81.3,1023,0
2026/7/16,1:29:44,19.0,79.0,22.6,95.0,20.4,81.3,1023,0
2026/7/16,1:29:44,19.0,79.0,22.6,95.0,20.4,81.3,1019,0
2026/7/16,1:29:45,19.0,79.0,22.6,95.0,20.4,81.3,1023,0
2026/7/16,1:29:45,19.0,79.0,22.6,95.0,20.4,81.3,1023,0
2026/7/16,1:29:45,19.0,79.0,22.6,95.0,20.4,81.3,1023,0
2026/7/16,1:29:45,19.0,79.0,22.6,95.0,20.4,81.3,1023,0
2026/7/16,1:29:45,19.0,79.0,22.6,95.0,20.4,81.3,1023,0
2026/7/16,1:29:46,19.0,79.0,22.6,95.0,20.4,81.3,1019,0
2026/7/16,1:29:46,19.0,79.0,22.6,95.0,20.4,81.3,1022,0
2026/7/16,1:29:46,19.0,79.0,22.6,95.0,20.4,81.3,1023,0
2026/7/16,1:29:46,19.0,79.0,22.6,95.0,20.4,81.3,1023,0
2026/7/16,1:29:46,19.0,79.0,22.6,95.0,20.4,81.3,1023,0
2026/7/16,1:29:47,19.0,79.0,22.6,95.0,20.4,81.3,1021,0
2026/7/16,1:29:47,19.0,79.0,22.6,95.0,20.4,81.3,1023,0
2026/7/16,1:29:47,19.0,79.0,22.6,95.0,20.4,81.3,1022,0
2026/7/16,1:29:47,19.0,79.0,22.6,95.0,20.4,81.3,1022,0
2026/7/16,1:29:47,19.0,79.0,22.6,95.0,20.4,81.3,1023,0
2026/7/16,1:29:48,19.0,79.0,22.6,95.0,20.4,81.3,1023,0
2026/7/16,1:29:48,19.0,79.0,22.6,95.0,20.4,81.3,1022,0
2026/7/16,1:29:48,19.0,79.0,22.6,95.0,20.4,81.3,1023,0
2026/7/16,1:29:48,19.0,79.0,22.6,95.0,20.4,81.3,1023,0
2026/7/16,1:29:48,19.0,79.0,22.6,95.0,20.4,81.3,1021,0
2026/7/16,1:29:49,19.0,79.0,22.6,95.0,20.4,81.3,1021,0
2026/7/16,1:29:49,19.1,79.0,22.6,95.0,20.4,81.3,1019,0
2026/7/16,1:29:49,19.1,79.0,22.6,95.0,20.4,81.3,1023,0
2026/7/16,1:29:49,19.1,79.0,22.6,95.0,20.4,81.3,1022,0
2026/7/16,1:29:49,19.1,79.0,22.6,95.0,20.4,81.3,1022,0
2026/7/16,1:29:50,19.1,79.0,22.6,95.0,20.4,81.3,1023,0
2026/7/16,1:29:50,19.1,79.0,22.6,95.0,20.4,81.3,1022,0
2026/7/16,1:29:50,19.1,79.0,22.6,95.0,20.4,81.3,1021,0
2026/7/16,1:29:50,19.1,79.0,22.6,95.0,20.4,81.3,1019,0
2026/7/16,1:29:50,19.1,79.0,22.6,95.0,20.4,81.3,1019,0
2026/7/16,1:29:51,19.1,79.0,22.6,95.0,20.4,81.3,1023,0
2026/7/16,1:29:51,19.0,79.0,22.6,95.0,20.4,81.3,1022,0
2026/7/16,1:29:51,19.0,79.0,22.6,95.0,20.4,81.3,1022,0
2026/7/16,1:29:51,19.0,79.0,22.6,95.0,20.4,81.3,1023,0
2026/7/16,1:29:51,19.0,79.0,22.6,95.0,20.4,81.3,1023,0
2026/7/16,1:29:52,19.0,79.0,22.6,95.0,20.4,81.3,1023,0
2026/7/16,1:29:52,19.0,79.0,22.6,95.0,20.4,81.3,1023,0
2026/7/16,1:29:52,19.0,79.0,22.6,95.0,20.4,81.3,1021,0
2026/7/16,1:29:52,19.0,79.0,22.6,95.0,20.4,81.3,1023,0
2026/7/16,1:29:52,19.0,79.0,22.6,95.0,20.4,81.3,1023,0
2026/7/16,1:29:53,19.0,79.0,22.6,95.0,20.4,81.3,1022,0
2026/7/16,1:29:53,19.0,80.0,22.6,95.0,20.4,81.3,1023,0
2026/7/16,1:29:53,19.0,80.0,22.6,95.0,20.4,81.3,1023,0
2026/7/16,1:29:53,19.0,80.0,22.6,95.0,20.4,81.3,1023,0
2026/7/16,1:29:53,19.0,80.0,22.6,95.0,20.4,81.3,1023,0
2026/7/16,1:29:54,19.0,80.0,22.6,95.0,20.4,81.3,1022,0
2026/7/16,1:29:54,19.0,80.0,22.6,95.0,20.4,81.3,1023,0
2026/7/16,1:29:54,19.0,80.0,22.6,95.0,20.4,81.3,1022,0
2026/7/16,1:29:54,19.0,80.0,22.6,95.0,20.4,81.3,1023,0
2026/7/16,1:29:54,19.0,80.0,22.6,95.0,20.4,81.3,1023,0
2026/7/16,1:29:55,19.0,80.0,22.6,95.0,20.4,81.3,1019,0
2026/7/16,1:29:55,19.1,80.0,22.6,95.0,20.4,81.3,1022,0
2026/7/16,1:29:55,19.1,80.0,22.6,95.0,20.4,81.3,1023,0
2026/7/16,1:29:55,19.1,80.0,22.6,95.0,20.4,81.3,1023,0
2026/7/16,1:29:55,19.1,80.0,22.6,95.0,20.4,81.3,1022,0
2026/7/16,1:29:56,19.1,80.0,22.6,95.0,20.4,81.3,1023,0
2026/7/16,1:29:56,19.1,80.0,22.6,95.0,20.4,81.3,1023,0
2026/7/16,1:29:56,19.1,80.0,22.6,95.0,20.4,81.3,1022,0
2026/7/16,1:29:56,19.1,80.0,22.6,95.0,20.4,81.3,1023,0
2026/7/16,1:29:56,19.1,80.0,22.6,95.0,20.4,81.3,1021,0
2026/7/16,1:29:57,19.1,80.0,22.6,95.0,20.4,81.3,1022,0
2026/7/16,1:29:57,19.0,80.0,22.6,95.0,20.4,81.3,1023,0
2026/7/16,1:29:57,19.0,80.0,22.6,95.0,20.4,81.3,1023,0
2026/7/16,1:29:57,19.0,80.0,22.6,95.0,20.4,81.3,1023,0
2026/7/16,1:29:57,19.0,80.0,22.6,95.0,20.4,81.3,1022,0
2026/7/16,1:29:58,19.0,80.0,22.6,95.0,20.4,81.3,1023,0
2026/7/16,1:29:58,19.0,80.0,22.6,95.0,20.4,81.3,1023,0
2026/7/16,1:29:58,19.0,80.0,22.6,95.0,20.4,81.3,1023,0
2026/7/16,1:29:58,19.0,80.0,22.6,95.0,20.4,81.3,1023,0
2026/7/16,1:29:58,19.0,80.0,22.6,95.0,20.4,81.3,1023,0
2026/7/16,1:29:59,19.0,80.0,22.6,95.0,20.4,81.3,1021,0
2026/7/16,1:29:59,19.1,80.0,22.6,95.0,20.4,81.3,1023,0
2026/7/16,1:29:59,19.1,80.0,22.6,95.0,20.4,81.3,1023,0
2026/7/16,1:29:59,19.1,80.0,22.6,95.0,20.4,81.3,1022,0
2026/7/16,1:29:59,19.1,80.0,22.6,95.0,20.4,81.3,1023,0
2026/7/16,1:30:0,19.1,80.0,22.6,95.0,20.4,81.3,1023,0
2026/7/16,1:30:0,19.1,80.0,22.6,95.0,20.4,81.3,1022,0
2026/7/16,1:30:0,19.1,80.0,22.6,95.0,20.4,81.3,1023,0
2026/7/16,1:30:0,19.1,80.0,22.6,95.0,20.4,81.3,1023,0
2026/7/16,1:30:0,19.1,80.0,22.6,95.0,20.4,81.3,1019,0
2026/7/16,1:30:1,19.1,80.0,22.6,95.0,20.4,81.3,1022,0
2026/7/16,1:30:1,19.1,80.0,22.6,95.0,20.4,81.3,1023,0
2026/7/16,1:30:1,19.1,80.0,22.6,95.0,20.4,81.3,1023,0
2026/7/16,1:30:1,19.1,80.0,22.6,95.0,20.4,81.3,1022,0
2026/7/16,1:30:2,19.1,80.0,22.6,95.0,20.4,81.3,1023,0
2026/7/16,1:30:2,19.1,80.0,22.6,95.0,20.4,81.3,1023,0
2026/7/16,1:30:2,19.1,80.0,22.6,95.0,20.4,81.3,1022,0
2026/7/16,1:30:2,19.1,80.0,22.6,95.0,20.4,81.3,1021,0
2026/7/16,1:30:2,19.1,80.0,22.6,95.0,20.4,81.3,1021,0
2026/7/16,1:30:3,19.1,80.0,22.6,95.0,20.4,81.3,1022,0
2026/7/16,1:30:3,19.1,80.0,22.6,95.0,20.4,81.3,1023,0
2026/7/16,1:30:3,19.2,80.0,22.7,95.0,20.4,81.3,1023,0
2026/7/16,1:30:3,19.2,80.0,22.7,95.0,20.4,81.3,1022,0
2026/7/16,1:30:3,19.2,80.0,22.7,95.0,20.4,81.3,1022,0
2026/7/16,1:30:4,19.2,80.0,22.7,95.0,20.4,81.3,1022,0
2026/7/16,1:30:4,19.2,80.0,22.7,95.0,20.4,81.3,1022,0
2026/7/16,1:30:4,19.2,80.0,22.7,95.0,20.4,81.3,1023,0
2026/7/16,1:30:4,19.2,80.0,22.7,95.0,20.4,81.3,1023,0
2026/7/16,1:30:4,19.2,80.0,22.7,95.0,20.4,81.3,1019,0
2026/7/16,1:30:5,19.2,80.0,22.7,95.0,20.4,81.3,1019,0
2026/7/16,1:30:5,19.2,80.0,22.7,95.0,20.4,81.3,1023,0
2026/7/16,1:30:5,19.1,80.0,22.6,95.0,20.4,81.3,1023,0
2026/7/16,1:30:5,19.1,80.0,22.6,95.0,20.4,81.3,1023,0
2026/7/16,1:30:5,19.1,80.0,22.6,95.0,20.4,81.3,1023,0
2026/7/16,1:30:6,19.1,80.0,22.6,95.0,20.4,81.3,1022,0
2026/7/16,1:30:6,19.1,80.0,22.6,95.0,20.4,81.3,1022,0
2026/7/16,1:30:6,19.1,80.0,22.6,95.0,20.4,81.3,1023,0
2026/7/16,1:30:6,19.1,80.0,22.6,95.0,20.4,81.3,1023,0
2026/7/16,1:30:6,19.1,80.0,22.6,95.0,20.4,81.3,1023,0
2026/7/16,1:30:7,19.1,80.0,22.6,95.0,20.4,81.3,1023,0
2026/7/16,1:30:7,19.1,80.0,22.6,95.0,20.4,81.3,1022,0
2026/7/16,1:30:7,18.9,80.0,22.5,95.0,20.4,81.3,1022,0
2026/7/16,1:30:7,18.9,80.0,22.5,95.0,20.4,81.3,1023,0
2026/7/16,1:30:7,18.9,80.0,22.5,95.0,20.4,81.3,1022,0
2026/7/16,1:30:8,18.9,80.0,22.5,95.0,20.4,81.3,1023,0
2026/7/16,1:30:8,18.9,80.0,22.5,95.0,20.4,81.3,1021,0
2026/7/16,1:30:8,18.9,80.0,22.5,95.0,20.4,81.3,1023,0
2026/7/16,1:30:8,18.9,80.0,22.5,95.0,20.4,81.3,1023,0
2026/7/16,1:30:8,18.9,80.0,22.5,95.0,20.4,81.3,1022,0
2026/7/16,1:30:9,18.9,80.0,22.5,95.0,20.4,81.3,1023,0
2026/7/16,1:30:9,18.9,80.0,22.5,95.0,20.4,81.3,1023,0
2026/7/16,1:30:9,19.0,80.0,22.6,95.0,20.4,81.3,1023,0
2026/7/16,1:30:9,19.0,80.0,22.6,95.0,20.4,81.3,1022,0
2026/7/16,1:30:9,19.0,80.0,22.6,95.0,20.4,81.3,1023,0
2026/7/16,1:30:10,19.0,80.0,22.6,95.0,20.4,81.3,1022,0
2026/7/16,1:30:10,19.0,80.0,22.6,95.0,20.4,81.3,1022,0
2026/7/16,1:30:10,19.0,80.0,22.6,95.0,20.4,81.3,1023,0
2026/7/16,1:30:10,19.0,80.0,22.6,95.0,20.4,81.3,1023,0
2026/7/16,1:30:10,19.0,80.0,22.6,95.0,20.4,81.3,1019,0
2026/7/16,1:30:11,19.0,80.0,22.6,95.0,20.4,81.3,1023,0
2026/7/16,1:30:11,19.0,80.0,22.6,95.0,20.4,81.3,1021,0
2026/7/16,1:30:11,19.2,80.0,22.6,95.0,20.4,81.3,1022,0
2026/7/16,1:30:11,19.2,80.0,22.6,95.0,20.4,81.3,1022,0
2026/7/16,1:30:11,19.2,80.0,22.6,95.0,20.4,81.3,1022,0
2026/7/16,1:30:12,19.2,80.0,22.6,95.0,20.4,81.3,1022,0
2026/7/16,1:30:12,19.2,80.0,22.6,95.0,20.4,81.3,1023,0
2026/7/16,1:30:12,19.2,80.0,22.6,95.0,20.4,81.3,1023,0
2026/7/16,1:30:12,19.2,80.0,22.6,95.0,20.4,81.3,1023,0
2026/7/16,1:30:12,19.2,80.0,22.6,95.0,20.4,81.3,1021,0
2026/7/16,1:30:13,19.2,80.0,22.6,95.0,20.4,81.3,1022,0
2026/7/16,1:30:13,19.2,80.0,22.6,95.0,20.4,81.3,1022,0
2026/7/16,1:30:13,19.1,80.0,22.6,95.0,20.4,81.3,1023,0
2026/7/16,1:30:13,19.1,80.0,22.6,95.0,20.4,81.3,1022,0
2026/7/16,1:30:13,19.1,80.0,22.6,95.0,20.4,81.3,1023,0
2026/7/16,1:30:14,19.1,80.0,22.6,95.0,20.4,81.3,1023,0
2026/7/16,1:30:14,19.1,80.0,22.6,95.0,20.4,81.3,1022,0
2026/7/16,1:30:14,19.1,80.0,22.6,95.0,20.4,81.3,1022,0
2026/7/16,1:30:14,19.1,80.0,22.6,95.0,20.4,81.3,1022,0
2026/7/16,1:30:14,19.1,80.0,22.6,95.0,20.4,81.3,1019,0
2026/7/16,1:30:15,19.1,80.0,22.6,95.0,20.4,81.3,1023,0
2026/7/16,1:30:15,19.1,80.0,22.6,95.0,20.4,81.3,1022,0
2026/7/16,1:30:15,19.1,80.0,22.8,95.0,20.4,81.3,1023,0
2026/7/16,1:30:15,19.1,80.0,22.8,95.0,20.4,81.3,1023,0
2026/7/16,1:30:15,19.1,80.0,22.8,95.0,20.4,81.3,1022,0
2026/7/16,1:30:16,19.1,80.0,22.8,95.0,20.4,81.3,1023,0
2026/7/16,1:30:16,19.1,80.0,22.8,95.0,20.4,81.3,1022,0
2026/7/16,1:30:16,19.1,80.0,22.8,95.0,20.4,81.3,1023,0
2026/7/16,1:30:16,19.1,80.0,22.8,95.0,20.4,81.3,1023,0
2026/7/16,1:30:16,19.1,80.0,22.8,95.0,20.4,81.3,1023,0
2026/7/16,1:30:17,19.1,80.0,22.8,95.0,20.4,81.3,1019,0
2026/7/16,1:30:17,19.1,80.0,22.8,95.0,20.4,81.3,1023,0
2026/7/16,1:30:17,19.0,80.0,22.6,95.0,20.4,81.3,1023,0
2026/7/16,1:30:17,19.0,80.0,22.6,95.0,20.4,81.3,1022,0
2026/7/16,1:30:17,19.0,80.0,22.6,95.0,20.4,81.3,1022,0
2026/7/16,1:30:18,19.0,80.0,22.6,95.0,20.4,81.3,1023,0
2026/7/16,1:30:18,19.0,80.0,22.6,95.0,20.4,81.3,1023,0
2026/7/16,1:30:18,19.0,80.0,22.6,95.0,20.4,81.3,1022,0
2026/7/16,1:30:18,19.0,80.0,22.6,95.0,20.4,81.3,1023,0
2026/7/16,1:30:18,19.0,80.0,22.6,95.0,20.4,81.3,1022,0
2026/7/16,1:30:19,19.0,80.0,22.6,95.0,20.4,81.3,1023,0
2026/7/16,1:30:19,19.0,80.0,22.6,95.0,20.4,81.3,1023,0
2026/7/16,1:30:19,19.1,80.0,22.6,95.0,20.4,81.3,1019,0
2026/7/16,1:30:19,19.1,80.0,22.6,95.0,20.4,81.3,1023,0
2026/7/16,1:30:19,19.1,80.0,22.6,95.0,20.4,81.3,1023,0
2026/7/16,1:30:20,19.1,80.0,22.6,95.0,20.4,81.3,1023,0
2026/7/16,1:30:20,19.1,80.0,22.6,95.0,20.4,81.3,1021,0
2026/7/16,1:30:20,19.1,80.0,22.6,95.0,20.4,81.3,1023,0
2026/7/16,1:30:20,19.1,80.0,22.6,95.0,20.4,81.3,1021,0
2026/7/16,1:30:20,19.1,80.0,22.6,95.0,20.4,81.3,1022,0
2026/7/16,1:30:21,19.1,80.0,22.6,95.0,20.4,81.3,1023,0
2026/7/16,1:30:21,19.1,80.0,22.6,95.0,20.4,81.3,1023,0
2026/7/16,1:30:21,19.1,80.0,22.7,95.0,20.4,81.3,1022,0
2026/7/16,1:30:21,19.1,80.0,22.7,95.0,20.4,81.3,1023,0
2026/7/16,1:30:22,19.1,80.0,22.7,95.0,20.4,81.3,1022,0
2026/7/16,1:30:22,19.1,80.0,22.7,95.0,20.4,81.3,1022,0
2026/7/16,1:30:22,19.1,80.0,22.7,95.0,20.4,81.3,1023,0
2026/7/16,1:30:22,19.1,80.0,22.7,95.0,20.4,81.3,1022,0
2026/7/16,1:30:22,19.1,80.0,22.7,95.0,20.4,81.3,1023,0
2026/7/16,1:30:23,19.1,80.0,22.7,95.0,20.4,81.3,1019,0
2026/7/16,1:30:23,19.1,80.0,22.7,95.0,20.4,81.3,1022,0
2026/7/16,1:30:23,19.1,80.0,22.7,95.0,20.4,81.3,1022,0
2026/7/16,1:30:23,19.2,80.0,22.6,95.0,20.5,81.3,1023,0
2026/7/16,1:30:23,19.2,80.0,22.6,95.0,20.5,81.3,1023,0
2026/7/16,1:30:24,19.2,80.0,22.6,95.0,20.5,81.3,1023,0
2026/7/16,1:30:24,19.2,80.0,22.6,95.0,20.5,81.3,1022,0
2026/7/16,1:30:24,19.2,80.0,22.6,95.0,20.5,81.3,1022,0
2026/7/16,1:30:24,19.2,80.0,22.6,95.0,20.5,81.3,1023,0
2026/7/16,1:30:24,19.2,80.0,22.6,95.0,20.5,81.3,1021,0
2026/7/16,1:30:25,19.2,80.0,22.6,95.0,20.5,81.3,1022,0
2026/7/16,1:30:25,19.2,80.0,22.6,95.0,20.5,81.3,1022,0
2026/7/16,1:30:25,19.2,80.0,22.6,95.0,20.5,81.3,1023,0
2026/7/16,1:30:25,19.2,80.0,22.6,95.0,20.4,81.3,1023,0
2026/7/16,1:30:25,19.2,80.0,22.6,95.0,20.4,81.3,1023,0
2026/7/16,1:30:26,19.2,80.0,22.6,95.0,20.4,81.3,1022,0
2026/7/16,1:30:26,19.2,80.0,22.6,95.0,20.4,81.3,1022,0
2026/7/16,1:30:26,19.2,80.0,22.6,95.0,20.4,81.3,1023,0
2026/7/16,1:30:26,19.2,80.0,22.6,95.0,20.4,81.3,1023,0
2026/7/16,1:30:26,19.2,80.0,22.6,95.0,20.4,81.3,1023,0
2026/7/16,1:30:27,19.2,80.0,22.6,95.0,20.4,81.3,1023,0
2026/7/16,1:30:27,19.2,80.0,22.6,95.0,20.4,81.3,1022,0
2026/7/16,1:30:27,19.2,80.0,22.6,95.0,20.4,81.3,1023,0
2026/7/16,1:30:27,19.1,80.0,22.6,95.0,20.4,81.3,1022,0
2026/7/16,1:30:27,19.1,80.0,22.6,95.0,20.4,81.3,1023,0
2026/7/16,1:30:28,19.1,80.0,22.6,95.0,20.4,81.3,1023,0
2026/7/16,1:30:28,19.1,80.0,22.6,95.0,20.4,81.3,1023,0
2026/7/16,1:30:28,19.1,80.0,22.6,95.0,20.4,81.3,1023,0
2026/7/16,1:30:28,19.1,80.0,22.6,95.0,20.4,81.3,1019,0
2026/7/16,1:30:28,19.1,80.0,22.6,95.0,20.4,81.3,1023,0
2026/7/16,1:30:29,19.1,80.0,22.6,95.0,20.4,81.3,1022,0
2026/7/16,1:30:29,19.1,80.0,22.6,95.0,20.4,81.3,1023,0
2026/7/16,1:30:29,19.1,80.0,22.6,95.0,20.4,81.3,1022,0
2026/7/16,1:30:29,19.1,80.0,22.6,95.0,20.4,81.3,1022,0
2026/7/16,1:30:29,19.1,80.0,22.6,95.0,20.4,81.3,1023,0
2026/7/16,1:30:30,19.1,80.0,22.6,95.0,20.4,81.3,1023,0
2026/7/16,1:30:30,19.1,80.0,22.6,95.0,20.4,81.3,1023,0
2026/7/16,1:30:30,19.1,80.0,22.6,95.0,20.4,81.3,1023,0
2026/7/16,1:30:30,19.1,80.0,22.6,95.0,20.4,81.3,1022,0
2026/7/16,1:30:30,19.1,80.0,22.6,95.0,20.4,81.3,1023,0
2026/7/16,1:30:31,19.1,80.0,22.6,95.0,20.4,81.3,1023,0
2026/7/16,1:30:31,19.1,80.0,22.6,95.0,20.4,81.3,1022,0
2026/7/16,1:30:31,19.1,80.0,22.6,95.0,20.4,81.3,1021,0
2026/7/16,1:30:31,19.0,80.0,22.9,95.0,20.4,81.2,1022,0
2026/7/16,1:30:31,19.0,80.0,22.9,95.0,20.4,81.2,1022,0
2026/7/16,1:30:32,19.0,80.0,22.9,95.0,20.4,81.2,1023,0
2026/7/16,1:30:32,19.0,80.0,22.9,95.0,20.4,81.2,1023,0
2026/7/16,1:30:32,19.0,80.0,22.9,95.0,20.4,81.2,1022,0
2026/7/16,1:30:32,19.0,80.0,22.9,95.0,20.4,81.2,1023,0
2026/7/16,1:30:32,19.0,80.0,22.9,95.0,20.4,81.2,1021,0
2026/7/16,1:30:33,19.0,80.0,22.9,95.0,20.4,81.2,1021,0
2026/7/16,1:30:33,19.0,80.0,22.9,95.0,20.4,81.2,1019,0
2026/7/16,1:30:33,19.0,80.0,22.9,95.0,20.4,81.2,1021,0
2026/7/16,1:30:33,19.1,80.0,22.6,95.0,20.4,81.3,1022,0
2026/7/16,1:30:33,19.1,80.0,22.6,95.0,20.4,81.3,1022,0
2026/7/16,1:30:34,19.1,80.0,22.6,95.0,20.4,81.3,1022,0
2026/7/16,1:30:34,19.1,80.0,22.6,95.0,20.4,81.3,1022,0
2026/7/16,1:30:34,19.1,80.0,22.6,95.0,20.4,81.3,1019,0
2026/7/16,1:30:34,19.1,80.0,22.6,95.0,20.4,81.3,1022,0
2026/7/16,1:30:34,19.1,80.0,22.6,95.0,20.4,81.3,1023,0
2026/7/16,1:30:35,19.1,80.0,22.6,95.0,20.4,81.3,1021,0
2026/7/16,1:30:35,19.1,80.0,22.6,95.0,20.4,81.3,1021,0
2026/7/16,1:30:35,19.1,80.0,22.6,95.0,20.4,81.3,1023,0
2026/7/16,1:30:35,19.1,80.0,22.6,95.0,20.4,81.3,1022,0
2026/7/16,1:30:35,19.1,80.0,22.6,95.0,20.4,81.3,1022,0
2026/7/16,1:30:36,19.1,80.0,22.6,95.0,20.4,81.3,1022,0
2026/7/16,1:30:36,19.1,80.0,22.6,95.0,20.4,81.3,1022,0
2026/7/16,1:30:36,19.1,80.0,22.6,95.0,20.4,81.3,1022,0
2026/7/16,1:30:36,19.1,80.0,22.6,95.0,20.4,81.3,1023,0
2026/7/16,1:30:36,19.1,80.0,22.6,95.0,20.4,81.3,1021,0
2026/7/16,1:30:37,19.1,80.0,22.6,95.0,20.4,81.3,1021,0
2026/7/16,1:30:37,19.1,80.0,22.6,95.0,20.4,81.3,1021,0
2026/7/16,1:30:37,19.1,80.0,22.6,95.0,20.4,81.3,1023,0
2026/7/16,1:30:37,19.1,80.0,22.5,95.0,20.5,81.3,1023,0
2026/7/16,1:30:37,19.1,80.0,22.5,95.0,20.5,81.3,1022,0
2026/7/16,1:30:38,19.1,80.0,22.5,95.0,20.5,81.3,1022,0
2026/7/16,1:30:38,19.1,80.0,22.5,95.0,20.5,81.3,1022,0
2026/7/16,1:30:38,19.1,80.0,22.5,95.0,20.5,81.3,1022,0
2026/7/16,1:30:38,19.1,80.0,22.5,95.0,20.5,81.3,1023,0
2026/7/16,1:30:38,19.1,80.0,22.5,95.0,20.5,81.3,1019,0
2026/7/16,1:30:39,19.1,80.0,22.5,95.0,20.5,81.3,1021,0
2026/7/16,1:30:39,19.1,80.0,22.5,95.0,20.5,81.3,1023,0
2026/7/16,1:30:39,19.1,80.0,22.5,95.0,20.5,81.3,1023,0
2026/7/16,1:30:39,19.1,80.0,22.6,95.0,20.4,81.3,1022,0
2026/7/16,1:30:40,19.1,80.0,22.6,95.0,20.4,81.3,1023,0
2026/7/16,1:30:40,19.1,80.0,22.6,95.0,20.4,81.3,1022,0
2026/7/16,1:30:40,19.1,80.0,22.6,95.0,20.4,81.3,1022,0
2026/7/16,1:30:40,19.1,80.0,22.6,95.0,20.4,81.3,1022,0
2026/7/16,1:30:40,19.1,80.0,22.6,95.0,20.4,81.3,1022,0
2026/7/16,1:30:41,19.1,80.0,22.6,95.0,20.4,81.3,1022,0
2026/7/16,1:30:41,19.1,80.0,22.6,95.0,20.4,81.3,1023,0
2026/7/16,1:30:41,19.1,80.0,22.6,95.0,20.4,81.3,1022,0
2026/7/16,1:30:41,19.1,80.0,22.6,95.0,20.4,81.3,1023,0
2026/7/16,1:30:41,19.2,80.0,22.7,95.0,20.4,81.3,1023,0
2026/7/16,1:30:42,19.2,80.0,22.7,95.0,20.4,81.3,1022,0
2026/7/16,1:30:42,19.2,80.0,22.7,95.0,20.4,81.3,1022,0
2026/7/16,1:30:42,19.2,80.0,22.7,95.0,20.4,81.3,1023,0
2026/7/16,1:30:42,19.2,80.0,22.7,95.0,20.4,81.3,1022,0
2026/7/16,1:30:42,19.2,80.0,22.7,95.0,20.4,81.3,1023,0
2026/7/16,1:30:43,19.2,80.0,22.7,95.0,20.4,81.3,1023,0
2026/7/16,1:30:43,19.2,80.0,22.7,95.0,20.4,81.3,1023,0
2026/7/16,1:30:43,19.2,80.0,22.7,95.0,20.4,81.3,1021,0
2026/7/16,1:30:43,19.2,80.0,22.7,95.0,20.4,81.3,1023,0
2026/7/16,1:30:43,19.1,80.0,22.7,95.0,20.4,81.3,1023,0
2026/7/16,1:30:44,19.1,80.0,22.7,95.0,20.4,81.3,1022,0
2026/7/16,1:30:44,19.1,80.0,22.7,95.0,20.4,81.3,1022,0
2026/7/16,1:30:44,19.1,80.0,22.7,95.0,20.4,81.3,1022,0
2026/7/16,1:30:44,19.1,80.0,22.7,95.0,20.4,81.3,1023,0
2026/7/16,1:30:44,19.1,80.0,22.7,95.0,20.4,81.3,1022,0
2026/7/16,1:30:45,19.1,80.0,22.7,95.0,20.4,81.3,1022,0
2026/7/16,1:30:45,19.1,80.0,22.7,95.0,20.4,81.3,1023,0
2026/7/16,1:30:45,19.1,80.0,22.7,95.0,20.4,81.3,1023,0
2026/7/16,1:30:45,19.1,80.0,22.7,95.0,20.4,81.3,1019,0
2026/7/16,1:30:45,19.2,80.0,22.6,95.0,20.4,81.3,1022,0
2026/7/16,1:30:46,19.2,80.0,22.6,95.0,20.4,81.3,1022,0
2026/7/16,1:30:46,19.2,80.0,22.6,95.0,20.4,81.3,1022,0
2026/7/16,1:30:46,19.2,80.0,22.6,95.0,20.4,81.3,1023,0
2026/7/16,1:30:46,19.2,80.0,22.6,95.0,20.4,81.3,1023,0
2026/7/16,1:30:46,19.2,80.0,22.6,95.0,20.4,81.3,1023,0
2026/7/16,1:30:47,19.2,80.0,22.6,95.0,20.4,81.3,1019,0
2026/7/16,1:30:47,19.2,80.0,22.6,95.0,20.4,81.3,1019,0
2026/7/16,1:30:47,19.2,80.0,22.6,95.0,20.4,81.3,1021,0
2026/7/16,1:30:47,19.2,80.0,22.6,95.0,20.4,81.3,1023,0
2026/7/16,1:30:47,19.1,80.0,22.6,95.0,20.4,81.3,1023,0
2026/7/16,1:30:48,19.1,80.0,22.6,95.0,20.4,81.3,1022,0
2026/7/16,1:30:48,19.1,80.0,22.6,95.0,20.4,81.3,1023,0
2026/7/16,1:30:48,19.1,80.0,22.6,95.0,20.4,81.3,1023,0
2026/7/16,1:30:48,19.1,80.0,22.6,95.0,20.4,81.3,1019,0
2026/7/16,1:30:48,19.1,80.0,22.6,95.0,20.4,81.3,1022,0
2026/7/16,1:30:49,19.1,80.0,22.6,95.0,20.4,81.3,1022,0
2026/7/16,1:30:49,19.1,80.0,22.6,95.0,20.4,81.3,1022,0
2026/7/16,1:30:49,19.1,80.0,22.6,95.0,20.4,81.3,1023,0
2026/7/16,1:30:49,19.1,80.0,22.6,95.0,20.4,81.3,1022,0
2026/7/16,1:30:49,19.2,80.0,22.8,95.0,20.5,81.3,1023,0
2026/7/16,1:30:50,19.2,80.0,22.8,95.0,20.5,81.3,1022,0
2026/7/16,1:30:50,19.2,80.0,22.8,95.0,20.5,81.3,1023,0
2026/7/16,1:30:50,19.2,80.0,22.8,95.0,20.5,81.3,1022,0
2026/7/16,1:30:50,19.2,80.0,22.8,95.0,20.5,81.3,1022,0
2026/7/16,1:30:50,19.2,80.0,22.8,95.0,20.5,81.3,1022,0
2026/7/16,1:30:51,19.2,80.0,22.8,95.0,20.5,81.3,1022,0
2026/7/16,1:30:51,19.2,80.0,22.8,95.0,20.5,81.3,1019,0
2026/7/16,1:30:51,19.2,80.0,22.8,95.0,20.5,81.3,1022,0
2026/7/16,1:30:51,19.2,80.0,22.8,95.0,20.5,81.3,1023,0
2026/7/16,1:30:52,19.0,80.0,22.6,95.0,20.5,81.3,1023,0
2026/7/16,1:30:52,19.0,80.0,22.6,95.0,20.5,81.3,1023,0
2026/7/16,1:30:52,19.0,80.0,22.6,95.0,20.5,81.3,1022,0
2026/7/16,1:30:52,19.0,80.0,22.6,95.0,20.5,81.3,1023,0
2026/7/16,1:30:52,19.0,80.0,22.6,95.0,20.5,81.3,1023,0
2026/7/16,1:30:52,19.0,80.0,22.6,95.0,20.5,81.3,1023,0
2026/7/16,1:30:53,19.0,80.0,22.6,95.0,20.5,81.3,1022,0
2026/7/16,1:30:53,19.0,80.0,22.6,95.0,20.5,81.3,1023,0
2026/7/16,1:30:53,19.0,80.0,22.6,95.0,20.5,81.3,1019,0
2026/7/16,1:30:53,19.0,80.0,22.6,95.0,20.5,81.3,1021,0
2026/7/16,1:30:54,19.1,80.0,22.7,95.0,20.5,81.3,1022,0
2026/7/16,1:30:54,19.1,80.0,22.7,95.0,20.5,81.3,1023,0
2026/7/16,1:30:54,19.1,80.0,22.7,95.0,20.5,81.3,1023,0
2026/7/16,1:30:54,19.1,80.0,22.7,95.0,20.5,81.3,1023,0
2026/7/16,1:30:54,19.1,80.0,22.7,95.0,20.5,81.3,1023,0
2026/7/16,1:30:54,19.1,80.0,22.7,95.0,20.5,81.3,1023,0
2026/7/16,1:30:55,19.1,80.0,22.7,95.0,20.5,81.3,1022,0
2026/7/16,1:30:55,19.1,80.0,22.7,95.0,20.5,81.3,1023,0
2026/7/16,1:30:55,19.1,80.0,22.7,95.0,20.5,81.3,1023,0
2026/7/16,1:30:55,19.1,80.0,22.7,95.0,20.5,81.3,1019,0
2026/7/16,1:30:56,19.0,80.0,22.6,95.0,20.5,81.3,1022,0
2026/7/16,1:30:56,19.0,80.0,22.6,95.0,20.5,81.3,1022,0
2026/7/16,1:30:56,19.0,80.0,22.6,95.0,20.5,81.3,1022,0
2026/7/16,1:30:56,19.0,80.0,22.6,95.0,20.5,81.3,1022,0
2026/7/16,1:30:56,19.0,80.0,22.6,95.0,20.5,81.3,1023,0
2026/7/16,1:30:57,19.0,80.0,22.6,95.0,20.5,81.3,1022,0
2026/7/16,1:30:57,19.0,80.0,22.6,95.0,20.5,81.3,1019,0
2026/7/16,1:30:57,19.0,80.0,22.6,95.0,20.5,81.3,1021,0
2026/7/16,1:30:57,19.0,80.0,22.6,95.0,20.5,81.3,1019,0
2026/7/16,1:30:57,19.0,80.0,22.6,95.0,20.5,81.3,1022,0
2026/7/16,1:30:58,19.1,80.0,22.6,95.0,20.5,81.4,1023,0
2026/7/16,1:30:58,19.1,80.0,22.6,95.0,20.5,81.4,1023,0
2026/7/16,1:30:58,19.1,80.0,22.6,95.0,20.5,81.4,1022,0
2026/7/16,1:30:58,19.1,80.0,22.6,95.0,20.5,81.4,1023,0
2026/7/16,1:30:58,19.1,80.0,22.6,95.0,20.5,81.4,1022,0
2026/7/16,1:30:59,19.1,80.0,22.6,95.0,20.5,81.4,1022,0
2026/7/16,1:30:59,19.1,80.0,22.6,95.0,20.5,81.4,1023,0
2026/7/16,1:30:59,19.1,80.0,22.6,95.0,20.5,81.4,1021,0
2026/7/16,1:30:59,19.1,80.0,22.6,95.0,20.5,81.4,1021,0
2026/7/16,1:30:59,19.1,80.0,22.6,95.0,20.5,81.4,1023,0
2026/7/16,1:31:0,19.1,80.0,22.6,95.0,20.5,81.3,1022,0
2026/7/16,1:31:0,19.1,80.0,22.6,95.0,20.5,81.3,1023,0
2026/7/16,1:31:0,19.1,80.0,22.6,95.0,20.5,81.3,1022,0
2026/7/16,1:31:0,19.1,80.0,22.6,95.0,20.5,81.3,1023,0
2026/7/16,1:31:0,19.1,80.0,22.6,95.0,20.5,81.3,1023,0
2026/7/16,1:31:1,19.1,80.0,22.6,95.0,20.5,81.3,1023,0
2026/7/16,1:31:1,19.1,80.0,22.6,95.0,20.5,81.3,1023,0
2026/7/16,1:31:1,19.1,80.0,22.6,95.0,20.5,81.3,1023,0
2026/7/16,1:31:1,19.1,80.0,22.6,95.0,20.5,81.3,1023,0
2026/7/16,1:31:1,19.1,80.0,22.6,95.0,20.5,81.3,1023,0
2026/7/16,1:31:2,19.1,80.0,22.6,95.0,20.5,81.2,1023,0
2026/7/16,1:31:2,19.1,80.0,22.6,95.0,20.5,81.2,1023,0
2026/7/16,1:31:2,19.1,80.0,22.6,95.0,20.5,81.2,1023,0
2026/7/16,1:31:2,19.1,80.0,22.6,95.0,20.5,81.2,1023,0
2026/7/16,1:31:2,19.1,80.0,22.6,95.0,20.5,81.2,1023,0
2026/7/16,1:31:3,19.1,80.0,22.6,95.0,20.5,81.2,1022,0
2026/7/16,1:31:3,19.1,80.0,22.6,95.0,20.5,81.2,1023,0
2026/7/16,1:31:3,19.1,80.0,22.6,95.0,20.5,81.2,1022,0
2026/7/16,1:31:3,19.1,80.0,22.6,95.0,20.5,81.2,1023,0
2026/7/16,1:31:3,19.1,80.0,22.6,95.0,20.5,81.2,1021,0
2026/7/16,1:31:4,19.1,80.0,22.5,95.0,20.5,81.1,1022,0
2026/7/16,1:31:4,19.1,80.0,22.5,95.0,20.5,81.1,1022,0
2026/7/16,1:31:5,19.1,80.0,22.5,95.0,20.5,81.1,1023,0
2026/7/16,1:31:10,19.1,80.0,22.7,95.0,20.5,81.0,1022,0
2026/7/16,1:31:15,19.1,79.0,22.6,95.0,20.4,80.9,1023,0
2026/7/16,1:31:20,19.1,79.0,22.7,95.0,20.4,80.9,1023,0
2026/7/16,1:31:25,19.1,79.0,22.7,95.0,20.4,80.9,1023,0
2026/7/16,1:31:30,19.0,79.0,22.7,95.0,20.4,80.9,1019,0
2026/7/16,1:31:35,18.9,79.0,22.6,95.0,20.4,81.0,1022,0
2026/7/16,1:31:40,19.1,79.0,22.6,95.0,20.4,81.0,1021,0
2026/7/16,1:31:45,19.0,80.0,22.7,95.0,20.4,81.0,1023,0
2026/7/16,1:31:50,19.0,80.0,22.6,95.0,20.4,81.0,1023,0
2026/7/16,1:31:55,19.0,80.0,22.7,95.0,20.4,81.1,1021,0
2026/7/16,1:32:0,19.0,80.0,22.6,95.0,20.4,81.1,1021,0
2026/7/16,1:32:5,19.0,80.0,22.6,95.0,20.4,81.2,1022,0
2026/7/16,1:32:10,18.9,81.0,22.5,95.0,20.4,81.2,1023,0
2026/7/16,1:32:15,19.0,81.0,22.5,95.0,20.4,81.2,1023,0
2026/7/16,1:32:20,19.0,81.0,22.6,95.0,20.4,81.2,1022,0
2026/7/16,1:32:25,18.8,81.0,22.6,95.0,20.4,81.2,1021,0
2026/7/16,1:32:30,18.9,81.0,22.6,95.0,20.4,81.3,1023,0
2026/7/16,1:32:35,18.9,81.0,22.5,95.0,20.4,81.3,1023,0
2026/7/16,1:32:40,18.9,81.0,22.6,95.0,20.4,81.3,1019,0
2026/7/16,1:32:45,18.8,81.0,22.5,95.0,20.4,81.3,1021,0
2026/7/16,1:32:50,18.8,82.0,22.5,95.0,20.4,81.4,1019,0
2026/7/16,1:32:55,18.9,82.0,22.6,95.0,20.4,81.4,1019,0
2026/7/16,1:33:0,18.9,82.0,22.5,95.0,20.4,81.5,1023,0
2026/7/16,1:33:5,18.8,82.0,22.5,95.0,20.4,81.4,1019,0
2026/7/16,1:33:10,18.9,81.0,22.6,95.0,20.4,81.5,1023,0
2026/7/16,1:33:15,18.9,81.0,22.5,95.0,20.4,81.5,1019,0
2026/7/16,1:33:20,18.7,81.0,22.6,95.0,20.4,81.4,1021,0
2026/7/16,1:33:25,18.7,82.0,22.5,95.0,20.4,81.5,1021,0
2026/7/16,1:33:30,18.7,82.0,22.5,95.0,20.4,81.5,1021,0
2026/7/16,1:33:35,18.8,82.0,22.5,95.0,20.4,81.5,1022,0
2026/7/16,1:33:40,18.9,83.0,22.5,95.0,20.4,81.5,1022,0
2026/7/16,1:33:45,18.9,83.0,22.3,95.0,20.4,81.5,1022,0
2026/7/16,1:33:50,18.9,83.0,22.4,95.0,20.4,81.5,1023,0
2026/7/16,1:33:55,18.8,82.0,22.4,95.0,20.4,81.5,1022,0
2026/7/16,1:34:0,18.8,82.0,22.4,95.0,20.4,81.5,1019,0
2026/7/16,1:34:5,18.7,82.0,22.5,95.0,20.4,81.4,1019,0
2026/7/16,1:34:10,18.8,81.0,22.5,95.0,20.4,81.2,1021,0
2026/7/16,1:34:15,18.7,79.0,22.4,95.0,20.4,81.1,1019,0
2026/7/16,1:34:20,18.9,78.0,22.5,95.0,20.4,81.0,1019,0
2026/7/16,1:34:25,18.6,78.0,22.5,95.0,20.4,81.0,1023,0
2026/7/16,1:34:30,18.8,79.0,22.4,95.0,20.4,80.9,1019,0
2026/7/16,1:34:35,18.8,79.0,22.5,95.0,20.4,80.9,1019,0
2026/7/16,1:34:40,18.8,80.0,22.5,95.0,20.4,80.9,1023,0
2026/7/16,1:34:45,18.9,80.0,22.5,95.0,20.4,80.9,1019,0
2026/7/16,1:34:50,18.7,80.0,22.5,95.0,20.4,80.8,1019,0
2026/7/16,1:34:55,18.9,80.0,22.4,95.0,20.4,80.8,1019,0
2026/7/16,1:35:0,18.9,80.0,22.4,95.0,20.4,81.0,1023,0
2026/7/16,1:35:5,19.0,80.0,22.4,95.0,20.4,81.0,1023,0
2026/7/16,1:35:10,18.7,81.0,22.4,95.0,20.4,81.0,1021,0
2026/7/16,1:35:15,18.8,80.0,22.5,95.0,20.4,80.8,1023,0
2026/7/16,1:35:20,18.7,80.0,22.5,95.0,20.4,80.4,1021,0
2026/7/16,1:35:25,18.9,78.0,22.5,95.0,20.3,80.0,1023,0
2026/7/16,1:35:30,18.7,78.0,22.5,95.0,20.4,79.9,1021,0
2026/7/16,1:35:35,18.8,78.0,22.5,95.0,20.4,79.8,1023,0
2026/7/16,1:35:40,18.8,78.0,22.5,95.0,20.4,79.8,1022,0
2026/7/16,1:35:45,18.9,78.0,22.4,95.0,20.4,79.7,1022,0
2026/7/16,1:35:50,18.7,79.0,22.4,95.0,20.4,79.8,1023,0
2026/7/16,1:35:55,18.8,79.0,22.3,95.0,20.4,79.8,1023,0
2026/7/16,1:36:0,18.8,79.0,22.5,95.0,20.4,79.9,1021,0
2026/7/16,1:36:5,18.9,79.0,22.5,95.0,20.4,79.9,1023,0
2026/7/16,1:36:10,18.8,79.0,22.5,95.0,20.4,79.9,1019,0
2026/7/16,1:36:15,18.9,79.0,22.4,95.0,20.4,80.0,1019,0
2026/7/16,1:36:20,19.0,79.0,22.5,95.0,20.4,80.0,1023,0
2026/7/16,1:36:25,18.8,79.0,22.4,95.0,20.4,80.0,1023,0
2026/7/16,1:36:30,19.0,79.0,22.4,95.0,20.4,80.0,1021,0
2026/7/16,1:36:35,19.0,78.0,22.5,95.0,20.4,80.0,1021,0
2026/7/16,1:36:40,18.8,77.0,22.5,95.0,20.4,80.0,1023,0
2026/7/16,1:36:45,18.8,77.0,22.4,95.0,20.4,80.0,1023,0
2026/7/16,1:36:50,18.8,77.0,22.5,95.0,20.4,80.0,1022,0
2026/7/16,1:36:55,18.9,77.0,22.5,95.0,20.4,80.0,1019,0
2026/7/16,1:37:0,18.9,77.0,22.4,95.0,20.3,79.8,1023,0
2026/7/16,1:37:5,19.0,77.0,22.4,95.0,20.4,79.7,1021,0
2026/7/16,1:37:10,19.0,77.0,22.4,95.0,20.4,79.6,1019,0
2026/7/16,1:37:15,18.8,77.0,22.5,95.0,20.4,79.6,1021,0
2026/7/16,1:37:20,19.0,78.0,22.5,95.0,20.4,79.7,1019,0
2026/7/16,1:37:25,19.0,78.0,22.4,95.0,20.4,79.7,1021,0
2026/7/16,1:37:30,18.9,78.0,22.5,95.0,20.4,79.7,1021,0
2026/7/16,1:37:36,19.0,78.0,22.3,95.0,20.4,79.7,1021,0
2026/7/16,1:37:41,19.1,78.0,22.4,95.0,20.4,79.7,1019,0
2026/7/16,1:37:46,19.1,79.0,22.4,95.0,20.4,79.8,1023,0
2026/7/16,1:37:51,19.1,79.0,22.4,95.0,20.4,79.8,1021,0
2026/7/16,1:37:56,19.1,79.0,22.4,95.0,20.4,79.8,1023,0
2026/7/16,1:38:1,19.1,79.0,22.5,95.0,20.4,79.9,1022,0
2026/7/16,1:38:6,19.1,79.0,22.4,95.0,20.4,79.9,1019,0
2026/7/16,1:38:11,19.0,80.0,22.4,95.0,20.4,80.0,1019,0
2026/7/16,1:38:16,19.0,80.0,22.5,95.0,20.4,80.0,1021,0
2026/7/16,1:38:21,18.9,80.0,22.5,95.0,20.4,80.1,1021,0
2026/7/16,1:38:26,18.8,80.0,22.4,95.0,20.4,80.1,1021,0
2026/7/16,1:38:31,19.1,80.0,22.4,95.0,20.4,80.1,1021,0
2026/7/16,1:38:36,18.8,80.0,22.5,95.0,20.4,80.1,1019,0
2026/7/16,1:38:41,19.1,80.0,22.4,95.0,20.4,80.3,1021,0
2026/7/16,1:38:46,19.0,80.0,22.5,95.0,20.4,80.3,1019,0
2026/7/16,1:38:51,19.1,80.0,22.4,95.0,20.4,80.3,1021,0
2026/7/16,1:38:56,19.1,80.0,22.5,95.0,20.4,80.3,1019,0
2026/7/16,1:39:1,19.1,80.0,22.5,95.0,20.4,80.3,1021,0
2026/7/16,1:39:6,19.0,80.0,22.5,95.0,20.4,80.4,1023,0
2026/7/16,1:39:11,19.1,80.0,22.5,95.0,20.4,80.5,1023,0
2026/7/16,1:39:16,18.9,80.0,22.5,95.0,20.4,80.5,1021,0
2026/7/16,1:39:21,19.0,79.0,22.5,95.0,20.4,80.5,1021,0
2026/7/16,1:39:26,19.1,79.0,22.4,95.0,20.4,80.6,1019,0
2026/7/16,1:39:31,19.1,79.0,22.5,95.0,20.4,80.6,1023,0
2026/7/16,1:39:36,19.1,79.0,22.5,95.0,20.4,80.5,1023,0
2026/7/16,1:39:41,19.1,79.0,22.5,95.0,20.4,80.5,1023,0
2026/7/16,1:39:46,19.1,79.0,22.5,95.0,20.4,80.6,1022,0
2026/7/16,1:39:51,19.0,79.0,22.4,95.0,20.4,80.6,1021,0
2026/7/16,1:39:56,19.1,80.0,22.5,95.0,20.4,80.6,1023,0
2026/7/16,1:40:1,19.1,80.0,22.4,95.0,20.4,80.7,1021,0
2026/7/16,1:40:6,19.0,80.0,22.4,95.0,20.4,80.7,1019,0
2026/7/16,1:40:11,19.1,80.0,22.5,95.0,20.4,80.8,1023,0
2026/7/16,1:40:16,18.9,80.0,22.5,95.0,20.4,80.8,1019,0
2026/7/16,1:40:21,19.0,80.0,22.4,95.0,20.4,80.8,1023,0
2026/7/16,1:40:26,19.0,79.0,22.5,95.0,20.4,80.8,1019,0
2026/7/16,1:40:31,19.0,79.0,22.5,95.0,20.4,80.8,1021,0
2026/7/16,1:40:36,19.0,79.0,22.5,95.0,20.4,80.8,1019,0
2026/7/16,1:40:41,19.0,79.0,22.5,95.0,20.4,80.8,1023,0
2026/7/16,1:40:46,19.0,79.0,22.4,95.0,20.4,80.8,1022,0
2026/7/16,1:40:51,19.0,79.0,22.5,95.0,20.4,80.8,1022,0
2026/7/16,1:40:56,19.0,80.0,22.4,95.0,20.4,80.9,1022,0
2026/7/16,1:41:1,19.0,80.0,22.4,95.0,20.4,80.8,1021,0
2026/7/16,1:41:6,18.9,80.0,22.4,95.0,20.4,80.8,1022,0
2026/7/16,1:41:11,18.9,80.0,22.4,95.0,20.4,80.8,1023,0
2026/7/16,1:41:16,18.8,81.0,22.5,95.0,20.4,80.9,1022,0
2026/7/16,1:41:21,18.9,80.0,22.4,95.0,20.4,80.9,1019,0
2026/7/16,1:41:26,18.8,79.0,22.5,95.0,20.4,81.0,1023,0
2026/7/16,1:41:31,18.8,79.0,22.5,95.0,20.4,81.0,1019,0
2026/7/16,1:41:36,18.9,79.0,22.3,95.0,20.4,81.0,1022,0
2026/7/16,1:41:41,18.9,79.0,22.5,95.0,20.4,81.0,1019,0
2026/7/16,1:41:46,18.9,79.0,22.5,95.0,20.4,81.0,1019,0
2026/7/16,1:41:51,18.8,79.0,22.4,95.0,20.4,81.0,1021,0
2026/7/16,1:41:56,18.8,80.0,22.4,95.0,20.4,81.0,1019,0
2026/7/16,1:42:1,18.9,80.0,22.4,95.0,20.4,81.0,1023,0
2026/7/16,1:42:6,18.8,80.0,22.4,95.0,20.4,81.0,1019,0
2026/7/16,1:42:11,18.8,80.0,22.3,95.0,20.4,81.0,1021,0
2026/7/16,1:42:16,18.8,80.0,22.4,95.0,20.4,81.0,1019,0
2026/7/16,1:42:21,19.0,81.0,22.4,95.0,20.4,81.0,1019,0
2026/7/16,1:42:26,19.0,81.0,22.5,95.0,20.4,81.0,1022,0
2026/7/16,1:42:31,18.9,81.0,22.4,95.0,20.4,81.1,1023,0
2026/7/16,1:42:36,18.9,80.0,22.5,95.0,20.4,81.2,1019,0
2026/7/16,1:42:41,19.0,80.0,22.5,95.0,20.4,81.1,1021,0
2026/7/16,1:42:46,18.8,80.0,22.5,95.0,20.4,81.1,1021,0
2026/7/16,1:42:51,19.0,80.0,22.3,95.0,20.4,81.0,1023,0
2026/7/16,1:42:56,19.0,80.0,22.4,95.0,20.4,80.9,1023,0
2026/7/16,1:43:1,18.9,81.0,22.4,95.0,20.4,81.0,1019,0
2026/7/16,1:43:6,18.8,80.0,22.5,95.0,20.4,80.9,1022,0
2026/7/16,1:43:11,18.8,80.0,22.4,95.0,20.4,81.0,1019,0
2026/7/16,1:43:16,18.8,80.0,22.4,95.0,20.4,81.1,1019,0
2026/7/16,1:43:21,18.9,80.0,22.4,95.0,20.3,81.0,1022,0
2026/7/16,1:43:26,18.9,80.0,22.5,95.0,20.3,81.0,1019,0
2026/7/16,1:43:31,18.8,80.0,22.3,95.0,20.4,81.1,1023,0
2026/7/16,1:43:36,18.7,80.0,22.5,95.0,20.3,81.1,1021,0
2026/7/16,1:43:41,18.8,80.0,22.5,95.0,20.3,81.2,1023,0
2026/7/16,1:43:46,18.8,80.0,22.4,95.0,20.4,81.2,1023,0
2026/7/16,1:43:51,18.9,81.0,22.4,95.0,20.3,81.1,1022,0
2026/7/16,1:43:56,18.8,81.0,22.4,95.0,20.3,81.2,1022,0
2026/7/16,1:44:1,18.9,80.0,22.4,95.0,20.4,81.3,1019,0
2026/7/16,1:44:6,18.8,80.0,22.4,95.0,20.4,81.1,1022,0
2026/7/16,1:44:11,18.9,80.0,22.3,95.0,20.4,81.0,1021,0
2026/7/16,1:44:16,18.8,80.0,22.3,95.0,20.3,80.9,1023,0
2026/7/16,1:44:21,18.9,80.0,22.4,95.0,20.3,80.8,1022,0
2026/7/16,1:44:26,18.9,80.0,22.4,95.0,20.3,80.9,1022,0
2026/7/16,1:44:31,18.8,80.0,22.4,95.0,20.3,80.8,1021,0
2026/7/16,1:44:36,18.7,80.0,22.4,95.0,20.3,80.8,1023,0
2026/7/16,1:44:41,18.8,80.0,22.3,95.0,20.3,80.8,1022,0
2026/7/16,1:44:46,18.8,80.0,22.5,95.0,20.4,80.8,1023,0
2026/7/16,1:44:51,18.8,80.0,22.3,95.0,20.3,80.7,1022,0
2026/7/16,1:44:56,18.7,80.0,22.4,95.0,20.3,80.6,1023,0
2026/7/16,1:45:1,18.9,80.0,22.3,95.0,20.3,80.5,1021,0
2026/7/16,1:45:6,18.8,80.0,22.4,95.0,20.3,80.5,1023,0
2026/7/16,1:45:11,18.7,80.0,22.5,95.0,20.3,80.5,1022,0
2026/7/16,1:45:16,18.8,80.0,22.4,95.0,20.3,80.5,1019,0
2026/7/16,1:45:21,18.8,80.0,22.4,95.0,20.3,80.6,1023,0
2026/7/16,1:45:26,18.8,79.0,22.3,95.0,20.3,80.5,1021,0
2026/7/16,1:45:31,18.5,78.0,22.4,95.0,20.3,80.5,1019,0
2026/7/16,1:45:36,18.8,77.0,22.4,95.0,20.3,80.5,1021,0
2026/7/16,1:45:41,18.8,77.0,22.4,95.0,20.3,80.5,1023,0
2026/7/16,1:45:46,18.6,77.0,22.3,95.0,20.3,80.5,1019,0
2026/7/16,1:45:51,18.7,78.0,22.4,95.0,20.3,80.4,1021,0
2026/7/16,1:45:56,18.8,78.0,22.5,95.0,20.3,80.5,1021,0
2026/7/16,1:46:1,18.8,78.0,22.4,95.0,20.3,80.4,1023,0
2026/7/16,1:46:6,18.8,78.0,22.3,95.0,20.3,80.5,1019,0
2026/7/16,1:46:11,18.8,79.0,22.3,95.0,20.3,80.4,1021,0
2026/7/16,1:46:16,18.6,79.0,22.4,95.0,20.3,80.4,1021,0
2026/7/16,1:46:21,18.8,79.0,22.4,95.0,20.3,80.6,1022,0
2026/7/16,1:46:26,18.9,80.0,22.3,95.0,20.3,80.6,1019,0
2026/7/16,1:46:31,18.8,80.0,22.3,95.0,20.3,80.6,1023,0
2026/7/16,1:46:36,18.7,80.0,22.5,95.0,20.3,80.5,1022,0
2026/7/16,1:46:41,18.9,79.0,22.4,95.0,20.3,80.4,1023,0
2026/7/16,1:46:46,18.8,79.0,22.3,95.0,20.3,80.5,1023,0
2026/7/16,1:46:51,18.8,79.0,22.3,95.0,20.3,80.4,1022,0
2026/7/16,1:46:56,18.7,79.0,22.4,95.0,20.3,80.4,1023,0
2026/7/16,1:47:1,18.8,79.0,22.4,95.0,20.3,80.5,1023,0
2026/7/16,1:47:6,18.9,79.0,22.3,95.0,20.3,80.5,1021,0
2026/7/16,1:47:11,18.8,79.0,22.4,95.0,20.3,80.5,1023,0
2026/7/16,1:47:16,18.9,79.0,22.4,95.0,20.3,80.5,1023,0
2026/7/16,1:47:21,18.9,79.0,22.5,95.0,20.3,80.5,1022,0
2026/7/16,1:47:26,18.9,79.0,22.4,95.0,20.3,80.6,1023,0
2026/7/16,1:47:31,18.8,80.0,22.5,95.0,20.3,80.6,1023,0
2026/7/16,1:47:36,18.8,80.0,22.4,95.0,20.3,80.6,1019,0
2026/7/16,1:47:41,18.8,80.0,22.3,95.0,20.3,80.7,1023,0
2026/7/16,1:47:46,18.9,80.0,22.5,95.0,20.3,80.7,1021,0
2026/7/16,1:47:51,18.8,80.0,22.4,95.0,20.3,80.8,1019,0
2026/7/16,1:47:56,18.9,80.0,22.4,95.0,20.3,80.9,1023,0
2026/7/16,1:48:1,18.8,80.0,22.4,95.0,20.3,80.9,1023,0
2026/7/16,1:48:6,18.8,80.0,22.4,95.0,20.3,80.9,1019,0
2026/7/16,1:48:11,18.8,80.0,22.3,95.0,20.3,80.8,1023,0
2026/7/16,1:48:16,18.8,80.0,22.4,95.0,20.3,80.9,1022,0
2026/7/16,1:48:21,18.8,81.0,22.4,95.0,20.3,80.9,1023,0
2026/7/16,1:48:26,18.7,81.0,22.3,95.0,20.4,80.9,1023,0
2026/7/16,1:48:31,18.8,81.0,22.4,95.0,20.3,80.9,1023,0
2026/7/16,1:48:36,18.8,81.0,22.3,95.0,20.3,81.0,1019,0
2026/7/16,1:48:41,18.8,81.0,22.5,95.0,20.3,81.0,1023,0
2026/7/16,1:48:46,18.9,80.0,22.5,95.0,20.3,81.0,1019,0
2026/7/16,1:48:51,18.9,80.0,22.4,95.0,20.3,81.0,1022,0
2026/7/16,1:48:56,18.7,81.0,22.4,95.0,20.3,81.0,1023,0
2026/7/16,1:49:1,18.8,80.0,22.4,95.0,20.3,80.9,1023,0
2026/7/16,1:49:6,18.9,80.0,22.4,95.0,20.3,80.9,1022,0
2026/7/16,1:49:12,18.8,80.0,22.4,95.0,20.3,80.9,1021,0
2026/7/16,1:49:17,18.9,80.0,22.4,95.0,20.3,80.9,1022,0
2026/7/16,1:49:22,18.7,80.0,22.4,95.0,20.3,80.9,1021,0
2026/7/16,1:49:27,18.8,80.0,22.4,95.0,20.3,80.9,1019,0
2026/7/16,1:49:32,18.7,80.0,22.4,95.0,20.3,81.0,1023,0
2026/7/16,1:49:37,18.7,80.0,22.4,95.0,20.3,81.0,1023,0
2026/7/16,1:49:42,18.8,80.0,22.4,95.0,20.3,80.9,1019,0
2026/7/16,1:49:47,18.8,80.0,22.4,95.0,20.3,80.5,1022,0
2026/7/16,1:49:52,18.7,80.0,22.4,95.0,20.3,80.6,1023,0
2026/7/16,1:49:57,18.8,80.0,22.3,95.0,20.3,80.5,1021,0
2026/7/16,1:50:2,18.6,80.0,22.5,95.0,20.3,80.6,1023,0
2026/7/16,1:50:7,18.8,80.0,22.5,95.0,20.3,80.6,1019,0
2026/7/16,1:50:12,18.8,80.0,22.4,95.0,20.3,80.6,1023,0
2026/7/16,1:50:17,18.8,80.0,22.4,95.0,20.3,80.4,1022,0
2026/7/16,1:50:22,18.8,80.0,22.3,95.0,20.3,80.4,1023,0
2026/7/16,1:50:27,18.8,80.0,22.4,95.0,20.3,80.3,1022,0
2026/7/16,1:50:32,18.8,80.0,22.3,95.0,20.3,80.3,1023,0
2026/7/16,1:50:37,18.7,80.0,22.4,95.0,20.3,80.3,1023,0
2026/7/16,1:50:42,18.7,80.0,22.4,95.0,20.3,80.3,1023,0
2026/7/16,1:50:47,18.8,80.0,22.4,95.0,20.3,80.3,1019,0
2026/7/16,1:50:52,18.5,80.0,22.4,95.0,20.3,80.4,1023,0
2026/7/16,1:50:57,18.8,80.0,22.3,95.0,20.3,80.4,1019,0
2026/7/16,1:51:2,18.8,80.0,22.4,95.0,20.3,80.4,1023,0
2026/7/16,1:51:7,18.6,80.0,22.4,95.0,20.3,80.5,1023,0
2026/7/16,1:51:12,18.8,80.0,22.4,95.0,20.3,80.6,1023,0
2026/7/16,1:51:17,18.7,79.0,22.4,95.0,20.3,80.5,1023,0
2026/7/16,1:51:22,18.9,79.0,22.4,95.0,20.3,80.5,1021,0
2026/7/16,1:51:27,18.9,79.0,22.5,95.0,20.3,80.4,1023,0
2026/7/16,1:51:32,18.8,79.0,22.4,95.0,20.3,80.4,1021,0
2026/7/16,1:51:37,18.8,79.0,22.4,95.0,20.3,80.5,1019,0
2026/7/16,1:51:42,18.6,79.0,22.4,95.0,20.3,80.5,1021,0
2026/7/16,1:51:47,18.9,79.0,22.3,95.0,20.3,80.5,1023,0
2026/7/16,1:51:52,18.8,79.0,22.4,95.0,20.3,80.6,1023,0
2026/7/16,1:51:57,18.7,79.0,22.4,95.0,20.3,80.6,1022,0
2026/7/16,1:52:2,18.7,79.0,22.4,95.0,20.3,80.7,1019,0
2026/7/16,1:52:7,18.8,79.0,22.4,95.0,20.3,80.7,1021,0
2026/7/16,1:52:12,18.8,79.0,22.4,95.0,20.3,80.7,1021,0
2026/7/16,1:52:17,18.7,79.0,22.5,95.0,20.3,80.8,1021,0
2026/7/16,1:52:22,18.8,79.0,22.4,95.0,20.3,80.8,1023,0
2026/7/16,1:52:27,18.7,79.0,22.2,95.0,20.3,80.9,1021,0
2026/7/16,1:52:32,18.9,79.0,22.4,95.0,20.3,80.8,1019,0
2026/7/16,1:52:37,18.8,79.0,22.5,95.0,20.3,80.9,1022,0
2026/7/16,1:52:42,18.6,80.0,22.4,95.0,20.3,81.1,1023,0
2026/7/16,1:52:47,18.8,80.0,22.4,95.0,20.3,80.9,1019,0
2026/7/16,1:52:52,18.7,80.0,22.5,95.0,20.3,80.7,1019,0
2026/7/16,1:52:57,19.0,80.0,22.4,95.0,20.3,80.6,1021,0
2026/7/16,1:53:2,18.7,80.0,22.4,95.0,20.3,80.6,1023,0
2026/7/16,1:53:7,18.8,80.0,22.4,95.0,20.3,80.6,1021,0
2026/7/16,1:53:12,18.7,80.0,22.3,95.0,20.3,80.6,1023,0
2026/7/16,1:53:17,18.8,80.0,22.5,95.0,20.3,80.7,1022,0
2026/7/16,1:53:22,18.8,80.0,22.4,95.0,20.3,80.7,1023,0
2026/7/16,1:53:27,18.9,80.0,22.4,95.0,20.3,80.7,1021,0
2026/7/16,1:53:32,18.7,80.0,22.4,95.0,20.3,80.7,1023,0
2026/7/16,1:53:37,18.8,80.0,22.4,95.0,20.3,80.7,1023,0
2026/7/16,1:53:42,18.9,80.0,22.4,95.0,20.3,80.7,1021,0
2026/7/16,1:53:47,18.7,80.0,22.3,95.0,20.3,80.8,1023,0
2026/7/16,1:53:52,18.9,80.0,22.4,95.0,20.3,80.8,1023,0
2026/7/16,1:53:57,18.9,80.0,22.4,95.0,20.3,80.8,1019,0
2026/7/16,1:54:2,19.0,80.0,22.3,95.0,20.3,80.8,1021,0
2026/7/16,1:54:7,18.7,80.0,22.4,95.0,20.3,80.8,1021,0
2026/7/16,1:54:12,18.8,80.0,22.3,95.0,20.3,80.8,1023,0
2026/7/16,1:54:17,18.8,80.0,22.4,95.0,20.3,80.9,1019,0
2026/7/16,1:54:22,18.8,80.0,22.4,95.0,20.3,80.9,1023,0
2026/7/16,1:54:27,18.7,80.0,22.4,95.0,20.3,80.9,1022,0
2026/7/16,1:54:32,18.8,80.0,22.4,95.0,20.3,80.9,1019,0
2026/7/16,1:54:37,18.8,80.0,22.4,95.0,20.3,80.9,1023,0
2026/7/16,1:54:42,18.8,80.0,22.4,95.0,20.3,80.9,1022,0
2026/7/16,1:54:47,18.9,80.0,22.4,95.0,20.3,80.9,1023,0
2026/7/16,1:54:52,18.8,80.0,22.3,95.0,20.3,80.9,1019,0
2026/7/16,1:54:57,18.8,81.0,22.4,95.0,20.3,80.9,1023,0
2026/7/16,1:55:2,18.8,81.0,22.4,95.0,20.3,80.9,1021,0
2026/7/16,1:55:7,18.7,79.0,22.4,95.0,20.3,81.0,1022,0
2026/7/16,1:55:12,19.0,77.0,22.4,95.0,20.3,81.0,1021,0
2026/7/16,1:55:17,18.7,76.0,22.5,95.0,20.3,80.9,1023,0
2026/7/16,1:55:22,18.7,76.0,22.3,95.0,20.3,80.8,1019,0
2026/7/16,1:55:27,18.8,76.0,22.3,95.0,20.3,80.7,1019,0
2026/7/16,1:55:32,18.7,76.0,22.4,95.0,20.3,80.5,1021,0
2026/7/16,1:55:37,18.9,76.0,22.4,95.0,20.3,80.5,1021,0
2026/7/16,1:55:42,18.8,77.0,22.4,95.0,20.3,80.5,1021,0
2026/7/16,1:55:47,18.8,77.0,22.3,95.0,20.3,80.5,1021,0
2026/7/16,1:55:52,18.9,77.0,22.2,95.0,20.3,80.5,1022,0
2026/7/16,1:55:57,18.7,77.0,22.4,95.0,20.3,80.5,1023,0
2026/7/16,1:56:2,18.9,78.0,22.4,95.0,20.3,80.5,1023,0
2026/7/16,1:56:7,18.7,78.0,22.4,95.0,20.3,80.5,1021,0
2026/7/16,1:56:12,18.6,78.0,22.4,95.0,20.3,80.5,1021,0
2026/7/16,1:56:17,19.0,78.0,22.4,95.0,20.3,80.5,1023,0
2026/7/16,1:56:22,18.8,78.0,22.4,95.0,20.3,80.4,1022,0
2026/7/16,1:56:27,18.7,78.0,22.5,95.0,20.3,80.3,1021,0
2026/7/16,1:56:32,19.0,78.0,22.3,95.0,20.3,80.2,1023,0
2026/7/16,1:56:37,18.8,79.0,22.5,95.0,20.3,80.1,1023,0
2026/7/16,1:56:42,18.9,79.0,22.4,95.0,20.3,80.2,1022,0
2026/7/16,1:56:47,18.7,79.0,22.5,95.0,20.3,80.2,1023,0
2026/7/16,1:56:52,18.9,79.0,22.4,95.0,20.3,80.1,1019,0
2026/7/16,1:56:57,19.0,79.0,22.3,95.0,20.3,80.2,1019,0
2026/7/16,1:57:2,19.0,79.0,22.4,95.0,20.3,80.2,1019,0
2026/7/16,1:57:7,18.8,79.0,22.3,95.0,20.3,80.2,1023,0
2026/7/16,1:57:12,18.8,79.0,22.3,95.0,20.3,80.2,1023,0
2026/7/16,1:57:17,18.8,79.0,22.4,95.0,20.3,80.2,1023,0
2026/7/16,1:57:22,18.7,79.0,22.4,95.0,20.3,80.3,1019,0
2026/7/16,1:57:27,19.0,79.0,22.4,95.0,20.3,80.4,1023,0
2026/7/16,1:57:32,19.0,79.0,22.4,95.0,20.3,80.4,1022,0
2026/7/16,1:57:37,18.8,79.0,22.4,95.0,20.3,80.4,1022,0
2026/7/16,1:57:42,18.7,79.0,22.4,95.0,20.3,80.5,1019,0
2026/7/16,1:57:47,18.9,79.0,22.3,95.0,20.3,80.6,1019,0
2026/7/16,1:57:52,18.9,80.0,22.3,95.0,20.3,80.6,1023,0
2026/7/16,1:57:57,18.8,80.0,22.3,95.0,20.3,80.7,1021,0
2026/7/16,1:58:2,18.7,80.0,22.3,95.0,20.3,80.7,1019,0
2026/7/16,1:58:7,18.8,80.0,22.5,95.0,20.3,80.7,1022,0
2026/7/16,1:58:12,18.8,79.0,22.4,95.0,20.3,80.7,1023,0
2026/7/16,1:58:17,18.9,79.0,22.4,95.0,20.3,80.7,1023,0
2026/7/16,1:58:22,18.7,79.0,22.5,95.0,20.3,80.7,1022,0
2026/7/16,1:58:27,18.9,79.0,22.4,95.0,20.3,80.7,1021,0
2026/7/16,1:58:32,18.8,79.0,22.4,95.0,20.3,80.5,1023,0
2026/7/16,1:58:37,18.9,79.0,22.2,95.0,20.3,80.4,1023,0
2026/7/16,1:58:42,18.8,78.0,22.4,95.0,20.3,80.4,1019,0
2026/7/16,1:58:47,18.9,78.0,22.4,95.0,20.3,80.4,1023,0
2026/7/16,1:58:52,18.8,79.0,22.4,95.0,20.3,80.3,1023,0
2026/7/16,1:58:57,18.7,79.0,22.2,95.0,20.3,80.4,1023,0
2026/7/16,1:59:2,18.9,79.0,22.4,95.0,20.3,80.3,1019,0
2026/7/16,1:59:7,19.0,79.0,22.3,95.0,20.3,80.4,1023,0
2026/7/16,1:59:12,18.9,79.0,22.2,95.0,20.3,80.4,1022,0
2026/7/16,1:59:17,18.9,79.0,22.4,95.0,20.3,80.4,1019,0
2026/7/16,1:59:22,18.8,79.0,22.4,95.0,20.3,80.4,1023,0
2026/7/16,1:59:27,18.9,79.0,22.3,95.0,20.3,80.4,1023,0
2026/7/16,1:59:32,18.7,79.0,22.3,95.0,20.3,80.4,1019,0
2026/7/16,1:59:37,18.8,79.0,22.3,95.0,20.3,80.5,1023,0
2026/7/16,1:59:42,18.9,79.0,22.3,95.0,20.3,80.4,1023,0
2026/7/16,1:59:47,18.9,79.0,22.4,95.0,20.3,80.5,1019,0
2026/7/16,1:59:52,19.0,79.0,22.3,95.0,20.3,80.4,1023,0
2026/7/16,1:59:57,18.7,79.0,22.3,95.0,20.3,80.4,1023,0
2026/7/16,2:0:2,18.8,79.0,22.4,95.0,20.3,80.3,1019,0
2026/7/16,2:0:7,18.8,78.0,22.4,95.0,20.3,80.3,1023,0
2026/7/16,2:0:12,18.8,78.0,22.4,95.0,20.3,80.2,1021,0
2026/7/16,2:0:17,18.9,78.0,22.3,95.0,20.3,80.1,1021,0
2026/7/16,2:0:22,18.9,77.0,22.4,95.0,20.3,79.7,1022,0
2026/7/16,2:0:27,18.7,77.0,22.3,95.0,20.3,79.3,1019,0
2026/7/16,2:0:33,18.8,77.0,22.5,95.0,20.3,79.1,1023,0
2026/7/16,2:0:38,18.7,77.0,22.3,95.0,20.3,79.1,1023,0
2026/7/16,2:0:43,18.8,76.0,22.3,95.0,20.3,79.1,1023,0
2026/7/16,2:0:48,19.0,76.0,22.4,95.0,20.3,79.1,1023,0
2026/7/16,2:0:53,18.8,76.0,22.4,95.0,20.3,79.2,1022,0
2026/7/16,2:0:58,18.8,76.0,22.4,95.0,20.3,79.2,1022,0
2026/7/16,2:1:3,18.8,76.0,22.4,95.0,20.3,79.2,1023,0
2026/7/16,2:1:8,18.8,76.0,22.4,95.0,20.3,79.3,1023,0
2026/7/16,2:1:13,18.7,77.0,22.4,95.0,20.3,79.3,1023,0
2026/7/16,2:1:18,18.8,77.0,22.3,95.0,20.3,79.4,1019,0
2026/7/16,2:1:23,18.9,77.0,22.3,95.0,20.3,79.4,1022,0
2026/7/16,2:1:28,18.9,78.0,22.4,95.0,20.3,79.5,1023,0
2026/7/16,2:1:33,18.7,78.0,22.4,95.0,20.3,79.5,1022,0
2026/7/16,2:1:38,18.8,78.0,22.4,95.0,20.3,79.6,1021,0
2026/7/16,2:1:43,18.8,78.0,22.4,95.0,20.3,79.7,1021,0
2026/7/16,2:1:48,18.9,79.0,22.4,95.0,20.3,79.7,1023,0
2026/7/16,2:1:53,18.8,79.0,22.2,95.0,20.3,79.8,1023,0
2026/7/16,2:1:58,18.7,79.0,22.3,95.0,20.3,79.8,1023,0
2026/7/16,2:2:3,18.5,79.0,22.4,95.0,20.3,79.8,1022,0
2026/7/16,2:2:8,18.8,79.0,22.3,95.0,20.3,79.8,1019,0
2026/7/16,2:2:13,18.7,79.0,22.3,95.0,20.3,79.8,1019,0
2026/7/16,2:2:18,18.8,79.0,22.3,95.0,20.3,79.8,1019,0
2026/7/16,2:2:23,18.7,79.0,22.4,95.0,20.3,79.9,1019,0
2026/7/16,2:2:28,18.8,79.0,22.2,95.0,20.3,79.9,1023,0
2026/7/16,2:2:33,18.8,79.0,22.4,95.0,20.3,80.0,1019,0
2026/7/16,2:2:38,18.8,79.0,22.3,95.0,20.3,80.1,1023,0
2026/7/16,2:2:43,18.7,79.0,22.4,95.0,20.3,80.1,1021,0
2026/7/16,2:2:48,18.7,79.0,22.3,95.0,20.3,80.1,1021,0
2026/7/16,2:2:53,18.8,79.0,22.3,95.0,20.3,80.1,1023,0
2026/7/16,2:2:58,18.8,79.0,22.3,95.0,20.3,80.2,1023,0
2026/7/16,2:3:3,18.8,79.0,22.4,95.0,20.3,80.2,1023,0
2026/7/16,2:3:8,18.8,79.0,22.4,95.0,20.3,80.3,1021,0
2026/7/16,2:3:13,18.8,79.0,22.4,95.0,20.3,80.2,1021,0
2026/7/16,2:3:18,18.8,79.0,22.3,95.0,20.3,80.2,1022,0
2026/7/16,2:3:23,18.8,79.0,22.3,95.0,20.3,80.1,1023,0
2026/7/16,2:3:28,18.8,79.0,22.2,95.0,20.3,80.1,1019,0
2026/7/16,2:3:33,18.8,80.0,22.4,95.0,20.3,80.1,1019,0
2026/7/16,2:3:38,18.8,80.0,22.3,95.0,20.3,80.2,1019,0
2026/7/16,2:3:43,18.7,80.0,22.4,95.0,20.3,80.2,1022,0
2026/7/16,2:3:48,18.8,80.0,22.4,95.0,20.3,80.3,1023,0
2026/7/16,2:3:53,18.7,80.0,22.4,95.0,20.3,80.3,1022,0
2026/7/16,2:3:58,18.7,80.0,22.4,95.0,20.3,80.3,1021,0
2026/7/16,2:4:3,18.7,80.0,22.4,95.0,20.3,80.3,1023,0
2026/7/16,2:4:8,18.7,80.0,22.4,95.0,20.3,80.4,1019,0
2026/7/16,2:4:13,18.7,80.0,22.3,95.0,20.2,80.4,1023,0
2026/7/16,2:4:18,18.8,80.0,22.5,95.0,20.2,80.4,1022,0
2026/7/16,2:4:23,18.8,80.0,22.3,95.0,20.2,80.4,1023,0
2026/7/16,2:4:28,18.7,80.0,22.4,95.0,20.2,80.4,1023,0
2026/7/16,2:4:33,18.7,80.0,22.3,95.0,20.2,80.4,1022,0
2026/7/16,2:4:38,18.7,80.0,22.3,95.0,20.3,80.5,1022,0
2026/7/16,2:4:43,18.6,80.0,22.4,95.0,20.2,80.4,1019,0
2026/7/16,2:4:48,18.8,80.0,22.3,95.0,20.2,80.5,1019,0
2026/7/16,2:4:53,18.7,80.0,22.3,95.0,20.2,80.5,1023,0
2026/7/16,2:4:58,18.7,80.0,22.3,95.0,20.3,80.5,1023,0
2026/7/16,2:5:3,18.7,80.0,22.3,95.0,20.2,80.6,1023,0
2026/7/16,2:5:8,18.7,80.0,22.4,95.0,20.2,80.6,1021,0
2026/7/16,2:5:13,18.6,80.0,22.3,95.0,20.2,80.6,1023,0
2026/7/16,2:5:18,18.7,80.0,22.4,95.0,20.3,80.6,1019,0
2026/7/16,2:5:23,18.7,81.0,22.3,95.0,20.2,80.6,1023,0
2026/7/16,2:5:28,18.6,81.0,22.4,95.0,20.3,80.7,1023,0
2026/7/16,2:5:33,18.7,81.0,22.3,95.0,20.3,80.7,1023,0
2026/7/16,2:5:38,18.6,81.0,22.3,95.0,20.3,80.8,1019,0
2026/7/16,2:5:43,18.6,81.0,22.4,95.0,20.2,80.8,1023,0
2026/7/16,2:5:48,18.5,81.0,22.3,95.0,20.2,80.9,1022,0
2026/7/16,2:5:53,18.5,81.0,22.4,95.0,20.2,80.9,1023,0
2026/7/16,2:5:58,18.7,81.0,22.4,95.0,20.2,80.9,1022,0
2026/7/16,2:6:3,18.7,81.0,22.3,95.0,20.2,80.9,1022,0
2026/7/16,2:6:8,18.7,81.0,22.4,95.0,20.2,80.9,1023,0
2026/7/16,2:6:13,18.7,81.0,22.3,95.0,20.3,80.9,1023,0
2026/7/16,2:6:18,18.6,81.0,22.5,95.0,20.2,81.0,1019,0
2026/7/16,2:6:23,18.5,81.0,22.4,95.0,20.2,81.0,1023,0
2026/7/16,2:6:28,18.5,81.0,22.3,95.0,20.2,81.0,1019,0
2026/7/16,2:6:33,18.6,81.0,22.4,95.0,20.2,81.0,1023,0
2026/7/16,2:6:38,18.5,81.0,22.4,95.0,20.2,81.0,1023,0
2026/7/16,2:6:43,18.5,81.0,22.4,95.0,20.2,81.1,1022,0
2026/7/16,2:6:48,18.5,81.0,22.3,95.0,20.2,81.1,1021,0
2026/7/16,2:6:53,18.6,81.0,22.3,95.0,20.2,81.1,1023,0
2026/7/16,2:6:58,18.5,81.0,22.2,95.0,20.2,81.1,1019,0
2026/7/16,2:7:3,18.7,81.0,22.3,95.0,20.2,81.1,1023,0
2026/7/16,2:7:8,18.5,82.0,22.4,95.0,20.2,81.1,1019,0
2026/7/16,2:7:13,18.6,82.0,22.4,95.0,20.2,81.2,1019,0
2026/7/16,2:7:18,18.7,82.0,22.3,95.0,20.2,81.2,1023,0
2026/7/16,2:7:23,18.6,82.0,22.3,95.0,20.2,81.2,1023,0
2026/7/16,2:7:28,18.5,82.0,22.3,95.0,20.2,81.2,1022,0
2026/7/16,2:7:33,18.5,82.0,22.3,95.0,20.2,81.2,1023,0
2026/7/16,2:7:38,18.5,82.0,22.5,95.0,20.2,81.3,1023,0
2026/7/16,2:7:43,18.5,82.0,22.3,95.0,20.2,81.3,1019,0
2026/7/16,2:7:48,18.5,81.0,22.4,95.0,20.2,81.4,1021,0
2026/7/16,2:7:53,18.5,80.0,22.3,95.0,20.2,81.5,1023,0
2026/7/16,2:7:58,18.5,80.0,22.3,95.0,20.2,81.5,1021,0
2026/7/16,2:8:3,18.5,80.0,22.4,95.0,20.2,81.5,1022,0
2026/7/16,2:8:8,18.5,80.0,22.3,95.0,20.2,81.5,1023,0
2026/7/16,2:8:13,18.4,80.0,22.4,95.0,20.2,81.4,1021,0
2026/7/16,2:8:18,18.5,80.0,22.2,95.0,20.2,81.4,1023,0
2026/7/16,2:8:23,18.5,80.0,22.4,95.0,20.2,81.4,1023,0
2026/7/16,2:8:28,18.5,80.0,22.2,95.0,20.2,81.3,1019,0
2026/7/16,2:8:33,18.5,80.0,22.3,95.0,20.2,81.4,1023,0
2026/7/16,2:8:38,18.5,80.0,22.4,95.0,20.2,81.3,1023,0
2026/7/16,2:8:43,18.5,80.0,22.4,95.0,20.2,81.3,1021,0
2026/7/16,2:8:48,18.5,80.0,22.2,95.0,20.2,81.2,1023,0
2026/7/16,2:8:53,18.5,80.0,22.4,95.0,20.2,81.3,1023,0
2026/7/16,2:8:58,18.5,81.0,22.3,95.0,20.2,81.4,1023,0
2026/7/16,2:9:3,18.5,80.0,22.4,95.0,20.2,81.4,1023,0
2026/7/16,2:9:8,18.5,81.0,22.3,95.0,20.2,81.4,1023,0
2026/7/16,2:9:13,18.5,81.0,22.2,95.0,20.2,81.4,1023,0
2026/7/16,2:9:18,18.4,81.0,22.3,95.0,20.2,81.3,1019,0
2026/7/16,2:9:23,18.5,81.0,22.3,95.0,20.2,81.3,1023,0
2026/7/16,2:9:28,18.5,81.0,22.3,95.0,20.2,81.4,1021,0
2026/7/16,2:9:33,18.5,82.0,22.3,95.0,20.2,81.4,1019,0
2026/7/16,2:9:38,18.5,82.0,22.3,95.0,20.2,81.4,1023,0
2026/7/16,2:9:43,18.5,82.0,22.3,95.0,20.2,81.4,1019,0
2026/7/16,2:9:48,18.5,82.0,22.3,95.0,20.2,81.4,1021,0
2026/7/16,2:9:53,18.4,82.0,22.3,95.0,20.2,81.4,1021,0
2026/7/16,2:9:58,18.6,82.0,22.4,95.0,20.2,81.4,1023,0
2026/7/16,2:10:3,18.5,82.0,22.1,95.0,20.2,81.4,1021,0
2026/7/16,2:10:8,18.4,82.0,22.3,95.0,20.2,81.3,1022,0
2026/7/16,2:10:13,18.4,82.0,22.4,95.0,20.2,81.4,1021,0
2026/7/16,2:10:18,18.4,82.0,22.3,95.0,20.2,81.4,1021,0
2026/7/16,2:10:23,18.5,83.0,22.3,95.0,20.2,81.4,1019,0
2026/7/16,2:10:28,18.5,83.0,22.3,95.0,20.2,81.3,1021,0
2026/7/16,2:10:33,18.5,83.0,22.3,95.0,20.2,81.4,1022,0
2026/7/16,2:10:38,18.4,83.0,22.3,95.0,20.2,81.4,1019,0
2026/7/16,2:10:43,18.4,82.0,22.4,95.0,20.2,81.5,1023,0
2026/7/16,2:10:48,18.5,82.0,22.3,95.0,20.2,81.4,1021,0
2026/7/16,2:10:53,18.4,82.0,22.3,95.0,20.2,81.5,1022,0
2026/7/16,2:10:58,18.4,82.0,22.2,95.0,20.2,81.5,1019,0
2026/7/16,2:11:3,18.5,83.0,22.3,95.0,20.2,81.5,1023,0
2026/7/16,2:11:8,18.5,83.0,22.2,95.0,20.2,81.5,1023,0
2026/7/16,2:11:13,18.5,83.0,22.3,95.0,20.2,81.5,1023,0
2026/7/16,2:11:18,18.5,83.0,22.4,95.0,20.2,81.5,1023,0
2026/7/16,2:11:23,18.4,83.0,22.2,95.0,20.2,81.5,1019,0
2026/7/16,2:11:28,18.4,83.0,22.4,95.0,20.2,81.5,1019,0
2026/7/16,2:11:33,18.5,83.0,22.3,95.0,20.2,81.5,1022,0
2026/7/16,2:11:38,18.4,83.0,22.2,95.0,20.2,81.5,1019,0
2026/7/16,2:11:43,18.4,83.0,22.4,95.0,20.2,81.5,1023,0
2026/7/16,2:11:48,18.4,83.0,22.3,95.0,20.2,81.6,1022,0
2026/7/16,2:11:54,18.5,83.0,22.4,95.0,20.2,81.6,1023,0
2026/7/16,2:11:59,18.5,83.0,22.4,95.0,20.2,81.6,1019,0
2026/7/16,2:12:4,18.4,83.0,22.4,95.0,20.2,81.6,1022,0
2026/7/16,2:12:9,18.4,83.0,22.4,95.0,20.2,81.5,1023,0
2026/7/16,2:12:14,18.4,83.0,22.4,95.0,20.2,81.5,1019,0
2026/7/16,2:12:19,18.4,83.0,22.3,95.0,20.2,81.6,1022,0
2026/7/16,2:12:24,18.5,83.0,22.4,95.0,20.2,81.5,1019,0
2026/7/16,2:12:29,18.4,83.0,22.3,95.0,20.2,81.5,1022,0
2026/7/16,2:12:34,18.5,83.0,22.3,95.0,20.2,81.5,1021,0
2026/7/16,2:12:39,18.5,83.0,22.4,95.0,20.2,81.6,1019,0
2026/7/16,2:12:44,18.4,83.0,22.3,95.0,20.2,81.5,1023,0
2026/7/16,2:12:49,18.5,83.0,22.3,95.0,20.2,81.4,1021,0
2026/7/16,2:12:54,18.4,83.0,22.3,95.0,20.2,81.4,1019,0
2026/7/16,2:12:59,18.4,82.0,22.3,95.0,20.2,81.4,1019,0
2026/7/16,2:13:4,18.5,82.0,22.3,95.0,20.2,81.4,1019,0
2026/7/16,2:13:9,18.4,82.0,22.3,95.0,20.2,81.4,1022,0
2026/7/16,2:13:14,18.4,82.0,22.2,95.0,20.2,81.4,1023,0
2026/7/16,2:13:19,18.4,82.0,22.3,95.0,20.2,81.4,1023,0
2026/7/16,2:13:24,18.3,83.0,22.2,95.0,20.2,81.3,1023,0
2026/7/16,2:13:29,18.4,83.0,22.2,95.0,20.2,81.4,1019,0
2026/7/16,2:13:34,18.4,83.0,22.2,95.0,20.2,81.4,1019,0
2026/7/16,2:13:39,18.4,83.0,22.3,95.0,20.2,81.5,1019,0
2026/7/16,2:13:44,18.3,83.0,22.1,95.0,20.2,81.4,1023,0
2026/7/16,2:13:49,18.3,83.0,22.3,95.0,20.2,81.5,1022,0
2026/7/16,2:13:54,18.4,84.0,22.3,95.0,20.2,81.4,1023,0
2026/7/16,2:13:59,18.5,84.0,22.3,95.0,20.2,81.5,1023,0
2026/7/16,2:14:4,18.4,84.0,22.3,95.0,20.2,81.5,1022,0
2026/7/16,2:14:9,18.3,84.0,22.3,95.0,20.2,81.5,1022,0
2026/7/16,2:14:14,18.3,84.0,22.2,95.0,20.2,81.5,1023,0
2026/7/16,2:14:19,18.4,84.0,22.4,95.0,20.2,81.5,1021,0
2026/7/16,2:14:24,18.4,84.0,22.3,95.0,20.2,81.5,1021,0
2026/7/16,2:14:29,18.4,84.0,22.3,95.0,20.2,81.5,1019,0
2026/7/16,2:14:34,18.4,84.0,22.3,95.0,20.2,81.6,1023,0
2026/7/16,2:14:39,18.3,84.0,22.3,95.0,20.2,81.5,1019,0
2026/7/16,2:14:44,18.4,84.0,22.2,95.0,20.2,81.5,1019,0
2026/7/16,2:14:49,18.3,85.0,22.2,95.0,20.2,81.5,1019,0
2026/7/16,2:14:54,18.4,85.0,22.3,95.0,20.2,81.6,1023,0
2026/7/16,2:14:59,18.4,85.0,22.3,95.0,20.2,81.5,1023,0
2026/7/16,2:15:4,18.3,85.0,22.4,95.0,20.2,81.6,1023,0
2026/7/16,2:15:9,18.3,85.0,22.2,95.0,20.2,81.6,1023,0
2026/7/16,2:15:14,18.3,85.0,22.2,95.0,20.2,81.6,1023,0
2026/7/16,2:15:19,18.4,85.0,22.3,95.0,20.2,81.7,1023,0
2026/7/16,2:15:24,18.4,84.0,22.4,95.0,20.2,81.7,1022,0
2026/7/16,2:15:29,18.4,84.0,22.3,95.0,20.2,81.7,1023,0
2026/7/16,2:15:34,18.4,84.0,22.3,95.0,20.2,81.7,1023,0
2026/7/16,2:15:39,18.4,84.0,22.3,95.0,20.2,81.7,1022,0
2026/7/16,2:15:44,18.4,85.0,22.4,95.0,20.2,81.7,1021,0
2026/7/16,2:15:49,18.4,85.0,22.2,95.0,20.2,81.7,1021,0
2026/7/16,2:15:54,18.2,85.0,22.3,95.0,20.2,81.7,1021,0
2026/7/16,2:15:59,18.3,85.0,22.3,95.0,20.2,81.7,1021,0
2026/7/16,2:16:4,18.3,85.0,22.3,95.0,20.2,81.7,1021,0
2026/7/16,2:16:9,18.4,85.0,22.3,95.0,20.2,81.8,1023,0
2026/7/16,2:16:14,18.2,85.0,22.2,95.0,20.1,81.7,1021,0
2026/7/16,2:16:19,18.3,86.0,22.3,95.0,20.2,81.8,1021,0
2026/7/16,2:16:24,18.1,85.0,22.2,95.0,20.1,81.8,1019,0
2026/7/16,2:16:29,18.3,85.0,22.4,95.0,20.1,81.8,1023,0
2026/7/16,2:16:34,18.4,85.0,22.3,95.0,20.1,81.8,1023,0
2026/7/16,2:16:39,18.2,85.0,22.2,95.0,20.1,81.8,1021,0
2026/7/16,2:16:44,18.3,85.0,22.3,95.0,20.2,81.8,1023,0
2026/7/16,2:16:49,18.2,85.0,22.3,95.0,20.1,81.8,1023,0
2026/7/16,2:16:54,18.4,85.0,22.1,95.0,20.1,81.8,1021,0
2026/7/16,2:16:59,18.2,85.0,22.2,95.0,20.2,81.8,1023,0
2026/7/16,2:17:4,18.2,84.0,22.3,95.0,20.2,81.8,1022,0
2026/7/16,2:17:9,18.2,84.0,22.2,95.0,20.2,81.8,1021,0
2026/7/16,2:17:14,18.3,84.0,22.2,95.0,20.1,81.8,1021,0
2026/7/16,2:17:19,18.2,84.0,22.2,95.0,20.1,81.8,1022,0
2026/7/16,2:17:24,18.2,84.0,22.4,95.0,20.1,81.8,1022,0
2026/7/16,2:17:29,18.2,84.0,22.3,95.0,20.1,81.8,1019,0
2026/7/16,2:17:34,18.2,84.0,22.3,95.0,20.1,81.8,1021,0
2026/7/16,2:17:39,18.3,84.0,22.4,95.0,20.1,81.8,1021,0
2026/7/16,2:17:44,18.2,85.0,22.2,95.0,20.1,81.7,1019,0
2026/7/16,2:17:49,18.2,85.0,22.4,95.0,20.2,81.7,1022,0
2026/7/16,2:17:54,18.1,85.0,22.3,95.0,20.1,81.8,1019,0
2026/7/16,2:17:59,18.2,85.0,22.2,95.0,20.1,81.7,1022,0
2026/7/16,2:18:4,18.1,85.0,22.4,95.0,20.1,81.8,1022,0
2026/7/16,2:18:9,18.2,85.0,22.2,95.0,20.2,81.8,1023,0
2026/7/16,2:18:14,18.2,85.0,22.1,95.0,20.1,81.7,1023,0
2026/7/16,2:18:19,18.1,85.0,22.3,95.0,20.2,81.7,1023,0
2026/7/16,2:18:24,18.1,85.0,22.3,95.0,20.2,81.8,1021,0
2026/7/16,2:18:29,18.2,85.0,22.2,95.0,20.1,81.8,1023,0
2026/7/16,2:18:34,18.0,85.0,22.3,95.0,20.1,81.8,1023,0
2026/7/16,2:18:39,18.1,85.0,22.3,95.0,20.1,81.9,1021,0
2026/7/16,2:18:44,18.0,85.0,22.2,95.0,20.1,81.9,1019,0
2026/7/16,2:18:49,18.1,85.0,22.1,95.0,20.1,81.9,1022,0
2026/7/16,2:18:54,18.1,85.0,22.2,95.0,20.1,81.9,1022,0
2026/7/16,2:18:59,18.2,85.0,22.3,95.0,20.1,81.9,1019,0
2026/7/16,2:19:4,18.2,85.0,22.3,95.0,20.1,81.8,1022,0
2026/7/16,2:19:9,18.1,85.0,22.2,95.0,20.1,81.9,1023,0
2026/7/16,2:19:14,18.1,85.0,22.3,95.0,20.1,81.8,1019,0
2026/7/16,2:19:19,18.1,86.0,22.1,95.0,20.1,81.9,1021,0
2026/7/16,2:19:24,18.1,86.0,22.2,95.0,20.1,81.9,1021,0
2026/7/16,2:19:29,17.9,85.0,22.2,95.0,20.1,82.0,1023,0
2026/7/16,2:19:34,18.1,86.0,22.2,95.0,20.1,82.0,1019,0
2026/7/16,2:19:39,18.0,86.0,22.2,95.0,20.1,82.0,1023,0
2026/7/16,2:19:44,18.1,86.0,22.3,95.0,20.1,82.0,1023,0
2026/7/16,2:19:49,18.1,86.0,22.2,95.0,20.1,82.1,1019,0
2026/7/16,2:19:54,18.1,86.0,22.2,95.0,20.1,82.1,1023,0
2026/7/16,2:19:59,18.1,86.0,22.2,95.0,20.1,82.1,1022,0
2026/7/16,2:20:4,18.0,86.0,22.1,95.0,20.1,82.1,1021,0
2026/7/16,2:20:9,18.0,86.0,22.3,95.0,20.1,82.1,1023,0
2026/7/16,2:20:14,18.1,86.0,22.1,95.0,20.1,82.1,1023,0
2026/7/16,2:20:19,18.0,85.0,22.2,95.0,20.1,82.1,1019,0
2026/7/16,2:20:24,18.1,86.0,22.2,95.0,20.1,82.2,1022,0
2026/7/16,2:20:29,18.0,86.0,22.3,95.0,20.1,82.1,1023,0
2026/7/16,2:20:34,18.1,86.0,22.2,95.0,20.1,82.1,1022,0
2026/7/16,2:20:39,18.0,86.0,22.2,95.0,20.1,82.1,1021,0
2026/7/16,2:20:44,18.1,86.0,22.2,95.0,20.1,82.2,1023,0
2026/7/16,2:20:49,18.1,86.0,22.2,95.0,20.1,82.2,1021,0
2026/7/16,2:20:54,17.9,85.0,22.3,95.0,20.1,82.2,1019,0
2026/7/16,2:20:59,18.0,86.0,22.3,95.0,20.1,82.3,1019,0
2026/7/16,2:21:4,18.0,86.0,22.1,95.0,20.1,82.2,1023,0
2026/7/16,2:21:9,18.0,86.0,22.2,95.0,20.1,82.2,1021,0
2026/7/16,2:21:14,17.8,85.0,22.2,95.0,20.1,82.2,1021,0
2026/7/16,2:21:19,17.8,86.0,22.3,95.0,20.1,82.2,1019,0
2026/7/16,2:21:24,18.0,87.0,22.2,95.0,20.1,82.3,1022,0
2026/7/16,2:21:29,18.0,87.0,22.3,95.0,20.1,82.2,1023,0
2026/7/16,2:21:34,18.0,87.0,22.1,95.0,20.1,82.3,1023,0
2026/7/16,2:21:39,18.0,87.0,22.2,95.0,20.1,82.2,1022,0
2026/7/16,2:21:44,18.0,87.0,22.2,95.0,20.0,82.1,1021,0
2026/7/16,2:21:49,17.9,85.0,22.2,95.0,20.0,82.0,1023,0
2026/7/16,2:21:54,17.8,85.0,22.3,95.0,20.1,82.0,1019,0
2026/7/16,2:21:59,18.0,86.0,22.2,95.0,20.0,82.0,1019,0
2026/7/16,2:22:4,18.0,86.0,22.1,95.0,20.0,82.0,1023,0
2026/7/16,2:22:9,18.0,86.0,22.2,95.0,20.1,81.9,1019,0
2026/7/16,2:22:14,17.9,85.0,22.3,95.0,20.0,81.9,1021,0
2026/7/16,2:22:19,18.0,86.0,22.2,95.0,20.0,81.9,1019,0
2026/7/16,2:22:24,17.9,85.0,22.3,95.0,20.0,81.9,1023,0
2026/7/16,2:22:29,17.9,85.0,22.2,95.0,20.0,81.9,1021,0
2026/7/16,2:22:34,17.9,85.0,22.3,95.0,20.0,81.9,1019,0
2026/7/16,2:22:39,18.0,86.0,22.3,95.0,20.0,81.9,1019,0
2026/7/16,2:22:44,17.8,85.0,22.2,95.0,20.0,81.9,1022,0
2026/7/16,2:22:49,17.8,85.0,22.1,95.0,20.0,81.9,1021,0
2026/7/16,2:22:54,17.8,85.0,22.2,95.0,20.0,81.9,1019,0
2026/7/16,2:22:59,18.0,86.0,22.2,95.0,20.0,82.0,1019,0
2026/7/16,2:23:4,17.9,85.0,22.1,95.0,20.0,82.0,1022,0
2026/7/16,2:23:9,17.9,85.0,22.1,95.0,20.0,82.0,1022,0
2026/7/16,2:23:15,17.8,86.0,22.2,95.0,20.0,82.0,1019,0
2026/7/16,2:23:20,17.9,86.0,22.3,95.0,20.0,82.0,1023,0
2026/7/16,2:23:25,17.8,86.0,22.3,95.0,20.0,82.1,1023,0
2026/7/16,2:23:30,18.0,87.0,22.3,95.0,20.0,82.0,1021,0
2026/7/16,2:23:35,17.9,86.0,22.1,95.0,20.0,82.1,1023,0
2026/7/16,2:23:40,17.8,86.0,22.1,95.0,20.0,82.2,1021,0
2026/7/16,2:23:45,17.9,85.0,22.1,95.0,20.0,82.3,1023,0
2026/7/16,2:23:50,18.0,86.0,22.3,95.0,20.0,82.2,1019,0
2026/7/16,2:23:55,17.9,85.0,22.1,95.0,20.0,82.2,1023,0
2026/7/16,2:24:0,17.9,85.0,22.2,95.0,19.9,82.2,1019,0
2026/7/16,2:24:5,17.8,85.0,22.2,95.0,20.0,82.2,1023,0
2026/7/16,2:24:10,17.9,85.0,22.2,95.0,20.0,82.3,1023,0
2026/7/16,2:24:15,17.9,85.0,22.2,95.0,20.0,82.3,1021,0
2026/7/16,2:24:20,17.9,85.0,22.3,95.0,19.9,82.2,1021,0
2026/7/16,2:24:25,17.8,85.0,22.1,95.0,19.9,82.3,1019,0
2026/7/16,2:24:30,17.8,86.0,22.1,95.0,19.9,82.3,1021,0
2026/7/16,2:24:35,17.8,86.0,22.2,95.0,19.9,82.2,1023,0
2026/7/16,2:24:40,17.9,85.0,22.1,95.0,19.9,82.3,1023,0
2026/7/16,2:24:45,17.9,85.0,22.2,95.0,20.0,82.3,1019,0
2026/7/16,2:24:50,17.9,86.0,22.3,95.0,19.9,82.3,1019,0
2026/7/16,2:24:55,17.8,86.0,22.2,95.0,19.9,82.3,1022,0
2026/7/16,2:25:0,17.8,85.0,22.2,95.0,19.9,82.3,1023,0
2026/7/16,2:25:5,17.8,85.0,22.1,95.0,19.9,82.3,1023,0
2026/7/16,2:25:10,17.8,86.0,22.3,95.0,19.9,82.3,1019,0
2026/7/16,2:25:15,17.8,86.0,22.3,95.0,19.9,82.4,1021,0
2026/7/16,2:25:20,17.9,86.0,22.2,95.0,19.9,82.4,1022,0
2026/7/16,2:25:25,17.8,86.0,22.1,95.0,19.9,82.4,1019,0
2026/7/16,2:25:30,17.8,86.0,22.3,95.0,19.9,82.4,1022,0
2026/7/16,2:25:35,17.8,86.0,22.2,95.0,19.9,82.4,1023,0
2026/7/16,2:25:40,18.0,87.0,22.2,95.0,19.9,82.4,1023,0
2026/7/16,2:25:45,17.7,86.0,22.2,95.0,19.9,82.4,1023,0
2026/7/16,2:25:50,17.8,85.0,22.2,95.0,19.9,82.4,1022,0
2026/7/16,2:25:55,17.8,85.0,22.2,95.0,19.9,82.3,1023,0
2026/7/16,2:26:0,17.8,85.0,22.2,95.0,19.9,82.3,1022,0
2026/7/16,2:26:5,17.8,85.0,22.2,95.0,19.9,82.3,1023,0
2026/7/16,2:26:10,17.8,85.0,22.3,95.0,19.9,82.3,1019,0
2026/7/16,2:26:15,17.7,85.0,22.2,95.0,19.9,82.4,1021,0
2026/7/16,2:26:20,17.8,85.0,22.2,95.0,19.9,82.3,1019,0
2026/7/16,2:26:25,17.8,85.0,22.1,95.0,19.9,82.3,1022,0
2026/7/16,2:26:30,17.8,85.0,22.4,95.0,19.9,82.4,1023,0
2026/7/16,2:26:35,17.9,85.0,22.3,95.0,19.9,82.4,1023,0
2026/7/16,2:26:40,17.7,85.0,22.2,95.0,19.9,82.4,1021,0
2026/7/16,2:26:45,17.8,85.0,22.1,95.0,19.9,82.3,1021,0
2026/7/16,2:26:50,17.7,85.0,22.2,95.0,19.9,82.4,1023,0
2026/7/16,2:26:55,17.8,85.0,22.2,95.0,19.9,82.4,1021,0
2026/7/16,2:27:0,17.8,85.0,22.2,95.0,19.8,82.4,1021,0
2026/7/16,2:27:5,17.8,86.0,22.2,95.0,19.8,82.4,1023,0
2026/7/16,2:27:10,17.8,86.0,22.1,95.0,19.9,82.4,1019,0
2026/7/16,2:27:15,17.8,86.0,22.3,95.0,19.9,82.4,1021,0
2026/7/16,2:27:20,17.7,85.0,22.2,95.0,19.9,82.4,1022,0
2026/7/16,2:27:25,17.7,86.0,22.2,95.0,19.9,82.4,1019,0
2026/7/16,2:27:30,17.8,86.0,22.2,95.0,19.9,82.5,1023,0
2026/7/16,2:27:35,17.7,86.0,22.2,95.0,19.9,82.4,1023,0
2026/7/16,2:27:40,17.8,86.0,22.4,95.0,19.9,82.5,1023,0
2026/7/16,2:27:45,17.7,86.0,22.2,95.0,19.9,82.5,1019,0
2026/7/16,2:27:50,17.7,86.0,22.1,95.0,19.8,82.5,1021,0
2026/7/16,2:27:55,17.8,86.0,22.1,95.0,19.9,82.5,1022,0
2026/7/16,2:28:0,17.8,87.0,22.1,95.0,19.9,82.5,1023,0
2026/7/16,2:28:5,17.7,87.0,22.2,95.0,19.8,82.5,1021,0
2026/7/16,2:28:10,17.7,87.0,22.2,95.0,19.9,82.6,1022,0
2026/7/16,2:28:15,17.7,87.0,22.2,95.0,19.8,82.6,1021,0
2026/7/16,2:28:20,17.8,87.0,22.1,95.0,19.8,82.7,1021,0
2026/7/16,2:28:25,17.8,87.0,22.2,95.0,19.8,82.6,1021,0
2026/7/16,2:28:30,17.7,86.0,22.1,95.0,19.8,82.4,1023,0
2026/7/16,2:28:35,17.7,86.0,22.2,95.0,19.8,82.4,1023,0
2026/7/16,2:28:40,17.8,86.0,22.1,95.0,19.8,82.4,1022,0
2026/7/16,2:28:45,17.7,86.0,22.1,95.0,19.8,82.4,1023,0
2026/7/16,2:28:50,17.7,86.0,22.2,95.0,19.8,82.4,1019,0
2026/7/16,2:28:55,17.7,86.0,22.2,95.0,19.8,82.4,1023,0
2026/7/16,2:29:0,17.7,86.0,22.2,95.0,19.8,82.4,1022,0
2026/7/16,2:29:5,17.7,86.0,22.1,95.0,19.8,82.4,1023,0
2026/7/16,2:29:10,17.8,86.0,22.1,95.0,19.8,82.5,1021,0
2026/7/16,2:29:15,17.7,86.0,22.2,95.0,19.8,82.5,1023,0
2026/7/16,2:29:20,17.7,86.0,22.3,95.0,19.8,82.5,1022,0
2026/7/16,2:29:25,17.7,86.0,22.1,95.0,19.8,82.5,1021,0
2026/7/16,2:29:30,17.7,86.0,22.1,95.0,19.8,82.6,1021,0
2026/7/16,2:29:35,17.7,86.0,22.1,95.0,19.8,82.6,1023,0
2026/7/16,2:29:40,17.7,86.0,22.1,95.0,19.8,82.6,1019,0
2026/7/16,2:29:45,17.7,86.0,22.2,95.0,19.8,82.6,1023,0
2026/7/16,2:29:50,17.7,86.0,22.2,95.0,19.8,82.6,1023,0
2026/7/16,2:29:55,17.7,86.0,22.1,95.0,19.8,82.6,1022,0
2026/7/16,2:30:0,17.7,86.0,22.1,95.0,19.8,82.6,1019,0
2026/7/16,2:30:5,17.8,86.0,22.1,95.0,19.8,82.6,1022,0
2026/7/16,2:30:10,17.8,86.0,22.1,95.0,19.8,82.6,1019,0
2026/7/16,2:30:15,17.7,86.0,22.2,95.0,19.8,82.6,1023,0
2026/7/16,2:30:20,17.7,86.0,22.2,95.0,19.8,82.6,1023,0
2026/7/16,2:30:25,17.8,86.0,22.3,95.0,19.8,82.6,1019,0
2026/7/16,2:30:30,17.7,86.0,22.3,95.0,19.8,82.7,1023,0
2026/7/16,2:30:35,17.7,86.0,22.1,95.0,19.7,82.7,1023,0
2026/7/16,2:30:40,17.7,86.0,22.2,95.0,19.8,82.7,1021,0
2026/7/16,2:30:45,17.8,87.0,22.1,95.0,19.8,82.7,1022,0
2026/7/16,2:30:50,17.7,86.0,22.2,95.0,19.8,82.7,1023,0
2026/7/16,2:30:55,17.7,87.0,22.1,95.0,19.8,82.7,1022,0
2026/7/16,2:31:0,17.7,87.0,22.2,95.0,19.8,82.7,1023,0
2026/7/16,2:31:5,17.7,87.0,22.1,95.0,19.8,82.8,1021,0
2026/7/16,2:31:10,17.7,87.0,22.2,95.0,19.8,82.7,1022,0
2026/7/16,2:31:15,17.7,87.0,22.1,95.0,19.8,82.8,1023,0
2026/7/16,2:31:20,17.7,87.0,22.1,95.0,19.8,82.8,1023,0
2026/7/16,2:31:25,17.7,87.0,22.2,95.0,19.8,82.8,1022,0
2026/7/16,2:31:30,17.7,87.0,22.1,95.0,19.8,82.8,1023,0
2026/7/16,2:31:35,17.8,87.0,22.1,95.0,19.8,82.8,1019,0
2026/7/16,2:31:40,17.7,87.0,22.2,95.0,19.8,82.8,1021,0
2026/7/16,2:31:45,17.7,87.0,22.1,95.0,19.8,82.8,1021,0
2026/7/16,2:31:50,17.7,87.0,22.1,95.0,19.8,82.8,1021,0
2026/7/16,2:31:55,17.7,88.0,22.1,95.0,19.8,82.8,1022,0
2026/7/16,2:32:0,17.7,88.0,22.2,95.0,19.8,82.8,1019,0
2026/7/16,2:32:5,17.7,88.0,22.2,95.0,19.8,82.9,1021,0
2026/7/16,2:32:10,17.7,88.0,22.1,95.0,19.8,82.9,1023,0
2026/7/16,2:32:15,17.7,88.0,22.1,95.0,19.8,82.8,1019,0
2026/7/16,2:32:20,17.7,88.0,22.1,95.0,19.8,82.9,1023,0
2026/7/16,2:32:25,17.7,88.0,22.1,95.0,19.8,82.9,1023,0
2026/7/16,2:32:30,17.6,88.0,22.2,95.0,19.8,82.9,1019,0
2026/7/16,2:32:35,17.7,88.0,22.1,95.0,19.8,82.9,1023,0
2026/7/16,2:32:40,17.7,88.0,22.2,95.0,19.8,82.9,1021,0
2026/7/16,2:32:45,17.7,88.0,22.1,95.0,19.8,82.9,1023,0
2026/7/16,2:32:50,17.7,88.0,22.2,95.0,19.8,83.0,1023,0
2026/7/16,2:32:55,17.7,88.0,22.1,95.0,19.8,83.0,1023,0
2026/7/16,2:33:0,17.6,88.0,22.1,95.0,19.7,83.0,1022,0
2026/7/16,2:33:5,17.6,88.0,22.1,95.0,19.8,83.0,1019,0
2026/7/16,2:33:10,17.7,88.0,22.1,95.0,19.8,83.0,1021,0
2026/7/16,2:33:15,17.7,88.0,22.2,95.0,19.8,83.1,1023,0
2026/7/16,2:33:20,17.5,88.0,22.2,95.0,19.8,83.1,1021,0
2026/7/16,2:33:25,17.6,88.0,22.1,95.0,19.8,83.1,1023,0
2026/7/16,2:33:30,17.7,88.0,22.1,95.0,19.8,83.1,1019,0
2026/7/16,2:33:35,17.7,88.0,22.1,95.0,19.7,83.1,1023,0
2026/7/16,2:33:40,17.7,88.0,22.2,95.0,19.7,83.1,1023,0
2026/7/16,2:33:45,17.6,88.0,22.1,95.0,19.8,83.2,1022,0
2026/7/16,2:33:50,17.7,88.0,22.2,95.0,19.8,83.2,1019,0
2026/7/16,2:33:55,17.7,88.0,22.1,95.0,19.8,83.2,1019,0
2026/7/16,2:34:0,17.7,88.0,22.1,95.0,19.8,83.1,1023,0
2026/7/16,2:34:5,17.6,88.0,22.1,95.0,19.7,83.2,1023,0
2026/7/16,2:34:11,17.7,88.0,22.1,95.0,19.8,83.2,1022,0
2026/7/16,2:34:16,17.7,88.0,22.1,95.0,19.7,83.2,1021,0
2026/7/16,2:34:21,17.7,88.0,22.2,95.0,19.8,83.2,1021,0
2026/7/16,2:34:26,17.6,88.0,22.1,95.0,19.8,83.2,1022,0
2026/7/16,2:34:31,17.6,88.0,22.2,95.0,19.8,83.2,1023,0
2026/7/16,2:34:36,17.6,88.0,22.1,95.0,19.8,83.2,1023,0
2026/7/16,2:34:41,17.7,87.0,22.1,95.0,19.8,83.2,1023,0
2026/7/16,2:34:46,17.7,87.0,22.2,95.0,19.8,83.2,1022,0
2026/7/16,2:34:51,17.5,87.0,22.1,95.0,19.7,83.2,1022,0
2026/7/16,2:34:56,17.6,87.0,22.1,95.0,19.8,83.2,1022,0
2026/7/16,2:35:1,17.6,87.0,22.1,95.0,19.7,83.1,1021,0
2026/7/16,2:35:6,17.6,87.0,22.2,95.0,19.7,83.2,1021,0
2026/7/16,2:35:11,17.6,87.0,22.1,95.0,19.7,83.2,1019,0
2026/7/16,2:35:16,17.5,87.0,22.2,95.0,19.7,83.2,1021,0
2026/7/16,2:35:21,17.6,87.0,22.1,95.0,19.8,83.2,1021,0
2026/7/16,2:35:26,17.6,87.0,22.2,95.0,19.8,83.2,1023,0
2026/7/16,2:35:31,17.6,88.0,22.1,95.0,19.8,83.2,1021,0
2026/7/16,2:35:36,17.6,88.0,22.1,95.0,19.8,83.2,1023,0
2026/7/16,2:35:41,17.6,88.0,22.1,95.0,19.7,83.2,1023,0
2026/7/16,2:35:46,17.6,88.0,22.2,95.0,19.7,83.2,1022,0
2026/7/16,2:35:51,17.6,88.0,22.2,95.0,19.7,83.2,1023,0
2026/7/16,2:35:56,17.4,88.0,22.2,95.0,19.7,83.2,1023,0
2026/7/16,2:36:1,17.7,88.0,22.2,95.0,19.7,83.3,1019,0
2026/7/16,2:36:6,17.6,88.0,22.1,95.0,19.8,83.2,1023,0
2026/7/16,2:36:11,17.6,88.0,22.1,95.0,19.7,83.3,1023,0
2026/7/16,2:36:16,17.5,88.0,22.1,95.0,19.8,83.3,1023,0
2026/7/16,2:36:21,17.5,88.0,22.2,95.0,19.7,83.2,1022,0
2026/7/16,2:36:26,17.6,88.0,22.2,95.0,19.7,83.2,1019,0
2026/7/16,2:36:31,17.5,88.0,22.2,95.0,19.7,83.2,1021,0
2026/7/16,2:36:36,17.6,88.0,22.1,95.0,19.7,83.3,1021,0
2026/7/16,2:36:41,17.5,88.0,22.1,95.0,19.7,83.2,1021,0
2026/7/16,2:36:46,17.5,89.0,22.2,95.0,19.7,83.3,1022,0
2026/7/16,2:36:51,17.6,89.0,22.2,95.0,19.7,83.2,1023,0
2026/7/16,2:36:56,17.5,89.0,22.1,95.0,19.7,83.3,1023,0
2026/7/16,2:37:1,17.5,89.0,22.2,95.0,19.7,83.2,1023,0
2026/7/16,2:37:6,17.6,89.0,22.1,95.0,19.7,83.3,1023,0
2026/7/16,2:37:11,17.4,89.0,22.1,95.0,19.7,83.2,1023,0
2026/7/16,2:37:16,17.5,89.0,22.2,95.0,19.7,83.2,1021,0
2026/7/16,2:37:21,17.6,89.0,22.2,95.0,19.7,83.2,1021,0
2026/7/16,2:37:26,17.6,88.0,22.2,95.0,19.7,83.2,1019,0
2026/7/16,2:37:31,17.6,88.0,22.1,95.0,19.7,83.2,1021,0
2026/7/16,2:37:36,17.6,88.0,22.1,95.0,19.7,83.2,1023,0
2026/7/16,2:37:41,17.6,88.0,22.1,95.0,19.7,83.2,1021,0
2026/7/16,2:37:46,17.5,88.0,22.1,95.0,19.7,83.3,1019,0
2026/7/16,2:37:51,17.6,88.0,22.2,95.0,19.7,83.2,1019,0
2026/7/16,2:37:56,17.6,88.0,22.1,95.0,19.7,83.3,1023,0
2026/7/16,2:38:1,17.4,88.0,22.1,95.0,19.7,83.3,1023,0
2026/7/16,2:38:6,17.4,88.0,22.1,95.0,19.7,83.2,1023,0
2026/7/16,2:38:11,17.6,88.0,22.1,95.0,19.7,83.2,1023,0
2026/7/16,2:38:16,17.5,88.0,22.1,95.0,19.7,83.2,1021,0
2026/7/16,2:38:21,17.5,88.0,22.1,95.0,19.7,83.2,1021,0
2026/7/16,2:38:26,17.5,88.0,22.1,95.0,19.7,83.2,1021,0
2026/7/16,2:38:31,17.6,88.0,22.1,95.0,19.7,83.2,1021,0
2026/7/16,2:38:36,17.4,88.0,22.2,95.0,19.7,83.2,1019,0
2026/7/16,2:38:41,17.5,88.0,22.1,95.0,19.7,83.2,1023,0
2026/7/16,2:38:46,17.5,88.0,22.1,95.0,19.7,83.1,1023,0
2026/7/16,2:38:51,17.5,88.0,22.1,95.0,19.7,83.2,1023,0
2026/7/16,2:38:56,17.6,89.0,22.2,95.0,19.7,83.2,1022,0
2026/7/16,2:39:1,17.5,88.0,22.1,95.0,19.7,83.1,1023,0
2026/7/16,2:39:6,17.5,89.0,22.2,95.0,19.7,83.1,1022,0
2026/7/16,2:39:11,17.5,89.0,22.2,95.0,19.7,83.2,1022,0
2026/7/16,2:39:16,17.5,89.0,22.2,95.0,19.7,83.2,1021,0
2026/7/16,2:39:21,17.5,89.0,22.2,95.0,19.7,83.2,1021,0
2026/7/16,2:39:26,17.5,89.0,22.1,95.0,19.7,83.2,1023,0
2026/7/16,2:39:31,17.5,89.0,22.1,95.0,19.7,83.3,1023,0
2026/7/16,2:39:36,17.5,89.0,22.1,95.0,19.7,83.3,1023,0
2026/7/16,2:39:41,17.5,89.0,22.1,95.0,19.7,83.3,1019,0
2026/7/16,2:39:46,17.5,89.0,22.1,95.0,19.7,83.3,1021,0
2026/7/16,2:39:51,17.4,89.0,22.1,95.0,19.7,83.4,1023,0
2026/7/16,2:39:56,17.6,89.0,22.1,95.0,19.7,83.3,1022,0
2026/7/16,2:40:1,17.5,88.0,22.1,95.0,19.7,83.3,1023,0
2026/7/16,2:40:6,17.5,88.0,22.1,95.0,19.7,83.2,1023,0
2026/7/16,2:40:11,17.5,88.0,22.0,95.0,19.7,83.2,1019,0
2026/7/16,2:40:16,17.4,88.0,22.1,95.0,19.7,83.2,1021,0
2026/7/16,2:40:21,17.5,88.0,22.1,95.0,19.6,83.2,1023,0
2026/7/16,2:40:26,17.5,88.0,22.1,95.0,19.6,83.2,1023,0
2026/7/16,2:40:31,17.5,88.0,22.1,95.0,19.6,83.2,1023,0
2026/7/16,2:40:36,17.5,88.0,22.1,95.0,19.6,83.2,1022,0
2026/7/16,2:40:41,17.5,88.0,22.1,95.0,19.6,83.3,1019,0
2026/7/16,2:40:46,17.5,88.0,22.1,95.0,19.6,83.3,1023,0
2026/7/16,2:40:51,17.4,89.0,22.1,95.0,19.6,83.3,1023,0
2026/7/16,2:40:56,17.4,89.0,22.1,95.0,19.6,83.3,1023,0
2026/7/16,2:41:1,17.4,89.0,22.1,95.0,19.6,83.3,1019,0
2026/7/16,2:41:6,17.5,89.0,22.2,95.0,19.6,83.3,1023,0
2026/7/16,2:41:11,17.5,89.0,22.1,95.0,19.6,83.3,1022,0
2026/7/16,2:41:16,17.5,89.0,22.1,95.0,19.6,83.4,1022,0
2026/7/16,2:41:21,17.3,89.0,22.1,95.0,19.6,83.5,1019,0
2026/7/16,2:41:26,17.5,89.0,22.1,95.0,19.6,83.5,1022,0
2026/7/16,2:41:31,17.5,89.0,22.1,95.0,19.6,83.4,1022,0
2026/7/16,2:41:36,17.4,89.0,22.2,95.0,19.6,83.6,1023,0
2026/7/16,2:41:41,17.4,89.0,22.1,95.0,19.6,83.6,1019,0
2026/7/16,2:41:46,17.5,89.0,22.1,95.0,19.6,83.6,1019,0
2026/7/16,2:41:51,17.3,89.0,22.1,95.0,19.6,83.7,1023,0
2026/7/16,2:41:56,17.5,89.0,22.1,95.0,19.6,83.7,1023,0
2026/7/16,2:42:1,17.4,89.0,22.1,95.0,19.6,83.6,1022,0
2026/7/16,2:42:6,17.4,89.0,22.1,95.0,19.6,83.6,1023,0
2026/7/16,2:42:11,17.5,88.0,22.1,95.0,19.6,83.6,1023,0
2026/7/16,2:42:16,17.4,88.0,22.1,95.0,19.6,83.6,1023,0
2026/7/16,2:42:21,17.4,88.0,22.1,95.0,19.6,83.6,1021,0
2026/7/16,2:42:26,17.2,88.0,22.1,95.0,19.6,83.6,1023,0
2026/7/16,2:42:31,17.4,88.0,22.1,95.0,19.6,83.6,1023,0
2026/7/16,2:42:36,17.3,88.0,22.1,95.0,19.6,83.6,1021,0
2026/7/16,2:42:41,17.5,88.0,22.1,95.0,19.6,83.6,1021,0
2026/7/16,2:42:46,17.4,89.0,22.1,95.0,19.6,83.5,1019,0
2026/7/16,2:42:51,17.3,88.0,22.1,95.0,19.6,83.6,1021,0
2026/7/16,2:42:56,17.2,88.0,22.2,95.0,19.6,83.5,1019,0
2026/7/16,2:43:1,17.4,89.0,22.1,95.0,19.6,83.6,1021,0
2026/7/16,2:43:6,17.4,89.0,22.1,95.0,19.6,83.5,1019,0
2026/7/16,2:43:11,17.4,89.0,22.1,95.0,19.6,83.5,1023,0
2026/7/16,2:43:16,17.4,89.0,22.1,95.0,19.6,83.6,1023,0
2026/7/16,2:43:21,17.2,89.0,22.2,95.0,19.6,83.6,1019,0
2026/7/16,2:43:26,17.4,89.0,22.2,95.0,19.6,83.6,1022,0
2026/7/16,2:43:31,17.4,90.0,22.1,95.0,19.6,83.6,1019,0
2026/7/16,2:43:36,17.3,90.0,22.1,95.0,19.6,83.6,1022,0
2026/7/16,2:43:41,17.4,90.0,22.1,95.0,19.6,83.6,1021,0
2026/7/16,2:43:46,17.5,90.0,22.2,95.0,19.6,83.6,1019,0
2026/7/16,2:43:51,17.4,90.0,22.1,95.0,19.6,83.6,1019,0
2026/7/16,2:43:56,17.4,90.0,22.2,95.0,19.6,83.6,1019,0
2026/7/16,2:44:1,17.4,90.0,22.1,95.0,19.6,83.6,1021,0
2026/7/16,2:44:6,17.4,90.0,22.1,95.0,19.6,83.7,1019,0
2026/7/16,2:44:11,17.4,90.0,22.0,95.0,19.6,83.6,1023,0
2026/7/16,2:44:16,17.4,90.0,22.1,95.0,19.6,83.6,1023,0
2026/7/16,2:44:21,17.2,90.0,22.2,95.0,19.6,83.5,1021,0
2026/7/16,2:44:26,17.4,90.0,22.1,95.0,19.6,83.5,1023,0
2026/7/16,2:44:31,17.4,89.0,22.1,95.0,19.6,83.4,1023,0
2026/7/16,2:44:36,17.4,89.0,22.1,95.0,19.5,83.4,1021,0
2026/7/16,2:44:41,17.5,90.0,22.1,95.0,19.6,83.5,1019,0
2026/7/16,2:44:46,17.4,90.0,22.1,95.0,19.6,83.5,1019,0
2026/7/16,2:44:51,17.3,90.0,22.1,95.0,19.5,83.5,1022,0
2026/7/16,2:44:56,17.3,90.0,22.2,95.0,19.5,83.5,1023,0
2026/7/16,2:45:1,17.4,90.0,22.0,95.0,19.5,83.5,1022,0
2026/7/16,2:45:6,17.4,89.0,22.0,95.0,19.5,83.5,1022,0
2026/7/16,2:45:12,17.4,89.0,22.1,95.0,19.5,83.5,1022,0
2026/7/16,2:45:17,17.5,89.0,22.1,95.0,19.5,83.6,1021,0
2026/7/16,2:45:22,17.3,89.0,22.0,95.0,19.5,83.6,1023,0
2026/7/16,2:45:27,17.2,89.0,22.1,95.0,19.5,83.6,1021,0
2026/7/16,2:45:32,17.5,89.0,22.1,95.0,19.5,83.6,1019,0
2026/7/16,2:45:37,17.3,89.0,22.0,95.0,19.5,83.7,1021,0
2026/7/16,2:45:42,17.1,89.0,22.1,95.0,19.5,83.6,1019,0
2026/7/16,2:45:47,17.3,90.0,22.1,95.0,19.5,83.6,1021,0
2026/7/16,2:45:52,17.3,90.0,22.1,95.0,19.5,83.7,1019,0
2026/7/16,2:45:57,17.4,90.0,22.1,95.0,19.5,83.7,1022,0
2026/7/16,2:46:2,17.4,90.0,22.0,95.0,19.5,83.6,1019,0
2026/7/16,2:46:7,17.3,90.0,22.1,95.0,19.5,83.7,1022,0
2026/7/16,2:46:12,17.4,90.0,22.1,95.0,19.5,83.6,1019,0
2026/7/16,2:46:17,17.1,90.0,22.1,95.0,19.5,83.6,1023,0
2026/7/16,2:46:22,17.4,89.0,22.1,95.0,19.5,83.5,1022,0
2026/7/16,2:46:27,17.2,89.0,22.1,95.0,19.5,83.5,1023,0
2026/7/16,2:46:32,17.2,89.0,22.1,95.0,19.5,83.5,1022,0
2026/7/16,2:46:37,17.3,89.0,22.1,95.0,19.5,83.5,1023,0
2026/7/16,2:46:42,17.5,89.0,22.1,95.0,19.5,83.5,1021,0
2026/7/16,2:46:47,17.3,89.0,22.0,95.0,19.5,83.6,1021,0
2026/7/16,2:46:52,17.3,89.0,22.1,95.0,19.5,83.6,1021,0
2026/7/16,2:46:57,17.3,89.0,22.1,95.0,19.5,83.6,1019,0
2026/7/16,2:47:2,17.4,90.0,22.1,95.0,19.5,83.6,1023,0
2026/7/16,2:47:7,17.2,90.0,22.1,95.0,19.5,83.6,1022,0
2026/7/16,2:47:12,17.4,90.0,22.1,95.0,19.5,83.6,1022,0
2026/7/16,2:47:17,17.2,90.0,22.0,95.0,19.4,83.6,1021,0
2026/7/16,2:47:22,17.4,90.0,22.0,95.0,19.5,83.7,1021,0
2026/7/16,2:47:27,17.2,89.0,22.1,95.0,19.5,83.7,1019,0
2026/7/16,2:47:32,17.3,89.0,22.1,95.0,19.4,83.7,1019,0
2026/7/16,2:47:37,17.4,89.0,22.1,95.0,19.5,83.7,1022,0
2026/7/16,2:47:42,17.3,90.0,22.1,95.0,19.5,83.8,1019,0
2026/7/16,2:47:47,17.4,90.0,22.1,95.0,19.5,83.8,1019,0
2026/7/16,2:47:52,17.3,90.0,22.0,95.0,19.5,83.8,1019,0
2026/7/16,2:47:57,17.2,90.0,22.0,95.0,19.5,83.8,1021,0
2026/7/16,2:48:2,17.2,90.0,22.1,95.0,19.5,83.8,1019,0
2026/7/16,2:48:7,17.4,90.0,22.1,95.0,19.5,83.8,1021,0
2026/7/16,2:48:12,17.4,90.0,22.1,95.0,19.4,83.9,1019,0
2026/7/16,2:48:17,17.2,90.0,22.1,95.0,19.4,83.9,1021,0
2026/7/16,2:48:22,17.2,90.0,22.1,95.0,19.4,83.9,1019,0
2026/7/16,2:48:27,17.3,90.0,22.1,95.0,19.4,83.9,1022,0
2026/7/16,2:48:32,17.2,90.0,22.1,95.0,19.5,84.0,1022,0
2026/7/16,2:48:37,17.3,90.0,22.1,95.0,19.4,84.0,1023,0
2026/7/16,2:48:42,17.3,90.0,22.1,95.0,19.5,84.0,1023,0
2026/7/16,2:48:47,17.2,90.0,22.1,95.0,19.5,83.9,1021,0
2026/7/16,2:48:52,17.2,90.0,22.1,95.0,19.4,83.9,1019,0
2026/7/16,2:48:57,17.3,90.0,22.1,95.0,19.4,83.9,1023,0
2026/7/16,2:49:2,17.3,90.0,22.1,95.0,19.4,83.9,1021,0
2026/7/16,2:49:7,17.2,90.0,22.1,95.0,19.5,83.9,1019,0
2026/7/16,2:49:12,17.2,90.0,22.1,95.0,19.4,83.9,1023,0
2026/7/16,2:49:17,17.2,90.0,22.1,95.0,19.5,83.9,1019,0
2026/7/16,2:49:22,17.3,90.0,22.1,95.0,19.4,83.9,1019,0
2026/7/16,2:49:27,17.3,90.0,22.1,95.0,19.5,84.0,1022,0
2026/7/16,2:49:32,17.2,90.0,22.0,95.0,19.4,84.0,1023,0
2026/7/16,2:49:37,17.3,90.0,22.1,95.0,19.4,84.1,1023,0
2026/7/16,2:49:42,17.3,90.0,22.1,95.0,19.4,84.0,1021,0
2026/7/16,2:49:47,17.1,90.0,22.1,95.0,19.4,84.1,1019,0
2026/7/16,2:49:52,17.2,90.0,22.0,95.0,19.4,84.0,1019,0
2026/7/16,2:49:57,17.3,90.0,22.0,95.0,19.4,84.0,1019,0
2026/7/16,2:50:2,17.2,90.0,22.1,95.0,19.4,84.0,1022,0
2026/7/16,2:50:7,17.3,90.0,22.1,95.0,19.4,84.0,1023,0
2026/7/16,2:50:12,17.4,90.0,22.0,95.0,19.4,83.9,1021,0
2026/7/16,2:50:17,17.4,90.0,22.1,95.0,19.4,83.9,1021,0
2026/7/16,2:50:22,17.2,90.0,22.0,95.0,19.4,84.0,1019,0
2026/7/16,2:50:27,17.3,90.0,22.1,95.0,19.4,83.9,1023,0
2026/7/16,2:50:32,17.3,90.0,22.1,95.0,19.4,84.0,1023,0
2026/7/16,2:50:37,17.2,90.0,22.1,95.0,19.4,84.0,1021,0
2026/7/16,2:50:42,17.4,90.0,22.1,95.0,19.4,84.0,1023,0
2026/7/16,2:50:47,17.2,90.0,22.1,95.0,19.4,84.0,1019,0
2026/7/16,2:50:52,17.3,91.0,22.0,95.0,19.4,84.0,1019,0
2026/7/16,2:50:57,17.3,91.0,22.0,95.0,19.4,84.0,1021,0
2026/7/16,2:51:2,17.4,91.0,22.1,95.0,19.4,84.0,1019,0
2026/7/16,2:51:7,17.2,91.0,22.1,95.0,19.4,84.1,1019,0
2026/7/16,2:51:12,17.3,91.0,22.1,95.0,19.4,84.1,1019,0
2026/7/16,2:51:17,17.2,91.0,22.0,95.0,19.4,84.1,1023,0
2026/7/16,2:51:22,17.4,91.0,22.1,95.0,19.4,84.1,1021,0
2026/7/16,2:51:27,17.2,91.0,22.0,95.0,19.4,84.2,1021,0
2026/7/16,2:51:32,17.2,91.0,22.1,95.0,19.4,84.2,1019,0
2026/7/16,2:51:37,17.4,90.0,22.1,95.0,19.4,84.2,1022,0
2026/7/16,2:51:42,17.2,90.0,22.0,95.0,19.4,84.2,1023,0
2026/7/16,2:51:47,17.2,90.0,22.0,95.0,19.4,84.2,1021,0
2026/7/16,2:51:52,17.2,90.0,22.0,95.0,19.4,84.2,1023,0
2026/7/16,2:51:57,17.2,90.0,22.1,95.0,19.4,84.3,1023,0
2026/7/16,2:52:2,17.2,90.0,22.1,95.0,19.4,84.3,1019,0
2026/7/16,2:52:7,17.4,90.0,22.1,95.0,19.4,84.3,1023,0
2026/7/16,2:52:12,17.3,90.0,22.0,95.0,19.4,84.2,1019,0
2026/7/16,2:52:17,17.2,91.0,22.1,95.0,19.4,84.2,1023,0
2026/7/16,2:52:22,17.1,90.0,22.0,95.0,19.4,84.2,1021,0
2026/7/16,2:52:27,17.1,90.0,22.1,95.0,19.4,84.1,1023,0
2026/7/16,2:52:32,17.3,90.0,22.0,95.0,19.4,84.2,1023,0
2026/7/16,2:52:37,17.3,91.0,22.0,95.0,19.4,84.2,1022,0
2026/7/16,2:52:42,17.3,91.0,22.0,95.0,19.4,84.3,1023,0
2026/7/16,2:52:47,17.3,91.0,22.0,95.0,19.4,84.4,1023,0
2026/7/16,2:52:52,17.2,91.0,22.0,95.0,19.4,84.4,1022,0
2026/7/16,2:52:57,17.4,90.0,22.1,95.0,19.4,84.3,1023,0
2026/7/16,2:53:2,17.4,90.0,22.1,95.0,19.4,84.3,1021,0
2026/7/16,2:53:7,17.4,90.0,22.1,95.0,19.4,84.3,1023,0
2026/7/16,2:53:12,17.2,90.0,22.1,95.0,19.4,84.3,1023,0
2026/7/16,2:53:17,17.3,90.0,22.1,95.0,19.4,84.3,1019,0
2026/7/16,2:53:22,17.2,90.0,22.1,95.0,19.4,84.3,1021,0
2026/7/16,2:53:27,17.3,90.0,22.0,95.0,19.4,84.3,1019,0
2026/7/16,2:53:32,17.2,90.0,22.1,95.0,19.4,84.3,1019,0
2026/7/16,2:53:37,17.4,90.0,22.0,95.0,19.4,84.4,1021,0
2026/7/16,2:53:42,17.2,90.0,22.2,95.0,19.4,84.4,1019,0
2026/7/16,2:53:47,17.4,91.0,22.1,95.0,19.4,84.4,1019,0
2026/7/16,2:53:52,17.4,91.0,22.1,95.0,19.3,84.4,1023,0
2026/7/16,2:53:57,17.4,91.0,22.1,95.0,19.4,84.4,1019,0
2026/7/16,2:54:2,17.3,91.0,22.1,95.0,19.3,84.5,1023,0
2026/7/16,2:54:7,17.4,90.0,22.1,95.0,19.4,84.4,1022,0
2026/7/16,2:54:12,17.3,90.0,22.1,95.0,19.4,84.4,1021,0
2026/7/16,2:54:17,17.3,90.0,22.1,95.0,19.3,84.5,1022,0
2026/7/16,2:54:22,17.3,90.0,22.1,95.0,19.4,84.5,1021,0
2026/7/16,2:54:27,17.2,90.0,22.1,95.0,19.3,84.5,1022,0
2026/7/16,2:54:32,17.4,90.0,22.1,95.0,19.4,84.5,1023,0
2026/7/16,2:54:37,17.5,90.0,22.0,95.0,19.3,84.5,1023,0
2026/7/16,2:54:42,17.4,91.0,22.0,95.0,19.4,84.6,1023,0
2026/7/16,2:54:47,17.5,91.0,22.1,95.0,19.3,84.7,1021,0
2026/7/16,2:54:52,17.3,91.0,22.1,95.0,19.3,84.7,1022,0
2026/7/16,2:54:57,17.4,91.0,22.0,95.0,19.4,84.7,1023,0
2026/7/16,2:55:2,17.3,91.0,22.0,95.0,19.3,84.7,1022,0
2026/7/16,2:55:7,17.5,90.0,22.0,95.0,19.4,84.7,1022,0
2026/7/16,2:55:12,17.3,90.0,22.0,95.0,19.4,84.7,1023,0
2026/7/16,2:55:17,17.2,90.0,22.1,95.0,19.4,84.7,1021,0
2026/7/16,2:55:22,17.4,90.0,22.1,95.0,19.3,84.6,1019,0
2026/7/16,2:55:27,17.4,90.0,22.0,95.0,19.3,84.6,1019,0
2026/7/16,2:55:32,17.3,90.0,22.0,95.0,19.3,84.7,1022,0
2026/7/16,2:55:37,17.4,90.0,22.0,95.0,19.3,84.7,1023,0
2026/7/16,2:55:42,17.3,90.0,22.0,95.0,19.4,84.7,1019,0
2026/7/16,2:55:47,17.4,90.0,22.0,95.0,19.3,84.7,1021,0
2026/7/16,2:55:52,17.3,90.0,22.1,95.0,19.3,84.7,1023,0
2026/7/16,2:55:57,17.4,90.0,22.1,95.0,19.3,84.8,1023,0
2026/7/16,2:56:2,17.4,91.0,22.0,95.0,19.3,84.8,1022,0
2026/7/16,2:56:7,17.3,91.0,22.0,95.0,19.3,84.8,1023,0
2026/7/16,2:56:13,17.3,91.0,22.1,95.0,19.3,84.8,1019,0
2026/7/16,2:56:18,17.4,91.0,22.1,95.0,19.3,84.9,1022,0
2026/7/16,2:56:23,17.3,91.0,22.1,95.0,19.3,84.9,1019,0
2026/7/16,2:56:28,17.3,91.0,22.0,95.0,19.3,84.9,1021,0
2026/7/16,2:56:33,17.3,91.0,22.0,95.0,19.3,84.9,1021,0
2026/7/16,2:56:38,17.5,91.0,22.0,95.0,19.3,84.9,1021,0
2026/7/16,2:56:43,17.3,91.0,22.0,95.0,19.3,84.9,1021,0
2026/7/16,2:56:48,17.3,91.0,22.0,95.0,19.3,84.9,1022,0
2026/7/16,2:56:53,17.5,91.0,22.0,95.0,19.3,84.9,1019,0
2026/7/16,2:56:58,17.4,91.0,22.0,95.0,19.3,84.9,1019,0
2026/7/16,2:57:3,17.3,91.0,22.1,95.0,19.3,85.0,1021,0
2026/7/16,2:57:8,17.5,91.0,22.0,95.0,19.3,85.0,1021,0
2026/7/16,2:57:13,17.4,91.0,22.0,95.0,19.3,85.0,1019,0
2026/7/16,2:57:18,17.3,91.0,22.0,95.0,19.3,85.0,1022,0
2026/7/16,2:57:23,17.4,91.0,22.1,95.0,19.3,85.0,1023,0
2026/7/16,2:57:28,17.3,91.0,22.1,95.0,19.4,85.0,1023,0
2026/7/16,2:57:33,17.4,91.0,22.1,95.0,19.3,85.0,1022,0
2026/7/16,2:57:38,17.3,91.0,22.1,95.0,19.4,85.1,1019,0
2026/7/16,2:57:43,17.4,91.0,22.0,95.0,19.3,85.0,1023,0
2026/7/16,2:57:48,17.4,91.0,22.0,95.0,19.4,85.0,1023,0
2026/7/16,2:57:53,17.4,91.0,22.1,95.0,19.4,85.1,1021,0
2026/7/16,2:57:58,17.5,91.0,22.0,95.0,19.4,85.0,1022,0
2026/7/16,2:58:3,17.5,91.0,22.0,95.0,19.4,85.1,1023,0
2026/7/16,2:58:8,17.5,91.0,22.1,95.0,19.4,85.1,1023,0
2026/7/16,2:58:13,17.5,91.0,22.0,95.0,19.4,85.1,1022,0
2026/7/16,2:58:18,17.4,90.0,22.0,95.0,19.4,85.1,1023,0
2026/7/16,2:58:23,17.5,90.0,22.0,95.0,19.3,85.1,1022,0
2026/7/16,2:58:28,17.5,91.0,22.0,95.0,19.4,85.1,1023,0
2026/7/16,2:58:33,17.5,90.0,22.0,95.0,19.4,85.1,1021,0
2026/7/16,2:58:38,17.4,91.0,22.1,95.0,19.4,85.1,1023,0
2026/7/16,2:58:43,17.4,91.0,22.0,95.0,19.4,85.1,1023,0
2026/7/16,2:58:48,17.4,91.0,22.0,95.0,19.4,85.1,1021,0
2026/7/16,2:58:53,17.3,91.0,22.1,95.0,19.4,85.1,1023,0
2026/7/16,2:58:58,17.4,91.0,22.1,95.0,19.4,85.1,1022,0
2026/7/16,2:59:3,17.4,91.0,22.0,95.0,19.4,85.1,1022,0
2026/7/16,2:59:8,17.5,91.0,22.0,95.0,19.4,85.2,1022,0
2026/7/16,2:59:13,17.5,91.0,22.0,95.0,19.4,85.1,1023,0
2026/7/16,2:59:18,17.4,90.0,22.0,95.0,19.4,85.1,1019,0
2026/7/16,2:59:23,17.5,90.0,22.0,95.0,19.4,85.1,1022,0
2026/7/16,2:59:28,17.5,90.0,22.1,95.0,19.4,85.1,1023,0
2026/7/16,2:59:33,17.4,90.0,22.1,95.0,19.4,85.1,1021,0
2026/7/16,2:59:38,17.5,90.0,22.0,95.0,19.4,85.1,1019,0
2026/7/16,2:59:43,17.4,90.0,22.0,95.0,19.4,85.1,1023,0
2026/7/16,2:59:48,17.4,90.0,22.1,95.0,19.4,85.0,1023,0
2026/7/16,2:59:53,17.5,90.0,22.0,95.0,19.4,85.0,1019,0
2026/7/16,2:59:58,17.4,90.0,22.0,95.0,19.4,85.0,1022,0
2026/7/16,3:0:3,17.5,90.0,22.1,95.0,19.3,85.0,1023,0
2026/7/16,3:0:8,17.5,90.0,22.1,95.0,19.4,85.1,1022,0
2026/7/16,3:0:13,17.5,90.0,22.0,95.0,19.4,85.0,1023,0
2026/7/16,3:0:18,17.5,90.0,22.1,95.0,19.4,85.0,1023,0
2026/7/16,3:0:23,17.4,90.0,22.0,95.0,19.4,85.1,1022,0
2026/7/16,3:0:28,17.5,90.0,22.0,95.0,19.4,85.0,1022,0
2026/7/16,3:0:33,17.5,90.0,22.0,95.0,19.4,85.1,1023,0
2026/7/16,3:0:38,17.3,90.0,22.0,95.0,19.4,85.0,1023,0
2026/7/16,3:0:43,17.4,90.0,22.0,95.0,19.4,85.1,1022,0
2026/7/16,3:0:48,17.5,90.0,22.1,95.0,19.4,85.0,1019,0
2026/7/16,3:0:53,17.5,90.0,22.0,95.0,19.4,85.0,1021,0
2026/7/16,3:0:58,17.5,90.0,22.1,95.0,19.4,85.0,1023,0
2026/7/16,3:1:3,17.4,91.0,22.1,95.0,19.4,85.0,1019,0
2026/7/16,3:1:8,17.2,91.0,22.0,95.0,19.4,85.0,1023,0
2026/7/16,3:1:13,17.5,91.0,22.0,95.0,19.4,85.0,1022,0
2026/7/16,3:1:18,17.5,90.0,22.0,95.0,19.4,85.1,1023,0
2026/7/16,3:1:23,17.4,91.0,22.0,95.0,19.4,85.0,1023,0
2026/7/16,3:1:28,17.5,91.0,22.0,95.0,19.4,85.0,1021,0
2026/7/16,3:1:33,17.5,91.0,22.0,95.0,19.4,85.0,1022,0
2026/7/16,3:1:38,17.3,91.0,22.0,95.0,19.4,85.0,1019,0
2026/7/16,3:1:43,17.4,91.0,22.1,95.0,19.4,85.0,1019,0
2026/7/16,3:1:48,17.4,91.0,22.0,95.0,19.4,85.0,1023,0
2026/7/16,3:1:53,17.5,91.0,22.0,95.0,19.4,85.0,1022,0
2026/7/16,3:1:58,17.3,91.0,22.1,95.0,19.4,85.0,1022,0
2026/7/16,3:2:3,17.5,91.0,22.1,95.0,19.4,85.0,1022,0
2026/7/16,3:2:8,17.4,91.0,22.0,95.0,19.4,85.0,1023,0
2026/7/16,3:2:13,17.5,91.0,22.1,95.0,19.4,85.0,1019,0
2026/7/16,3:2:18,17.5,91.0,22.1,95.0,19.4,85.0,1023,0
2026/7/16,3:2:23,17.3,91.0,22.0,95.0,19.4,85.0,1023,0
2026/7/16,3:2:28,17.6,91.0,22.1,95.0,19.4,84.9,1019,0
2026/7/16,3:2:33,17.4,91.0,22.1,95.0,19.4,85.0,1021,0
2026/7/16,3:2:38,17.4,91.0,22.0,95.0,19.4,85.0,1019,0
2026/7/16,3:2:43,17.5,91.0,22.0,95.0,19.4,85.0,1019,0
2026/7/16,3:2:48,17.2,91.0,22.0,95.0,19.4,85.0,1021,0
2026/7/16,3:2:53,17.5,91.0,22.0,95.0,19.4,85.0,1019,0
2026/7/16,3:2:58,17.4,91.0,22.0,95.0,19.4,85.0,1023,0
2026/7/16,3:3:3,17.5,91.0,22.1,95.0,19.4,85.0,1019,0
2026/7/16,3:3:8,17.4,91.0,22.0,95.0,19.4,85.0,1023,0
2026/7/16,3:3:13,17.2,91.0,22.0,95.0,19.4,85.0,1022,0
2026/7/16,3:3:18,17.5,91.0,22.1,95.0,19.4,85.0,1023,0
2026/7/16,3:3:23,17.2,91.0,22.0,95.0,19.4,85.0,1023,0
2026/7/16,3:3:28,17.4,91.0,22.1,95.0,19.4,85.0,1019,0
2026/7/16,3:3:33,17.4,91.0,22.0,95.0,19.4,85.0,1022,0
2026/7/16,3:3:38,17.3,91.0,22.0,95.0,19.4,85.0,1021,0
2026/7/16,3:3:43,17.5,91.0,22.0,95.0,19.4,85.0,1022,0
2026/7/16,3:3:48,17.3,91.0,22.0,95.0,19.4,84.9,1019,0
2026/7/16,3:3:53,17.4,91.0,22.1,95.0,19.4,85.0,1019,0
2026/7/16,3:3:58,17.4,91.0,22.0,95.0,19.4,84.9,1022,0
2026/7/16,3:4:3,17.4,91.0,22.0,95.0,19.4,85.0,1019,0
2026/7/16,3:4:8,17.5,91.0,22.0,95.0,19.4,85.0,1019,0
2026/7/16,3:4:13,17.5,91.0,22.0,95.0,19.4,85.0,1021,0
2026/7/16,3:4:18,17.4,91.0,22.0,95.0,19.4,84.9,1023,0
2026/7/16,3:4:23,17.5,90.0,22.0,95.0,19.4,84.9,1023,0
2026/7/16,3:4:28,17.2,90.0,22.1,95.0,19.4,84.9,1023,0
2026/7/16,3:4:33,17.5,90.0,22.0,95.0,19.4,84.9,1023,0
2026/7/16,3:4:38,17.4,90.0,22.0,95.0,19.4,84.8,1022,0
2026/7/16,3:4:43,17.4,90.0,22.0,95.0,19.4,84.9,1023,0
2026/7/16,3:4:48,17.5,90.0,22.0,95.0,19.4,84.7,1021,0
2026/7/16,3:4:53,17.4,90.0,22.0,95.0,19.4,84.5,1021,0
2026/7/16,3:4:58,17.4,90.0,22.0,95.0,19.4,84.3,1021,0
2026/7/16,3:5:3,17.2,90.0,22.1,95.0,19.3,84.2,1022,0
2026/7/16,3:5:8,17.4,90.0,22.0,95.0,19.3,84.1,1022,0
2026/7/16,3:5:13,17.4,89.0,22.0,95.0,19.3,84.1,1019,0
2026/7/16,3:5:18,17.4,90.0,22.0,95.0,19.3,84.3,1022,0
2026/7/16,3:5:23,17.4,90.0,22.0,95.0,19.3,84.2,1019,0
2026/7/16,3:5:28,17.4,90.0,22.0,95.0,19.3,84.2,1023,0
2026/7/16,3:5:33,17.5,90.0,22.0,95.0,19.3,84.2,1023,0
2026/7/16,3:5:38,17.2,90.0,22.0,95.0,19.3,84.2,1023,0
2026/7/16,3:5:43,17.2,90.0,22.0,95.0,19.3,84.3,1023,0
2026/7/16,3:5:48,17.1,90.0,22.0,95.0,19.3,84.3,1023,0
2026/7/16,3:5:53,17.3,90.0,22.0,95.0,19.3,84.4,1022,0
2026/7/16,3:5:58,17.3,90.0,22.0,95.0,19.3,84.5,1023,0
2026/7/16,3:6:3,17.4,90.0,22.1,95.0,19.3,84.5,1023,0
2026/7/16,3:6:8,17.4,90.0,22.1,95.0,19.3,84.6,1023,0
2026/7/16,3:6:13,17.5,90.0,22.0,95.0,19.3,84.6,1023,0
2026/7/16,3:6:18,17.3,90.0,22.1,95.0,19.3,84.6,1019,0
2026/7/16,3:6:23,17.4,90.0,22.0,95.0,19.3,84.6,1019,0
2026/7/16,3:6:28,17.5,90.0,22.0,95.0,19.3,84.7,1019,0
2026/7/16,3:6:33,17.4,91.0,22.1,95.0,19.3,84.6,1021,0
2026/7/16,3:6:38,17.2,91.0,22.0,95.0,19.3,84.6,1023,0
2026/7/16,3:6:43,17.4,91.0,22.1,95.0,19.3,84.7,1023,0
2026/7/16,3:6:48,17.4,91.0,22.0,95.0,19.3,84.7,1019,0
2026/7/16,3:6:53,17.3,91.0,22.1,95.0,19.3,84.7,1019,0
2026/7/16,3:6:58,17.5,90.0,22.0,95.0,19.3,84.6,1021,0
2026/7/16,3:7:3,17.4,90.0,22.0,95.0,19.3,84.6,1019,0
2026/7/16,3:7:8,17.2,90.0,22.0,95.0,19.3,84.7,1023,0
2026/7/16,3:7:13,17.4,90.0,22.0,95.0,19.3,84.7,1023,0
2026/7/16,3:7:18,17.3,90.0,22.0,95.0,19.3,84.7,1021,0
2026/7/16,3:7:23,17.2,91.0,22.0,95.0,19.3,84.7,1021,0
2026/7/16,3:7:28,17.2,90.0,22.1,95.0,19.3,84.7,1019,0
2026/7/16,3:7:33,17.3,90.0,22.0,95.0,19.3,84.7,1023,0
2026/7/16,3:7:39,17.2,90.0,22.0,95.0,19.3,84.8,1021,0
2026/7/16,3:7:44,17.4,90.0,22.0,95.0,19.3,84.7,1023,0
2026/7/16,3:7:49,17.4,90.0,22.0,95.0,19.3,84.7,1019,0
2026/7/16,3:7:54,17.2,90.0,22.0,95.0,19.3,84.7,1022,0
2026/7/16,3:7:59,17.2,90.0,22.0,95.0,19.3,84.7,1023,0
2026/7/16,3:8:4,17.2,90.0,22.0,95.0,19.3,84.7,1022,0
2026/7/16,3:8:9,17.3,90.0,22.0,95.0,19.3,84.7,1023,0
2026/7/16,3:8:14,17.3,90.0,22.0,95.0,19.3,84.7,1023,0
2026/7/16,3:8:19,17.4,90.0,22.1,95.0,19.3,84.7,1021,0
2026/7/16,3:8:24,17.2,90.0,22.0,95.0,19.3,84.7,1022,0
2026/7/16,3:8:29,17.3,91.0,22.0,95.0,19.3,84.7,1021,0
2026/7/16,3:8:34,17.4,91.0,22.0,95.0,19.3,84.6,1019,0
2026/7/16,3:8:39,17.2,91.0,22.0,95.0,19.3,84.7,1019,0
2026/7/16,3:8:44,17.1,91.0,22.0,95.0,19.3,84.7,1022,0
2026/7/16,3:8:49,17.2,91.0,22.0,95.0,19.3,84.8,1023,0
2026/7/16,3:8:54,17.1,91.0,22.0,95.0,19.3,84.7,1023,0
2026/7/16,3:8:59,17.4,91.0,22.0,95.0,19.3,84.8,1019,0
2026/7/16,3:9:4,17.1,91.0,22.0,95.0,19.3,84.8,1023,0
2026/7/16,3:9:9,17.1,90.0,22.1,95.0,19.3,84.8,1023,0
2026/7/16,3:9:14,17.3,90.0,22.0,95.0,19.3,84.8,1023,0
2026/7/16,3:9:19,17.1,90.0,22.0,95.0,19.3,84.7,1022,0
2026/7/16,3:9:24,17.2,89.0,22.0,95.0,19.3,84.8,1023,0
2026/7/16,3:9:29,17.3,89.0,22.0,95.0,19.3,84.6,1023,0
2026/7/16,3:9:34,17.2,89.0,22.0,95.0,19.3,84.6,1019,0
2026/7/16,3:9:39,17.3,88.0,22.0,95.0,19.3,84.6,1022,0
2026/7/16,3:9:44,17.3,89.0,22.0,95.0,19.3,84.5,1022,0
2026/7/16,3:9:49,17.4,89.0,22.0,95.0,19.3,84.5,1022,0
2026/7/16,3:9:54,17.4,89.0,22.0,95.0,19.3,84.4,1022,0
2026/7/16,3:9:59,17.2,89.0,22.0,95.0,19.3,84.5,1022,0
2026/7/16,3:10:4,17.4,89.0,22.0,95.0,19.3,84.4,1019,0
2026/7/16,3:10:9,17.4,89.0,22.0,95.0,19.3,84.4,1019,0
2026/7/16,3:10:14,17.4,89.0,22.0,95.0,19.3,84.4,1019,0
2026/7/16,3:10:19,17.5,90.0,22.1,95.0,19.3,84.3,1023,0
2026/7/16,3:10:24,17.5,89.0,22.0,95.0,19.3,84.4,1019,0
2026/7/16,3:10:29,17.3,90.0,22.0,95.0,19.3,84.4,1022,0
2026/7/16,3:10:34,17.5,89.0,22.0,95.0,19.3,84.3,1023,0
2026/7/16,3:10:39,17.5,89.0,22.0,95.0,19.3,84.2,1022,0
2026/7/16,3:10:44,17.4,89.0,22.0,95.0,19.3,84.0,1019,0
2026/7/16,3:10:49,17.5,89.0,22.0,95.0,19.3,84.0,1019,0
2026/7/16,3:10:54,17.5,89.0,22.0,95.0,19.3,84.0,1019,0
2026/7/16,3:10:59,17.5,89.0,22.0,95.0,19.3,84.0,1023,0
2026/7/16,3:11:4,17.5,89.0,22.0,95.0,19.3,84.0,1023,0
2026/7/16,3:11:9,17.5,89.0,22.0,95.0,19.3,84.0,1023,0
2026/7/16,3:11:14,17.4,89.0,22.0,95.0,19.3,84.0,1023,0
2026/7/16,3:11:19,17.5,89.0,22.0,95.0,19.3,84.1,1021,0
2026/7/16,3:11:24,17.5,89.0,22.0,95.0,19.3,84.1,1022,0
2026/7/16,3:11:29,17.6,89.0,22.0,95.0,19.3,84.2,1021,0
2026/7/16,3:11:34,17.5,89.0,22.0,95.0,19.3,84.2,1022,0
2026/7/16,3:11:39,17.5,89.0,22.0,95.0,19.3,84.2,1022,0
2026/7/16,3:11:44,17.5,89.0,22.0,95.0,19.3,84.3,1021,0
2026/7/16,3:11:49,17.5,89.0,22.0,95.0,19.3,84.3,1021,0
2026/7/16,3:11:54,17.6,89.0,22.0,95.0,19.3,84.3,1022,0
2026/7/16,3:11:59,17.6,89.0,22.0,95.0,19.3,84.4,1023,0
2026/7/16,3:12:4,17.4,89.0,22.0,95.0,19.3,84.3,1022,0
2026/7/16,3:12:9,17.5,89.0,22.0,95.0,19.3,84.3,1023,0
2026/7/16,3:12:14,17.5,89.0,22.0,95.0,19.3,84.4,1023,0
2026/7/16,3:12:19,17.5,89.0,22.0,95.0,19.3,84.4,1023,0
2026/7/16,3:12:24,17.5,89.0,21.9,94.0,19.3,84.4,1021,0
2026/7/16,3:12:29,17.5,89.0,22.0,95.0,19.3,84.4,1023,0
2026/7/16,3:12:34,17.3,89.0,22.0,95.0,19.3,84.4,1023,0
2026/7/16,3:12:39,17.6,89.0,22.0,95.0,19.3,84.4,1023,0
2026/7/16,3:12:44,17.5,89.0,22.0,95.0,19.3,84.4,1019,0
2026/7/16,3:12:49,17.5,89.0,22.0,95.0,19.3,84.4,1023,0
2026/7/16,3:12:54,17.5,89.0,22.0,95.0,19.3,84.4,1021,0
2026/7/16,3:12:59,17.6,89.0,22.0,95.0,19.3,84.4,1023,0
2026/7/16,3:13:4,17.5,89.0,22.0,95.0,19.3,84.4,1021,0
2026/7/16,3:13:9,17.4,89.0,22.0,95.0,19.3,84.5,1023,0
2026/7/16,3:13:14,17.6,89.0,22.0,95.0,19.3,84.4,1021,0
2026/7/16,3:13:19,17.3,90.0,22.0,95.0,19.3,84.4,1023,0
2026/7/16,3:13:24,17.5,90.0,22.0,95.0,19.3,84.4,1019,0
2026/7/16,3:13:29,17.5,90.0,22.0,95.0,19.3,84.5,1019,0
2026/7/16,3:13:34,17.6,90.0,22.0,95.0,19.3,84.5,1021,0
2026/7/16,3:13:39,17.5,90.0,22.0,95.0,19.3,84.5,1019,0
2026/7/16,3:13:44,17.5,90.0,22.0,95.0,19.3,84.4,1022,0
2026/7/16,3:13:49,17.5,90.0,22.0,95.0,19.3,84.5,1023,0
2026/7/16,3:13:54,17.5,90.0,22.0,95.0,19.3,84.5,1023,0
2026/7/16,3:13:59,17.6,90.0,22.0,95.0,19.3,84.5,1023,0
2026/7/16,3:14:4,17.4,91.0,22.0,95.0,19.3,84.5,1019,0
2026/7/16,3:14:9,17.5,91.0,22.0,95.0,19.3,84.5,1022,0
2026/7/16,3:14:14,17.5,91.0,22.0,95.0,19.3,84.5,1021,0
2026/7/16,3:14:19,17.5,90.0,22.0,95.0,19.3,84.5,1022,0
2026/7/16,3:14:24,17.5,90.0,22.0,95.0,19.3,84.5,1023,0
2026/7/16,3:14:29,17.5,90.0,22.0,95.0,19.3,84.6,1021,0
2026/7/16,3:14:34,17.5,90.0,22.0,95.0,19.3,84.6,1023,0
2026/7/16,3:14:39,17.5,91.0,22.0,95.0,19.4,84.6,1023,0
2026/7/16,3:14:44,17.6,91.0,22.0,95.0,19.3,84.6,1021,0
2026/7/16,3:14:49,17.5,91.0,22.0,95.0,19.3,84.6,1019,0
2026/7/16,3:14:54,17.4,90.0,22.0,95.0,19.3,84.5,1023,0
2026/7/16,3:14:59,17.6,90.0,22.0,95.0,19.3,84.6,1023,0
2026/7/16,3:15:4,17.6,91.0,22.0,95.0,19.3,84.5,1021,0
2026/7/16,3:15:9,17.5,91.0,22.0,95.0,19.3,84.6,1021,0
2026/7/16,3:15:14,17.4,91.0,22.0,95.0,19.4,84.6,1023,0
2026/7/16,3:15:19,17.3,91.0,22.0,95.0,19.3,84.6,1021,0
2026/7/16,3:15:24,17.5,91.0,22.0,95.0,19.3,84.6,1023,0
2026/7/16,3:15:29,17.5,91.0,22.0,95.0,19.3,84.6,1019,0
2026/7/16,3:15:34,17.5,91.0,22.0,95.0,19.3,84.6,1021,0
2026/7/16,3:15:39,17.5,91.0,22.0,95.0,19.3,84.6,1023,0
2026/7/16,3:15:44,17.5,91.0,22.0,95.0,19.3,84.6,1021,0
2026/7/16,3:15:49,17.5,91.0,22.0,95.0,19.4,84.6,1022,0
2026/7/16,3:15:54,17.5,91.0,22.0,95.0,19.4,84.7,1023,0
2026/7/16,3:15:59,17.3,91.0,22.0,95.0,19.4,84.6,1021,0
2026/7/16,3:16:4,17.4,91.0,22.0,95.0,19.4,84.6,1023,0
2026/7/16,3:16:9,17.4,90.0,22.0,95.0,19.3,84.6,1021,0
2026/7/16,3:16:14,17.4,90.0,22.0,95.0,19.4,84.6,1019,0
2026/7/16,3:16:19,17.4,90.0,22.0,95.0,19.4,84.7,1021,0
2026/7/16,3:16:24,17.5,90.0,22.0,95.0,19.3,84.6,1022,0
2026/7/16,3:16:29,17.5,91.0,22.1,95.0,19.4,84.7,1021,0
2026/7/16,3:16:34,17.4,91.0,22.0,95.0,19.3,84.7,1022,0
2026/7/16,3:16:39,17.3,91.0,22.0,95.0,19.4,84.7,1022,0
2026/7/16,3:16:44,17.5,91.0,22.0,95.0,19.4,84.7,1021,0
2026/7/16,3:16:49,17.5,90.0,22.0,95.0,19.3,84.7,1021,0
2026/7/16,3:16:54,17.3,90.0,22.1,95.0,19.4,84.7,1019,0
2026/7/16,3:16:59,17.5,90.0,22.0,95.0,19.4,84.7,1021,0
2026/7/16,3:17:4,17.5,90.0,22.0,95.0,19.4,84.7,1022,0
2026/7/16,3:17:9,17.4,90.0,22.0,95.0,19.4,84.7,1019,0
2026/7/16,3:17:14,17.5,90.0,22.0,95.0,19.4,84.7,1019,0
2026/7/16,3:17:19,17.3,90.0,22.0,95.0,19.4,84.7,1023,0
2026/7/16,3:17:24,17.4,90.0,22.0,95.0,19.4,84.7,1021,0
2026/7/16,3:17:29,17.5,90.0,22.0,95.0,19.3,84.8,1023,0
2026/7/16,3:17:34,17.4,90.0,22.0,95.0,19.4,84.7,1023,0
2026/7/16,3:17:39,17.4,91.0,22.0,95.0,19.4,84.7,1023,0
2026/7/16,3:17:44,17.5,91.0,22.0,95.0,19.4,84.7,1022,0
2026/7/16,3:17:49,17.1,90.0,22.0,95.0,19.4,84.7,1023,0
2026/7/16,3:17:54,17.4,90.0,22.0,95.0,19.3,84.7,1023,0
2026/7/16,3:17:59,17.5,91.0,22.0,95.0,19.4,84.7,1021,0
2026/7/16,3:18:4,17.5,91.0,22.0,95.0,19.4,84.7,1023,0
2026/7/16,3:18:9,17.3,90.0,22.0,95.0,19.3,84.8,1023,0
2026/7/16,3:18:14,17.2,90.0,22.0,95.0,19.3,84.8,1023,0
2026/7/16,3:18:19,17.3,90.0,22.0,95.0,19.3,84.7,1022,0
2026/7/16,3:18:24,17.1,90.0,22.1,95.0,19.4,84.7,1022,0
2026/7/16,3:18:29,17.3,90.0,22.0,95.0,19.3,84.7,1022,0
2026/7/16,3:18:34,17.5,90.0,22.0,95.0,19.3,84.7,1022,0
2026/7/16,3:18:39,17.4,90.0,22.0,95.0,19.3,84.6,1021,0
2026/7/16,3:18:44,17.3,90.0,22.0,95.0,19.4,84.6,1023,0
2026/7/16,3:18:49,17.2,90.0,22.0,95.0,19.3,84.6,1021,0
2026/7/16,3:18:54,17.2,90.0,22.0,95.0,19.3,84.7,1021,0
2026/7/16,3:18:59,17.2,91.0,22.0,95.0,19.4,84.6,1022,0
2026/7/16,3:19:5,17.4,91.0,22.0,95.0,19.3,84.6,1022,0
2026/7/16,3:19:10,17.2,91.0,22.0,95.0,19.3,84.7,1023,0
2026/7/16,3:19:15,17.2,91.0,22.1,95.0,19.3,84.7,1019,0
2026/7/16,3:19:20,17.4,91.0,22.0,95.0,19.3,84.7,1021,0
2026/7/16,3:19:25,17.3,90.0,21.9,94.0,19.4,84.7,1019,0
2026/7/16,3:19:30,17.4,90.0,21.9,94.0,19.3,84.7,1019,0
2026/7/16,3:19:35,17.2,90.0,22.0,95.0,19.4,84.7,1022,0
2026/7/16,3:19:40,17.4,90.0,21.9,94.0,19.3,84.7,1021,0
2026/7/16,3:19:45,17.2,90.0,22.0,95.0,19.4,84.7,1021,0
2026/7/16,3:19:50,17.1,90.0,22.1,95.0,19.3,84.7,1021,0
2026/7/16,3:19:55,17.2,90.0,22.0,95.0,19.4,84.7,1021,0
2026/7/16,3:20:0,17.2,90.0,22.0,95.0,19.3,84.7,1023,0
2026/7/16,3:20:5,17.1,90.0,22.0,95.0,19.4,84.6,1023,0
2026/7/16,3:20:10,17.2,90.0,22.0,95.0,19.4,84.7,1021,0
2026/7/16,3:20:15,17.1,90.0,22.0,95.0,19.3,84.7,1023,0
2026/7/16,3:20:20,17.3,90.0,22.0,95.0,19.4,84.7,1023,0
2026/7/16,3:20:25,17.4,90.0,22.0,95.0,19.3,84.7,1023,0
2026/7/16,3:20:30,17.4,90.0,22.0,95.0,19.3,84.7,1021,0
2026/7/16,3:20:35,17.2,90.0,21.9,94.0,19.3,84.7,1023,0
2026/7/16,3:20:40,17.2,90.0,21.9,94.0,19.3,84.6,1022,0
2026/7/16,3:20:45,17.3,90.0,22.0,95.0,19.3,84.5,1022,0
2026/7/16,3:20:50,17.4,90.0,22.0,95.0,19.3,84.6,1023,0
2026/7/16,3:20:55,17.0,90.0,22.0,95.0,19.3,84.5,1019,0
2026/7/16,3:21:0,17.2,90.0,22.0,95.0,19.3,84.5,1022,0
2026/7/16,3:21:5,17.3,90.0,22.0,95.0,19.3,84.5,1021,0
2026/7/16,3:21:10,17.2,90.0,21.9,94.0,19.3,84.5,1019,0
2026/7/16,3:21:15,17.2,90.0,22.1,95.0,19.3,84.5,1019,0
2026/7/16,3:21:20,17.2,90.0,22.0,95.0,19.3,84.5,1023,0
2026/7/16,3:21:25,17.1,90.0,22.0,95.0,19.3,84.5,1019,0
2026/7/16,3:21:30,17.2,90.0,22.0,95.0,19.3,84.5,1019,0
2026/7/16,3:21:35,17.1,90.0,22.0,95.0,19.3,84.5,1019,0
2026/7/16,3:21:40,17.0,90.0,22.0,95.0,19.3,84.5,1021,0
2026/7/16,3:21:45,17.1,91.0,22.1,95.0,19.3,84.5,1022,0
2026/7/16,3:21:50,17.1,91.0,22.0,95.0,19.3,84.5,1021,0
2026/7/16,3:21:55,17.2,91.0,22.0,95.0,19.3,84.6,1021,0
2026/7/16,3:22:0,17.2,90.0,22.0,95.0,19.3,84.5,1023,0
2026/7/16,3:22:5,17.2,89.0,22.0,95.0,19.3,84.5,1021,0
2026/7/16,3:22:10,17.0,88.0,22.0,95.0,19.3,84.3,1023,0
2026/7/16,3:22:15,17.2,88.0,22.0,95.0,19.3,84.3,1019,0
2026/7/16,3:22:20,17.2,88.0,22.0,95.0,19.3,84.3,1022,0
2026/7/16,3:22:25,17.1,88.0,22.0,95.0,19.3,84.3,1019,0
2026/7/16,3:22:30,17.1,88.0,22.0,95.0,19.3,84.2,1023,0
2026/7/16,3:22:35,17.2,89.0,22.0,95.0,19.3,84.2,1019,0
2026/7/16,3:22:40,17.2,89.0,22.0,95.0,19.3,84.2,1021,0
2026/7/16,3:22:45,17.3,89.0,22.0,95.0,19.3,84.2,1021,0
2026/7/16,3:22:50,17.1,89.0,22.0,95.0,19.3,84.2,1023,0
2026/7/16,3:22:55,17.2,89.0,21.9,94.0,19.3,84.2,1019,0
2026/7/16,3:23:0,17.2,89.0,22.0,95.0,19.3,84.2,1019,0
2026/7/16,3:23:5,17.2,89.0,22.0,95.0,19.3,84.2,1021,0
2026/7/16,3:23:10,17.2,89.0,22.0,95.0,19.3,84.2,1021,0
2026/7/16,3:23:15,17.1,89.0,22.0,95.0,19.3,84.2,1023,0
2026/7/16,3:23:20,17.0,89.0,22.0,95.0,19.3,84.2,1022,0
2026/7/16,3:23:25,17.1,89.0,22.0,95.0,19.3,84.2,1022,0
2026/7/16,3:23:30,17.2,89.0,21.9,94.0,19.3,84.2,1021,0
2026/7/16,3:23:35,17.1,89.0,22.0,95.0,19.2,84.2,1019,0
2026/7/16,3:23:40,17.3,89.0,22.0,95.0,19.2,84.2,1023,0
2026/7/16,3:23:45,17.2,89.0,22.0,95.0,19.3,84.2,1023,0
2026/7/16,3:23:50,17.1,89.0,22.0,95.0,19.3,84.2,1019,0
2026/7/16,3:23:55,17.2,89.0,22.0,95.0,19.3,84.3,1022,0
2026/7/16,3:24:0,16.9,90.0,22.0,95.0,19.3,84.3,1019,0
2026/7/16,3:24:5,17.0,90.0,22.0,95.0,19.3,84.3,1023,0
2026/7/16,3:24:10,17.3,90.0,22.0,95.0,19.3,84.4,1023,0
2026/7/16,3:24:15,17.2,90.0,22.0,95.0,19.3,84.3,1021,0
2026/7/16,3:24:20,16.9,90.0,22.0,95.0,19.3,84.3,1021,0
2026/7/16,3:24:25,17.1,90.0,22.0,95.0,19.2,84.3,1022,0
2026/7/16,3:24:30,17.1,90.0,21.9,94.0,19.2,84.3,1022,0
2026/7/16,3:24:35,17.0,90.0,22.0,95.0,19.3,84.3,1023,0
2026/7/16,3:24:40,17.1,90.0,22.0,95.0,19.3,84.4,1023,0
2026/7/16,3:24:45,17.2,90.0,22.0,95.0,19.2,84.3,1019,0
2026/7/16,3:24:50,17.1,90.0,22.0,95.0,19.2,84.3,1023,0
2026/7/16,3:24:55,17.1,90.0,22.0,95.0,19.2,84.3,1023,0
2026/7/16,3:25:0,17.2,90.0,22.0,95.0,19.2,84.4,1023,0
2026/7/16,3:25:5,17.3,90.0,22.0,95.0,19.2,84.4,1023,0
2026/7/16,3:25:10,17.2,90.0,21.9,94.0,19.2,84.3,1021,0
2026/7/16,3:25:15,17.0,90.0,22.0,95.0,19.2,84.4,1021,0
2026/7/16,3:25:20,17.2,90.0,21.9,94.0,19.2,84.4,1023,0
2026/7/16,3:25:25,17.0,90.0,22.0,95.0,19.2,84.4,1019,0
2026/7/16,3:25:30,17.0,90.0,22.0,95.0,19.2,84.4,1019,0
2026/7/16,3:25:35,17.1,90.0,22.0,95.0,19.2,84.5,1023,0
2026/7/16,3:25:40,17.0,91.0,22.0,95.0,19.2,84.5,1023,0
2026/7/16,3:25:45,17.0,91.0,22.0,95.0,19.2,84.5,1023,0
2026/7/16,3:25:50,17.1,91.0,22.0,95.0,19.2,84.5,1021,0
2026/7/16,3:25:55,16.9,91.0,22.0,95.0,19.2,84.5,1022,0
2026/7/16,3:26:0,17.1,91.0,22.0,95.0,19.2,84.5,1021,0
2026/7/16,3:26:5,17.1,91.0,22.0,95.0,19.2,84.5,1023,0
2026/7/16,3:26:10,17.0,91.0,22.0,95.0,19.2,84.5,1023,0
2026/7/16,3:26:15,17.0,91.0,22.0,95.0,19.2,84.5,1023,0
2026/7/16,3:26:20,17.1,91.0,22.0,95.0,19.2,84.6,1021,0
2026/7/16,3:26:25,17.0,91.0,22.0,95.0,19.2,84.6,1023,0
2026/7/16,3:26:30,17.1,91.0,22.0,95.0,19.2,84.6,1022,0
2026/7/16,3:26:35,17.0,91.0,22.0,95.0,19.2,84.6,1022,0
2026/7/16,3:26:40,17.0,91.0,22.0,95.0,19.2,84.6,1019,0
2026/7/16,3:26:45,16.9,91.0,22.0,95.0,19.2,84.6,1021,0
2026/7/16,3:26:50,17.0,91.0,22.0,95.0,19.2,84.6,1023,0
2026/7/16,3:26:55,17.1,91.0,21.9,94.0,19.2,84.6,1022,0
2026/7/16,3:27:0,17.1,91.0,21.9,94.0,19.2,84.6,1023,0
2026/7/16,3:27:5,17.0,91.0,22.0,95.0,19.2,84.6,1021,0
2026/7/16,3:27:10,17.1,91.0,21.9,94.0,19.2,84.6,1023,0
2026/7/16,3:27:15,17.0,91.0,22.0,95.0,19.2,84.6,1023,0
2026/7/16,3:27:20,17.0,91.0,22.0,95.0,19.2,84.6,1023,0
2026/7/16,3:27:25,17.0,91.0,22.0,95.0,19.2,84.6,1021,0
2026/7/16,3:27:30,17.1,91.0,22.0,95.0,19.2,84.6,1019,0
2026/7/16,3:27:35,17.0,91.0,22.0,95.0,19.2,84.6,1019,0
2026/7/16,3:27:40,16.9,91.0,22.0,95.0,19.2,84.6,1021,0
2026/7/16,3:27:45,16.9,92.0,22.0,95.0,19.2,84.6,1023,0
2026/7/16,3:27:50,16.9,91.0,22.0,95.0,19.2,84.6,1023,0
2026/7/16,3:27:55,17.0,91.0,22.0,95.0,19.2,84.6,1023,0
2026/7/16,3:28:0,17.1,91.0,22.0,95.0,19.2,84.6,1023,0
2026/7/16,3:28:5,17.0,91.0,22.0,95.0,19.2,84.6,1019,0
2026/7/16,3:28:10,16.9,91.0,22.0,95.0,19.2,84.6,1019,0
2026/7/16,3:28:15,17.0,91.0,22.0,95.0,19.2,84.5,1023,0
2026/7/16,3:28:20,17.0,91.0,22.0,95.0,19.2,84.6,1021,0
2026/7/16,3:28:25,17.0,91.0,22.0,95.0,19.2,84.6,1023,0
2026/7/16,3:28:30,16.9,91.0,22.0,95.0,19.2,84.6,1022,0
2026/7/16,3:28:35,16.9,91.0,22.0,95.0,19.2,84.6,1021,0
2026/7/16,3:28:40,16.9,91.0,22.0,95.0,19.2,84.5,1023,0
2026/7/16,3:28:45,17.0,91.0,22.0,95.0,19.2,84.6,1019,0
2026/7/16,3:28:50,17.0,91.0,22.0,95.0,19.2,84.6,1021,0
2026/7/16,3:28:55,17.0,91.0,22.0,95.0,19.2,84.6,1023,0
2026/7/16,3:29:0,17.0,91.0,22.0,95.0,19.2,84.6,1023,0
2026/7/16,3:29:5,16.9,91.0,22.0,95.0,19.2,84.6,1022,0
2026/7/16,3:29:10,17.0,91.0,22.0,95.0,19.2,84.5,1023,0
2026/7/16,3:29:15,17.0,91.0,22.0,95.0,19.2,84.6,1019,0
2026/7/16,3:29:20,17.0,91.0,22.0,95.0,19.2,84.6,1023,0
2026/7/16,3:29:25,16.8,92.0,21.9,94.0,19.2,84.6,1019,0
2026/7/16,3:29:30,17.0,92.0,22.0,95.0,19.2,84.7,1023,0
2026/7/16,3:29:35,17.0,92.0,22.1,95.0,19.2,84.7,1021,0
2026/7/16,3:29:40,16.9,92.0,22.0,95.0,19.2,84.7,1021,0
2026/7/16,3:29:45,17.0,92.0,21.9,94.0,19.2,84.7,1019,0
2026/7/16,3:29:50,16.9,92.0,22.0,95.0,19.2,84.7,1021,0
2026/7/16,3:29:55,17.0,92.0,22.0,95.0,19.2,84.7,1021,0
2026/7/16,3:30:0,16.9,92.0,22.0,95.0,19.2,84.7,1019,0
2026/7/16,3:30:5,16.8,92.0,22.0,95.0,19.2,84.7,1019,0
2026/7/16,3:30:10,17.0,92.0,22.0,95.0,19.2,84.8,1022,0
2026/7/16,3:30:15,17.0,92.0,21.9,94.0,19.2,84.8,1021,0
2026/7/16,3:30:20,16.9,92.0,22.0,95.0,19.2,84.8,1023,0
2026/7/16,3:30:25,16.8,92.0,22.0,95.0,19.2,84.8,1019,0
2026/7/16,3:30:30,16.9,92.0,22.0,95.0,19.2,84.9,1019,0
2026/7/16,3:30:35,17.0,92.0,22.0,95.0,19.1,84.9,1021,0
2026/7/16,3:30:40,16.9,92.0,22.0,95.0,19.2,84.8,1023,0
2026/7/16,3:30:46,17.0,92.0,22.0,95.0,19.2,84.7,1019,0
2026/7/16,3:30:51,17.0,92.0,22.0,95.0,19.2,84.7,1022,0
2026/7/16,3:30:56,16.9,92.0,22.0,95.0,19.1,84.7,1023,0
2026/7/16,3:31:1,16.8,92.0,22.0,95.0,19.1,84.7,1021,0
2026/7/16,3:31:6,16.8,92.0,21.9,94.0,19.1,84.7,1023,0
2026/7/16,3:31:11,16.9,92.0,22.0,95.0,19.2,84.7,1023,0
2026/7/16,3:31:16,17.0,92.0,22.0,95.0,19.1,84.7,1023,0
2026/7/16,3:31:21,16.9,92.0,22.0,95.0,19.1,84.7,1023,0
2026/7/16,3:31:26,16.9,92.0,22.0,95.0,19.1,84.7,1022,0
2026/7/16,3:31:31,16.9,92.0,22.0,95.0,19.2,84.7,1019,0
2026/7/16,3:31:36,16.9,92.0,22.0,95.0,19.1,84.8,1019,0
2026/7/16,3:31:41,16.9,92.0,22.0,95.0,19.1,84.8,1023,0
2026/7/16,3:31:46,16.8,92.0,22.0,95.0,19.1,84.8,1023,0
2026/7/16,3:31:51,16.8,92.0,22.0,95.0,19.1,84.8,1021,0
2026/7/16,3:31:56,16.9,92.0,22.0,95.0,19.1,84.8,1021,0
2026/7/16,3:32:1,16.9,92.0,22.0,95.0,19.1,84.8,1021,0
2026/7/16,3:32:6,16.8,92.0,22.0,95.0,19.1,84.8,1023,0
2026/7/16,3:32:11,16.9,92.0,22.0,95.0,19.1,84.9,1023,0
2026/7/16,3:32:16,16.8,92.0,22.0,95.0,19.1,84.9,1019,0
2026/7/16,3:32:21,16.9,92.0,22.0,95.0,19.1,84.9,1022,0
2026/7/16,3:32:26,16.8,92.0,21.9,94.0,19.1,84.9,1023,0
2026/7/16,3:32:31,16.8,92.0,22.0,95.0,19.1,84.9,1019,0
2026/7/16,3:32:36,16.9,92.0,22.0,95.0,19.1,84.9,1023,0
2026/7/16,3:32:41,16.9,92.0,22.0,95.0,19.1,84.9,1023,0
2026/7/16,3:32:46,16.8,92.0,22.0,95.0,19.1,84.9,1023,0
2026/7/16,3:32:51,16.8,92.0,21.9,94.0,19.1,84.8,1021,0
2026/7/16,3:32:56,17.0,92.0,22.0,95.0,19.1,84.9,1019,0
2026/7/16,3:33:1,16.9,92.0,22.0,95.0,19.1,84.9,1021,0
2026/7/16,3:33:6,16.8,92.0,22.0,95.0,19.1,84.9,1023,0
2026/7/16,3:33:11,16.8,92.0,22.0,95.0,19.1,85.0,1021,0
2026/7/16,3:33:16,16.9,92.0,22.0,95.0,19.1,85.0,1019,0
2026/7/16,3:33:21,16.8,92.0,22.0,95.0,19.1,85.0,1019,0
2026/7/16,3:33:26,16.8,92.0,22.0,95.0,19.1,85.0,1023,0
2026/7/16,3:33:31,16.9,92.0,22.0,95.0,19.1,85.0,1023,0
2026/7/16,3:33:36,16.9,92.0,22.0,95.0,19.1,85.0,1023,0
2026/7/16,3:33:41,16.8,92.0,22.0,95.0,19.1,85.1,1019,0
2026/7/16,3:33:46,16.8,92.0,22.0,95.0,19.1,85.1,1022,0
2026/7/16,3:33:51,16.9,92.0,22.0,95.0,19.1,85.1,1023,0
2026/7/16,3:33:56,16.9,92.0,21.9,94.0,19.0,85.1,1023,0
2026/7/16,3:34:1,16.8,92.0,22.0,95.0,19.1,85.1,1023,0
2026/7/16,3:34:6,16.9,92.0,22.0,95.0,19.1,85.0,1021,0
2026/7/16,3:34:11,16.9,92.0,22.0,95.0,19.1,84.9,1021,0
2026/7/16,3:34:16,16.9,92.0,21.9,94.0,19.0,84.7,1019,0
2026/7/16,3:34:21,16.9,92.0,22.0,95.0,19.0,84.8,1022,0
2026/7/16,3:34:26,16.8,92.0,22.0,95.0,19.1,84.7,1019,0
2026/7/16,3:34:31,16.8,92.0,22.0,95.0,19.0,84.7,1023,0
2026/7/16,3:34:36,16.9,92.0,22.0,95.0,19.0,84.8,1021,0
2026/7/16,3:34:41,16.9,92.0,22.0,95.0,19.0,84.7,1019,0
2026/7/16,3:34:46,16.9,92.0,22.0,95.0,19.0,84.8,1023,0
2026/7/16,3:34:51,16.9,92.0,22.0,95.0,19.0,84.9,1022,0
2026/7/16,3:34:56,16.8,92.0,21.9,94.0,19.0,84.9,1019,0
2026/7/16,3:35:1,16.8,92.0,22.0,95.0,19.0,84.9,1022,0
2026/7/16,3:35:6,16.8,92.0,22.0,95.0,19.0,84.9,1022,0
2026/7/16,3:35:11,16.9,92.0,22.0,95.0,19.0,84.9,1022,0
2026/7/16,3:35:16,16.8,92.0,22.0,95.0,19.0,84.9,1023,0
2026/7/16,3:35:21,16.8,92.0,22.0,95.0,19.0,84.9,1023,0
2026/7/16,3:35:26,16.8,92.0,21.9,94.0,19.0,84.9,1022,0
2026/7/16,3:35:31,16.8,92.0,22.0,95.0,19.0,84.9,1023,0
2026/7/16,3:35:36,16.7,92.0,22.0,95.0,19.0,84.9,1019,0
2026/7/16,3:35:41,16.8,92.0,22.0,95.0,19.0,85.0,1022,0
2026/7/16,3:35:46,16.5,92.0,22.0,95.0,19.0,85.0,1019,0
2026/7/16,3:35:51,16.8,92.0,22.0,95.0,19.0,85.0,1023,0
2026/7/16,3:35:56,16.7,92.0,22.0,95.0,19.0,85.0,1022,0
2026/7/16,3:36:1,16.9,92.0,22.0,95.0,19.0,85.1,1023,0
2026/7/16,3:36:6,16.8,92.0,22.0,95.0,19.0,85.1,1023,0
2026/7/16,3:36:11,16.7,92.0,22.0,95.0,19.0,85.1,1023,0
2026/7/16,3:36:16,16.7,92.0,22.0,95.0,19.0,85.1,1023,0
2026/7/16,3:36:21,16.8,92.0,22.0,95.0,19.0,85.2,1023,0
2026/7/16,3:36:26,16.9,92.0,21.9,94.0,19.0,85.2,1023,0
2026/7/16,3:36:31,16.8,92.0,22.0,95.0,19.0,85.2,1021,0
2026/7/16,3:36:36,16.8,92.0,21.9,94.0,19.0,85.3,1022,0
2026/7/16,3:36:41,16.8,92.0,22.0,95.0,19.0,85.3,1021,0
2026/7/16,3:36:46,16.8,92.0,22.0,95.0,19.0,85.2,1021,0
2026/7/16,3:36:51,16.8,92.0,22.0,95.0,19.0,85.3,1023,0
2026/7/16,3:36:56,16.7,92.0,22.0,95.0,19.0,85.3,1022,0
2026/7/16,3:37:1,16.8,92.0,22.0,95.0,18.9,85.4,1022,0
2026/7/16,3:37:6,16.6,92.0,22.0,95.0,19.0,85.4,1019,0
2026/7/16,3:37:11,16.8,92.0,21.8,94.0,19.0,85.3,1019,0
2026/7/16,3:37:16,16.8,92.0,22.0,95.0,19.0,85.4,1019,0
2026/7/16,3:37:21,16.8,92.0,21.9,94.0,19.0,85.4,1023,0
2026/7/16,3:37:26,16.4,92.0,22.0,95.0,18.9,85.4,1019,0
2026/7/16,3:37:31,16.6,92.0,22.0,95.0,19.0,85.4,1023,0
2026/7/16,3:37:36,16.8,92.0,22.0,95.0,18.9,85.4,1022,0
2026/7/16,3:37:41,16.8,92.0,22.0,95.0,19.0,85.4,1023,0
2026/7/16,3:37:46,16.7,92.0,21.9,94.0,19.0,85.4,1023,0
2026/7/16,3:37:51,16.5,92.0,22.0,95.0,18.9,85.4,1019,0
2026/7/16,3:37:56,16.7,92.0,22.0,95.0,18.9,85.4,1023,0
2026/7/16,3:38:1,16.7,92.0,22.0,95.0,19.0,85.4,1022,0
2026/7/16,3:38:6,16.8,92.0,22.0,95.0,19.0,85.4,1019,0
2026/7/16,3:38:11,16.8,92.0,22.0,95.0,19.0,85.4,1023,0
2026/7/16,3:38:16,16.8,92.0,22.0,95.0,18.9,85.4,1023,0
2026/7/16,3:38:21,16.7,92.0,22.0,95.0,19.0,85.4,1023,0
2026/7/16,3:38:26,16.8,92.0,22.0,95.0,19.0,85.4,1019,0
2026/7/16,3:38:31,16.6,92.0,22.0,95.0,18.9,85.3,1023,0
2026/7/16,3:38:36,16.7,92.0,21.9,94.0,18.9,85.3,1023,0
2026/7/16,3:38:41,16.7,92.0,22.0,95.0,19.0,85.3,1023,0
2026/7/16,3:38:46,16.7,92.0,22.0,95.0,18.9,85.3,1019,0
2026/7/16,3:38:51,16.7,92.0,22.0,95.0,19.0,85.3,1023,0
2026/7/16,3:38:56,16.7,92.0,22.0,95.0,18.9,85.3,1023,0
2026/7/16,3:39:1,16.8,92.0,21.9,94.0,18.9,85.4,1023,0
2026/7/16,3:39:6,16.8,92.0,22.0,95.0,18.9,85.4,1021,0
2026/7/16,3:39:11,16.7,92.0,22.0,95.0,18.9,85.4,1019,0
2026/7/16,3:39:16,16.5,92.0,21.8,94.0,18.9,85.4,1023,0
2026/7/16,3:39:21,16.6,92.0,21.9,94.0,18.9,85.4,1023,0
2026/7/16,3:39:26,16.8,92.0,22.0,95.0,18.9,85.4,1019,0
2026/7/16,3:39:31,16.6,92.0,21.8,94.0,18.9,85.4,1022,0
2026/7/16,3:39:36,16.7,92.0,22.0,95.0,19.0,85.5,1019,0
2026/7/16,3:39:41,16.7,92.0,22.0,95.0,18.9,85.5,1021,0
2026/7/16,3:39:46,16.8,92.0,21.9,94.0,18.9,85.5,1023,0
2026/7/16,3:39:51,16.7,92.0,21.8,94.0,18.9,85.5,1023,0
2026/7/16,3:39:56,16.8,92.0,22.0,95.0,18.9,85.4,1022,0
2026/7/16,3:40:1,16.7,92.0,21.9,94.0,18.9,85.5,1021,0
2026/7/16,3:40:6,16.3,92.0,21.9,94.0,18.9,85.5,1021,0
2026/7/16,3:40:11,16.6,92.0,22.0,95.0,18.9,85.4,1023,0
2026/7/16,3:40:16,16.6,92.0,21.9,94.0,18.9,85.5,1022,0
2026/7/16,3:40:21,16.6,92.0,21.9,94.0,18.9,85.5,1023,0
2026/7/16,3:40:26,16.7,92.0,21.9,94.0,18.9,85.5,1021,0
2026/7/16,3:40:31,16.8,92.0,22.0,95.0,18.9,85.5,1023,0
2026/7/16,3:40:36,16.7,92.0,21.9,94.0,18.9,85.6,1021,0
2026/7/16,3:40:41,16.5,92.0,21.9,94.0,18.9,85.6,1023,0
2026/7/16,3:40:46,16.7,92.0,22.0,95.0,18.9,85.5,1021,0
2026/7/16,3:40:51,16.7,92.0,22.0,95.0,18.9,85.5,1019,0
2026/7/16,3:40:56,16.7,92.0,21.9,94.0,18.9,85.6,1023,0
2026/7/16,3:41:1,16.6,92.0,21.9,94.0,18.9,85.5,1021,0
2026/7/16,3:41:6,16.6,92.0,22.0,95.0,18.9,85.6,1019,0
2026/7/16,3:41:11,16.7,92.0,21.9,94.0,18.9,85.6,1023,0
2026/7/16,3:41:16,16.6,92.0,21.9,94.0,18.9,85.6,1023,0
2026/7/16,3:41:21,16.6,92.0,22.0,95.0,18.9,85.6,1022,0
2026/7/16,3:41:26,16.6,92.0,22.0,95.0,18.9,85.6,1023,0
2026/7/16,3:41:31,16.8,92.0,21.9,94.0,18.9,85.6,1019,0
2026/7/16,3:41:36,16.7,92.0,22.0,95.0,18.9,85.6,1019,0
2026/7/16,3:41:41,16.7,92.0,22.0,95.0,18.9,85.6,1023,0
2026/7/16,3:41:46,16.7,92.0,21.9,94.0,18.9,85.7,1021,0
2026/7/16,3:41:51,16.7,92.0,22.0,95.0,18.9,85.6,1023,0
2026/7/16,3:41:56,16.7,92.0,21.9,94.0,18.9,85.7,1022,0
2026/7/16,3:42:1,16.8,92.0,21.8,94.0,18.9,85.6,1023,0
2026/7/16,3:42:6,16.8,92.0,22.0,95.0,18.9,85.6,1023,0
2026/7/16,3:42:11,16.7,92.0,21.9,94.0,18.9,85.7,1021,0
2026/7/16,3:42:16,16.7,92.0,22.0,95.0,18.9,85.6,1022,0
2026/7/16,3:42:21,16.7,92.0,21.8,94.0,18.9,85.7,1021,0
2026/7/16,3:42:26,16.8,92.0,22.0,95.0,18.9,85.6,1021,0
2026/7/16,3:42:32,16.7,92.0,22.0,95.0,18.9,85.6,1023,0
2026/7/16,3:42:37,16.7,92.0,21.9,94.0,18.9,85.6,1021,0
2026/7/16,3:42:42,16.7,92.0,21.9,94.0,18.9,85.6,1019,0
2026/7/16,3:42:47,16.7,92.0,21.8,94.0,18.9,85.7,1022,0
2026/7/16,3:42:52,16.8,92.0,22.0,95.0,18.9,85.6,1021,0
2026/7/16,3:42:57,16.7,92.0,21.8,94.0,18.9,85.7,1022,0
2026/7/16,3:43:2,16.7,92.0,22.0,95.0,18.9,85.7,1023,0
2026/7/16,3:43:7,16.8,92.0,22.0,95.0,18.9,85.7,1022,0
2026/7/16,3:43:12,16.6,92.0,21.9,94.0,18.9,85.7,1019,0
2026/7/16,3:43:17,16.7,92.0,21.8,94.0,18.9,85.7,1022,0
2026/7/16,3:43:22,16.6,92.0,22.0,95.0,18.9,85.6,1019,0
2026/7/16,3:43:27,16.7,92.0,22.0,95.0,18.9,85.7,1023,0
2026/7/16,3:43:32,16.7,92.0,21.9,94.0,18.9,85.7,1019,0
2026/7/16,3:43:37,16.7,92.0,22.0,95.0,18.9,85.7,1023,0
2026/7/16,3:43:42,16.7,92.0,21.8,94.0,18.9,85.7,1019,0
2026/7/16,3:43:47,16.7,92.0,21.8,94.0,18.9,85.7,1021,0
2026/7/16,3:43:52,16.8,92.0,21.7,94.0,18.9,85.7,1023,0
2026/7/16,3:43:57,16.7,92.0,21.8,94.0,18.9,85.5,1023,0
2026/7/16,3:44:2,16.7,92.0,22.0,95.0,18.9,85.5,1022,0
2026/7/16,3:44:7,16.7,92.0,21.8,94.0,18.9,85.4,1023,0
2026/7/16,3:44:12,16.7,92.0,21.9,94.0,18.9,85.4,1023,0
2026/7/16,3:44:17,16.7,92.0,22.0,95.0,18.9,85.4,1023,0
2026/7/16,3:44:22,16.7,92.0,21.8,94.0,18.9,85.4,1023,0
2026/7/16,3:44:27,16.7,92.0,21.9,94.0,18.9,85.4,1023,0
2026/7/16,3:44:32,16.7,92.0,21.8,94.0,18.9,85.3,1023,0
2026/7/16,3:44:37,16.8,92.0,21.9,94.0,18.9,85.3,1021,0
2026/7/16,3:44:42,16.7,92.0,21.9,94.0,18.9,85.3,1023,0
2026/7/16,3:44:47,16.7,92.0,21.9,94.0,18.9,85.4,1023,0
2026/7/16,3:44:52,16.8,92.0,22.0,95.0,18.9,85.4,1023,0
2026/7/16,3:44:57,16.8,92.0,21.8,94.0,18.9,85.4,1022,0
2026/7/16,3:45:2,16.7,92.0,22.0,95.0,18.9,85.4,1023,0
2026/7/16,3:45:7,16.8,92.0,21.8,94.0,18.9,85.4,1022,0
2026/7/16,3:45:12,16.5,92.0,22.0,95.0,18.9,85.4,1019,0
2026/7/16,3:45:17,16.5,92.0,22.0,95.0,18.9,85.5,1021,0
2026/7/16,3:45:22,16.8,92.0,22.0,95.0,18.9,85.5,1023,0
2026/7/16,3:45:27,16.8,92.0,21.9,94.0,18.9,85.4,1021,0
2026/7/16,3:45:32,16.8,92.0,22.0,95.0,18.8,85.3,1019,0
2026/7/16,3:45:37,16.7,92.0,21.8,94.0,18.8,85.3,1022,0
2026/7/16,3:45:42,16.7,92.0,22.0,95.0,18.8,85.4,1019,0
2026/7/16,3:45:47,16.8,92.0,21.9,94.0,18.8,85.4,1019,0
2026/7/16,3:45:52,16.7,92.0,21.8,94.0,18.8,85.3,1022,0
2026/7/16,3:45:57,16.8,92.0,21.8,94.0,18.8,85.4,1021,0
2026/7/16,3:46:2,16.7,92.0,21.9,94.0,18.8,85.4,1021,0
2026/7/16,3:46:7,16.8,92.0,22.0,95.0,18.8,85.4,1023,0
2026/7/16,3:46:12,16.7,92.0,21.9,94.0,18.8,85.4,1021,0
2026/7/16,3:46:17,16.7,92.0,21.9,94.0,18.8,85.4,1022,0
2026/7/16,3:46:22,16.7,92.0,21.7,94.0,18.8,85.4,1019,0
2026/7/16,3:46:27,16.8,92.0,22.0,95.0,18.8,85.4,1021,0
2026/7/16,3:46:32,16.8,92.0,21.8,94.0,18.8,85.4,1019,0
2026/7/16,3:46:37,16.8,92.0,22.0,95.0,18.8,85.4,1021,0
2026/7/16,3:46:42,16.8,92.0,21.7,94.0,18.8,85.5,1023,0
2026/7/16,3:46:47,16.6,92.0,21.7,94.0,18.8,85.5,1023,0
2026/7/16,3:46:52,16.6,92.0,21.9,94.0,18.8,85.5,1021,0
2026/7/16,3:46:57,16.7,92.0,21.8,94.0,18.8,85.6,1021,0
2026/7/16,3:47:2,16.7,92.0,21.8,94.0,18.8,85.6,1022,0
2026/7/16,3:47:7,16.7,92.0,21.8,94.0,18.8,85.6,1019,0
2026/7/16,3:47:12,16.8,92.0,21.9,94.0,18.8,85.6,1019,0
2026/7/16,3:47:17,16.7,92.0,21.8,94.0,18.8,85.7,1021,0
2026/7/16,3:47:22,16.8,92.0,21.8,94.0,18.8,85.7,1021,0
2026/7/16,3:47:27,16.7,92.0,21.9,94.0,18.8,85.7,1023,0
2026/7/16,3:47:32,16.5,92.0,21.8,94.0,18.8,85.7,1023,0
2026/7/16,3:47:37,16.7,92.0,21.9,94.0,18.8,85.7,1023,0
2026/7/16,3:47:42,16.8,92.0,21.9,94.0,18.8,85.7,1021,0
2026/7/16,3:47:47,16.5,92.0,21.8,94.0,18.8,85.7,1023,0
2026/7/16,3:47:52,16.8,92.0,21.8,94.0,18.8,85.7,1019,0
2026/7/16,3:47:57,16.7,92.0,21.8,94.0,18.8,85.8,1021,0
2026/7/16,3:48:2,16.7,92.0,21.8,94.0,18.8,85.8,1023,0
2026/7/16,3:48:7,16.7,92.0,21.9,94.0,18.8,85.8,1023,0
2026/7/16,3:48:12,16.7,92.0,21.8,94.0,18.8,85.8,1019,0
2026/7/16,3:48:17,16.8,92.0,21.8,94.0,18.8,85.8,1022,0
2026/7/16,3:48:22,16.7,92.0,21.9,94.0,18.8,85.8,1022,0
2026/7/16,3:48:27,16.8,92.0,21.8,94.0,18.8,85.8,1021,0
2026/7/16,3:48:32,16.7,92.0,21.9,94.0,18.8,85.8,1021,0
2026/7/16,3:48:37,16.5,92.0,21.9,94.0,18.8,85.8,1022,0
2026/7/16,3:48:42,16.7,92.0,21.9,94.0,18.8,85.8,1023,0
2026/7/16,3:48:47,16.6,92.0,21.9,94.0,18.8,85.8,1023,0
2026/7/16,3:48:52,16.7,92.0,21.8,94.0,18.8,85.8,1022,0
2026/7/16,3:48:57,16.7,92.0,21.7,94.0,18.8,85.9,1022,0
2026/7/16,3:49:2,16.7,92.0,22.0,95.0,18.8,85.8,1021,0
2026/7/16,3:49:7,16.5,92.0,21.8,94.0,18.8,85.9,1022,0
2026/7/16,3:49:12,16.7,92.0,21.8,94.0,18.8,85.8,1021,0
2026/7/16,3:49:17,16.7,92.0,21.9,94.0,18.8,85.9,1019,0
2026/7/16,3:49:22,16.6,92.0,21.7,94.0,18.8,85.9,1021,0
2026/7/16,3:49:27,16.7,92.0,21.9,94.0,18.8,85.9,1021,0
2026/7/16,3:49:32,16.6,92.0,21.7,94.0,18.8,85.9,1021,0
2026/7/16,3:49:37,16.7,92.0,21.9,94.0,18.8,85.9,1022,0
2026/7/16,3:49:42,16.7,92.0,21.7,94.0,18.8,86.0,1021,0
2026/7/16,3:49:47,16.6,92.0,22.0,95.0,18.8,86.0,1022,0
2026/7/16,3:49:52,16.5,92.0,21.8,94.0,18.8,86.0,1023,0
2026/7/16,3:49:57,16.7,92.0,21.9,94.0,18.8,86.0,1019,0
2026/7/16,3:50:2,16.7,92.0,21.7,94.0,18.8,86.0,1021,0
2026/7/16,3:50:7,16.5,92.0,21.8,94.0,18.8,86.1,1022,0
2026/7/16,3:50:12,16.8,92.0,21.8,94.0,18.8,86.0,1022,0
2026/7/16,3:50:17,16.7,92.0,21.8,94.0,18.8,86.1,1019,0
2026/7/16,3:50:22,16.7,92.0,21.8,94.0,18.8,86.0,1022,0
2026/7/16,3:50:27,16.7,92.0,21.9,94.0,18.8,86.0,1021,0
2026/7/16,3:50:32,16.8,92.0,21.9,94.0,18.8,86.1,1022,0
2026/7/16,3:50:37,16.8,92.0,21.9,94.0,18.8,86.1,1022,0
2026/7/16,3:50:42,16.6,92.0,21.8,94.0,18.8,86.1,1022,0
2026/7/16,3:50:47,16.5,92.0,21.8,94.0,18.8,86.0,1022,0
2026/7/16,3:50:52,16.7,92.0,21.8,94.0,18.7,86.0,1021,0
2026/7/16,3:50:57,16.5,92.0,21.8,94.0,18.8,86.0,1023,0
2026/7/16,3:51:2,16.7,92.0,21.8,94.0,18.8,86.0,1023,0
2026/7/16,3:51:7,16.7,92.0,21.9,94.0,18.8,86.0,1019,0
2026/7/16,3:51:12,16.7,92.0,21.8,94.0,18.7,86.0,1023,0
2026/7/16,3:51:17,16.5,92.0,21.8,94.0,18.8,86.0,1022,0
2026/7/16,3:51:22,16.7,92.0,21.8,94.0,18.8,86.1,1021,0
2026/7/16,3:51:27,16.8,92.0,21.8,94.0,18.8,86.0,1023,0
2026/7/16,3:51:32,16.6,92.0,21.8,94.0,18.8,86.1,1022,0
2026/7/16,3:51:37,16.8,92.0,21.8,94.0,18.8,86.1,1023,0
2026/7/16,3:51:42,16.7,92.0,21.9,94.0,18.7,86.1,1022,0
2026/7/16,3:51:47,16.7,92.0,21.8,94.0,18.7,86.1,1019,0
2026/7/16,3:51:52,16.8,92.0,21.7,94.0,18.8,86.1,1023,0
2026/7/16,3:51:57,16.7,92.0,21.8,94.0,18.8,86.2,1019,0
2026/7/16,3:52:2,16.6,92.0,21.8,94.0,18.8,86.2,1021,0
2026/7/16,3:52:7,16.7,92.0,21.8,94.0,18.8,86.3,1023,0
2026/7/16,3:52:12,16.6,92.0,21.8,94.0,18.8,86.3,1019,0
2026/7/16,3:52:17,16.5,92.0,21.7,94.0,18.8,86.3,1023,0
2026/7/16,3:52:22,16.8,92.0,21.9,94.0,18.7,86.3,1019,0
2026/7/16,3:52:27,16.7,92.0,21.8,94.0,18.8,86.3,1023,0
2026/7/16,3:52:32,16.7,92.0,21.8,94.0,18.7,86.3,1019,0
2026/7/16,3:52:37,16.6,92.0,21.9,94.0,18.7,86.3,1019,0
2026/7/16,3:52:42,16.6,92.0,21.8,94.0,18.7,86.3,1021,0
2026/7/16,3:52:47,16.8,92.0,21.9,94.0,18.8,86.4,1023,0
2026/7/16,3:52:52,16.7,92.0,21.9,94.0,18.7,86.3,1023,0
2026/7/16,3:52:57,16.8,92.0,21.8,94.0,18.7,86.3,1019,0
2026/7/16,3:53:2,16.7,92.0,21.8,94.0,18.7,86.3,1021,0
2026/7/16,3:53:7,16.7,92.0,21.7,94.0,18.8,86.3,1022,0
2026/7/16,3:53:12,16.7,92.0,21.7,94.0,18.8,86.3,1022,0
2026/7/16,3:53:17,16.6,92.0,21.7,94.0,18.7,86.3,1023,0
2026/7/16,3:53:22,16.6,92.0,21.8,94.0,18.7,86.3,1023,0
2026/7/16,3:53:27,16.7,92.0,21.9,94.0,18.7,86.4,1022,0
2026/7/16,3:53:32,16.7,92.0,21.8,94.0,18.8,86.4,1022,0
2026/7/16,3:53:37,16.6,92.0,21.7,94.0,18.7,86.3,1021,0
2026/7/16,3:53:43,16.7,92.0,21.7,94.0,18.8,86.4,1023,0
2026/7/16,3:53:48,16.6,92.0,21.8,94.0,18.8,86.4,1019,0
2026/7/16,3:53:53,16.7,92.0,21.7,94.0,18.8,86.3,1022,0
2026/7/16,3:53:58,16.6,92.0,21.8,94.0,18.8,86.4,1022,0
2026/7/16,3:54:3,16.6,92.0,21.8,94.0,18.8,86.4,1022,0
2026/7/16,3:54:8,16.8,92.0,21.8,94.0,18.8,86.4,1023,0
2026/7/16,3:54:13,16.6,92.0,21.8,94.0,18.8,86.4,1022,0
2026/7/16,3:54:18,16.7,92.0,21.8,94.0,18.8,86.4,1021,0
2026/7/16,3:54:23,16.5,92.0,21.8,94.0,18.8,86.3,1022,0
2026/7/16,3:54:28,16.5,92.0,21.8,94.0,18.8,86.4,1019,0
2026/7/16,3:54:33,16.7,92.0,21.8,94.0,18.8,86.4,1023,0
2026/7/16,3:54:38,16.7,92.0,21.8,94.0,18.7,86.4,1022,0
2026/7/16,3:54:43,16.7,92.0,21.8,94.0,18.8,86.4,1022,0
2026/7/16,3:54:48,16.7,92.0,21.8,94.0,18.8,86.4,1023,0
2026/7/16,3:54:53,16.6,92.0,21.8,94.0,18.7,86.4,1019,0
2026/7/16,3:54:58,16.6,92.0,21.8,94.0,18.8,86.4,1022,0
2026/7/16,3:55:3,16.7,92.0,21.8,94.0,18.8,86.4,1021,0
2026/7/16,3:55:8,16.7,92.0,21.8,94.0,18.8,86.5,1019,0
2026/7/16,3:55:13,16.7,92.0,21.7,94.0,18.8,86.5,1019,0
2026/7/16,3:55:18,16.6,92.0,21.8,94.0,18.8,86.5,1023,0
2026/7/16,3:55:23,16.7,92.0,21.8,94.0,18.8,86.5,1023,0
2026/7/16,3:55:28,16.8,92.0,21.8,94.0,18.8,86.5,1021,0
2026/7/16,3:55:33,16.5,92.0,21.9,94.0,18.8,86.6,1022,0
2026/7/16,3:55:38,16.7,92.0,21.8,94.0,18.8,86.6,1021,0
2026/7/16,3:55:43,16.6,92.0,21.9,94.0,18.8,86.5,1023,0
2026/7/16,3:55:48,16.5,92.0,21.9,94.0,18.7,86.5,1022,0
2026/7/16,3:55:53,16.7,92.0,21.9,94.0,18.8,86.5,1022,0
2026/7/16,3:55:58,16.6,92.0,21.8,94.0,18.8,86.4,1019,0
2026/7/16,3:56:3,16.7,92.0,21.6,94.0,18.8,86.5,1023,0
2026/7/16,3:56:8,16.7,92.0,21.8,94.0,18.8,86.4,1023,0
2026/7/16,3:56:13,16.5,92.0,21.9,94.0,18.8,86.5,1023,0
2026/7/16,3:56:18,16.7,92.0,21.8,94.0,18.8,86.4,1022,0
2026/7/16,3:56:23,16.7,92.0,21.8,94.0,18.8,86.5,1022,0
2026/7/16,3:56:28,16.8,92.0,21.8,94.0,18.8,86.4,1023,0
2026/7/16,3:56:33,16.7,92.0,21.7,94.0,18.8,86.4,1022,0
2026/7/16,3:56:38,16.9,92.0,21.8,94.0,18.7,86.4,1023,0
2026/7/16,3:56:43,16.7,92.0,21.8,94.0,18.8,86.4,1019,0
2026/7/16,3:56:48,16.8,92.0,21.8,94.0,18.8,86.4,1023,0
2026/7/16,3:56:53,16.8,92.0,21.8,94.0,18.8,86.4,1023,0
2026/7/16,3:56:58,16.8,92.0,21.8,94.0,18.8,86.3,1019,0
2026/7/16,3:57:3,16.5,92.0,21.7,94.0,18.8,86.3,1023,0
2026/7/16,3:57:8,16.5,92.0,21.8,94.0,18.8,86.4,1022,0
2026/7/16,3:57:13,16.8,92.0,21.8,94.0,18.8,86.4,1019,0
2026/7/16,3:57:18,16.8,92.0,21.8,94.0,18.8,86.4,1021,0
2026/7/16,3:57:23,16.7,92.0,21.8,94.0,18.8,86.4,1019,0
2026/7/16,3:57:28,16.6,92.0,21.8,94.0,18.8,86.4,1023,0
2026/7/16,3:57:33,16.6,92.0,21.6,94.0,18.8,86.5,1023,0
2026/7/16,3:57:38,16.7,92.0,21.7,94.0,18.8,86.4,1022,0
2026/7/16,3:57:43,16.7,92.0,21.8,94.0,18.8,86.4,1019,0
2026/7/16,3:57:48,16.7,92.0,21.9,94.0,18.8,86.4,1022,0
2026/7/16,3:57:53,16.7,92.0,21.8,94.0,18.8,86.4,1019,0
2026/7/16,3:57:58,16.7,92.0,21.8,94.0,18.8,86.3,1019,0
2026/7/16,3:58:3,16.7,92.0,21.9,94.0,18.8,86.4,1022,0
2026/7/16,3:58:8,16.4,92.0,21.8,94.0,18.8,86.4,1021,0
2026/7/16,3:58:13,16.7,92.0,21.8,94.0,18.8,86.4,1019,0
2026/7/16,3:58:18,16.7,92.0,21.7,94.0,18.8,86.3,1023,0
2026/7/16,3:58:23,16.7,92.0,21.7,94.0,18.8,86.3,1023,0
2026/7/16,3:58:28,16.5,92.0,21.8,94.0,18.8,86.4,1023,0
2026/7/16,3:58:33,16.7,92.0,21.6,94.0,18.8,86.3,1019,0
2026/7/16,3:58:38,16.6,92.0,21.6,94.0,18.8,86.3,1019,0
2026/7/16,3:58:43,16.6,92.0,21.7,94.0,18.8,86.3,1021,0
2026/7/16,3:58:48,16.7,92.0,21.8,94.0,18.8,86.3,1022,0
2026/7/16,3:58:53,16.8,92.0,21.7,94.0,18.8,86.2,1021,0
2026/7/16,3:58:58,16.8,92.0,21.7,94.0,18.8,86.2,1023,0
2026/7/16,3:59:3,16.8,92.0,21.8,94.0,18.8,86.3,1023,0
2026/7/16,3:59:8,16.7,92.0,21.7,94.0,18.8,86.3,1019,0
2026/7/16,3:59:13,16.8,92.0,21.9,94.0,18.8,86.2,1019,0
2026/7/16,3:59:18,16.6,92.0,21.8,94.0,18.8,86.2,1019,0
2026/7/16,3:59:23,16.7,92.0,21.8,94.0,18.8,86.2,1022,0
2026/7/16,3:59:28,16.8,92.0,21.8,94.0,18.8,86.2,1022,0
2026/7/16,3:59:33,16.8,92.0,21.7,94.0,18.8,86.2,1019,0
2026/7/16,3:59:38,16.7,92.0,21.8,94.0,18.8,86.2,1022,0
2026/7/16,3:59:43,16.7,92.0,21.8,94.0,18.8,86.2,1021,0
2026/7/16,3:59:48,16.6,92.0,21.8,94.0,18.8,86.2,1022,0
2026/7/16,3:59:53,16.7,92.0,21.8,94.0,18.8,86.2,1023,0
2026/7/16,3:59:58,16.7,92.0,21.8,94.0,18.8,86.2,1019,0
2026/7/16,4:0:3,16.8,92.0,21.8,94.0,18.8,86.2,1023,0
2026/7/16,4:0:8,16.7,92.0,21.8,94.0,18.8,86.3,1023,0
2026/7/16,4:0:13,16.8,92.0,21.8,94.0,18.8,86.3,1023,0
2026/7/16,4:0:18,16.6,92.0,21.6,94.0,18.8,86.2,1019,0
2026/7/16,4:0:23,16.8,92.0,21.7,94.0,18.8,86.2,1022,0
2026/7/16,4:0:28,16.5,92.0,21.8,94.0,18.8,86.2,1022,0
2026/7/16,4:0:33,16.6,92.0,21.7,94.0,18.8,86.3,1023,0
2026/7/16,4:0:38,16.7,92.0,21.8,94.0,18.8,86.2,1021,0
2026/7/16,4:0:43,16.7,92.0,21.7,94.0,18.8,86.2,1019,0
2026/7/16,4:0:48,16.7,92.0,21.8,94.0,18.8,86.2,1021,0
2026/7/16,4:0:53,16.7,92.0,21.8,94.0,18.8,86.2,1019,0
2026/7/16,4:0:58,16.7,92.0,21.7,94.0,18.8,86.2,1021,0
2026/7/16,4:1:3,16.5,92.0,21.6,94.0,18.8,86.2,1022,0
2026/7/16,4:1:8,16.8,92.0,21.8,94.0,18.8,86.1,1019,0
2026/7/16,4:1:13,16.7,92.0,21.8,94.0,18.8,86.2,1023,0
2026/7/16,4:1:18,16.6,92.0,21.8,94.0,18.8,86.2,1023,0
2026/7/16,4:1:23,16.7,92.0,21.8,94.0,18.8,86.1,1021,0
2026/7/16,4:1:28,16.5,92.0,21.7,94.0,18.8,86.1,1019,0
2026/7/16,4:1:33,16.7,92.0,21.7,94.0,18.8,86.1,1021,0
2026/7/16,4:1:38,16.7,92.0,21.8,94.0,18.8,86.1,1021,0
2026/7/16,4:1:43,16.7,92.0,21.7,94.0,18.8,86.2,1019,0
2026/7/16,4:1:48,16.6,92.0,21.8,94.0,18.8,86.1,1021,0
2026/7/16,4:1:53,16.6,92.0,21.8,94.0,18.8,86.1,1022,0
2026/7/16,4:1:58,16.7,92.0,21.7,94.0,18.8,86.1,1019,0
2026/7/16,4:2:3,16.6,92.0,21.8,94.0,18.8,86.2,1021,0
2026/7/16,4:2:8,16.5,92.0,21.8,94.0,18.8,86.2,1023,0
2026/7/16,4:2:13,16.7,92.0,21.8,94.0,18.8,86.2,1019,0
2026/7/16,4:2:18,16.7,92.0,21.7,94.0,18.8,86.2,1023,0
2026/7/16,4:2:23,16.6,92.0,21.8,94.0,18.8,86.2,1021,0
2026/7/16,4:2:28,16.7,92.0,21.7,94.0,18.8,86.2,1022,0
2026/7/16,4:2:33,16.5,92.0,21.8,94.0,18.8,86.1,1022,0
2026/7/16,4:2:38,16.7,92.0,21.8,94.0,18.8,86.2,1021,0
2026/7/16,4:2:43,16.7,92.0,21.8,94.0,18.8,86.1,1023,0
2026/7/16,4:2:48,16.7,92.0,21.8,94.0,18.8,86.1,1023,0
2026/7/16,4:2:53,16.5,92.0,21.8,94.0,18.8,86.1,1021,0
2026/7/16,4:2:58,16.7,92.0,21.8,94.0,18.8,86.0,1023,0
2026/7/16,4:3:3,16.7,92.0,21.8,94.0,18.8,86.0,1023,0
2026/7/16,4:3:8,16.7,92.0,21.8,94.0,18.8,86.0,1022,0
2026/7/16,4:3:13,16.5,92.0,21.8,94.0,18.8,85.9,1019,0
2026/7/16,4:3:18,16.7,92.0,21.8,94.0,18.8,85.9,1023,0
2026/7/16,4:3:23,16.6,92.0,21.7,94.0,18.8,85.9,1021,0
2026/7/16,4:3:28,16.7,92.0,21.8,94.0,18.8,85.9,1023,0
2026/7/16,4:3:33,16.6,92.0,21.8,94.0,18.8,85.9,1022,0
2026/7/16,4:3:38,16.6,92.0,21.8,94.0,18.8,85.9,1021,0
2026/7/16,4:3:43,16.6,92.0,21.8,94.0,18.8,85.8,1023,0
2026/7/16,4:3:48,16.7,92.0,21.8,94.0,18.8,85.9,1021,0
2026/7/16,4:3:53,16.7,92.0,21.8,94.0,18.8,85.9,1021,0
2026/7/16,4:3:58,16.6,92.0,21.7,94.0,18.8,85.9,1023,0
2026/7/16,4:4:3,16.7,92.0,21.8,94.0,18.8,85.9,1022,0
2026/7/16,4:4:8,16.7,92.0,21.7,94.0,18.8,85.9,1021,0
2026/7/16,4:4:13,16.4,92.0,21.7,94.0,18.8,86.0,1023,0
2026/7/16,4:4:18,16.7,92.0,21.7,94.0,18.8,85.9,1022,0
2026/7/16,4:4:23,16.5,92.0,21.8,94.0,18.8,85.9,1023,0
2026/7/16,4:4:28,16.7,92.0,21.6,94.0,18.8,85.9,1019,0
2026/7/16,4:4:33,16.4,92.0,21.9,94.0,18.8,86.0,1021,0
2026/7/16,4:4:38,16.7,92.0,21.8,94.0,18.8,85.9,1019,0
2026/7/16,4:4:44,16.8,92.0,21.6,94.0,18.8,85.9,1022,0
2026/7/16,4:4:49,16.7,92.0,21.7,94.0,18.8,85.9,1019,0
2026/7/16,4:4:54,16.5,92.0,21.8,94.0,18.8,86.0,1023,0
2026/7/16,4:4:59,16.5,92.0,21.8,94.0,18.8,86.1,1023,0
2026/7/16,4:5:4,16.6,92.0,21.8,94.0,18.8,86.1,1023,0
2026/7/16,4:5:9,16.6,92.0,21.7,94.0,18.8,86.1,1019,0
2026/7/16,4:5:14,16.6,92.0,21.7,94.0,18.8,86.1,1021,0
2026/7/16,4:5:19,16.7,92.0,21.7,94.0,18.8,86.1,1023,0
2026/7/16,4:5:24,16.6,92.0,21.7,94.0,18.8,86.0,1022,0
2026/7/16,4:5:29,16.7,92.0,21.8,94.0,18.8,86.1,1022,0
2026/7/16,4:5:34,16.7,92.0,21.7,94.0,18.8,86.1,1021,0
2026/7/16,4:5:39,16.7,92.0,21.6,94.0,18.8,86.1,1021,0
2026/7/16,4:5:44,16.6,92.0,21.7,94.0,18.8,86.1,1019,0
2026/7/16,4:5:49,16.7,92.0,21.7,94.0,18.8,86.0,1023,0
2026/7/16,4:5:54,16.8,92.0,21.7,94.0,18.8,86.1,1019,0
2026/7/16,4:5:59,16.8,92.0,21.8,94.0,18.8,86.0,1022,0
2026/7/16,4:6:4,16.8,92.0,21.8,94.0,18.8,86.0,1021,0
2026/7/16,4:6:9,16.7,92.0,21.8,94.0,18.8,86.1,1023,0
2026/7/16,4:6:14,16.7,92.0,21.8,94.0,18.8,86.0,1023,0
2026/7/16,4:6:19,16.6,92.0,21.8,94.0,18.8,86.0,1021,0
2026/7/16,4:6:24,16.7,92.0,21.8,94.0,18.8,86.0,1023,0
2026/7/16,4:6:29,16.7,92.0,21.8,94.0,18.8,86.1,1021,0
2026/7/16,4:6:34,16.7,92.0,21.7,94.0,18.8,86.0,1023,0
2026/7/16,4:6:39,16.8,92.0,21.7,94.0,18.8,86.1,1023,0
2026/7/16,4:6:44,16.7,92.0,21.8,94.0,18.8,86.1,1022,0
2026/7/16,4:6:49,16.8,92.0,21.8,94.0,18.8,86.0,1023,0
2026/7/16,4:6:54,16.5,92.0,21.8,94.0,18.8,86.0,1021,0
2026/7/16,4:6:59,16.7,92.0,21.7,94.0,18.8,86.1,1023,0
2026/7/16,4:7:4,16.7,92.0,21.7,94.0,18.8,86.1,1023,0
2026/7/16,4:7:9,16.7,92.0,21.8,94.0,18.8,86.1,1019,0
2026/7/16,4:7:14,16.7,92.0,21.8,94.0,18.8,86.1,1021,0
2026/7/16,4:7:19,16.7,92.0,21.8,94.0,18.8,86.1,1023,0
2026/7/16,4:7:24,16.6,92.0,21.8,94.0,18.8,86.1,1022,0
2026/7/16,4:7:29,16.5,92.0,21.8,94.0,18.8,86.0,1019,0
2026/7/16,4:7:34,16.4,92.0,21.8,94.0,18.8,86.0,1021,0
2026/7/16,4:7:39,16.7,92.0,21.8,94.0,18.8,86.1,1023,0
2026/7/16,4:7:44,16.7,92.0,21.8,94.0,18.8,86.1,1021,0
2026/7/16,4:7:49,16.8,92.0,21.7,94.0,18.8,86.2,1022,0
2026/7/16,4:7:54,16.7,92.0,21.6,94.0,18.8,86.0,1023,0
2026/7/16,4:7:59,16.6,92.0,21.8,94.0,18.8,85.9,1022,0
2026/7/16,4:8:4,16.5,92.0,21.7,94.0,18.8,86.0,1019,0
2026/7/16,4:8:9,16.6,92.0,21.7,94.0,18.8,86.0,1021,0
2026/7/16,4:8:14,16.6,92.0,21.8,94.0,18.8,86.0,1022,0
2026/7/16,4:8:19,16.5,92.0,21.6,94.0,18.8,85.9,1019,0
2026/7/16,4:8:24,16.6,92.0,21.7,94.0,18.8,85.9,1022,0
2026/7/16,4:8:29,16.6,92.0,21.5,94.0,18.7,85.8,1019,0
2026/7/16,4:8:34,16.6,92.0,21.7,94.0,18.8,85.7,1023,0
2026/7/16,4:8:39,16.6,92.0,21.7,94.0,18.7,85.7,1021,0
2026/7/16,4:8:44,16.5,92.0,21.7,94.0,18.8,85.7,1023,0
2026/7/16,4:8:49,16.6,92.0,21.7,94.0,18.7,85.7,1021,0
2026/7/16,4:8:54,16.7,92.0,21.9,94.0,18.8,85.7,1019,0
2026/7/16,4:8:59,16.6,92.0,21.8,94.0,18.7,85.8,1019,0
2026/7/16,4:9:4,16.6,92.0,21.8,94.0,18.7,85.8,1021,0
2026/7/16,4:9:9,16.6,92.0,21.8,94.0,18.7,85.8,1023,0
2026/7/16,4:9:14,16.5,92.0,21.8,94.0,18.7,85.8,1019,0
2026/7/16,4:9:19,16.6,92.0,21.7,94.0,18.7,85.8,1022,0
2026/7/16,4:9:24,16.4,92.0,21.8,94.0,18.7,85.9,1021,0
2026/7/16,4:9:29,16.4,92.0,21.8,94.0,18.7,85.9,1023,0
2026/7/16,4:9:34,16.7,92.0,21.7,94.0,18.7,85.9,1022,0
2026/7/16,4:9:39,16.5,92.0,21.7,94.0,18.7,86.0,1019,0
2026/7/16,4:9:44,16.8,92.0,21.8,94.0,18.7,86.0,1022,0
2026/7/16,4:9:49,16.6,92.0,21.7,94.0,18.7,86.0,1023,0
2026/7/16,4:9:54,16.6,92.0,21.7,94.0,18.7,86.1,1023,0
2026/7/16,4:9:59,16.7,92.0,21.8,94.0,18.7,86.0,1021,0
2026/7/16,4:10:4,16.7,92.0,21.7,94.0,18.7,86.0,1021,0
2026/7/16,4:10:9,16.7,92.0,21.8,94.0,18.7,86.1,1023,0
2026/7/16,4:10:14,16.7,92.0,21.7,94.0,18.7,86.1,1021,0
2026/7/16,4:10:19,16.7,92.0,21.7,94.0,18.7,86.2,1022,0
2026/7/16,4:10:24,16.5,92.0,21.7,94.0,18.7,86.2,1023,0
2026/7/16,4:10:29,16.5,92.0,21.7,94.0,18.7,86.2,1019,0
2026/7/16,4:10:34,16.7,92.0,21.6,94.0,18.7,86.1,1019,0
2026/7/16,4:10:39,16.6,92.0,21.7,94.0,18.7,86.2,1022,0
2026/7/16,4:10:44,16.8,92.0,21.8,94.0,18.7,86.1,1023,0
2026/7/16,4:10:49,16.5,92.0,21.6,94.0,18.7,86.1,1021,0
2026/7/16,4:10:54,16.6,92.0,21.7,94.0,18.7,86.1,1021,0
2026/7/16,4:10:59,16.8,92.0,21.7,94.0,18.7,86.1,1021,0
2026/7/16,4:11:4,16.5,92.0,21.7,94.0,18.7,86.2,1019,0
2026/7/16,4:11:9,16.7,92.0,21.7,94.0,18.7,86.2,1023,0
2026/7/16,4:11:14,16.2,92.0,21.7,94.0,18.7,86.1,1021,0
2026/7/16,4:11:19,16.6,92.0,21.7,94.0,18.7,86.1,1022,0
2026/7/16,4:11:24,16.5,92.0,21.7,94.0,18.7,86.1,1023,0
2026/7/16,4:11:29,16.8,92.0,21.6,94.0,18.7,86.1,1021,0
2026/7/16,4:11:34,16.6,92.0,21.7,94.0,18.7,86.2,1021,0
2026/7/16,4:11:39,16.6,92.0,21.7,94.0,18.7,86.3,1019,0
2026/7/16,4:11:44,16.5,92.0,21.6,94.0,18.7,86.3,1022,0
2026/7/16,4:11:49,16.5,92.0,21.7,94.0,18.7,86.2,1021,0
2026/7/16,4:11:54,16.4,92.0,21.7,94.0,18.7,86.2,1021,0
2026/7/16,4:11:59,16.6,92.0,21.7,94.0,18.7,86.2,1023,0
2026/7/16,4:12:4,16.6,92.0,21.7,94.0,18.7,86.2,1022,0
2026/7/16,4:12:9,16.6,92.0,21.8,94.0,18.7,86.3,1021,0
2026/7/16,4:12:14,16.6,92.0,21.7,94.0,18.7,86.2,1023,0
2026/7/16,4:12:19,16.6,92.0,21.7,94.0,18.7,86.3,1023,0
2026/7/16,4:12:24,16.6,92.0,21.7,94.0,18.7,86.3,1021,0
2026/7/16,4:12:29,16.6,92.0,21.7,94.0,18.7,86.3,1021,0
2026/7/16,4:12:34,16.5,92.0,21.7,94.0,18.7,86.3,1019,0
2026/7/16,4:12:39,16.7,92.0,21.8,94.0,18.7,86.3,1023,0
2026/7/16,4:12:44,16.6,92.0,21.8,94.0,18.7,86.2,1021,0
2026/7/16,4:12:49,16.7,92.0,21.8,94.0,18.7,86.2,1023,0
2026/7/16,4:12:54,16.6,92.0,21.7,94.0,18.7,86.3,1023,0
2026/7/16,4:12:59,16.6,92.0,21.8,94.0,18.7,86.2,1023,0
2026/7/16,4:13:4,16.5,92.0,21.8,94.0,18.7,86.3,1021,0
2026/7/16,4:13:9,16.7,92.0,21.7,94.0,18.7,86.3,1023,0
2026/7/16,4:13:14,16.6,92.0,21.7,94.0,18.7,86.3,1022,0
2026/7/16,4:13:19,16.7,92.0,21.7,94.0,18.7,86.3,1019,0
2026/7/16,4:13:24,16.4,92.0,21.7,94.0,18.7,86.3,1021,0
2026/7/16,4:13:29,16.5,92.0,21.8,94.0,18.7,86.3,1019,0
2026/7/16,4:13:34,16.7,92.0,21.5,94.0,18.7,86.3,1023,0
2026/7/16,4:13:39,16.7,92.0,21.8,94.0,18.7,86.4,1019,0
2026/7/16,4:13:44,16.8,92.0,21.7,94.0,18.7,86.3,1023,0
2026/7/16,4:13:49,16.5,92.0,21.8,94.0,18.7,86.3,1023,0
2026/7/16,4:13:54,16.7,92.0,21.7,94.0,18.7,86.3,1022,0
2026/7/16,4:13:59,16.7,92.0,21.7,94.0,18.7,86.3,1022,0
2026/7/16,4:14:4,16.4,92.0,21.8,94.0,18.7,86.3,1021,0
2026/7/16,4:14:9,16.6,92.0,21.8,94.0,18.7,86.3,1023,0
2026/7/16,4:14:14,16.6,92.0,21.7,94.0,18.7,86.3,1023,0
2026/7/16,4:14:19,16.7,92.0,21.7,94.0,18.7,86.2,1021,0
2026/7/16,4:14:24,16.6,92.0,21.7,94.0,18.7,86.2,1019,0
2026/7/16,4:14:29,16.7,92.0,21.9,94.0,18.7,86.2,1019,0
2026/7/16,4:14:34,16.6,92.0,21.8,94.0,18.7,86.2,1021,0
2026/7/16,4:14:39,16.4,92.0,21.7,94.0,18.7,86.2,1022,0
2026/7/16,4:14:44,16.7,92.0,21.7,94.0,18.7,86.2,1022,0
2026/7/16,4:14:49,16.6,92.0,21.7,94.0,18.7,86.2,1023,0
2026/7/16,4:14:54,16.7,92.0,21.8,94.0,18.7,86.2,1021,0
2026/7/16,4:14:59,16.6,92.0,21.6,94.0,18.7,86.2,1022,0
2026/7/16,4:15:4,16.7,92.0,21.7,94.0,18.7,86.3,1021,0
2026/7/16,4:15:9,16.5,92.0,21.6,94.0,18.7,86.2,1023,0
2026/7/16,4:15:14,16.6,92.0,21.8,94.0,18.7,86.2,1022,0
2026/7/16,4:15:19,16.5,92.0,21.7,94.0,18.7,86.2,1019,0
2026/7/16,4:15:24,16.5,92.0,21.7,94.0,18.7,86.2,1022,0
2026/7/16,4:15:29,16.8,92.0,21.7,94.0,18.7,86.2,1022,0
2026/7/16,4:15:35,16.7,92.0,21.7,94.0,18.7,86.2,1023,0
2026/7/16,4:15:40,16.8,92.0,21.7,94.0,18.7,86.2,1023,0
2026/7/16,4:15:45,16.5,92.0,21.8,94.0,18.7,86.2,1021,0
2026/7/16,4:15:50,16.7,92.0,21.7,94.0,18.7,86.2,1021,0
2026/7/16,4:15:55,16.4,92.0,21.7,94.0,18.7,86.2,1021,0
2026/7/16,4:16:0,16.3,92.0,21.7,94.0,18.7,86.2,1021,0
2026/7/16,4:16:5,16.5,92.0,21.7,94.0,18.7,86.2,1023,0
2026/7/16,4:16:10,16.7,92.0,21.7,94.0,18.7,86.2,1019,0
2026/7/16,4:16:15,16.5,92.0,21.7,94.0,18.7,86.2,1023,0
2026/7/16,4:16:20,16.7,92.0,21.8,94.0,18.7,86.2,1021,0
2026/7/16,4:16:25,16.6,92.0,21.9,94.0,18.7,86.2,1023,0
2026/7/16,4:16:30,16.7,92.0,21.7,94.0,18.7,86.2,1023,0
2026/7/16,4:16:35,16.5,92.0,21.6,94.0,18.7,86.2,1021,0
2026/7/16,4:16:40,16.7,92.0,21.7,94.0,18.7,86.2,1023,0
2026/7/16,4:16:45,16.6,92.0,21.7,94.0,18.7,86.2,1023,0
2026/7/16,4:16:50,16.4,92.0,21.6,94.0,18.7,86.3,1021,0
2026/7/16,4:16:55,16.7,92.0,21.6,94.0,18.7,86.2,1019,0
2026/7/16,4:17:0,16.5,92.0,21.7,94.0,18.7,86.3,1023,0
2026/7/16,4:17:5,16.5,92.0,21.7,94.0,18.7,86.3,1021,0
2026/7/16,4:17:10,16.5,92.0,21.7,94.0,18.7,86.3,1019,0
2026/7/16,4:17:15,16.7,92.0,21.7,94.0,18.7,86.3,1023,0
2026/7/16,4:17:20,16.6,92.0,21.7,94.0,18.7,86.2,1021,0
2026/7/16,4:17:25,16.6,92.0,21.6,94.0,18.7,86.3,1022,0
2026/7/16,4:17:30,16.6,92.0,21.6,94.0,18.7,86.2,1019,0
2026/7/16,4:17:35,16.6,92.0,21.7,94.0,18.7,86.2,1022,0
2026/7/16,4:17:40,16.6,92.0,21.6,94.0,18.7,86.2,1021,0
2026/7/16,4:17:45,16.5,92.0,21.6,94.0,18.7,86.3,1022,0
2026/7/16,4:17:50,16.7,92.0,21.8,94.0,18.7,86.3,1021,0
2026/7/16,4:17:55,16.6,92.0,21.6,94.0,18.7,86.2,1022,0
2026/7/16,4:18:0,16.5,92.0,21.7,94.0,18.7,86.3,1022,0
2026/7/16,4:18:5,16.7,92.0,21.7,94.0,18.7,86.3,1019,0
2026/7/16,4:18:10,16.5,92.0,21.7,94.0,18.7,86.3,1019,0
2026/7/16,4:18:15,16.5,92.0,21.6,94.0,18.7,86.3,1023,0
2026/7/16,4:18:20,16.5,92.0,21.5,94.0,18.7,86.3,1023,0
2026/7/16,4:18:25,16.7,92.0,21.7,94.0,18.7,86.3,1019,0
2026/7/16,4:18:30,16.7,92.0,21.8,94.0,18.7,86.2,1019,0
2026/7/16,4:18:35,16.4,92.0,21.7,94.0,18.7,86.3,1021,0
2026/7/16,4:18:40,16.5,92.0,21.6,94.0,18.7,86.3,1019,0
2026/7/16,4:18:45,16.5,92.0,21.7,94.0,18.7,86.3,1022,0
2026/7/16,4:18:50,16.6,92.0,21.6,94.0,18.7,86.3,1022,0
2026/7/16,4:18:55,16.5,92.0,21.7,94.0,18.7,86.4,1023,0
2026/7/16,4:19:0,16.6,92.0,21.7,94.0,18.7,86.3,1021,0
2026/7/16,4:19:5,16.7,92.0,21.8,94.0,18.7,86.3,1023,0
2026/7/16,4:19:10,16.5,92.0,21.7,94.0,18.7,86.3,1023,0
2026/7/16,4:19:15,16.5,92.0,21.7,94.0,18.7,86.3,1023,0
2026/7/16,4:19:20,16.6,92.0,21.9,94.0,18.7,86.3,1021,0
2026/7/16,4:19:25,16.5,92.0,21.7,94.0,18.7,86.3,1019,0
2026/7/16,4:19:30,16.6,92.0,21.6,94.0,18.8,86.3,1022,0
2026/7/16,4:19:35,16.6,92.0,21.7,94.0,18.7,86.3,1023,0
2026/7/16,4:19:40,16.4,92.0,21.6,94.0,18.7,86.3,1021,0
2026/7/16,4:19:45,16.6,92.0,21.8,94.0,18.7,86.3,1019,0
2026/7/16,4:19:50,16.6,92.0,21.7,94.0,18.7,86.3,1022,0
2026/7/16,4:19:55,16.6,92.0,21.7,94.0,18.7,86.3,1023,0
2026/7/16,4:20:0,16.5,92.0,21.7,94.0,18.7,86.4,1019,0
2026/7/16,4:20:5,16.7,92.0,21.6,94.0,18.7,86.4,1022,0
2026/7/16,4:20:10,16.6,92.0,21.7,94.0,18.7,86.4,1019,0
2026/7/16,4:20:15,16.5,92.0,21.7,94.0,18.7,86.4,1023,0
2026/7/16,4:20:20,16.4,92.0,21.6,94.0,18.7,86.3,1019,0
2026/7/16,4:20:25,16.5,92.0,21.8,94.0,18.7,86.4,1023,0
2026/7/16,4:20:30,16.7,92.0,21.7,94.0,18.7,86.4,1023,0
2026/7/16,4:20:35,16.7,92.0,21.8,94.0,18.7,86.4,1022,0
2026/7/16,4:20:40,16.7,92.0,21.5,94.0,18.7,86.4,1019,0
2026/7/16,4:20:45,16.5,92.0,21.6,94.0,18.7,86.4,1021,0
2026/7/16,4:20:50,16.5,92.0,21.6,94.0,18.8,86.3,1022,0
2026/7/16,4:20:55,16.5,92.0,21.7,94.0,18.7,86.3,1023,0
2026/7/16,4:21:0,16.5,92.0,21.6,94.0,18.7,86.4,1022,0
2026/7/16,4:21:5,16.5,92.0,21.7,94.0,18.7,86.4,1023,0
2026/7/16,4:21:10,16.5,92.0,21.6,94.0,18.7,86.4,1022,0
2026/7/16,4:21:15,16.2,92.0,21.7,94.0,18.8,86.4,1023,0
2026/7/16,4:21:20,16.5,92.0,21.7,94.0,18.7,86.4,1019,0
2026/7/16,4:21:25,16.5,92.0,21.7,94.0,18.7,86.3,1023,0
2026/7/16,4:21:30,16.3,92.0,21.7,94.0,18.7,86.4,1023,0
2026/7/16,4:21:35,16.5,92.0,21.6,94.0,18.7,86.3,1019,0
2026/7/16,4:21:40,16.4,92.0,21.7,94.0,18.7,86.3,1023,0
2026/7/16,4:21:45,16.5,92.0,21.7,94.0,18.7,86.3,1023,0
2026/7/16,4:21:50,16.5,92.0,21.7,94.0,18.7,86.3,1022,0
2026/7/16,4:21:55,16.6,92.0,21.7,94.0,18.7,86.3,1022,0
2026/7/16,4:22:0,16.7,92.0,21.7,94.0,18.7,86.3,1022,0
2026/7/16,4:22:5,16.6,92.0,21.7,94.0,18.7,86.3,1021,0
2026/7/16,4:22:10,16.4,92.0,21.8,94.0,18.7,86.3,1022,0
2026/7/16,4:22:15,16.5,92.0,21.7,94.0,18.8,86.3,1022,0
2026/7/16,4:22:20,16.5,92.0,21.7,94.0,18.7,86.3,1019,0
2026/7/16,4:22:25,16.4,92.0,21.6,94.0,18.8,86.3,1022,0
2026/7/16,4:22:30,16.4,92.0,21.7,94.0,18.7,86.2,1023,0
2026/7/16,4:22:35,16.4,92.0,21.7,94.0,18.7,86.2,1019,0
2026/7/16,4:22:40,16.7,92.0,21.7,94.0,18.7,86.2,1023,0
2026/7/16,4:22:45,16.7,92.0,21.7,94.0,18.7,86.2,1023,0
2026/7/16,4:22:50,16.4,92.0,21.8,94.0,18.7,86.3,1023,0
2026/7/16,4:22:55,16.5,92.0,21.6,94.0,18.7,86.3,1023,0
2026/7/16,4:23:0,16.5,92.0,21.6,94.0,18.7,86.3,1021,0
2026/7/16,4:23:5,16.6,92.0,21.7,94.0,18.7,86.2,1019,0
2026/7/16,4:23:10,16.3,92.0,21.7,94.0,18.7,86.3,1022,0
2026/7/16,4:23:15,16.5,92.0,21.5,94.0,18.7,86.2,1023,0
2026/7/16,4:23:20,16.7,92.0,21.7,94.0,18.7,86.2,1021,0
2026/7/16,4:23:25,16.5,92.0,21.7,94.0,18.7,86.1,1021,0
2026/7/16,4:23:30,16.6,92.0,21.6,94.0,18.7,86.2,1021,0
2026/7/16,4:23:35,16.5,92.0,21.6,94.0,18.7,86.2,1022,0
2026/7/16,4:23:40,16.7,92.0,21.6,94.0,18.7,86.0,1022,0
2026/7/16,4:23:45,16.7,92.0,21.7,94.0,18.7,86.0,1021,0
2026/7/16,4:23:50,16.6,92.0,21.7,94.0,18.7,85.9,1023,0
2026/7/16,4:23:55,16.5,92.0,21.5,94.0,18.7,85.8,1023,0
2026/7/16,4:24:0,16.6,92.0,21.6,94.0,18.7,85.7,1021,0
2026/7/16,4:24:5,16.5,92.0,21.7,94.0,18.7,85.7,1021,0
2026/7/16,4:24:10,16.6,92.0,21.7,94.0,18.7,85.7,1019,0
2026/7/16,4:24:15,16.5,92.0,21.7,94.0,18.7,85.7,1023,0
2026/7/16,4:24:20,16.7,92.0,21.6,94.0,18.7,85.7,1023,0
2026/7/16,4:24:25,16.4,92.0,21.7,94.0,18.7,85.7,1019,0
2026/7/16,4:24:30,16.4,92.0,21.6,94.0,18.7,85.7,1019,0
2026/7/16,4:24:35,16.3,92.0,21.7,94.0,18.7,85.8,1023,0
2026/7/16,4:24:40,16.4,92.0,21.5,94.0,18.7,85.8,1021,0
2026/7/16,4:24:45,16.5,92.0,21.6,94.0,18.7,85.8,1021,0
2026/7/16,4:24:50,16.6,92.0,21.6,94.0,18.7,85.8,1023,0
2026/7/16,4:24:55,16.4,92.0,21.8,94.0,18.7,85.8,1023,0
2026/7/16,4:25:0,16.5,92.0,21.6,94.0,18.7,85.8,1021,0
2026/7/16,4:25:5,16.3,92.0,21.7,94.0,18.7,85.8,1021,0
2026/7/16,4:25:10,16.4,92.0,21.6,94.0,18.7,85.7,1021,0
2026/7/16,4:25:15,16.4,92.0,21.7,94.0,18.7,85.7,1023,0
2026/7/16,4:25:20,16.2,92.0,21.7,94.0,18.7,85.8,1023,0
2026/7/16,4:25:25,16.4,92.0,21.6,94.0,18.7,85.7,1023,0
2026/7/16,4:25:30,16.4,92.0,21.7,94.0,18.7,85.7,1021,0
2026/7/16,4:25:35,16.5,92.0,21.7,94.0,18.7,85.8,1022,0
2026/7/16,4:25:40,16.5,92.0,21.7,94.0,18.7,85.7,1023,0
2026/7/16,4:25:45,16.5,92.0,21.7,94.0,18.7,85.7,1022,0
2026/7/16,4:25:50,16.4,92.0,21.7,94.0,18.7,85.8,1023,0
2026/7/16,4:25:55,16.3,92.0,21.7,94.0,18.7,85.8,1023,0
2026/7/16,4:26:0,16.2,92.0,21.7,94.0,18.7,85.9,1021,0
2026/7/16,4:26:5,16.6,92.0,21.6,94.0,18.6,85.8,1021,0
2026/7/16,4:26:10,16.2,92.0,21.7,94.0,18.7,85.9,1023,0
2026/7/16,4:26:15,16.4,92.0,21.7,94.0,18.7,85.9,1022,0
2026/7/16,4:26:20,16.6,92.0,21.7,94.0,18.7,85.9,1019,0
2026/7/16,4:26:26,16.2,92.0,21.5,94.0,18.6,86.0,1021,0
2026/7/16,4:26:31,16.4,92.0,21.6,94.0,18.6,85.9,1023,0
2026/7/16,4:26:36,16.2,92.0,21.6,94.0,18.7,85.9,1019,0
2026/7/16,4:26:41,16.4,92.0,21.5,94.0,18.6,85.8,1019,0
2026/7/16,4:26:46,16.4,92.0,21.6,94.0,18.6,85.8,1021,0
2026/7/16,4:26:51,16.5,92.0,21.7,94.0,18.6,85.8,1021,0
2026/7/16,4:26:56,16.3,92.0,21.6,94.0,18.6,85.8,1022,0
2026/7/16,4:27:1,16.4,92.0,21.7,94.0,18.6,85.8,1021,0
2026/7/16,4:27:6,16.5,92.0,21.5,94.0,18.6,85.9,1022,0
2026/7/16,4:27:11,16.2,92.0,21.7,94.0,18.6,85.9,1022,0
2026/7/16,4:27:16,16.5,92.0,21.5,94.0,18.6,85.9,1022,0
2026/7/16,4:27:21,16.5,92.0,21.7,94.0,18.6,85.9,1023,0
2026/7/16,4:27:26,16.5,92.0,21.6,94.0,18.6,85.9,1023,0
2026/7/16,4:27:31,16.2,92.0,21.7,94.0,18.6,85.9,1022,0
2026/7/16,4:27:36,16.4,92.0,21.6,94.0,18.6,86.0,1019,0
2026/7/16,4:27:41,16.5,92.0,21.6,94.0,18.6,86.0,1023,0
2026/7/16,4:27:46,16.2,92.0,21.7,94.0,18.6,86.0,1023,0
2026/7/16,4:27:51,16.5,92.0,21.7,94.0,18.6,86.0,1023,0
2026/7/16,4:27:56,16.5,92.0,21.7,94.0,18.6,86.0,1022,0
2026/7/16,4:28:1,16.2,92.0,21.6,94.0,18.6,86.0,1021,0
2026/7/16,4:28:6,16.5,92.0,21.6,94.0,18.6,86.1,1022,0
2026/7/16,4:28:11,16.5,92.0,21.6,94.0,18.6,86.1,1022,0
2026/7/16,4:28:16,16.4,92.0,21.7,94.0,18.6,86.1,1021,0
2026/7/16,4:28:21,16.5,92.0,21.7,94.0,18.6,86.1,1021,0
2026/7/16,4:28:26,16.4,92.0,21.6,94.0,18.6,86.0,1019,0
2026/7/16,4:28:31,16.4,92.0,21.6,94.0,18.6,86.1,1023,0
2026/7/16,4:28:36,16.5,92.0,21.7,94.0,18.6,86.1,1022,0
2026/7/16,4:28:41,16.5,92.0,21.7,94.0,18.6,86.1,1021,0
2026/7/16,4:28:46,16.5,92.0,21.7,94.0,18.6,86.1,1021,0
2026/7/16,4:28:51,16.4,92.0,21.6,94.0,18.6,86.1,1023,0
2026/7/16,4:28:56,16.4,92.0,21.7,94.0,18.6,86.1,1019,0
2026/7/16,4:29:1,16.4,92.0,21.6,94.0,18.6,86.1,1023,0
2026/7/16,4:29:6,16.3,92.0,21.6,94.0,18.6,86.1,1019,0
2026/7/16,4:29:11,16.4,92.0,21.7,94.0,18.6,86.1,1021,0
2026/7/16,4:29:16,16.4,92.0,21.5,94.0,18.6,86.2,1022,0
2026/7/16,4:29:21,16.5,92.0,21.7,94.0,18.6,86.2,1021,0
2026/7/16,4:29:26,16.4,92.0,21.6,94.0,18.6,86.2,1019,0
2026/7/16,4:29:31,16.5,92.0,21.6,94.0,18.6,86.2,1022,0
2026/7/16,4:29:36,16.4,92.0,21.6,94.0,18.7,86.2,1023,0
2026/7/16,4:29:41,16.3,92.0,21.6,94.0,18.6,86.2,1021,0
2026/7/16,4:29:46,16.6,92.0,21.8,94.0,18.6,86.2,1023,0
2026/7/16,4:29:51,16.6,92.0,21.6,94.0,18.6,86.2,1023,0
2026/7/16,4:29:56,16.6,92.0,21.6,94.0,18.6,86.2,1023,0
2026/7/16,4:30:1,16.4,92.0,21.6,94.0,18.6,86.2,1019,0
2026/7/16,4:30:6,16.5,92.0,21.7,94.0,18.6,86.2,1019,0
2026/7/16,4:30:11,16.5,92.0,21.6,94.0,18.6,86.2,1023,0
2026/7/16,4:30:16,16.4,92.0,21.7,94.0,18.7,86.2,1019,0
2026/7/16,4:30:21,16.4,92.0,21.6,94.0,18.6,86.2,1019,0
2026/7/16,4:30:26,16.4,92.0,21.6,94.0,18.6,86.2,1019,0
2026/7/16,4:30:31,16.4,92.0,21.6,94.0,18.6,86.2,1023,0
2026/7/16,4:30:36,16.7,92.0,21.6,94.0,18.6,86.2,1023,0
2026/7/16,4:30:41,16.4,92.0,21.7,94.0,18.6,86.2,1023,0
2026/7/16,4:30:46,16.5,92.0,21.6,94.0,18.6,86.2,1022,0
2026/7/16,4:30:51,16.4,92.0,21.7,94.0,18.6,86.2,1021,0
2026/7/16,4:30:56,16.4,92.0,21.6,94.0,18.6,86.2,1022,0
2026/7/16,4:31:1,16.6,92.0,21.6,94.0,18.6,86.2,1021,0
2026/7/16,4:31:6,16.3,92.0,21.6,94.0,18.6,86.2,1022,0
2026/7/16,4:31:11,16.5,92.0,21.7,94.0,18.6,86.2,1021,0
2026/7/16,4:31:16,16.2,92.0,21.7,94.0,18.6,86.2,1022,0
2026/7/16,4:31:21,16.4,92.0,21.6,94.0,18.7,86.2,1023,0
2026/7/16,4:31:26,16.5,92.0,21.3,94.0,18.6,86.1,1019,0
2026/7/16,4:31:31,16.4,92.0,21.5,94.0,18.6,86.2,1023,0
2026/7/16,4:31:36,16.4,92.0,21.6,94.0,18.6,86.2,1019,0
2026/7/16,4:31:41,16.5,92.0,21.6,94.0,18.6,86.1,1019,0
2026/7/16,4:31:46,16.6,92.0,21.6,94.0,18.7,86.2,1021,0
2026/7/16,4:31:51,16.4,92.0,21.6,94.0,18.6,86.2,1022,0
2026/7/16,4:31:56,16.6,92.0,21.6,94.0,18.6,86.1,1019,0
2026/7/16,4:32:1,16.3,92.0,21.6,94.0,18.6,86.1,1019,0
2026/7/16,4:32:6,16.5,92.0,21.4,94.0,18.6,86.1,1023,0
2026/7/16,4:32:11,16.3,92.0,21.5,94.0,18.6,86.1,1021,0
2026/7/16,4:32:16,16.5,92.0,21.5,94.0,18.6,86.1,1021,0
2026/7/16,4:32:21,16.5,92.0,21.4,94.0,18.7,86.1,1019,0
2026/7/16,4:32:26,16.4,92.0,21.5,94.0,18.6,86.1,1022,0
2026/7/16,4:32:31,16.2,92.0,21.6,94.0,18.6,86.1,1023,0
2026/7/16,4:32:36,16.6,92.0,21.4,94.0,18.7,86.1,1019,0
2026/7/16,4:32:41,16.5,92.0,21.4,94.0,18.6,86.1,1023,0
2026/7/16,4:32:46,16.4,92.0,21.6,94.0,18.6,86.1,1019,0
2026/7/16,4:32:51,16.3,92.0,21.5,94.0,18.6,86.1,1023,0
2026/7/16,4:32:56,16.4,92.0,21.6,94.0,18.7,86.1,1019,0
2026/7/16,4:33:1,16.5,92.0,21.6,94.0,18.6,86.1,1022,0
2026/7/16,4:33:6,16.5,92.0,21.6,94.0,18.6,86.1,1019,0
2026/7/16,4:33:11,16.4,92.0,21.7,94.0,18.6,86.2,1023,0
2026/7/16,4:33:16,16.5,92.0,21.7,94.0,18.6,86.2,1023,0
2026/7/16,4:33:21,16.2,92.0,21.6,94.0,18.6,86.2,1021,0
2026/7/16,4:33:26,16.3,92.0,21.5,94.0,18.6,86.2,1021,0
2026/7/16,4:33:31,16.4,92.0,21.6,94.0,18.6,86.2,1019,0
2026/7/16,4:33:36,16.3,92.0,21.6,94.0,18.6,86.1,1023,0
2026/7/16,4:33:41,16.4,92.0,21.6,94.0,18.6,86.1,1019,0
2026/7/16,4:33:46,16.3,92.0,21.7,94.0,18.6,86.1,1022,0
2026/7/16,4:33:51,16.5,92.0,21.6,94.0,18.6,86.2,1022,0
2026/7/16,4:33:56,16.3,92.0,21.6,94.0,18.6,86.1,1023,0
2026/7/16,4:34:1,16.5,92.0,21.5,94.0,18.6,86.1,1022,0
2026/7/16,4:34:6,16.3,92.0,21.5,94.0,18.6,86.1,1022,0
2026/7/16,4:34:11,16.3,92.0,21.5,94.0,18.6,86.1,1019,0
2026/7/16,4:34:16,16.5,92.0,21.5,94.0,18.6,86.1,1023,0
2026/7/16,4:34:21,16.5,92.0,21.6,94.0,18.6,86.1,1022,0
2026/7/16,4:34:26,16.4,92.0,21.7,94.0,18.6,86.1,1022,0
2026/7/16,4:34:31,16.6,92.0,21.6,94.0,18.6,86.1,1019,0
2026/7/16,4:34:36,16.3,92.0,21.7,94.0,18.6,86.1,1021,0
2026/7/16,4:34:41,16.4,92.0,21.6,94.0,18.6,86.1,1023,0
2026/7/16,4:34:46,16.5,92.0,21.6,94.0,18.6,86.1,1023,0
2026/7/16,4:34:51,16.5,92.0,21.6,94.0,18.6,86.1,1023,0
2026/7/16,4:34:56,16.4,92.0,21.6,94.0,18.6,86.1,1023,0
2026/7/16,4:35:1,16.5,92.0,21.6,94.0,18.6,86.1,1019,0
2026/7/16,4:35:6,16.6,92.0,21.4,94.0,18.6,86.0,1021,0
2026/7/16,4:35:11,16.5,92.0,21.5,94.0,18.6,86.1,1019,0
2026/7/16,4:35:16,16.3,92.0,21.6,94.0,18.6,86.1,1019,0
2026/7/16,4:35:21,16.6,92.0,21.7,94.0,18.6,86.0,1023,0
2026/7/16,4:35:26,16.5,92.0,21.7,94.0,18.6,86.0,1019,0
2026/7/16,4:35:31,16.4,92.0,21.4,94.0,18.6,86.1,1021,0
2026/7/16,4:35:36,16.5,92.0,21.6,94.0,18.6,86.1,1023,0
2026/7/16,4:35:41,16.6,92.0,21.4,94.0,18.6,86.1,1023,0
2026/7/16,4:35:46,16.3,92.0,21.6,94.0,18.6,86.2,1021,0
2026/7/16,4:35:51,16.5,92.0,21.5,94.0,18.6,86.2,1019,0
2026/7/16,4:35:56,16.5,92.0,21.6,94.0,18.6,86.2,1019,0
2026/7/16,4:36:1,16.5,92.0,21.6,94.0,18.6,86.2,1023,0
2026/7/16,4:36:6,16.5,92.0,21.6,94.0,18.6,86.2,1023,0
2026/7/16,4:36:11,16.3,92.0,21.6,94.0,18.6,86.2,1019,0
2026/7/16,4:36:16,16.4,92.0,21.5,94.0,18.6,86.2,1021,0
2026/7/16,4:36:21,16.4,92.0,21.6,94.0,18.6,86.2,1021,0
2026/7/16,4:36:26,16.5,92.0,21.6,94.0,18.6,86.2,1023,0
2026/7/16,4:36:31,16.5,92.0,21.7,94.0,18.6,86.1,1019,0
2026/7/16,4:36:36,16.6,92.0,21.6,94.0,18.6,86.2,1021,0
2026/7/16,4:36:41,16.4,92.0,21.6,94.0,18.6,86.2,1019,0
2026/7/16,4:36:46,16.2,92.0,21.6,94.0,18.6,86.1,1022,0
2026/7/16,4:36:51,16.2,92.0,21.6,94.0,18.6,86.2,1021,0
2026/7/16,4:36:56,16.3,92.0,21.5,94.0,18.6,86.1,1023,0
2026/7/16,4:37:1,16.2,92.0,21.6,94.0,18.6,86.2,1021,0
2026/7/16,4:37:6,16.4,92.0,21.5,94.0,18.6,86.1,1019,0
2026/7/16,4:37:11,16.2,92.0,21.5,94.0,18.6,86.1,1019,0
2026/7/16,4:37:16,16.3,92.0,21.5,94.0,18.6,86.1,1023,0
2026/7/16,4:37:21,16.6,92.0,21.6,94.0,18.6,86.1,1022,0
2026/7/16,4:37:26,16.4,92.0,21.5,94.0,18.6,86.1,1019,0
2026/7/16,4:37:31,16.5,92.0,21.7,94.0,18.6,86.1,1019,0
2026/7/16,4:37:36,16.3,92.0,21.5,94.0,18.6,86.1,1019,0
2026/7/16,4:37:41,16.5,92.0,21.6,94.0,18.6,86.1,1022,0
2026/7/16,4:37:46,16.4,92.0,21.6,94.0,18.6,86.2,1019,0
2026/7/16,4:37:51,16.3,92.0,21.5,94.0,18.6,86.1,1022,0
2026/7/16,4:37:56,16.2,92.0,21.6,94.0,18.6,86.2,1022,0
2026/7/16,4:38:2,16.3,92.0,21.5,94.0,18.6,86.1,1019,0
2026/7/16,4:38:7,16.1,92.0,21.6,94.0,18.6,86.1,1023,0
2026/7/16,4:38:12,16.4,92.0,21.7,94.0,18.6,86.1,1019,0
2026/7/16,4:38:17,16.1,92.0,21.6,94.0,18.6,86.1,1021,0
2026/7/16,4:38:22,16.4,92.0,21.6,94.0,18.6,86.2,1023,0
2026/7/16,4:38:27,16.2,92.0,21.6,94.0,18.6,86.2,1021,0
2026/7/16,4:38:32,16.5,92.0,21.5,94.0,18.6,86.1,1022,0
2026/7/16,4:38:37,16.4,92.0,21.6,94.0,18.6,86.1,1021,0
2026/7/16,4:38:42,16.4,92.0,21.6,94.0,18.6,86.2,1022,0
2026/7/16,4:38:47,16.3,92.0,21.6,94.0,18.6,86.1,1019,0
2026/7/16,4:38:52,16.4,92.0,21.6,94.0,18.6,86.1,1023,0
2026/7/16,4:38:57,16.2,92.0,21.6,94.0,18.6,86.1,1019,0
2026/7/16,4:39:2,16.1,92.0,21.6,94.0,18.6,86.1,1019,0
2026/7/16,4:39:7,16.5,92.0,21.6,94.0,18.6,86.1,1021,0
2026/7/16,4:39:12,16.4,92.0,21.6,94.0,18.6,86.1,1023,0
2026/7/16,4:39:17,16.3,92.0,21.5,94.0,18.6,86.1,1021,0
2026/7/16,4:39:22,16.4,92.0,21.6,94.0,18.6,86.1,1023,0
2026/7/16,4:39:27,16.4,92.0,21.6,94.0,18.6,86.2,1023,0
2026/7/16,4:39:32,16.1,92.0,21.5,94.0,18.6,86.2,1021,0
2026/7/16,4:39:37,16.3,92.0,21.6,94.0,18.6,86.2,1023,0
2026/7/16,4:39:42,16.3,92.0,21.6,94.0,18.6,86.2,1023,0
2026/7/16,4:39:47,16.4,92.0,21.7,94.0,18.6,86.2,1023,0
2026/7/16,4:39:52,16.4,92.0,21.6,94.0,18.6,86.2,1021,0
2026/7/16,4:39:57,16.5,92.0,21.7,94.0,18.6,86.2,1023,0
2026/7/16,4:40:2,16.5,92.0,21.7,94.0,18.6,86.3,1023,0
2026/7/16,4:40:7,16.4,92.0,21.5,94.0,18.6,86.3,1021,0
2026/7/16,4:40:12,16.0,92.0,21.5,94.0,18.6,86.3,1021,0
2026/7/16,4:40:17,16.4,92.0,21.7,94.0,18.6,86.3,1019,0
2026/7/16,4:40:22,16.5,92.0,21.5,94.0,18.6,86.3,1023,0
2026/7/16,4:40:27,16.2,92.0,21.5,94.0,18.6,86.3,1021,0
2026/7/16,4:40:32,16.2,92.0,21.6,94.0,18.6,86.3,1023,0
2026/7/16,4:40:37,16.1,92.0,21.5,94.0,18.6,86.3,1023,0
2026/7/16,4:40:42,16.4,92.0,21.7,94.0,18.6,86.3,1023,0
2026/7/16,4:40:47,16.1,92.0,21.6,94.0,18.6,86.3,1022,0
2026/7/16,4:40:52,16.2,92.0,21.6,94.0,18.6,86.3,1021,0
2026/7/16,4:40:57,16.2,92.0,21.6,94.0,18.6,86.4,1019,0
2026/7/16,4:41:2,16.3,92.0,21.5,94.0,18.6,86.4,1022,0
2026/7/16,4:41:7,16.4,92.0,21.6,94.0,18.6,86.4,1021,0
2026/7/16,4:41:12,16.5,92.0,21.5,94.0,18.6,86.3,1022,0
2026/7/16,4:41:17,16.3,92.0,21.6,94.0,18.6,86.4,1023,0
2026/7/16,4:41:22,16.3,92.0,21.6,94.0,18.6,86.4,1022,0
2026/7/16,4:41:27,16.1,92.0,21.6,94.0,18.6,86.4,1023,0
2026/7/16,4:41:32,16.2,92.0,21.5,94.0,18.6,86.4,1023,0
2026/7/16,4:41:37,16.1,92.0,21.6,94.0,18.6,86.4,1022,0
2026/7/16,4:41:42,16.4,92.0,21.4,94.0,18.6,86.4,1019,0
2026/7/16,4:41:47,16.3,92.0,21.5,94.0,18.6,86.4,1023,0
2026/7/16,4:41:52,16.2,92.0,21.7,94.0,18.6,86.4,1019,0
2026/7/16,4:41:57,16.1,92.0,21.5,94.0,18.6,86.4,1022,0
2026/7/16,4:42:2,16.2,92.0,21.6,94.0,18.6,86.4,1023,0
2026/7/16,4:42:7,16.5,92.0,21.6,94.0,18.6,86.5,1023,0
2026/7/16,4:42:12,16.2,92.0,21.7,94.0,18.6,86.5,1019,0
2026/7/16,4:42:17,16.3,92.0,21.5,94.0,18.6,86.5,1023,0
2026/7/16,4:42:22,16.2,92.0,21.6,94.0,18.6,86.5,1022,0
2026/7/16,4:42:27,16.1,92.0,21.5,94.0,18.6,86.5,1019,0
2026/7/16,4:42:32,16.2,92.0,21.6,94.0,18.6,86.5,1021,0
2026/7/16,4:42:37,16.2,92.0,21.6,94.0,18.6,86.5,1019,0
2026/7/16,4:42:42,16.0,92.0,21.6,94.0,18.6,86.5,1023,0
2026/7/16,4:42:47,16.1,92.0,21.6,94.0,18.6,86.5,1019,0
2026/7/16,4:42:52,16.2,92.0,21.7,94.0,18.6,86.4,1021,0
2026/7/16,4:42:57,16.0,92.0,21.7,94.0,18.6,86.4,1021,0
2026/7/16,4:43:2,16.2,92.0,21.6,94.0,18.6,86.4,1023,0
2026/7/16,4:43:7,16.2,92.0,21.5,94.0,18.6,86.4,1023,0
2026/7/16,4:43:12,16.0,92.0,21.6,94.0,18.6,86.4,1023,0
2026/7/16,4:43:17,16.2,92.0,21.5,94.0,18.6,86.4,1019,0
2026/7/16,4:43:22,16.1,92.0,21.5,94.0,18.6,86.4,1023,0
2026/7/16,4:43:27,16.0,92.0,21.6,94.0,18.6,86.3,1019,0
2026/7/16,4:43:32,16.2,92.0,21.5,94.0,18.6,86.4,1021,0
2026/7/16,4:43:37,16.2,92.0,21.5,94.0,18.6,86.3,1023,0
2026/7/16,4:43:42,16.3,92.0,21.5,94.0,18.6,86.4,1019,0
2026/7/16,4:43:47,16.4,92.0,21.6,94.0,18.6,86.3,1023,0
2026/7/16,4:43:52,16.5,92.0,21.5,94.0,18.6,86.3,1019,0
2026/7/16,4:43:57,16.2,92.0,21.6,94.0,18.6,86.3,1023,0
2026/7/16,4:44:2,16.3,92.0,21.5,94.0,18.6,86.3,1021,0
2026/7/16,4:44:7,16.0,92.0,21.6,94.0,18.6,86.3,1019,0
2026/7/16,4:44:12,16.2,92.0,21.5,94.0,18.6,86.3,1019,0
2026/7/16,4:44:17,16.4,92.0,21.5,94.0,18.6,86.3,1022,0
2026/7/16,4:44:22,16.1,92.0,21.7,94.0,18.6,86.3,1022,0
2026/7/16,4:44:27,16.2,92.0,21.6,94.0,18.6,86.3,1019,0
2026/7/16,4:44:32,16.1,92.0,21.6,94.0,18.6,86.3,1022,0
2026/7/16,4:44:37,16.1,92.0,21.6,94.0,18.6,86.3,1022,0
2026/7/16,4:44:42,16.1,92.0,21.6,94.0,18.6,86.3,1022,0
2026/7/16,4:44:47,16.3,92.0,21.5,94.0,18.6,86.3,1023,0
2026/7/16,4:44:52,16.2,92.0,21.6,94.0,18.6,86.4,1023,0
2026/7/16,4:44:57,16.0,92.0,21.5,94.0,18.6,86.4,1023,0
2026/7/16,4:45:2,16.4,92.0,21.5,94.0,18.5,86.3,1022,0
2026/7/16,4:45:7,16.1,92.0,21.5,94.0,18.5,86.4,1019,0
2026/7/16,4:45:12,16.1,92.0,21.5,94.0,18.6,86.4,1023,0
2026/7/16,4:45:17,16.0,92.0,21.5,94.0,18.6,86.4,1021,0
2026/7/16,4:45:22,16.2,92.0,21.6,94.0,18.6,86.4,1023,0
2026/7/16,4:45:27,16.5,92.0,21.2,94.0,18.6,86.5,1019,0
2026/7/16,4:45:32,16.0,92.0,21.5,94.0,18.6,86.5,1023,0
2026/7/16,4:45:37,16.5,92.0,21.3,94.0,18.6,86.5,1022,0
2026/7/16,4:45:42,16.2,92.0,21.6,94.0,18.6,86.5,1019,0
2026/7/16,4:45:47,16.3,92.0,21.6,94.0,18.6,86.5,1023,0
2026/7/16,4:45:52,16.3,92.0,21.6,94.0,18.6,86.4,1021,0
2026/7/16,4:45:57,16.3,92.0,21.6,94.0,18.5,86.4,1022,0
2026/7/16,4:46:2,16.0,92.0,21.5,94.0,18.5,86.4,1023,0
2026/7/16,4:46:7,16.0,92.0,21.6,94.0,18.6,86.5,1019,0
2026/7/16,4:46:12,16.2,92.0,21.5,94.0,18.6,86.4,1023,0
2026/7/16,4:46:17,16.1,92.0,21.5,94.0,18.6,86.5,1022,0
2026/7/16,4:46:22,16.1,92.0,21.5,94.0,18.6,86.4,1023,0
2026/7/16,4:46:27,16.2,92.0,21.5,94.0,18.6,86.5,1022,0
2026/7/16,4:46:32,16.3,92.0,21.6,94.0,18.5,86.5,1019,0
2026/7/16,4:46:37,16.1,92.0,21.7,94.0,18.5,86.5,1021,0
2026/7/16,4:46:42,15.9,91.0,21.6,94.0,18.5,86.5,1023,0
2026/7/16,4:46:47,16.1,92.0,21.6,94.0,18.6,86.5,1023,0
2026/7/16,4:46:52,16.0,92.0,21.6,94.0,18.5,86.4,1022,0
2026/7/16,4:46:57,16.2,92.0,21.5,94.0,18.5,86.4,1023,0
2026/7/16,4:47:2,16.2,92.0,21.6,94.0,18.5,86.4,1022,0
2026/7/16,4:47:7,16.1,92.0,21.5,94.0,18.5,86.4,1021,0
2026/7/16,4:47:12,16.2,92.0,21.6,94.0,18.5,86.4,1021,0
2026/7/16,4:47:17,16.0,92.0,21.6,94.0,18.5,86.4,1022,0
2026/7/16,4:47:22,16.0,92.0,21.5,94.0,18.5,86.4,1021,0
2026/7/16,4:47:27,16.1,92.0,21.6,94.0,18.5,86.4,1023,0
2026/7/16,4:47:32,16.2,92.0,21.6,94.0,18.5,86.4,1019,0
2026/7/16,4:47:37,16.4,92.0,21.7,94.0,18.5,86.4,1021,0
2026/7/16,4:47:42,16.1,92.0,21.5,94.0,18.5,86.4,1021,0
2026/7/16,4:47:47,16.3,92.0,21.5,94.0,18.6,86.4,1021,0
2026/7/16,4:47:52,16.2,92.0,21.6,94.0,18.5,86.3,1023,0
2026/7/16,4:47:57,15.9,91.0,21.5,94.0,18.5,86.3,1022,0
2026/7/16,4:48:2,16.1,92.0,21.5,94.0,18.5,86.3,1019,0
2026/7/16,4:48:7,15.9,91.0,21.4,94.0,18.5,86.3,1022,0
2026/7/16,4:48:12,16.2,92.0,21.5,94.0,18.5,86.3,1021,0
2026/7/16,4:48:17,16.2,92.0,21.5,94.0,18.5,86.4,1023,0
2026/7/16,4:48:22,16.0,92.0,21.5,94.0,18.5,86.3,1021,0
2026/7/16,4:48:27,15.9,91.0,21.5,94.0,18.5,86.4,1023,0
2026/7/16,4:48:32,16.3,92.0,21.5,94.0,18.5,86.3,1019,0
2026/7/16,4:48:37,15.9,91.0,21.6,94.0,18.5,86.3,1023,0
2026/7/16,4:48:42,16.1,92.0,21.5,94.0,18.5,86.3,1019,0
2026/7/16,4:48:47,16.0,92.0,21.5,94.0,18.5,86.4,1019,0
2026/7/16,4:48:52,16.0,92.0,21.5,94.0,18.5,86.3,1021,0
2026/7/16,4:48:57,16.0,92.0,21.5,94.0,18.5,86.3,1023,0
2026/7/16,4:49:2,16.0,92.0,21.5,94.0,18.5,86.3,1019,0
2026/7/16,4:49:7,16.1,92.0,21.4,94.0,18.5,86.3,1021,0
2026/7/16,4:49:12,16.1,92.0,21.5,94.0,18.5,86.3,1021,0
2026/7/16,4:49:17,16.0,92.0,21.5,94.0,18.5,86.3,1019,0
2026/7/16,4:49:22,16.2,92.0,21.5,94.0,18.5,86.3,1023,0
2026/7/16,4:49:27,16.1,92.0,21.5,94.0,18.5,86.4,1023,0
2026/7/16,4:49:32,16.0,92.0,21.5,94.0,18.5,86.4,1019,0
2026/7/16,4:49:37,16.1,92.0,21.5,94.0,18.5,86.4,1022,0
2026/7/16,4:49:42,16.1,92.0,21.5,94.0,18.5,86.4,1023,0
2026/7/16,4:49:48,16.1,92.0,21.5,94.0,18.5,86.5,1023,0
2026/7/16,4:49:53,16.1,92.0,21.5,94.0,18.5,86.4,1023,0
2026/7/16,4:49:58,16.2,92.0,21.6,94.0,18.5,86.4,1023,0
2026/7/16,4:50:3,16.2,92.0,21.5,94.0,18.5,86.4,1023,0
2026/7/16,4:50:8,15.9,91.0,21.5,94.0,18.5,86.4,1019,0
2026/7/16,4:50:13,16.0,92.0,21.5,94.0,18.5,86.4,1019,0
2026/7/16,4:50:18,16.1,92.0,21.5,94.0,18.5,86.4,1022,0
2026/7/16,4:50:23,16.0,92.0,21.5,94.0,18.5,86.4,1022,0
2026/7/16,4:50:28,16.0,92.0,21.5,94.0,18.5,86.4,1023,0
2026/7/16,4:50:33,16.0,92.0,21.6,94.0,18.5,86.3,1023,0
2026/7/16,4:50:38,16.2,92.0,21.5,94.0,18.5,86.3,1023,0
2026/7/16,4:50:43,16.1,92.0,21.5,94.0,18.5,86.3,1021,0
2026/7/16,4:50:48,16.2,92.0,21.5,94.0,18.5,86.4,1022,0
2026/7/16,4:50:53,15.9,91.0,21.6,94.0,18.5,86.4,1019,0
2026/7/16,4:50:58,16.2,92.0,21.5,94.0,18.5,86.4,1021,0
2026/7/16,4:51:3,15.9,91.0,21.5,94.0,18.5,86.4,1019,0
2026/7/16,4:51:8,16.1,92.0,21.5,94.0,18.5,86.3,1023,0
2026/7/16,4:51:13,16.1,92.0,21.6,94.0,18.5,86.4,1019,0
2026/7/16,4:51:18,15.8,91.0,21.6,94.0,18.5,86.3,1021,0
2026/7/16,4:51:23,16.1,92.0,21.6,94.0,18.5,86.4,1023,0
2026/7/16,4:51:28,15.9,91.0,21.6,94.0,18.5,86.3,1022,0
2026/7/16,4:51:33,16.1,92.0,21.4,94.0,18.5,86.3,1022,0
2026/7/16,4:51:38,16.1,92.0,21.5,94.0,18.5,86.3,1019,0
2026/7/16,4:51:43,16.1,92.0,21.5,94.0,18.5,86.4,1023,0
2026/7/16,4:51:48,16.0,92.0,21.5,94.0,18.5,86.4,1021,0
2026/7/16,4:51:53,16.0,92.0,21.5,94.0,18.5,86.4,1021,0
2026/7/16,4:51:58,15.9,91.0,21.5,94.0,18.5,86.4,1022,0
2026/7/16,4:52:3,16.1,92.0,21.4,94.0,18.5,86.3,1019,0
2026/7/16,4:52:8,16.0,92.0,21.6,94.0,18.5,86.3,1023,0
2026/7/16,4:52:13,16.1,92.0,21.5,94.0,18.5,86.3,1022,0
2026/7/16,4:52:18,16.0,92.0,21.6,94.0,18.5,86.3,1019,0
2026/7/16,4:52:23,16.0,92.0,21.5,94.0,18.5,86.4,1023,0
2026/7/16,4:52:28,15.8,91.0,21.5,94.0,18.5,86.3,1019,0
2026/7/16,4:52:33,16.1,92.0,21.5,94.0,18.5,86.4,1019,0
2026/7/16,4:52:38,15.9,91.0,21.5,94.0,18.5,86.4,1023,0
2026/7/16,4:52:43,16.2,92.0,21.6,94.0,18.5,86.4,1019,0
2026/7/16,4:52:48,16.1,92.0,21.2,94.0,18.5,86.4,1021,0
2026/7/16,4:52:53,16.2,92.0,21.4,94.0,18.5,86.4,1023,0
2026/7/16,4:52:58,15.8,91.0,21.5,94.0,18.5,86.4,1023,0
2026/7/16,4:53:3,15.8,91.0,21.4,94.0,18.5,86.4,1022,0
2026/7/16,4:53:8,16.0,92.0,21.6,94.0,18.5,86.3,1023,0
2026/7/16,4:53:13,16.2,92.0,21.5,94.0,18.5,86.3,1021,0
2026/7/16,4:53:18,16.4,92.0,21.5,94.0,18.5,86.3,1021,0
2026/7/16,4:53:23,16.0,92.0,21.5,94.0,18.5,86.4,1022,0
2026/7/16,4:53:28,15.8,91.0,21.5,94.0,18.5,86.4,1023,0
2026/7/16,4:53:33,16.0,92.0,21.6,94.0,18.5,86.4,1021,0
2026/7/16,4:53:38,16.0,92.0,21.4,94.0,18.5,86.4,1022,0
2026/7/16,4:53:43,15.9,91.0,21.4,94.0,18.5,86.4,1022,0
2026/7/16,4:53:48,16.2,92.0,21.5,94.0,18.5,86.5,1023,0
2026/7/16,4:53:53,16.0,92.0,21.4,94.0,18.5,86.5,1022,0
2026/7/16,4:53:58,16.0,92.0,21.5,94.0,18.5,86.5,1021,0
2026/7/16,4:54:3,15.8,91.0,21.6,94.0,18.5,86.5,1023,0
2026/7/16,4:54:8,16.0,92.0,21.6,94.0,18.5,86.5,1021,0
2026/7/16,4:54:13,16.2,92.0,21.5,94.0,18.5,86.5,1021,0
2026/7/16,4:54:18,16.1,92.0,21.5,94.0,18.5,86.5,1023,0
2026/7/16,4:54:23,15.9,91.0,21.5,94.0,18.5,86.5,1023,0
2026/7/16,4:54:28,16.0,92.0,21.5,94.0,18.5,86.5,1022,0
2026/7/16,4:54:33,16.2,92.0,21.6,94.0,18.5,86.5,1021,0
2026/7/16,4:54:38,16.0,92.0,21.4,94.0,18.4,86.4,1023,0
2026/7/16,4:54:43,16.0,92.0,21.5,94.0,18.5,86.5,1019,0
2026/7/16,4:54:48,16.0,92.0,21.6,94.0,18.5,86.5,1019,0
2026/7/16,4:54:53,16.1,92.0,21.6,94.0,18.5,86.5,1022,0
2026/7/16,4:54:58,16.2,92.0,21.6,94.0,18.5,86.4,1022,0
2026/7/16,4:55:3,16.0,92.0,21.4,94.0,18.5,86.4,1022,0
2026/7/16,4:55:8,15.8,91.0,21.3,94.0,18.4,86.4,1022,0
2026/7/16,4:55:13,16.1,92.0,21.5,94.0,18.5,86.4,1023,0
2026/7/16,4:55:18,16.1,92.0,21.5,94.0,18.5,86.4,1021,0
2026/7/16,4:55:23,16.1,92.0,21.5,94.0,18.5,86.4,1022,0
2026/7/16,4:55:28,15.8,91.0,21.5,94.0,18.5,86.4,1023,0
2026/7/16,4:55:33,16.1,92.0,21.5,94.0,18.5,86.4,1021,0
2026/7/16,4:55:38,16.0,92.0,21.4,94.0,18.4,86.4,1019,0
2026/7/16,4:55:43,16.3,92.0,21.5,94.0,18.5,86.4,1019,0
2026/7/16,4:55:48,15.9,91.0,21.5,94.0,18.4,86.4,1023,0
2026/7/16,4:55:53,15.8,91.0,21.4,94.0,18.5,86.4,1023,0
2026/7/16,4:55:58,15.8,91.0,21.6,94.0,18.5,86.4,1019,0
2026/7/16,4:56:3,16.0,92.0,21.6,94.0,18.4,86.5,1022,0
2026/7/16,4:56:8,15.9,91.0,21.6,94.0,18.4,86.4,1023,0
2026/7/16,4:56:13,15.9,91.0,21.6,94.0,18.5,86.4,1019,0
2026/7/16,4:56:18,15.9,91.0,21.4,94.0,18.4,86.4,1022,0
2026/7/16,4:56:23,16.0,92.0,21.5,94.0,18.4,86.4,1023,0
2026/7/16,4:56:28,15.9,91.0,21.6,94.0,18.4,86.4,1019,0
2026/7/16,4:56:33,15.9,91.0,21.5,94.0,18.4,86.4,1022,0
2026/7/16,4:56:38,15.9,91.0,21.6,94.0,18.4,86.4,1023,0
2026/7/16,4:56:43,15.9,91.0,21.6,94.0,18.4,86.4,1022,0
2026/7/16,4:56:48,16.1,92.0,21.3,94.0,18.4,86.4,1022,0
2026/7/16,4:56:53,16.1,92.0,21.5,94.0,18.4,86.4,1023,0
2026/7/16,4:56:58,16.1,92.0,21.2,94.0,18.4,86.4,1021,0
2026/7/16,4:57:3,16.0,92.0,21.5,94.0,18.5,86.4,1023,0
2026/7/16,4:57:8,15.9,91.0,21.4,94.0,18.4,86.4,1023,0
2026/7/16,4:57:13,15.9,91.0,21.4,94.0,18.4,86.4,1023,0
2026/7/16,4:57:18,16.0,92.0,21.4,94.0,18.4,86.4,1019,0
2026/7/16,4:57:23,15.9,91.0,21.5,94.0,18.4,86.4,1023,0
2026/7/16,4:57:28,16.1,92.0,21.5,94.0,18.5,86.4,1023,0
2026/7/16,4:57:33,15.9,91.0,21.5,94.0,18.4,86.4,1021,0
2026/7/16,4:57:38,15.9,91.0,21.4,94.0,18.4,86.4,1021,0
2026/7/16,4:57:43,15.8,91.0,21.5,94.0,18.4,86.5,1023,0
2026/7/16,4:57:48,16.0,92.0,21.6,94.0,18.4,86.4,1019,0
2026/7/16,4:57:53,15.9,91.0,21.5,94.0,18.4,86.4,1019,0
2026/7/16,4:57:58,15.9,91.0,21.5,94.0,18.4,86.4,1022,0
2026/7/16,4:58:3,16.0,92.0,21.5,94.0,18.4,86.5,1023,0
2026/7/16,4:58:8,16.0,92.0,21.5,94.0,18.4,86.4,1023,0
2026/7/16,4:58:13,16.0,92.0,21.4,94.0,18.4,86.5,1022,0
2026/7/16,4:58:18,16.1,92.0,21.5,94.0,18.4,86.5,1019,0
2026/7/16,4:58:23,15.8,91.0,21.5,94.0,18.4,86.4,1023,0
2026/7/16,4:58:28,15.8,91.0,21.5,94.0,18.4,86.4,1022,0
2026/7/16,4:58:33,15.8,91.0,21.6,94.0,18.4,86.4,1019,0
2026/7/16,4:58:38,15.8,91.0,21.5,94.0,18.4,86.4,1023,0
2026/7/16,4:58:43,16.0,92.0,21.5,94.0,18.4,86.4,1019,0
2026/7/16,4:58:48,15.8,91.0,21.6,94.0,18.4,86.4,1021,0
2026/7/16,4:58:53,16.0,92.0,21.6,94.0,18.4,86.4,1019,0
2026/7/16,4:58:58,16.0,92.0,21.5,94.0,18.4,86.4,1021,0
2026/7/16,4:59:3,15.8,91.0,21.6,94.0,18.4,86.4,1023,0
2026/7/16,4:59:8,15.8,91.0,21.6,94.0,18.4,86.3,1019,0
2026/7/16,4:59:13,15.8,91.0,21.5,94.0,18.4,86.4,1023,0
2026/7/16,4:59:18,15.8,91.0,21.5,94.0,18.4,86.4,1021,0
2026/7/16,4:59:23,15.8,91.0,21.5,94.0,18.4,86.3,1023,0
2026/7/16,4:59:28,16.1,92.0,21.4,94.0,18.4,86.4,1022,0
2026/7/16,4:59:33,15.8,91.0,21.5,94.0,18.4,86.3,1019,0
2026/7/16,4:59:38,15.7,91.0,21.5,94.0,18.4,86.3,1023,0
2026/7/16,4:59:43,15.7,91.0,21.5,94.0,18.4,86.3,1019,0
2026/7/16,4:59:48,15.8,91.0,21.6,94.0,18.4,86.3,1023,0
2026/7/16,4:59:53,15.9,91.0,21.5,94.0,18.4,86.3,1023,0
2026/7/16,4:59:58,15.7,91.0,21.5,94.0,18.4,86.3,1021,0
2026/7/16,5:0:3,15.8,91.0,21.5,94.0,18.4,86.3,1023,0
2026/7/16,5:0:8,15.8,91.0,21.5,94.0,18.4,86.3,1022,0
2026/7/16,5:0:13,15.8,91.0,21.4,94.0,18.4,86.3,1023,0
2026/7/16,5:0:18,15.8,91.0,21.6,94.0,18.4,86.3,1019,0
2026/7/16,5:0:23,15.8,91.0,21.4,94.0,18.4,86.3,1019,0
2026/7/16,5:0:28,15.8,91.0,21.5,94.0,18.4,86.3,1023,0
2026/7/16,5:0:33,15.9,91.0,21.6,94.0,18.4,86.3,1023,0
2026/7/16,5:0:38,15.8,91.0,21.4,94.0,18.4,86.3,1023,0
2026/7/16,5:0:43,15.8,91.0,21.5,94.0,18.4,86.3,1023,0
2026/7/16,5:0:48,15.8,91.0,21.6,94.0,18.4,86.3,1022,0
2026/7/16,5:0:53,15.8,91.0,21.6,94.0,18.4,86.3,1023,0
2026/7/16,5:0:58,15.9,91.0,21.5,94.0,18.4,86.3,1023,0
2026/7/16,5:1:3,15.7,91.0,21.5,94.0,18.4,86.3,1019,0
2026/7/16,5:1:8,15.8,91.0,21.4,94.0,18.4,86.3,1023,0
2026/7/16,5:1:13,15.8,91.0,21.5,94.0,18.4,86.3,1022,0
2026/7/16,5:1:19,15.8,91.0,21.6,94.0,18.4,86.3,1023,0
2026/7/16,5:1:24,15.9,91.0,21.5,94.0,18.4,86.3,1021,0
2026/7/16,5:1:29,15.8,91.0,21.4,94.0,18.4,86.3,1023,0
2026/7/16,5:1:34,15.8,91.0,21.4,94.0,18.4,86.3,1019,0
2026/7/16,5:1:39,15.7,91.0,21.5,94.0,18.4,86.4,1023,0
2026/7/16,5:1:44,15.9,91.0,21.5,94.0,18.4,86.3,1021,0
2026/7/16,5:1:49,15.8,91.0,21.5,94.0,18.4,86.3,1019,0
2026/7/16,5:1:54,15.8,91.0,21.4,94.0,18.4,86.4,1023,0
2026/7/16,5:1:59,15.8,91.0,21.4,94.0,18.4,86.4,1021,0
2026/7/16,5:2:4,15.8,91.0,21.5,94.0,18.4,86.4,1019,0
2026/7/16,5:2:9,15.8,91.0,21.4,94.0,18.4,86.4,1021,0
2026/7/16,5:2:14,15.7,91.0,21.4,94.0,18.4,86.3,1021,0
2026/7/16,5:2:19,15.8,91.0,21.4,94.0,18.4,86.4,1023,0
2026/7/16,5:2:24,15.8,91.0,21.5,94.0,18.4,86.4,1022,0
2026/7/16,5:2:29,15.8,91.0,21.5,94.0,18.4,86.4,1019,0
2026/7/16,5:2:34,15.7,91.0,21.4,94.0,18.4,86.4,1023,0
2026/7/16,5:2:39,15.8,91.0,21.4,94.0,18.4,86.4,1023,0
2026/7/16,5:2:44,15.8,91.0,21.5,94.0,18.4,86.4,1023,0
2026/7/16,5:2:49,15.8,91.0,21.5,94.0,18.4,86.4,1019,0
2026/7/16,5:2:54,15.7,91.0,21.5,94.0,18.4,86.4,1023,0
2026/7/16,5:2:59,15.7,91.0,21.5,94.0,18.4,86.4,1022,0
2026/7/16,5:3:4,15.7,91.0,21.4,94.0,18.4,86.4,1023,0
2026/7/16,5:3:9,15.7,91.0,21.4,94.0,18.4,86.4,1021,0
2026/7/16,5:3:14,15.7,91.0,21.4,94.0,18.4,86.4,1023,0
2026/7/16,5:3:19,15.7,91.0,21.4,94.0,18.4,86.4,1021,0
2026/7/16,5:3:24,15.7,91.0,21.4,94.0,18.4,86.4,1023,0
2026/7/16,5:3:29,15.8,91.0,21.5,94.0,18.4,86.4,1022,0
2026/7/16,5:3:34,15.8,91.0,21.5,94.0,18.4,86.5,1023,0
2026/7/16,5:3:39,15.7,91.0,21.4,94.0,18.4,86.3,1021,0
2026/7/16,5:3:44,15.7,91.0,21.5,94.0,18.3,86.4,1019,0
2026/7/16,5:3:49,15.7,91.0,21.4,94.0,18.4,86.4,1023,0
2026/7/16,5:3:54,15.8,91.0,21.4,94.0,18.3,86.4,1022,0
2026/7/16,5:3:59,15.7,91.0,21.4,94.0,18.4,86.3,1023,0
2026/7/16,5:4:4,15.8,91.0,21.4,94.0,18.4,86.4,1023,0
2026/7/16,5:4:9,15.9,91.0,21.5,94.0,18.3,86.4,1023,0
2026/7/16,5:4:14,15.7,91.0,21.5,94.0,18.4,86.4,1019,0
2026/7/16,5:4:19,15.7,91.0,21.4,94.0,18.3,86.4,1023,0
2026/7/16,5:4:24,15.8,91.0,21.5,94.0,18.3,86.4,1023,0
2026/7/16,5:4:29,15.8,91.0,21.5,94.0,18.4,86.4,1019,0
2026/7/16,5:4:34,15.7,91.0,21.3,94.0,18.4,86.5,1021,0
2026/7/16,5:4:39,15.7,91.0,21.4,94.0,18.4,86.4,1023,0
2026/7/16,5:4:44,15.8,91.0,21.5,94.0,18.3,86.4,1023,0
2026/7/16,5:4:49,15.8,91.0,21.3,94.0,18.3,86.3,1021,0
2026/7/16,5:4:54,15.8,91.0,21.3,94.0,18.3,86.2,1019,0
2026/7/16,5:4:59,15.7,91.0,21.5,94.0,18.3,86.2,1021,0
2026/7/16,5:5:4,15.7,91.0,21.5,94.0,18.4,86.2,1021,0
2026/7/16,5:5:9,15.8,91.0,21.4,94.0,18.3,86.2,1021,0
2026/7/16,5:5:14,15.8,91.0,21.4,94.0,18.3,86.2,1019,0
2026/7/16,5:5:19,15.8,91.0,21.5,94.0,18.3,86.3,1021,0
2026/7/16,5:5:24,15.8,91.0,21.4,94.0,18.3,86.3,1021,0
2026/7/16,5:5:29,15.8,91.0,21.5,94.0,18.3,86.3,1022,0
2026/7/16,5:5:34,15.8,91.0,21.5,94.0,18.3,86.3,1019,0
2026/7/16,5:5:39,15.7,91.0,21.6,94.0,18.3,86.4,1019,0
2026/7/16,5:5:44,15.8,91.0,21.4,94.0,18.3,86.4,1022,0
2026/7/16,5:5:49,15.8,91.0,21.4,94.0,18.3,86.3,1019,0
2026/7/16,5:5:54,15.7,91.0,21.5,94.0,18.3,86.4,1019,0
2026/7/16,5:5:59,15.9,91.0,21.4,94.0,18.3,86.4,1022,0
2026/7/16,5:6:4,15.7,91.0,21.4,94.0,18.3,86.4,1023,0
2026/7/16,5:6:9,15.8,91.0,21.6,94.0,18.3,86.4,1019,0
2026/7/16,5:6:14,15.8,91.0,21.5,94.0,18.3,86.4,1019,0
2026/7/16,5:6:19,15.8,91.0,21.5,94.0,18.3,86.4,1023,0
2026/7/16,5:6:24,15.8,91.0,21.5,94.0,18.3,86.5,1021,0
2026/7/16,5:6:29,15.8,91.0,21.5,94.0,18.3,86.4,1022,0
2026/7/16,5:6:34,15.8,91.0,21.5,94.0,18.3,86.5,1023,0
2026/7/16,5:6:39,15.8,91.0,21.5,94.0,18.3,86.5,1023,0
2026/7/16,5:6:44,15.7,91.0,21.5,94.0,18.3,86.5,1021,0
2026/7/16,5:6:49,15.8,91.0,21.5,94.0,18.3,86.5,1019,0
2026/7/16,5:6:54,15.7,91.0,21.5,94.0,18.3,86.5,1023,0
2026/7/16,5:6:59,15.8,91.0,21.5,94.0,18.3,86.5,1019,0
2026/7/16,5:7:4,15.8,91.0,21.4,94.0,18.3,86.5,1019,0
2026/7/16,5:7:9,15.8,91.0,21.5,94.0,18.3,86.6,1022,0
2026/7/16,5:7:14,15.8,91.0,21.5,94.0,18.3,86.6,1021,0
2026/7/16,5:7:19,15.7,91.0,21.5,94.0,18.3,86.6,1022,0
2026/7/16,5:7:24,15.8,91.0,21.5,94.0,18.3,86.6,1022,0
2026/7/16,5:7:29,15.8,91.0,21.5,94.0,18.3,86.6,1023,0
2026/7/16,5:7:34,15.8,91.0,21.5,94.0,18.3,86.6,1019,0
2026/7/16,5:7:39,15.7,91.0,21.5,94.0,18.3,86.6,1019,0
2026/7/16,5:7:44,15.8,91.0,21.5,94.0,18.3,86.6,1023,0
2026/7/16,5:7:49,15.7,91.0,21.4,94.0,18.3,86.6,1019,0
2026/7/16,5:7:54,15.7,91.0,21.5,94.0,18.3,86.6,1021,0
2026/7/16,5:7:59,15.7,91.0,21.5,94.0,18.3,86.6,1023,0
2026/7/16,5:8:4,15.7,91.0,21.5,94.0,18.3,86.7,1022,0
2026/7/16,5:8:9,15.8,91.0,21.3,94.0,18.3,86.6,1021,0
2026/7/16,5:8:14,15.7,91.0,21.3,94.0,18.3,86.6,1019,0
2026/7/16,5:8:19,15.8,91.0,21.4,94.0,18.3,86.7,1021,0
2026/7/16,5:8:24,15.7,91.0,21.5,94.0,18.3,86.6,1023,0
2026/7/16,5:8:29,15.7,91.0,21.5,94.0,18.3,86.6,1021,0
2026/7/16,5:8:34,15.9,91.0,21.5,94.0,18.3,86.7,1019,0
2026/7/16,5:8:39,15.7,91.0,21.5,94.0,18.3,86.6,1022,0
2026/7/16,5:8:44,15.7,91.0,21.5,94.0,18.3,86.6,1023,0
2026/7/16,5:8:49,15.7,91.0,21.4,94.0,18.3,86.6,1021,0
2026/7/16,5:8:54,15.7,91.0,21.4,94.0,18.3,86.6,1022,0
2026/7/16,5:8:59,15.8,91.0,21.5,94.0,18.3,86.6,1023,0
2026/7/16,5:9:4,15.7,91.0,21.5,94.0,18.3,86.6,1021,0
2026/7/16,5:9:9,15.7,91.0,21.5,94.0,18.3,86.6,1022,0
2026/7/16,5:9:14,15.7,91.0,21.5,94.0,18.3,86.6,1023,0
2026/7/16,5:9:19,15.7,91.0,21.5,94.0,18.3,86.6,1023,0
2026/7/16,5:9:24,15.7,91.0,21.5,94.0,18.3,86.6,1023,0
2026/7/16,5:9:29,15.6,91.0,21.5,94.0,18.3,86.6,1019,0
2026/7/16,5:9:34,15.8,91.0,21.5,94.0,18.3,86.6,1023,0
2026/7/16,5:9:39,15.7,91.0,21.5,94.0,18.3,86.5,1019,0
2026/7/16,5:9:44,15.7,91.0,21.5,94.0,18.3,86.6,1019,0
2026/7/16,5:9:49,15.8,91.0,21.4,94.0,18.3,86.6,1023,0
2026/7/16,5:9:54,15.8,91.0,21.5,94.0,18.3,86.5,1021,0
2026/7/16,5:9:59,15.8,91.0,21.5,94.0,18.3,86.5,1023,0
2026/7/16,5:10:4,15.7,91.0,21.4,94.0,18.3,86.5,1019,0
2026/7/16,5:10:9,15.6,91.0,21.4,94.0,18.3,86.5,1022,0
2026/7/16,5:10:14,15.7,91.0,21.5,94.0,18.3,86.5,1021,0
2026/7/16,5:10:19,15.8,91.0,21.4,94.0,18.3,86.6,1023,0
2026/7/16,5:10:24,15.7,91.0,21.2,94.0,18.3,86.6,1021,0
2026/7/16,5:10:29,15.7,91.0,21.5,94.0,18.3,86.6,1021,0
2026/7/16,5:10:34,15.7,91.0,21.5,94.0,18.3,86.6,1019,0
2026/7/16,5:10:39,15.8,91.0,21.5,94.0,18.3,86.5,1021,0
2026/7/16,5:10:44,15.7,91.0,21.5,94.0,18.3,86.5,1022,0
2026/7/16,5:10:49,15.7,91.0,21.4,94.0,18.3,86.5,1023,0
2026/7/16,5:10:54,15.8,91.0,21.5,94.0,18.3,86.5,1022,0
2026/7/16,5:10:59,15.7,91.0,21.4,94.0,18.3,86.5,1021,0
2026/7/16,5:11:4,15.8,91.0,21.4,94.0,18.3,86.5,1021,0
2026/7/16,5:11:9,15.7,91.0,21.4,94.0,18.3,86.5,1023,0
2026/7/16,5:11:14,15.7,91.0,21.5,94.0,18.3,86.5,1021,0
2026/7/16,5:11:19,15.8,91.0,21.5,94.0,18.3,86.5,1021,0
2026/7/16,5:11:24,15.7,91.0,21.5,94.0,18.3,86.5,1022,0
2026/7/16,5:11:29,15.7,91.0,21.4,94.0,18.3,86.5,1021,0
2026/7/16,5:11:34,15.7,91.0,21.5,94.0,18.3,86.4,1023,0
2026/7/16,5:11:39,15.7,91.0,21.5,94.0,18.3,86.5,1022,0
2026/7/16,5:11:45,15.8,91.0,21.5,94.0,18.3,86.5,1023,0
2026/7/16,5:11:50,15.7,91.0,21.5,94.0,18.3,86.5,1021,0
2026/7/16,5:11:55,15.8,91.0,21.5,94.0,18.3,86.5,1023,0
2026/7/16,5:12:0,15.7,91.0,21.4,94.0,18.3,86.5,1021,0
2026/7/16,5:12:5,15.7,91.0,21.5,94.0,18.3,86.5,1021,0
2026/7/16,5:12:10,15.7,91.0,21.4,94.0,18.3,86.5,1019,0
2026/7/16,5:12:15,15.7,91.0,21.3,94.0,18.3,86.5,1021,0
2026/7/16,5:12:20,15.7,91.0,21.4,94.0,18.3,86.5,1022,0
2026/7/16,5:12:25,15.7,91.0,21.5,94.0,18.3,86.5,1019,0
2026/7/16,5:12:30,15.6,91.0,21.5,94.0,18.3,86.5,1023,0
2026/7/16,5:12:35,15.7,91.0,21.5,94.0,18.3,86.5,1019,0
2026/7/16,5:12:40,15.9,91.0,21.4,94.0,18.3,86.5,1023,0
2026/7/16,5:12:45,15.7,91.0,21.5,94.0,18.3,86.5,1019,0
2026/7/16,5:12:50,15.7,91.0,21.5,94.0,18.3,86.5,1021,0
2026/7/16,5:12:55,15.7,91.0,21.5,94.0,18.3,86.5,1022,0
2026/7/16,5:13:0,15.7,91.0,21.5,94.0,18.3,86.5,1019,0
2026/7/16,5:13:5,15.8,91.0,21.5,94.0,18.3,86.5,1023,0
2026/7/16,5:13:10,15.7,91.0,21.4,94.0,18.3,86.5,1019,0
2026/7/16,5:13:15,15.7,91.0,21.4,94.0,18.3,86.5,1023,0
2026/7/16,5:13:20,15.7,91.0,21.5,94.0,18.3,86.5,1023,0
2026/7/16,5:13:25,15.8,91.0,21.5,94.0,18.3,86.5,1021,0
2026/7/16,5:13:30,15.8,91.0,21.5,94.0,18.3,86.5,1019,0
2026/7/16,5:13:35,15.8,91.0,21.5,94.0,18.3,86.5,1019,0
2026/7/16,5:13:40,15.7,91.0,21.4,94.0,18.3,86.5,1023,0
2026/7/16,5:13:45,15.7,91.0,21.4,94.0,18.3,86.5,1019,0
2026/7/16,5:13:50,15.7,91.0,21.4,94.0,18.3,86.5,1023,0
2026/7/16,5:13:55,15.7,91.0,21.4,94.0,18.3,86.6,1023,0
2026/7/16,5:14:0,15.7,91.0,21.5,94.0,18.3,86.6,1021,0
2026/7/16,5:14:5,15.7,91.0,21.4,94.0,18.3,86.6,1022,0
2026/7/16,5:14:10,15.7,91.0,21.4,94.0,18.3,86.6,1023,0
2026/7/16,5:14:15,15.8,91.0,21.5,94.0,18.3,86.7,1021,0
2026/7/16,5:14:20,15.8,91.0,21.5,94.0,18.3,86.7,1019,0
2026/7/16,5:14:25,15.8,91.0,21.1,94.0,18.3,86.7,1023,0
2026/7/16,5:14:30,15.8,91.0,21.5,94.0,18.3,86.7,1023,0
2026/7/16,5:14:35,15.8,91.0,21.5,94.0,18.3,86.6,1022,0
2026/7/16,5:14:40,15.8,91.0,21.4,94.0,18.3,86.7,1021,0
2026/7/16,5:14:45,15.8,91.0,21.5,94.0,18.3,86.6,1019,0
2026/7/16,5:14:50,15.7,91.0,21.5,94.0,18.3,86.7,1023,0
2026/7/16,5:14:55,15.7,91.0,21.5,94.0,18.3,86.6,1021,0
2026/7/16,5:15:0,15.8,91.0,21.5,94.0,18.3,86.6,1019,0
2026/7/16,5:15:5,15.7,91.0,21.5,94.0,18.3,86.6,1019,0
2026/7/16,5:15:10,15.7,91.0,21.5,94.0,18.3,86.6,1023,0
2026/7/16,5:15:15,15.7,91.0,21.5,94.0,18.3,86.6,1021,0
2026/7/16,5:15:20,15.7,91.0,21.5,94.0,18.3,86.6,1021,0
2026/7/16,5:15:25,15.7,91.0,21.4,94.0,18.3,86.6,1023,0
2026/7/16,5:15:30,15.7,91.0,21.5,94.0,18.3,86.6,1023,0
2026/7/16,5:15:35,15.6,91.0,21.5,94.0,18.3,86.6,1023,0
2026/7/16,5:15:40,15.7,91.0,21.4,94.0,18.3,86.6,1019,0
2026/7/16,5:15:45,15.7,91.0,21.5,94.0,18.3,86.6,1023,0
2026/7/16,5:15:50,15.7,91.0,21.3,94.0,18.2,86.5,1019,0
2026/7/16,5:15:55,15.7,91.0,21.3,94.0,18.3,86.5,1023,0
2026/7/16,5:16:0,15.6,91.0,21.5,94.0,18.3,86.5,1023,0
2026/7/16,5:16:5,15.7,91.0,21.5,94.0,18.2,86.6,1022,0
2026/7/16,5:16:10,15.7,91.0,21.1,94.0,18.3,86.5,1023,0
2026/7/16,5:16:15,15.7,91.0,21.5,94.0,18.3,86.4,1021,0
2026/7/16,5:16:20,15.6,91.0,21.4,94.0,18.3,86.5,1022,0
2026/7/16,5:16:25,15.6,91.0,21.5,94.0,18.3,86.5,1023,0
2026/7/16,5:16:30,15.7,91.0,21.5,94.0,18.3,86.5,1019,0
2026/7/16,5:16:35,15.7,91.0,21.5,94.0,18.2,86.5,1023,0
2026/7/16,5:16:40,15.7,91.0,21.4,94.0,18.3,86.5,1019,0
2026/7/16,5:16:45,15.7,91.0,21.5,94.0,18.3,86.5,1019,0
2026/7/16,5:16:50,15.7,91.0,21.4,94.0,18.3,86.5,1023,0
2026/7/16,5:16:55,15.7,91.0,21.5,94.0,18.2,86.4,1023,0
2026/7/16,5:17:0,15.7,91.0,21.4,94.0,18.2,86.4,1022,0
2026/7/16,5:17:5,15.7,91.0,21.5,94.0,18.2,86.4,1019,0
2026/7/16,5:17:10,15.8,91.0,21.3,94.0,18.2,86.5,1023,0
2026/7/16,5:17:15,15.7,91.0,21.4,94.0,18.3,86.5,1019,0
2026/7/16,5:17:20,15.6,91.0,21.4,94.0,18.2,86.5,1023,0
2026/7/16,5:17:25,15.7,91.0,21.4,94.0,18.2,86.5,1023,0
2026/7/16,5:17:30,15.7,91.0,21.5,94.0,18.2,86.5,1021,0
2026/7/16,5:17:35,15.7,91.0,21.5,94.0,18.2,86.5,1021,0
2026/7/16,5:17:40,15.7,91.0,21.5,94.0,18.2,86.6,1021,0
2026/7/16,5:17:45,15.7,91.0,21.5,94.0,18.2,86.6,1021,0
2026/7/16,5:17:50,15.7,91.0,21.4,94.0,18.2,86.5,1021,0
2026/7/16,5:17:55,15.7,91.0,21.5,94.0,18.2,86.5,1023,0
2026/7/16,5:18:0,15.7,91.0,21.5,94.0,18.3,86.6,1022,0
2026/7/16,5:18:5,15.6,91.0,21.5,94.0,18.2,86.6,1022,0
2026/7/16,5:18:10,15.7,91.0,21.5,94.0,18.2,86.6,1019,0
2026/7/16,5:18:15,15.7,91.0,21.5,94.0,18.2,86.6,1023,0
2026/7/16,5:18:20,15.7,91.0,21.4,94.0,18.2,86.6,1023,0
2026/7/16,5:18:25,15.7,91.0,21.4,94.0,18.2,86.6,1019,0
2026/7/16,5:18:30,15.6,91.0,21.5,94.0,18.2,86.6,1023,0
2026/7/16,5:18:35,15.7,91.0,21.4,94.0,18.2,86.7,1019,0
2026/7/16,5:18:40,15.7,91.0,21.5,94.0,18.2,86.7,1021,0
2026/7/16,5:18:45,15.7,91.0,21.5,94.0,18.2,86.6,1023,0
2026/7/16,5:18:50,15.6,91.0,21.4,94.0,18.2,86.6,1023,0
2026/7/16,5:18:55,15.6,91.0,21.4,94.0,18.2,86.6,1023,0
2026/7/16,5:19:0,15.7,91.0,21.3,94.0,18.2,86.6,1023,0
2026/7/16,5:19:5,15.7,91.0,21.4,94.0,18.2,86.6,1019,0
2026/7/16,5:19:10,15.6,91.0,21.5,94.0,18.2,86.5,1023,0
2026/7/16,5:19:15,15.8,91.0,21.5,94.0,18.2,86.6,1023,0
2026/7/16,5:19:20,15.6,91.0,21.5,94.0,18.2,86.6,1019,0
2026/7/16,5:19:25,15.6,91.0,21.4,94.0,18.2,86.6,1023,0
2026/7/16,5:19:30,15.7,91.0,21.4,94.0,18.2,86.6,1023,0
2026/7/16,5:19:35,15.6,91.0,21.4,94.0,18.2,86.6,1022,0
2026/7/16,5:19:40,15.7,91.0,21.4,94.0,18.2,86.6,1023,0
2026/7/16,5:19:45,15.6,91.0,21.4,94.0,18.2,86.6,1019,0
2026/7/16,5:19:50,15.8,91.0,21.4,94.0,18.2,86.6,1023,0
2026/7/16,5:19:55,15.7,91.0,21.5,94.0,18.2,86.6,1021,0
2026/7/16,5:20:0,15.7,91.0,21.5,94.0,18.2,86.6,1023,0
2026/7/16,5:20:5,15.7,91.0,21.3,94.0,18.2,86.6,1019,0
2026/7/16,5:20:10,15.5,91.0,21.5,94.0,18.2,86.7,1019,0
2026/7/16,5:20:15,15.6,91.0,21.4,94.0,18.2,86.6,1023,0
2026/7/16,5:20:20,15.7,91.0,21.4,94.0,18.2,86.6,1021,0
2026/7/16,5:20:25,15.5,91.0,21.4,94.0,18.2,86.7,1022,0
2026/7/16,5:20:30,15.7,91.0,21.5,94.0,18.2,86.6,1023,0
2026/7/16,5:20:35,15.6,91.0,21.3,94.0,18.2,86.6,1022,0
2026/7/16,5:20:40,15.6,91.0,21.5,94.0,18.2,86.6,1023,0
2026/7/16,5:20:45,15.6,91.0,21.4,94.0,18.2,86.6,1019,0
2026/7/16,5:20:50,15.7,91.0,21.4,94.0,18.2,86.6,1022,0
2026/7/16,5:20:55,15.6,91.0,21.4,94.0,18.2,86.7,1023,0
2026/7/16,5:21:0,15.7,91.0,21.5,94.0,18.2,86.6,1023,0
2026/7/16,5:21:5,15.5,91.0,21.5,94.0,18.2,86.6,1023,0
2026/7/16,5:21:10,15.6,91.0,21.4,94.0,18.2,86.6,1019,0
2026/7/16,5:21:15,15.5,91.0,21.4,94.0,18.2,86.7,1019,0
2026/7/16,5:21:20,15.6,91.0,21.5,94.0,18.2,86.7,1019,0
2026/7/16,5:21:25,15.5,91.0,21.4,94.0,18.2,86.6,1023,0
2026/7/16,5:21:30,15.7,91.0,21.4,94.0,18.2,86.7,1023,0
2026/7/16,5:21:35,15.5,91.0,21.4,94.0,18.2,86.7,1021,0
2026/7/16,5:21:40,15.7,91.0,21.4,94.0,18.1,86.7,1019,0
2026/7/16,5:21:45,15.6,91.0,21.4,94.0,18.2,86.7,1021,0
2026/7/16,5:21:50,15.6,91.0,21.4,94.0,18.2,86.7,1022,0
2026/7/16,5:21:56,15.5,91.0,21.4,94.0,18.2,86.7,1019,0
2026/7/16,5:22:1,15.7,91.0,21.4,94.0,18.2,86.8,1023,0
2026/7/16,5:22:6,15.6,91.0,21.4,94.0,18.2,86.8,1023,0
2026/7/16,5:22:11,15.6,91.0,21.5,94.0,18.2,86.8,1023,0
2026/7/16,5:22:16,15.6,91.0,21.3,94.0,18.2,86.8,1019,0
2026/7/16,5:22:21,15.6,91.0,21.4,94.0,18.1,86.8,1023,0
2026/7/16,5:22:26,15.7,91.0,21.5,94.0,18.2,86.9,1023,0
2026/7/16,5:22:31,15.7,91.0,21.5,94.0,18.1,86.9,1023,0
2026/7/16,5:22:36,15.6,91.0,21.4,94.0,18.2,86.9,1019,0
2026/7/16,5:22:41,15.7,91.0,21.5,94.0,18.2,86.8,1023,0
2026/7/16,5:22:46,15.6,91.0,21.5,94.0,18.2,86.9,1021,0
2026/7/16,5:22:51,15.6,91.0,21.5,94.0,18.2,86.9,1019,0
2026/7/16,5:22:56,15.7,91.0,21.3,94.0,18.2,86.9,1021,0
2026/7/16,5:23:1,15.6,91.0,21.5,94.0,18.2,86.9,1022,0
2026/7/16,5:23:6,15.6,91.0,21.4,94.0,18.2,86.9,1021,0
2026/7/16,5:23:11,15.6,91.0,21.4,94.0,18.2,86.9,1021,0
2026/7/16,5:23:16,15.6,91.0,21.4,94.0,18.2,86.9,1019,0
2026/7/16,5:23:21,15.4,91.0,21.3,94.0,18.1,86.9,1023,0
2026/7/16,5:23:26,15.5,91.0,21.5,94.0,18.2,86.9,1019,0
2026/7/16,5:23:31,15.6,91.0,21.3,94.0,18.2,87.0,1021,0
2026/7/16,5:23:36,15.6,91.0,21.5,94.0,18.2,87.0,1023,0
2026/7/16,5:23:41,15.5,91.0,21.4,94.0,18.2,86.9,1021,0
2026/7/16,5:23:46,15.5,91.0,21.3,94.0,18.2,86.9,1023,0
2026/7/16,5:23:51,15.5,91.0,21.4,94.0,18.2,86.9,1023,0
2026/7/16,5:23:56,15.5,91.0,21.4,94.0,18.2,86.9,1019,0
2026/7/16,5:24:1,15.5,91.0,21.5,94.0,18.2,86.9,1023,0
2026/7/16,5:24:6,15.6,91.0,21.4,94.0,18.1,86.9,1023,0
2026/7/16,5:24:11,15.5,91.0,21.4,94.0,18.2,86.9,1019,0
2026/7/16,5:24:16,15.6,91.0,21.4,94.0,18.2,86.9,1021,0
2026/7/16,5:24:21,15.6,91.0,21.5,94.0,18.2,86.9,1023,0
2026/7/16,5:24:26,15.5,91.0,21.5,94.0,18.2,86.9,1023,0
2026/7/16,5:24:31,15.7,91.0,21.5,94.0,18.2,86.9,1023,0
2026/7/16,5:24:36,15.6,91.0,21.4,94.0,18.2,86.9,1021,0
2026/7/16,5:24:41,15.5,91.0,21.4,94.0,18.2,87.0,1022,0
2026/7/16,5:24:46,15.6,91.0,21.3,94.0,18.2,87.0,1022,0
2026/7/16,5:24:51,15.7,91.0,21.5,94.0,18.2,86.9,1023,0
2026/7/16,5:24:56,15.7,91.0,21.5,94.0,18.1,86.9,1022,0
2026/7/16,5:25:1,15.6,91.0,21.3,94.0,18.2,86.9,1019,0
2026/7/16,5:25:6,15.7,91.0,21.4,94.0,18.2,86.9,1023,0
2026/7/16,5:25:11,15.7,91.0,21.3,94.0,18.2,86.9,1022,0
2026/7/16,5:25:16,15.6,91.0,21.5,94.0,18.1,86.9,1023,0
2026/7/16,5:25:21,15.6,91.0,21.5,94.0,18.2,86.9,1019,0
2026/7/16,5:25:26,15.7,91.0,21.4,94.0,18.1,86.9,1019,0
2026/7/16,5:25:31,15.6,91.0,21.3,94.0,18.1,86.9,1022,0
2026/7/16,5:25:36,15.5,91.0,21.3,94.0,18.2,86.9,1019,0
2026/7/16,5:25:41,15.7,91.0,21.3,94.0,18.1,86.8,1023,0
2026/7/16,5:25:46,15.6,91.0,21.5,94.0,18.1,86.9,1021,0
2026/7/16,5:25:51,15.6,91.0,21.1,94.0,18.1,86.9,1019,0
2026/7/16,5:25:56,15.6,91.0,21.4,94.0,18.1,86.9,1019,0
2026/7/16,5:26:1,15.6,91.0,21.4,94.0,18.1,86.9,1019,0
2026/7/16,5:26:6,15.4,91.0,21.2,94.0,18.2,86.9,1019,0
2026/7/16,5:26:11,15.6,91.0,21.5,94.0,18.1,86.9,1022,0
2026/7/16,5:26:16,15.7,91.0,21.2,94.0,18.2,86.9,1023,0
2026/7/16,5:26:21,15.6,91.0,21.5,94.0,18.2,87.0,1022,0
2026/7/16,5:26:26,15.6,91.0,21.4,94.0,18.1,86.9,1022,0
2026/7/16,5:26:31,15.5,91.0,21.4,94.0,18.1,86.9,1023,0
2026/7/16,5:26:36,15.6,91.0,21.4,94.0,18.1,86.9,1023,0
2026/7/16,5:26:41,15.6,91.0,21.4,94.0,18.2,86.9,1022,0
2026/7/16,5:26:46,15.6,91.0,21.4,94.0,18.1,86.9,1022,0
2026/7/16,5:26:51,15.7,91.0,21.5,94.0,18.2,86.9,1023,0
2026/7/16,5:26:56,15.5,91.0,21.4,94.0,18.1,86.9,1022,0
2026/7/16,5:27:1,15.6,91.0,21.4,94.0,18.1,86.9,1019,0
2026/7/16,5:27:6,15.6,91.0,21.4,94.0,18.1,86.9,1022,0
2026/7/16,5:27:11,15.6,91.0,21.4,94.0,18.1,87.0,1022,0
2026/7/16,5:27:16,15.5,91.0,21.4,94.0,18.2,86.9,1023,0
2026/7/16,5:27:21,15.6,91.0,21.4,94.0,18.1,86.9,1021,0
2026/7/16,5:27:26,15.6,91.0,21.4,94.0,18.1,86.9,1021,0
2026/7/16,5:27:31,15.6,91.0,21.4,94.0,18.2,86.9,1023,0
2026/7/16,5:27:36,15.6,91.0,21.4,94.0,18.1,86.9,1023,0
2026/7/16,5:27:41,15.6,91.0,21.4,94.0,18.1,86.8,1023,0
2026/7/16,5:27:46,15.6,91.0,21.4,94.0,18.1,86.9,1023,0
2026/7/16,5:27:51,15.5,91.0,21.4,94.0,18.1,86.9,1021,0
2026/7/16,5:27:56,15.5,91.0,21.5,94.0,18.2,86.9,1023,0
2026/7/16,5:28:1,15.6,91.0,21.3,94.0,18.1,86.9,1023,0
2026/7/16,5:28:6,15.5,91.0,21.4,94.0,18.2,86.9,1019,0
2026/7/16,5:28:11,15.7,91.0,21.4,94.0,18.1,86.9,1019,0
2026/7/16,5:28:16,15.5,91.0,21.4,94.0,18.1,86.9,1023,0
2026/7/16,5:28:21,15.7,91.0,21.3,94.0,18.1,86.8,1022,0
2026/7/16,5:28:26,15.5,91.0,21.4,94.0,18.1,86.8,1023,0
2026/7/16,5:28:31,15.5,91.0,21.4,94.0,18.1,86.9,1019,0
2026/7/16,5:28:36,15.4,91.0,21.4,94.0,18.1,86.9,1019,0
2026/7/16,5:28:41,15.5,91.0,21.3,94.0,18.1,86.9,1023,0
2026/7/16,5:28:46,15.7,91.0,21.4,94.0,18.1,86.9,1019,0
2026/7/16,5:28:51,15.7,91.0,21.4,94.0,18.1,86.8,1022,0
2026/7/16,5:28:56,15.7,91.0,21.4,94.0,18.1,86.9,1023,0
2026/7/16,5:29:1,15.6,91.0,21.5,94.0,18.1,86.8,1023,0
2026/7/16,5:29:6,15.5,91.0,21.3,94.0,18.1,86.9,1019,0
2026/7/16,5:29:11,15.6,91.0,21.4,94.0,18.1,86.8,1022,0
2026/7/16,5:29:16,15.5,91.0,21.3,94.0,18.2,86.8,1023,0
2026/7/16,5:29:21,15.6,91.0,21.5,94.0,18.1,86.9,1023,0
2026/7/16,5:29:26,15.6,91.0,21.3,94.0,18.1,86.9,1023,0
2026/7/16,5:29:31,15.6,91.0,21.3,94.0,18.1,86.9,1019,0
2026/7/16,5:29:36,15.6,91.0,21.4,94.0,18.1,86.9,1022,0
2026/7/16,5:29:41,15.7,91.0,21.3,94.0,18.2,86.9,1021,0
2026/7/16,5:29:46,15.6,91.0,21.2,94.0,18.1,86.8,1022,0
2026/7/16,5:29:51,15.6,91.0,21.4,94.0,18.1,86.8,1022,0
2026/7/16,5:29:56,15.6,91.0,21.5,94.0,18.1,86.9,1023,0
2026/7/16,5:30:1,15.6,91.0,21.4,94.0,18.1,86.9,1023,0
2026/7/16,5:30:6,15.6,91.0,21.5,94.0,18.1,86.9,1021,0
2026/7/16,5:30:11,15.5,91.0,21.1,94.0,18.1,86.9,1023,0
2026/7/16,5:30:16,15.6,91.0,21.5,94.0,18.1,86.9,1022,0
2026/7/16,5:30:21,15.7,91.0,21.5,94.0,18.1,86.9,1023,0
2026/7/16,5:30:26,15.5,91.0,21.4,94.0,18.1,86.9,1021,0
2026/7/16,5:30:31,15.7,91.0,21.4,94.0,18.1,86.9,1023,0
2026/7/16,5:30:36,15.6,91.0,21.4,94.0,18.1,86.9,1023,0
2026/7/16,5:30:41,15.5,91.0,21.3,94.0,18.1,86.9,1023,0
2026/7/16,5:30:46,15.5,91.0,21.4,94.0,18.1,86.9,1019,0
2026/7/16,5:30:51,15.6,91.0,21.4,94.0,18.1,86.8,1019,0
2026/7/16,5:30:56,15.5,91.0,21.4,94.0,18.1,86.9,1022,0
2026/7/16,5:31:1,15.7,91.0,21.5,94.0,18.1,86.9,1023,0
2026/7/16,5:31:6,15.5,91.0,21.4,94.0,18.1,86.9,1021,0
2026/7/16,5:31:11,15.6,91.0,21.4,94.0,18.1,86.9,1019,0
2026/7/16,5:31:16,15.6,91.0,21.3,94.0,18.1,86.9,1023,0
2026/7/16,5:31:21,15.6,91.0,21.2,94.0,18.1,86.9,1023,0
2026/7/16,5:31:26,15.6,91.0,21.4,94.0,18.1,87.0,1023,0
2026/7/16,5:31:31,15.5,91.0,21.4,94.0,18.1,86.9,1022,0
2026/7/16,5:31:36,15.7,91.0,21.5,94.0,18.1,87.0,1022,0
2026/7/16,5:31:41,15.6,91.0,21.3,94.0,18.1,86.9,1021,0
2026/7/16,5:31:46,15.5,91.0,21.4,94.0,18.1,86.9,1023,0
2026/7/16,5:31:51,15.5,91.0,21.4,94.0,18.1,86.9,1023,0
2026/7/16,5:31:56,15.6,91.0,21.4,94.0,18.1,86.9,1019,0
2026/7/16,5:32:2,15.6,91.0,21.4,94.0,18.1,87.0,1021,0
2026/7/16,5:32:7,15.7,91.0,21.4,94.0,18.1,87.0,1019,0
2026/7/16,5:32:12,15.6,91.0,21.3,94.0,18.1,87.0,1022,0
2026/7/16,5:32:17,15.5,91.0,21.3,94.0,18.1,87.0,1023,0
2026/7/16,5:32:22,15.4,91.0,21.4,94.0,18.1,86.9,1023,0
2026/7/16,5:32:27,15.5,91.0,21.3,94.0,18.1,87.0,1019,0
2026/7/16,5:32:32,15.5,91.0,21.3,94.0,18.1,87.0,1021,0
2026/7/16,5:32:37,15.6,91.0,21.5,94.0,18.1,87.0,1023,0
2026/7/16,5:32:42,15.5,91.0,21.4,94.0,18.1,87.0,1019,0
2026/7/16,5:32:47,15.5,91.0,21.2,94.0,18.1,86.9,1023,0
2026/7/16,5:32:52,15.6,91.0,21.5,94.0,18.1,86.9,1019,0
2026/7/16,5:32:57,15.5,91.0,21.4,94.0,18.1,86.9,1022,0
2026/7/16,5:33:2,15.6,91.0,21.4,94.0,18.1,86.9,1022,0
2026/7/16,5:33:7,15.6,91.0,21.3,94.0,18.1,86.9,1021,0
2026/7/16,5:33:12,15.4,91.0,21.5,94.0,18.1,86.9,1019,0
2026/7/16,5:33:17,15.6,91.0,21.5,94.0,18.1,86.9,1023,0
2026/7/16,5:33:22,15.6,91.0,21.4,94.0,18.1,86.9,1023,0
2026/7/16,5:33:27,15.5,91.0,21.4,94.0,18.1,86.9,1021,0
2026/7/16,5:33:32,15.4,91.0,21.3,94.0,18.1,86.9,1021,0
2026/7/16,5:33:37,15.6,91.0,21.3,94.0,18.1,86.9,1019,0
2026/7/16,5:33:42,15.6,91.0,21.3,94.0,18.1,86.9,1023,0
2026/7/16,5:33:47,15.5,91.0,21.5,94.0,18.1,86.8,1023,0
2026/7/16,5:33:52,15.5,91.0,21.4,94.0,18.1,86.9,1023,0
2026/7/16,5:33:57,15.6,91.0,21.3,94.0,18.1,86.9,1023,0
2026/7/16,5:34:2,15.7,91.0,21.4,94.0,18.1,86.9,1023,0
2026/7/16,5:34:7,15.6,91.0,21.4,94.0,18.1,86.9,1023,0
2026/7/16,5:34:12,15.6,91.0,21.2,94.0,18.1,86.9,1021,0
2026/7/16,5:34:17,15.4,91.0,21.4,94.0,18.1,86.9,1021,0
2026/7/16,5:34:22,15.5,91.0,21.5,94.0,18.1,86.9,1019,0
2026/7/16,5:34:27,15.6,91.0,21.4,94.0,18.1,86.9,1019,0
2026/7/16,5:34:32,15.5,91.0,21.4,94.0,18.1,86.9,1019,0
2026/7/16,5:34:37,15.6,91.0,21.4,94.0,18.1,86.9,1019,0
2026/7/16,5:34:42,15.6,91.0,21.4,94.0,18.1,86.9,1019,0
2026/7/16,5:34:47,15.5,91.0,21.4,94.0,18.1,86.9,1023,0
2026/7/16,5:34:52,15.5,91.0,21.3,94.0,18.1,86.9,1021,0
2026/7/16,5:34:57,15.6,91.0,21.4,94.0,18.1,86.9,1022,0
2026/7/16,5:35:2,15.6,91.0,21.4,94.0,18.1,86.9,1023,0
2026/7/16,5:35:7,15.4,91.0,21.4,94.0,18.1,86.9,1023,0
2026/7/16,5:35:12,15.7,91.0,21.5,94.0,18.1,86.9,1023,0
2026/7/16,5:35:17,15.6,91.0,21.4,94.0,18.1,86.9,1021,0
2026/7/16,5:35:22,15.6,91.0,21.4,94.0,18.1,86.9,1021,0
2026/7/16,5:35:27,15.6,91.0,21.3,94.0,18.1,86.9,1023,0
2026/7/16,5:35:32,15.6,91.0,21.4,94.0,18.1,86.9,1019,0
2026/7/16,5:35:37,15.6,91.0,21.3,94.0,18.1,86.9,1023,0
2026/7/16,5:35:42,15.6,91.0,21.5,94.0,18.1,86.9,1019,0
2026/7/16,5:35:47,15.5,91.0,21.4,94.0,18.1,86.9,1023,0
2026/7/16,5:35:52,15.6,91.0,21.4,94.0,18.1,86.9,1023,0
2026/7/16,5:35:57,15.6,91.0,21.3,94.0,18.1,86.9,1019,0
2026/7/16,5:36:2,15.6,91.0,21.4,94.0,18.1,86.9,1021,0
2026/7/16,5:36:7,15.6,91.0,21.3,94.0,18.1,86.9,1019,0
2026/7/16,5:36:12,15.6,91.0,21.4,94.0,18.1,86.9,1023,0
2026/7/16,5:36:17,15.5,91.0,21.5,94.0,18.1,87.0,1023,0
2026/7/16,5:36:22,15.6,91.0,21.4,94.0,18.1,87.0,1022,0
2026/7/16,5:36:27,15.5,91.0,21.4,94.0,18.1,87.0,1023,0
2026/7/16,5:36:32,15.6,91.0,21.4,94.0,18.1,87.0,1021,0
2026/7/16,5:36:37,15.4,91.0,21.4,94.0,18.1,87.0,1019,0
2026/7/16,5:36:42,15.5,91.0,21.4,94.0,18.1,87.0,1022,0
2026/7/16,5:36:47,15.5,91.0,21.3,94.0,18.1,87.0,1021,0
2026/7/16,5:36:52,15.5,91.0,21.3,94.0,18.1,87.0,1019,0
2026/7/16,5:36:57,15.5,91.0,21.4,94.0,18.1,87.1,1021,0
2026/7/16,5:37:2,15.5,91.0,21.4,94.0,18.1,87.0,1022,0
2026/7/16,5:37:7,15.4,91.0,21.4,94.0,18.1,87.0,1021,0
2026/7/16,5:37:12,15.6,91.0,21.4,94.0,18.1,87.0,1023,0
2026/7/16,5:37:17,15.5,91.0,21.3,94.0,18.1,87.0,1023,0
2026/7/16,5:37:22,15.5,91.0,21.2,94.0,18.1,87.0,1023,0
2026/7/16,5:37:27,15.5,91.0,21.4,94.0,18.1,87.0,1021,0
2026/7/16,5:37:32,15.5,91.0,21.4,94.0,18.1,87.0,1021,0
2026/7/16,5:37:37,15.5,91.0,21.3,94.0,18.1,87.1,1023,0
2026/7/16,5:37:42,15.6,91.0,21.4,94.0,18.1,87.0,1019,0
2026/7/16,5:37:47,15.6,91.0,21.2,94.0,18.1,87.0,1022,0
2026/7/16,5:37:52,15.6,91.0,21.4,94.0,18.1,87.0,1021,0
2026/7/16,5:37:57,15.5,91.0,21.4,94.0,18.1,87.0,1021,0
2026/7/16,5:38:2,15.5,91.0,21.3,94.0,18.1,87.0,1019,0
2026/7/16,5:38:7,15.5,91.0,21.4,94.0,18.1,87.0,1023,0
2026/7/16,5:38:12,15.5,91.0,21.4,94.0,18.1,87.0,1019,0
2026/7/16,5:38:17,15.4,91.0,21.4,94.0,18.1,87.0,1021,0
2026/7/16,5:38:22,15.4,91.0,21.3,94.0,18.1,87.0,1019,0
2026/7/16,5:38:27,15.6,91.0,21.4,94.0,18.1,87.1,1021,0
2026/7/16,5:38:32,15.6,91.0,21.3,94.0,18.1,87.0,1021,0
2026/7/16,5:38:37,15.5,91.0,21.2,94.0,18.1,87.0,1023,0
2026/7/16,5:38:42,15.5,91.0,21.4,94.0,18.1,87.0,1023,0
2026/7/16,5:38:47,15.4,91.0,21.4,94.0,18.1,87.0,1022,0
2026/7/16,5:38:52,15.5,91.0,21.3,94.0,18.1,87.0,1023,0
2026/7/16,5:38:57,15.5,91.0,21.4,94.0,18.1,87.0,1021,0
2026/7/16,5:39:2,15.6,91.0,21.4,94.0,18.1,87.0,1022,0
2026/7/16,5:39:7,15.4,91.0,21.3,94.0,18.1,87.0,1019,0
2026/7/16,5:39:12,15.4,91.0,21.5,94.0,18.1,87.0,1023,0
2026/7/16,5:39:17,15.4,91.0,21.4,94.0,18.1,87.0,1023,0
2026/7/16,5:39:22,15.5,91.0,21.3,94.0,18.1,87.0,1023,0
2026/7/16,5:39:27,15.5,91.0,21.4,94.0,18.1,87.0,1021,0
2026/7/16,5:39:32,15.6,91.0,21.3,94.0,18.1,86.9,1019,0
2026/7/16,5:39:37,15.6,91.0,21.3,94.0,18.1,87.0,1023,0
2026/7/16,5:39:42,15.5,91.0,21.3,94.0,18.1,86.9,1019,0
2026/7/16,5:39:47,15.5,91.0,21.3,94.0,18.1,86.9,1023,0
2026/7/16,5:39:52,15.6,91.0,21.4,94.0,18.1,87.0,1021,0
2026/7/16,5:39:57,15.5,91.0,21.3,94.0,18.1,87.0,1021,0
2026/7/16,5:40:2,15.4,91.0,21.4,94.0,18.1,87.0,1022,0
2026/7/16,5:40:7,15.5,91.0,21.3,94.0,18.1,87.0,1023,0
2026/7/16,5:40:12,15.5,91.0,21.4,94.0,18.1,86.9,1019,0
2026/7/16,5:40:17,15.3,91.0,21.4,94.0,18.1,86.9,1021,0
2026/7/16,5:40:22,15.5,91.0,21.4,94.0,18.1,86.9,1019,0
2026/7/16,5:40:27,15.5,91.0,21.4,94.0,18.1,86.9,1023,0
2026/7/16,5:40:32,15.4,91.0,21.3,94.0,18.0,86.9,1021,0
2026/7/16,5:40:37,15.4,91.0,21.3,94.0,18.0,86.8,1023,0
2026/7/16,5:40:42,15.3,91.0,21.3,94.0,18.1,86.9,1023,0
2026/7/16,5:40:47,15.4,91.0,21.5,94.0,18.0,86.9,1022,0
2026/7/16,5:40:52,15.4,91.0,21.3,94.0,18.0,86.8,1021,0
2026/7/16,5:40:57,15.4,91.0,21.3,94.0,18.1,86.8,1019,0
2026/7/16,5:41:2,15.4,91.0,21.3,94.0,18.1,86.8,1021,0
2026/7/16,5:41:7,15.5,91.0,21.3,94.0,18.1,86.8,1022,0
2026/7/16,5:41:12,15.4,91.0,21.4,94.0,18.1,86.8,1023,0
2026/7/16,5:41:17,15.4,91.0,21.3,94.0,18.0,86.8,1023,0
2026/7/16,5:41:22,15.6,91.0,21.4,94.0,18.0,86.8,1023,0
2026/7/16,5:41:27,15.6,91.0,21.4,94.0,18.1,86.8,1022,0
2026/7/16,5:41:32,15.5,91.0,21.3,94.0,18.1,86.7,1023,0
2026/7/16,5:41:37,15.6,91.0,21.3,94.0,18.1,86.8,1021,0
2026/7/16,5:41:42,15.4,91.0,21.3,94.0,18.0,86.8,1019,0
2026/7/16,5:41:47,15.5,91.0,21.4,94.0,18.0,86.7,1021,0
2026/7/16,5:41:52,15.4,91.0,21.2,94.0,18.1,86.8,1023,0
2026/7/16,5:41:58,15.4,91.0,21.4,94.0,18.1,86.7,1019,0
2026/7/16,5:42:3,15.4,91.0,21.3,94.0,18.1,86.8,1021,0
2026/7/16,5:42:8,15.5,91.0,21.3,94.0,18.0,86.8,1023,0
2026/7/16,5:42:13,15.6,91.0,21.2,94.0,18.0,86.8,1021,0
2026/7/16,5:42:18,15.3,91.0,21.3,94.0,18.0,86.8,1022,0
2026/7/16,5:42:23,15.5,91.0,21.2,94.0,18.0,86.8,1019,0
2026/7/16,5:42:28,15.4,91.0,21.4,94.0,18.0,86.8,1021,0
2026/7/16,5:42:33,15.5,91.0,21.4,94.0,18.0,86.8,1023,0
2026/7/16,5:42:38,15.5,91.0,21.4,94.0,18.0,86.8,1021,0
2026/7/16,5:42:43,15.3,91.0,21.4,94.0,18.0,86.8,1023,0
2026/7/16,5:42:48,15.4,91.0,21.4,94.0,18.0,86.8,1023,0
2026/7/16,5:42:53,15.4,91.0,21.2,94.0,18.0,86.8,1022,0
2026/7/16,5:42:58,15.4,91.0,21.4,94.0,18.0,86.8,1022,0
2026/7/16,5:43:3,15.4,91.0,21.2,94.0,18.0,86.8,1022,0
2026/7/16,5:43:8,15.5,91.0,21.3,94.0,18.0,86.8,1023,0
2026/7/16,5:43:13,15.4,91.0,21.3,94.0,18.0,86.8,1023,0
2026/7/16,5:43:18,15.3,91.0,21.2,94.0,18.0,86.9,1023,0
2026/7/16,5:43:23,15.4,91.0,21.3,94.0,18.0,86.8,1019,0
2026/7/16,5:43:28,15.3,91.0,21.4,94.0,18.0,86.8,1021,0
2026/7/16,5:43:33,15.4,91.0,21.3,94.0,18.0,86.8,1023,0
2026/7/16,5:43:38,15.4,91.0,21.4,94.0,18.0,86.8,1023,0
2026/7/16,5:43:43,15.5,91.0,21.3,94.0,18.0,86.8,1022,0
2026/7/16,5:43:48,15.5,91.0,21.4,94.0,18.0,86.8,1022,0
2026/7/16,5:43:53,15.4,91.0,21.4,94.0,18.0,86.8,1023,0
2026/7/16,5:43:58,15.3,91.0,21.4,94.0,18.0,86.8,1021,0
2026/7/16,5:44:3,15.4,91.0,21.5,94.0,18.0,86.8,1022,0
2026/7/16,5:44:8,15.5,91.0,21.1,94.0,18.0,86.8,1022,0
2026/7/16,5:44:13,15.3,91.0,21.3,94.0,18.0,86.8,1022,0
2026/7/16,5:44:18,15.3,91.0,21.2,94.0,18.0,86.8,1021,0
2026/7/16,5:44:23,15.3,91.0,21.3,94.0,18.0,86.8,1022,0
2026/7/16,5:44:28,15.2,91.0,21.3,94.0,18.0,86.8,1021,0
2026/7/16,5:44:33,15.4,91.0,21.4,94.0,18.0,86.8,1023,0
2026/7/16,5:44:38,15.4,91.0,21.2,94.0,18.0,86.8,1021,0
2026/7/16,5:44:43,15.4,91.0,21.4,94.0,18.0,86.8,1019,0
2026/7/16,5:44:48,15.4,91.0,21.5,94.0,18.0,86.8,1023,0
2026/7/16,5:44:53,15.6,91.0,21.3,94.0,18.0,86.9,1022,0
2026/7/16,5:44:58,15.1,91.0,21.4,94.0,18.0,86.9,1021,0
2026/7/16,5:45:3,15.4,91.0,21.3,94.0,18.0,86.9,1021,0
2026/7/16,5:45:8,15.3,91.0,21.4,94.0,18.0,86.9,1023,0
2026/7/16,5:45:13,15.3,91.0,21.4,94.0,18.0,86.9,1022,0
2026/7/16,5:45:18,15.4,91.0,21.5,94.0,18.0,86.9,1022,0
2026/7/16,5:45:23,15.4,91.0,21.2,94.0,18.0,87.0,1023,0
2026/7/16,5:45:28,15.3,91.0,21.5,94.0,18.0,87.0,1023,0
2026/7/16,5:45:33,15.3,91.0,21.3,94.0,18.0,87.0,1023,0
2026/7/16,5:45:38,15.3,91.0,21.3,94.0,18.0,87.0,1021,0
2026/7/16,5:45:43,15.4,91.0,21.3,94.0,18.0,87.0,1023,0
2026/7/16,5:45:48,15.2,91.0,21.3,94.0,18.0,87.0,1021,0
2026/7/16,5:45:53,15.4,91.0,21.2,94.0,18.0,87.0,1022,0
2026/7/16,5:45:58,15.1,91.0,21.4,94.0,18.0,87.0,1023,0
2026/7/16,5:46:3,15.3,91.0,21.3,94.0,18.0,87.0,1021,0
2026/7/16,5:46:8,15.1,91.0,21.4,94.0,18.0,87.0,1019,0
2026/7/16,5:46:13,15.1,91.0,21.5,94.0,18.0,87.0,1022,0
2026/7/16,5:46:18,15.1,91.0,21.3,94.0,18.0,86.9,1023,0
2026/7/16,5:46:23,15.1,91.0,21.4,94.0,18.0,86.9,1023,0
2026/7/16,5:46:28,15.2,91.0,21.1,94.0,18.0,86.8,1019,0
2026/7/16,5:46:33,15.2,91.0,21.5,94.0,18.0,86.8,1019,0
2026/7/16,5:46:38,15.2,91.0,21.5,94.0,17.9,86.8,1022,0
2026/7/16,5:46:43,15.6,91.0,20.9,93.0,18.0,86.8,1022,0
2026/7/16,5:46:48,15.4,91.0,21.3,94.0,18.0,86.8,1021,0
2026/7/16,5:46:53,15.1,91.0,20.9,93.0,18.0,86.9,1023,0
2026/7/16,5:46:58,15.2,91.0,21.3,94.0,18.0,86.9,1022,0
2026/7/16,5:47:3,15.5,91.0,21.2,94.0,18.0,86.9,1019,0
2026/7/16,5:47:8,15.1,91.0,21.3,94.0,17.9,86.9,1023,0
2026/7/16,5:47:13,15.1,91.0,21.3,94.0,17.9,86.9,1023,0
2026/7/16,5:47:18,15.4,91.0,21.1,94.0,17.9,86.9,1021,0
2026/7/16,5:47:23,15.3,91.0,21.2,94.0,17.9,87.0,1022,0
2026/7/16,5:47:28,15.2,91.0,21.5,94.0,17.9,87.0,1022,0
2026/7/16,5:47:33,15.1,91.0,21.4,94.0,17.9,86.9,1019,0
2026/7/16,5:47:38,15.1,91.0,21.2,94.0,17.9,87.0,1023,0
2026/7/16,5:47:43,15.3,91.0,21.3,94.0,17.9,87.0,1023,0
2026/7/16,5:47:48,15.3,91.0,21.4,94.0,17.9,87.1,1023,0
2026/7/16,5:47:53,15.1,91.0,21.2,94.0,17.9,87.1,1022,0
2026/7/16,5:47:58,15.3,91.0,21.4,94.0,17.9,87.1,1023,0
2026/7/16,5:48:3,15.3,91.0,21.2,94.0,17.9,87.1,1023,0
2026/7/16,5:48:8,15.1,91.0,21.3,94.0,17.9,87.1,1022,0
2026/7/16,5:48:13,15.5,91.0,21.4,94.0,17.9,87.1,1021,0
2026/7/16,5:48:18,15.1,91.0,21.4,94.0,17.9,87.1,1023,0
2026/7/16,5:48:23,15.1,91.0,21.2,94.0,17.9,87.2,1019,0
2026/7/16,5:48:28,15.1,91.0,21.3,94.0,17.9,87.1,1023,0
2026/7/16,5:48:33,15.1,91.0,21.3,94.0,17.9,87.2,1023,0
2026/7/16,5:48:38,15.6,91.0,21.4,94.0,17.9,87.1,1021,0
2026/7/16,5:48:43,15.1,91.0,21.4,94.0,17.9,87.2,1021,0
2026/7/16,5:48:48,15.1,91.0,21.4,94.0,17.9,87.2,1019,0
2026/7/16,5:48:53,15.1,91.0,21.3,94.0,17.9,87.1,1019,0
2026/7/16,5:48:58,15.1,91.0,21.2,94.0,17.9,87.2,1023,0
2026/7/16,5:49:3,15.6,91.0,21.3,94.0,17.9,87.2,1023,0
2026/7/16,5:49:8,15.6,91.0,21.5,94.0,17.9,87.2,1021,0
2026/7/16,5:49:13,15.1,91.0,21.2,94.0,17.9,87.1,1021,0
2026/7/16,5:49:18,15.2,91.0,21.4,94.0,17.9,87.1,1023,0
2026/7/16,5:49:23,15.1,91.0,21.4,94.0,17.9,87.2,1021,0
2026/7/16,5:49:28,15.5,91.0,21.5,94.0,17.9,87.1,1021,0
2026/7/16,5:49:33,15.1,91.0,21.3,94.0,17.9,87.2,1022,0
2026/7/16,5:49:38,15.1,91.0,21.3,94.0,17.9,87.2,1022,0
2026/7/16,5:49:43,15.2,91.0,21.2,94.0,17.9,87.2,1023,0
2026/7/16,5:49:48,15.3,91.0,21.2,94.0,17.9,87.2,1021,0
2026/7/16,5:49:53,15.0,91.0,21.2,94.0,17.9,87.2,1022,0
2026/7/16,5:49:58,15.4,91.0,21.3,94.0,17.9,87.1,1022,0
2026/7/16,5:50:3,15.3,91.0,21.2,94.0,17.9,87.2,1021,0
2026/7/16,5:50:8,15.1,91.0,21.1,94.0,17.9,87.2,1022,0
2026/7/16,5:50:13,15.2,91.0,21.2,94.0,17.9,87.2,1022,0
2026/7/16,5:50:18,15.1,91.0,21.2,94.0,17.9,87.2,1023,0
2026/7/16,5:50:23,15.0,91.0,21.4,94.0,17.9,87.1,1023,0
2026/7/16,5:50:28,15.1,91.0,21.3,94.0,17.9,87.1,1022,0
2026/7/16,5:50:33,15.4,91.0,21.3,94.0,17.9,87.1,1023,0
2026/7/16,5:50:38,15.5,91.0,21.2,94.0,17.9,87.2,1022,0
2026/7/16,5:50:43,15.1,91.0,21.3,94.0,17.9,87.2,1023,0
2026/7/16,5:50:48,15.1,91.0,21.1,94.0,17.9,87.2,1021,0
2026/7/16,5:50:53,15.1,91.0,21.5,94.0,17.9,87.2,1023,0
2026/7/16,5:50:58,15.2,91.0,21.2,94.0,17.9,87.2,1022,0
2026/7/16,5:51:3,15.1,91.0,21.3,94.0,17.9,87.2,1022,0
2026/7/16,5:51:8,15.2,91.0,21.2,94.0,17.9,87.2,1023,0
2026/7/16,5:51:13,15.1,91.0,21.4,94.0,17.9,87.2,1022,0
2026/7/16,5:51:18,15.1,91.0,21.1,94.0,17.9,87.3,1023,0
2026/7/16,5:51:23,15.1,91.0,21.0,94.0,17.9,87.2,1023,0
2026/7/16,5:51:28,15.3,91.0,21.4,94.0,17.9,87.2,1021,0
2026/7/16,5:51:33,15.4,91.0,21.5,94.0,17.9,87.2,1019,0
2026/7/16,5:51:38,15.1,91.0,21.4,94.0,17.9,87.2,1023,0
2026/7/16,5:51:43,15.4,91.0,21.1,94.0,17.9,87.2,1021,0
2026/7/16,5:51:48,15.1,91.0,21.3,94.0,17.9,87.2,1023,0
2026/7/16,5:51:53,15.3,91.0,21.3,94.0,17.9,87.2,1019,0
2026/7/16,5:51:58,15.1,91.0,21.4,94.0,17.9,87.2,1022,0
2026/7/16,5:52:3,15.6,91.0,21.1,94.0,17.9,87.3,1023,0
2026/7/16,5:52:8,15.1,91.0,21.4,94.0,17.9,87.2,1023,0
2026/7/16,5:52:13,15.1,91.0,21.2,94.0,17.9,87.2,1022,0
2026/7/16,5:52:19,15.2,91.0,21.3,94.0,17.9,87.2,1021,0
2026/7/16,5:52:24,15.1,91.0,21.4,94.0,17.9,87.2,1021,0
2026/7/16,5:52:29,15.0,91.0,20.9,93.0,17.9,87.2,1023,0
2026/7/16,5:52:34,15.1,91.0,21.4,94.0,17.9,87.2,1022,0
2026/7/16,5:52:39,15.0,91.0,21.1,94.0,17.9,87.1,1022,0
2026/7/16,5:52:44,15.0,91.0,20.8,93.0,17.9,87.1,1023,0
2026/7/16,5:52:49,15.0,91.0,21.2,94.0,17.9,87.2,1021,0
2026/7/16,5:52:54,15.6,91.0,21.4,94.0,17.9,87.1,1021,0
2026/7/16,5:52:59,15.6,91.0,21.4,94.0,17.9,87.1,1023,0
2026/7/16,5:53:4,15.5,91.0,21.4,94.0,17.9,87.1,1021,0
2026/7/16,5:53:9,15.1,91.0,21.5,94.0,17.9,87.1,1023,0
2026/7/16,5:53:14,15.1,91.0,21.3,94.0,17.9,87.1,1022,0
2026/7/16,5:53:19,15.1,91.0,21.4,94.0,17.9,87.2,1021,0
2026/7/16,5:53:24,15.3,91.0,21.4,94.0,17.9,87.1,1021,0
2026/7/16,5:53:29,15.5,91.0,21.5,94.0,17.9,87.1,1019,0
2026/7/16,5:53:34,15.1,91.0,21.1,94.0,17.9,87.1,1023,0
2026/7/16,5:53:39,15.1,91.0,21.4,94.0,17.9,87.1,1021,0
2026/7/16,5:53:44,15.1,91.0,21.3,94.0,17.9,87.1,1019,0
2026/7/16,5:53:49,15.4,91.0,21.2,94.0,17.9,87.1,1019,0
2026/7/16,5:53:54,15.1,91.0,21.3,94.0,17.9,87.1,1022,0
2026/7/16,5:53:59,15.1,91.0,20.8,93.0,17.9,87.1,1023,0
2026/7/16,5:54:4,15.4,91.0,20.9,93.0,17.9,87.1,1021,0
2026/7/16,5:54:9,15.0,91.0,21.2,94.0,17.9,87.1,1022,0
2026/7/16,5:54:14,15.0,91.0,21.2,94.0,17.9,87.1,1023,0
2026/7/16,5:54:19,15.0,91.0,21.4,94.0,17.9,87.1,1023,0
2026/7/16,5:54:24,15.4,91.0,21.2,94.0,17.9,87.1,1021,0
2026/7/16,5:54:29,15.1,91.0,21.4,94.0,17.9,87.1,1019,0
2026/7/16,5:54:34,15.0,91.0,21.5,94.0,17.9,87.1,1023,0
2026/7/16,5:54:39,15.0,91.0,21.4,94.0,17.9,87.0,1019,0
2026/7/16,5:54:44,15.0,91.0,21.4,94.0,17.9,87.1,1023,0
2026/7/16,5:54:49,15.0,91.0,21.3,94.0,17.9,87.0,1023,0
2026/7/16,5:54:54,15.1,91.0,21.2,94.0,17.9,87.0,1022,0
2026/7/16,5:54:59,15.1,91.0,21.2,94.0,17.9,87.0,1019,0
2026/7/16,5:55:4,15.6,91.0,21.3,94.0,17.9,87.0,1021,0
2026/7/16,5:55:9,15.2,91.0,21.4,94.0,17.9,87.0,1021,0
2026/7/16,5:55:14,15.0,91.0,21.4,94.0,17.9,87.0,1023,0
2026/7/16,5:55:19,15.0,91.0,21.2,94.0,17.9,87.0,1023,0
2026/7/16,5:55:24,15.5,91.0,21.4,94.0,17.9,87.0,1022,0
2026/7/16,5:55:29,15.5,91.0,21.4,94.0,17.9,87.0,1021,0
2026/7/16,5:55:34,15.1,91.0,21.4,94.0,17.9,87.0,1022,0
2026/7/16,5:55:39,15.1,91.0,21.2,94.0,17.9,87.0,1021,0
2026/7/16,5:55:44,15.1,91.0,21.0,94.0,17.9,87.0,1021,0
2026/7/16,5:55:49,15.1,91.0,21.2,94.0,17.9,87.0,1019,0
2026/7/16,5:55:54,15.1,91.0,21.4,94.0,17.9,87.0,1023,0
2026/7/16,5:55:59,15.0,91.0,21.4,94.0,17.9,87.0,1019,0
2026/7/16,5:56:4,15.1,91.0,21.2,94.0,17.9,87.0,1021,0
2026/7/16,5:56:9,15.1,91.0,21.2,94.0,17.9,87.1,1021,0
2026/7/16,5:56:14,15.0,91.0,21.1,94.0,17.9,87.0,1021,0
2026/7/16,5:56:19,15.4,91.0,21.3,94.0,17.9,87.1,1022,0
2026/7/16,5:56:24,15.4,91.0,21.4,94.0,17.9,87.0,1023,0
2026/7/16,5:56:29,15.1,91.0,21.2,94.0,17.9,87.0,1021,0
2026/7/16,5:56:34,15.4,91.0,21.3,94.0,17.9,87.0,1021,0
2026/7/16,5:56:39,15.1,91.0,21.4,94.0,17.8,87.0,1022,0
2026/7/16,5:56:44,15.0,91.0,21.4,94.0,17.9,87.0,1023,0
2026/7/16,5:56:49,15.1,91.0,21.1,94.0,17.9,87.0,1023,0
2026/7/16,5:56:54,15.1,91.0,21.4,94.0,17.8,87.0,1022,0
2026/7/16,5:56:59,15.0,91.0,21.4,94.0,17.9,87.0,1023,0
2026/7/16,5:57:4,15.5,91.0,21.4,94.0,17.9,87.0,1019,0
2026/7/16,5:57:9,15.1,91.0,21.5,94.0,17.8,87.0,1023,0
2026/7/16,5:57:14,15.0,91.0,21.4,94.0,17.9,87.0,1019,0
2026/7/16,5:57:19,15.2,91.0,21.4,94.0,17.8,87.0,1019,0
2026/7/16,5:57:24,15.0,91.0,21.4,94.0,17.8,87.0,1022,0
2026/7/16,5:57:29,15.0,91.0,21.4,94.0,17.8,87.0,1023,0
2026/7/16,5:57:34,15.2,91.0,21.4,94.0,17.9,87.0,1021,0
2026/7/16,5:57:39,15.1,91.0,21.2,94.0,17.9,87.1,1021,0
2026/7/16,5:57:44,15.4,91.0,20.8,93.0,17.9,87.1,1019,0
2026/7/16,5:57:49,15.0,91.0,21.3,94.0,17.9,87.2,1019,0
2026/7/16,5:57:54,15.1,91.0,21.3,94.0,17.9,87.2,1023,0
2026/7/16,5:57:59,15.0,91.0,21.4,94.0,17.9,87.3,1023,0
2026/7/16,5:58:4,15.1,91.0,20.8,93.0,17.9,87.2,1022,0
2026/7/16,5:58:9,15.0,91.0,21.4,94.0,17.9,87.2,1019,0
2026/7/16,5:58:14,15.1,91.0,21.3,94.0,17.9,87.3,1022,0
2026/7/16,5:58:19,15.2,91.0,20.9,93.0,17.8,87.3,1023,0
2026/7/16,5:58:24,15.1,91.0,21.2,94.0,17.8,87.2,1021,0
2026/7/16,5:58:29,15.1,91.0,21.4,94.0,17.9,87.3,1023,0
2026/7/16,5:58:34,15.0,91.0,21.2,94.0,17.8,87.3,1023,0
2026/7/16,5:58:39,15.1,91.0,21.4,94.0,17.8,87.3,1022,0
2026/7/16,5:58:44,15.2,91.0,21.1,94.0,17.8,87.2,1023,0
2026/7/16,5:58:49,15.0,91.0,21.4,94.0,17.8,87.3,1022,0
2026/7/16,5:58:54,15.0,91.0,21.4,94.0,17.8,87.2,1019,0
2026/7/16,5:58:59,15.1,91.0,21.4,94.0,17.8,87.2,1023,0
2026/7/16,5:59:4,15.0,91.0,21.2,94.0,17.8,87.2,1023,0
2026/7/16,5:59:9,15.1,91.0,21.4,94.0,17.8,87.2,1021,0
2026/7/16,5:59:14,15.0,91.0,20.9,93.0,17.8,87.2,1022,0
2026/7/16,5:59:19,15.3,91.0,21.3,94.0,17.8,87.3,1021,0
2026/7/16,5:59:24,15.0,91.0,21.0,94.0,17.8,87.2,1022,0
2026/7/16,5:59:29,15.2,91.0,21.0,94.0,17.8,87.2,1022,0
2026/7/16,5:59:34,15.3,91.0,21.2,94.0,17.8,87.2,1019,0
2026/7/16,5:59:39,15.0,91.0,21.4,94.0,17.8,87.2,1023,0
2026/7/16,5:59:44,15.0,91.0,21.4,94.0,17.8,87.1,1023,0
2026/7/16,5:59:49,15.0,91.0,20.9,93.0,17.8,87.2,1023,0
2026/7/16,5:59:54,15.2,91.0,21.4,94.0,17.8,87.2,1022,0
2026/7/16,5:59:59,15.0,91.0,21.4,94.0,17.8,87.1,1023,0
2026/7/16,6:0:4,15.0,91.0,21.5,94.0,17.8,87.1,1021,0
2026/7/16,6:0:9,15.0,91.0,21.4,94.0,17.8,87.1,1021,0
2026/7/16,6:0:14,15.0,91.0,21.3,94.0,17.8,87.1,1022,0
2026/7/16,6:0:19,15.0,91.0,21.4,94.0,17.8,87.1,1023,0
2026/7/16,6:0:24,15.0,91.0,21.3,94.0,17.8,87.1,1019,0
2026/7/16,6:0:29,15.0,91.0,21.4,94.0,17.8,87.1,1022,0
2026/7/16,6:0:34,15.0,91.0,21.4,94.0,17.8,87.1,1023,0
2026/7/16,6:0:39,15.0,91.0,20.8,93.0,17.8,87.1,1021,0
2026/7/16,6:0:44,15.0,91.0,21.4,94.0,17.8,87.1,1021,0
2026/7/16,6:0:49,15.0,91.0,20.8,93.0,17.8,87.1,1021,0
2026/7/16,6:0:54,15.0,91.0,20.8,93.0,17.8,87.1,1022,0
2026/7/16,6:0:59,15.0,91.0,21.4,94.0,17.8,87.2,1019,0
2026/7/16,6:1:4,15.0,91.0,20.9,93.0,17.8,87.2,1019,0
2026/7/16,6:1:9,15.0,91.0,21.4,94.0,17.8,87.1,1021,0
2026/7/16,6:1:14,15.1,91.0,21.4,94.0,17.8,87.2,1021,0
2026/7/16,6:1:19,15.0,91.0,21.2,94.0,17.8,87.1,1021,0
2026/7/16,6:1:24,15.1,91.0,20.8,93.0,17.8,87.1,1021,0
2026/7/16,6:1:29,15.0,91.0,21.2,94.0,17.8,87.2,1019,0
2026/7/16,6:1:34,15.0,91.0,20.8,93.0,17.8,87.1,1021,0
2026/7/16,6:1:39,15.0,91.0,21.4,94.0,17.8,87.2,1022,0
2026/7/16,6:1:44,15.1,91.0,21.0,94.0,17.8,87.2,1022,0
2026/7/16,6:1:49,15.0,91.0,20.8,93.0,17.8,87.1,1023,0
2026/7/16,6:1:54,15.0,91.0,21.4,94.0,17.8,87.2,1019,0
2026/7/16,6:1:59,15.0,91.0,20.8,93.0,17.8,87.2,1019,0
2026/7/16,6:2:4,15.1,91.0,20.8,93.0,17.8,87.1,1022,0
2026/7/16,6:2:9,15.0,91.0,21.4,94.0,17.8,87.2,1019,0
2026/7/16,6:2:14,15.0,91.0,21.3,94.0,17.8,87.1,1022,0
2026/7/16,6:2:19,15.0,91.0,21.3,94.0,17.8,87.1,1021,0
2026/7/16,6:2:24,15.1,91.0,20.9,93.0,17.8,87.1,1022,0
2026/7/16,6:2:29,15.0,91.0,21.4,94.0,17.8,87.1,1023,0
2026/7/16,6:2:34,15.0,91.0,20.8,93.0,17.8,87.2,1021,0
2026/7/16,6:2:39,15.1,91.0,21.0,94.0,17.8,87.1,1023,0
2026/7/16,6:2:44,15.1,91.0,20.8,93.0,17.8,87.1,1023,0
2026/7/16,6:2:49,15.1,91.0,21.4,94.0,17.8,87.1,1019,0
2026/7/16,6:2:55,15.0,91.0,20.8,93.0,17.8,87.1,1021,0
2026/7/16,6:3:0,15.1,91.0,21.4,94.0,17.8,87.1,1019,0
2026/7/16,6:3:5,15.0,91.0,21.3,94.0,17.8,87.1,1019,0
2026/7/16,6:3:10,15.0,91.0,21.3,94.0,17.8,87.1,1021,0
2026/7/16,6:3:15,15.1,91.0,21.4,94.0,17.8,87.1,1023,0
2026/7/16,6:3:20,15.1,91.0,21.4,94.0,17.8,87.2,1021,0
2026/7/16,6:3:25,15.1,91.0,21.4,94.0,17.8,87.1,1019,0
2026/7/16,6:3:30,15.0,91.0,21.4,94.0,17.8,87.1,1021,0
2026/7/16,6:3:35,15.0,91.0,20.8,93.0,17.8,87.1,1023,0
2026/7/16,6:3:40,15.5,91.0,20.7,93.0,17.8,87.1,1023,0
2026/7/16,6:3:45,15.0,91.0,21.3,94.0,17.8,87.1,1019,0
2026/7/16,6:3:50,15.1,91.0,21.1,94.0,17.8,87.1,1023,0
2026/7/16,6:3:55,15.1,91.0,21.0,94.0,17.8,87.1,1023,0
2026/7/16,6:4:0,15.0,91.0,21.4,94.0,17.8,87.2,1022,0
2026/7/16,6:4:5,15.0,91.0,21.3,94.0,17.8,87.1,1021,0
2026/7/16,6:4:10,15.0,91.0,21.4,94.0,17.8,87.2,1023,0
2026/7/16,6:4:15,15.0,91.0,20.8,93.0,17.8,87.1,1023,0
2026/7/16,6:4:20,15.1,91.0,21.4,94.0,17.8,87.1,1019,0
2026/7/16,6:4:25,15.2,91.0,21.3,94.0,17.8,87.1,1023,0
2026/7/16,6:4:30,15.2,91.0,21.4,94.0,17.8,87.2,1021,0
2026/7/16,6:4:35,15.2,91.0,21.2,94.0,17.8,87.1,1023,0
2026/7/16,6:4:40,15.1,91.0,21.4,94.0,17.8,87.2,1022,0
2026/7/16,6:4:45,15.0,91.0,21.4,94.0,17.8,87.2,1023,0
2026/7/16,6:4:50,15.3,91.0,20.8,93.0,17.8,87.1,1021,0
2026/7/16,6:4:55,15.0,91.0,21.2,94.0,17.8,87.1,1023,0
2026/7/16,6:5:0,15.1,91.0,21.1,94.0,17.8,87.2,1023,0
2026/7/16,6:5:5,15.1,91.0,20.8,93.0,17.8,87.2,1022,0
2026/7/16,6:5:10,15.0,91.0,21.2,94.0,17.8,87.1,1021,0
2026/7/16,6:5:15,15.1,91.0,21.2,94.0,17.8,87.2,1023,0
2026/7/16,6:5:20,15.1,91.0,20.8,93.0,17.8,87.2,1022,0
2026/7/16,6:5:25,15.1,91.0,21.3,94.0,17.8,87.2,1022,0
2026/7/16,6:5:30,15.1,91.0,21.1,94.0,17.8,87.2,1022,0
2026/7/16,6:5:35,15.1,91.0,20.9,93.0,17.8,87.2,1019,0
2026/7/16,6:5:40,15.2,91.0,21.3,94.0,17.8,87.2,1023,0
2026/7/16,6:5:45,15.1,91.0,20.8,93.0,17.8,87.2,1021,0
2026/7/16,6:5:50,15.2,91.0,21.0,94.0,17.8,87.2,1019,0
2026/7/16,6:5:55,15.2,91.0,21.0,94.0,17.8,87.2,1021,0
2026/7/16,6:6:0,15.2,91.0,21.2,94.0,17.8,87.3,1019,0
2026/7/16,6:6:5,15.1,91.0,21.2,94.0,17.8,87.3,1019,0
2026/7/16,6:6:10,15.2,91.0,21.0,94.0,17.8,87.3,1023,0
2026/7/16,6:6:15,15.1,91.0,21.1,94.0,17.8,87.3,1023,0
2026/7/16,6:6:20,15.2,91.0,21.1,94.0,17.8,87.3,1022,0
2026/7/16,6:6:25,15.1,91.0,20.8,93.0,17.8,87.3,1019,0
2026/7/16,6:6:30,15.2,91.0,21.2,94.0,17.8,87.3,1022,0
2026/7/16,6:6:35,15.1,91.0,21.1,94.0,17.8,87.3,1021,0
2026/7/16,6:6:40,15.1,91.0,20.8,93.0,17.8,87.3,1022,0
2026/7/16,6:6:45,15.1,91.0,21.2,94.0,17.8,87.4,1023,0
2026/7/16,6:6:50,15.1,91.0,21.1,94.0,17.8,87.3,1021,0
2026/7/16,6:6:55,15.1,91.0,21.2,94.0,17.8,87.3,1019,0
2026/7/16,6:7:0,15.1,91.0,21.1,94.0,17.8,87.3,1023,0
2026/7/16,6:7:5,15.1,91.0,20.8,93.0,17.8,87.3,1019,0
2026/7/16,6:7:10,15.1,91.0,21.3,94.0,17.8,87.3,1023,0
2026/7/16,6:7:15,15.1,91.0,21.1,94.0,17.8,87.3,1023,0
2026/7/16,6:7:20,15.0,91.0,20.8,93.0,17.8,87.3,1023,0
2026/7/16,6:7:25,15.1,91.0,21.4,94.0,17.8,87.3,1019,0
2026/7/16,6:7:30,15.1,91.0,21.4,94.0,17.8,87.3,1021,0
2026/7/16,6:7:35,15.1,91.0,20.8,93.0,17.8,87.3,1021,0
2026/7/16,6:7:40,15.1,91.0,20.9,93.0,17.8,87.3,1022,0
2026/7/16,6:7:45,15.1,91.0,21.4,94.0,17.8,87.3,1019,0
2026/7/16,6:7:50,15.1,91.0,21.3,94.0,17.8,87.3,1019,0
2026/7/16,6:7:55,15.1,91.0,21.1,94.0,17.8,87.3,1023,0
2026/7/16,6:8:0,15.1,91.0,21.2,94.0,17.8,87.3,1019,0
2026/7/16,6:8:5,15.1,91.0,21.4,94.0,17.8,87.3,1023,0
2026/7/16,6:8:10,15.1,91.0,21.3,94.0,17.8,87.3,1019,0
2026/7/16,6:8:15,15.1,91.0,21.1,94.0,17.8,87.3,1022,0
2026/7/16,6:8:20,15.1,91.0,21.3,94.0,17.8,87.3,1023,0
2026/7/16,6:8:25,15.1,91.0,21.4,94.0,17.8,87.3,1023,0
2026/7/16,6:8:30,15.1,91.0,21.1,94.0,17.8,87.3,1019,0
2026/7/16,6:8:35,15.0,91.0,21.3,94.0,17.8,87.3,1019,0
2026/7/16,6:8:40,15.0,91.0,21.3,94.0,17.8,87.3,1023,0
2026/7/16,6:8:45,15.0,91.0,21.4,94.0,17.8,87.3,1021,0
2026/7/16,6:8:50,15.0,91.0,20.8,93.0,17.8,87.3,1022,0
2026/7/16,6:8:55,15.0,91.0,21.4,94.0,17.8,87.3,1021,0
2026/7/16,6:9:0,15.1,91.0,21.3,94.0,17.8,87.3,1023,0
2026/7/16,6:9:5,15.1,91.0,21.0,94.0,17.8,87.3,1023,0
2026/7/16,6:9:10,15.1,91.0,21.1,94.0,17.8,87.3,1022,0
2026/7/16,6:9:15,15.2,91.0,20.8,93.0,17.8,87.3,1022,0
2026/7/16,6:9:20,15.0,91.0,20.8,93.0,17.8,87.4,1021,0
2026/7/16,6:9:25,15.0,91.0,21.3,94.0,17.8,87.4,1021,0
2026/7/16,6:9:30,15.1,91.0,21.3,94.0,17.8,87.3,1021,0
2026/7/16,6:9:35,15.2,91.0,21.4,94.0,17.8,87.3,1021,0
2026/7/16,6:9:40,15.1,91.0,21.3,94.0,17.8,87.3,1021,0
2026/7/16,6:9:45,15.1,91.0,21.3,94.0,17.8,87.4,1022,0
2026/7/16,6:9:50,15.1,91.0,20.8,93.0,17.8,87.5,1019,0
2026/7/16,6:9:55,15.1,91.0,21.4,94.0,17.8,87.5,1019,0
2026/7/16,6:10:0,15.2,91.0,20.8,93.0,17.8,87.4,1022,0
2026/7/16,6:10:5,15.0,91.0,21.4,94.0,17.8,87.4,1022,0
2026/7/16,6:10:10,15.0,91.0,21.4,94.0,17.8,87.4,1023,0
2026/7/16,6:10:15,15.1,91.0,21.2,94.0,17.8,87.4,1023,0
2026/7/16,6:10:20,15.1,91.0,21.2,94.0,17.8,87.4,1023,0
2026/7/16,6:10:25,15.0,91.0,21.4,94.0,17.8,87.5,1019,0
2026/7/16,6:10:30,15.0,91.0,21.4,94.0,17.8,87.4,1022,0
2026/7/16,6:10:35,15.2,91.0,21.1,94.0,17.8,87.4,1023,0
2026/7/16,6:10:40,15.0,91.0,21.1,94.0,17.8,87.5,1021,0
2026/7/16,6:10:45,15.2,91.0,21.3,94.0,17.8,87.5,1022,0
2026/7/16,6:10:50,15.0,91.0,21.0,94.0,17.8,87.5,1023,0
2026/7/16,6:10:55,15.1,91.0,21.4,94.0,17.8,87.5,1019,0
2026/7/16,6:11:0,15.1,91.0,21.1,94.0,17.8,87.5,1019,0
2026/7/16,6:11:5,15.1,91.0,21.2,94.0,17.8,87.5,1023,0
2026/7/16,6:11:10,15.1,91.0,21.1,94.0,17.8,87.5,1021,0
2026/7/16,6:11:15,15.1,91.0,21.0,94.0,17.8,87.5,1021,0
2026/7/16,6:11:20,15.0,91.0,20.8,93.0,17.8,87.5,1022,0
2026/7/16,6:11:25,15.0,91.0,20.8,93.0,17.8,87.5,1019,0
2026/7/16,6:11:30,15.1,91.0,21.2,94.0,17.8,87.5,1022,0
2026/7/16,6:11:35,15.0,91.0,21.4,94.0,17.8,87.5,1023,0
2026/7/16,6:11:40,15.0,91.0,21.4,94.0,17.8,87.5,1021,0
2026/7/16,6:11:45,15.1,91.0,21.0,94.0,17.8,87.5,1019,0
2026/7/16,6:11:50,15.2,91.0,21.2,94.0,17.8,87.5,1023,0
2026/7/16,6:11:55,15.0,91.0,21.1,94.0,17.8,87.5,1021,0
2026/7/16,6:12:0,15.1,91.0,21.1,94.0,17.8,87.5,1023,0
2026/7/16,6:12:5,15.1,91.0,21.2,94.0,17.8,87.5,1019,0
2026/7/16,6:12:10,15.1,91.0,21.0,94.0,17.8,87.5,1022,0
2026/7/16,6:12:15,15.0,91.0,20.8,93.0,17.8,87.5,1022,0
2026/7/16,6:12:20,15.0,91.0,20.8,93.0,17.8,87.5,1023,0
2026/7/16,6:12:25,15.2,91.0,21.3,94.0,17.8,87.5,1019,0
2026/7/16,6:12:30,15.1,91.0,21.3,94.0,17.8,87.5,1019,0
2026/7/16,6:12:35,15.1,91.0,20.8,93.0,17.8,87.5,1022,0
2026/7/16,6:12:40,15.1,91.0,20.8,93.0,17.8,87.4,1022,0
2026/7/16,6:12:45,15.1,91.0,21.1,94.0,17.8,87.5,1023,0
2026/7/16,6:12:50,15.1,91.0,21.1,94.0,17.8,87.4,1023,0
2026/7/16,6:12:55,15.1,91.0,21.1,94.0,17.8,87.4,1021,0
2026/7/16,6:13:0,15.1,91.0,21.3,94.0,17.8,87.4,1019,0
2026/7/16,6:13:5,15.0,91.0,21.4,94.0,17.8,87.4,1019,0
2026/7/16,6:13:10,15.1,91.0,21.4,94.0,17.8,87.4,1022,0
2026/7/16,6:13:15,15.2,91.0,21.0,94.0,17.8,87.4,1023,0
2026/7/16,6:13:20,15.1,91.0,21.2,94.0,17.8,87.4,1023,0
2026/7/16,6:13:25,15.1,91.0,21.3,94.0,17.8,87.4,1022,0
2026/7/16,6:13:30,15.0,91.0,20.8,93.0,17.8,87.4,1023,0
2026/7/16,6:13:36,15.1,91.0,21.1,94.0,17.8,87.4,1023,0
2026/7/16,6:13:41,15.0,91.0,21.2,94.0,17.8,87.4,1023,0
2026/7/16,6:13:46,15.0,91.0,21.3,94.0,17.8,87.4,1023,0
2026/7/16,6:13:51,15.1,91.0,21.3,94.0,17.8,87.5,1023,0
2026/7/16,6:13:56,15.1,91.0,21.4,94.0,17.8,87.4,1019,0
2026/7/16,6:14:1,15.1,91.0,21.0,94.0,17.8,87.5,1022,0
2026/7/16,6:14:6,15.1,91.0,21.4,94.0,17.8,87.5,1019,0
2026/7/16,6:14:11,15.0,91.0,21.3,94.0,17.8,87.5,1019,0
2026/7/16,6:14:16,15.1,91.0,21.3,94.0,17.8,87.4,1022,0
2026/7/16,6:14:21,15.1,91.0,20.8,93.0,17.8,87.4,1019,0
2026/7/16,6:14:26,15.1,91.0,21.3,94.0,17.8,87.4,1019,0
2026/7/16,6:14:31,15.0,91.0,21.1,94.0,17.8,87.4,1023,0
2026/7/16,6:14:36,15.1,91.0,21.1,94.0,17.8,87.4,1022,0
2026/7/16,6:14:41,15.1,91.0,21.1,94.0,17.8,87.4,1021,0
2026/7/16,6:14:46,15.1,91.0,21.0,94.0,17.8,87.4,1021,0
2026/7/16,6:14:51,15.2,91.0,20.9,93.0,17.8,87.4,1023,0
2026/7/16,6:14:56,15.1,91.0,21.1,94.0,17.8,87.4,1022,0
2026/7/16,6:15:1,15.1,91.0,20.8,93.0,17.8,87.4,1023,0
2026/7/16,6:15:6,15.1,91.0,21.0,94.0,17.8,87.4,1022,0
2026/7/16,6:15:11,15.1,91.0,21.1,94.0,17.8,87.4,1019,0
2026/7/16,6:15:16,15.2,91.0,21.0,94.0,17.8,87.4,1019,0
2026/7/16,6:15:21,15.1,91.0,21.0,94.0,17.8,87.4,1023,0
2026/7/16,6:15:26,15.2,91.0,20.9,93.0,17.8,87.4,1021,0
2026/7/16,6:15:31,15.2,91.0,21.2,94.0,17.8,87.4,1023,0
2026/7/16,6:15:36,15.1,91.0,21.0,94.0,17.8,87.4,1021,0
2026/7/16,6:15:41,15.1,91.0,21.3,94.0,17.8,87.4,1021,0
2026/7/16,6:15:46,15.1,91.0,20.9,93.0,17.8,87.4,1022,0
2026/7/16,6:15:51,15.1,91.0,21.1,94.0,17.8,87.4,1021,0
2026/7/16,6:15:56,15.1,91.0,21.0,94.0,17.8,87.4,1021,0
2026/7/16,6:16:1,15.1,91.0,21.0,94.0,17.8,87.3,1022,0
2026/7/16,6:16:6,15.1,91.0,20.9,93.0,17.8,87.4,1019,0
2026/7/16,6:16:11,15.1,91.0,20.8,93.0,17.8,87.3,1021,0
2026/7/16,6:16:16,15.1,91.0,21.0,94.0,17.8,87.4,1023,0
2026/7/16,6:16:21,15.1,91.0,21.2,94.0,17.8,87.3,1021,0
2026/7/16,6:16:26,15.1,91.0,21.1,94.0,17.8,87.4,1023,0
2026/7/16,6:16:31,15.1,91.0,21.0,94.0,17.8,87.4,1023,0
2026/7/16,6:16:36,15.1,91.0,21.0,94.0,17.8,87.3,1022,0
2026/7/16,6:16:41,15.1,91.0,20.9,93.0,17.8,87.4,1019,0
2026/7/16,6:16:46,15.1,91.0,20.8,93.0,17.8,87.4,1019,0
2026/7/16,6:16:51,15.2,91.0,21.2,94.0,17.8,87.4,1023,0
2026/7/16,6:16:56,15.0,91.0,20.8,93.0,17.8,87.4,1019,0
2026/7/16,6:17:1,15.2,91.0,21.1,94.0,17.8,87.4,1021,0
2026/7/16,6:17:6,15.1,91.0,21.0,94.0,17.8,87.4,1021,0
2026/7/16,6:17:11,15.2,91.0,21.2,94.0,17.8,87.4,1021,0
2026/7/16,6:17:16,15.1,91.0,21.2,94.0,17.8,87.4,1022,0
2026/7/16,6:17:21,15.1,91.0,21.2,94.0,17.8,87.4,1019,0
2026/7/16,6:17:26,15.1,91.0,21.3,94.0,17.8,87.4,1019,0
2026/7/16,6:17:31,15.2,91.0,21.0,94.0,17.8,87.4,1023,0
2026/7/16,6:17:36,15.1,91.0,21.3,94.0,17.8,87.4,1023,0
2026/7/16,6:17:41,15.1,91.0,21.0,94.0,17.8,87.4,1021,0
2026/7/16,6:17:46,15.1,91.0,21.0,94.0,17.8,87.4,1019,0
2026/7/16,6:17:51,15.2,91.0,21.0,94.0,17.8,87.4,1019,0
2026/7/16,6:17:56,15.0,91.0,21.1,94.0,17.8,87.4,1023,0
2026/7/16,6:18:1,15.0,91.0,21.3,94.0,17.8,87.4,1022,0
2026/7/16,6:18:6,15.1,91.0,21.1,94.0,17.8,87.4,1022,0
2026/7/16,6:18:11,15.0,91.0,21.3,94.0,17.8,87.4,1023,0
2026/7/16,6:18:16,15.1,91.0,21.0,94.0,17.8,87.4,1022,0
2026/7/16,6:18:21,15.1,91.0,21.0,94.0,17.8,87.4,1021,0
2026/7/16,6:18:26,15.2,91.0,21.0,94.0,17.8,87.4,1023,0
2026/7/16,6:18:31,15.2,91.0,21.3,94.0,17.8,87.4,1023,0
2026/7/16,6:18:36,15.1,91.0,21.1,94.0,17.8,87.4,1023,0
2026/7/16,6:18:41,15.1,91.0,21.2,94.0,17.8,87.4,1021,0
2026/7/16,6:18:46,15.1,91.0,21.3,94.0,17.8,87.4,1021,0
2026/7/16,6:18:51,15.1,91.0,21.2,94.0,17.8,87.4,1022,0
2026/7/16,6:18:56,15.1,91.0,21.2,94.0,17.8,87.4,1023,0
2026/7/16,6:19:1,15.2,91.0,21.0,94.0,17.8,87.5,1021,0
2026/7/16,6:19:6,15.1,91.0,21.0,94.0,17.8,87.4,1022,0
2026/7/16,6:19:11,15.1,91.0,21.1,94.0,17.7,87.5,1023,0
2026/7/16,6:19:16,15.0,91.0,21.1,94.0,17.8,87.5,1021,0
2026/7/16,6:19:21,15.1,91.0,21.1,94.0,17.8,87.4,1019,0
2026/7/16,6:19:26,15.1,91.0,21.1,94.0,17.7,87.5,1022,0
2026/7/16,6:19:31,15.0,91.0,21.1,94.0,17.8,87.5,1023,0
2026/7/16,6:19:36,15.1,91.0,21.0,94.0,17.8,87.5,1019,0
2026/7/16,6:19:41,15.1,91.0,21.1,94.0,17.8,87.5,1022,0
2026/7/16,6:19:46,15.1,91.0,21.1,94.0,17.8,87.5,1022,0
2026/7/16,6:19:51,15.1,91.0,21.0,94.0,17.8,87.5,1023,0
2026/7/16,6:19:56,15.0,91.0,21.3,94.0,17.7,87.5,1019,0
2026/7/16,6:20:1,15.0,91.0,21.1,94.0,17.8,87.5,1021,0
2026/7/16,6:20:6,15.1,91.0,21.1,94.0,17.7,87.4,1023,0
2026/7/16,6:20:11,15.1,91.0,21.0,94.0,17.8,87.5,1021,0
2026/7/16,6:20:16,15.1,91.0,21.0,94.0,17.8,87.5,1023,0
2026/7/16,6:20:21,15.1,91.0,21.1,94.0,17.8,87.5,1023,0
2026/7/16,6:20:26,15.1,91.0,20.9,93.0,17.8,87.5,1022,0
2026/7/16,6:20:31,15.1,91.0,21.0,94.0,17.8,87.5,1023,0
2026/7/16,6:20:36,15.1,91.0,21.2,94.0,17.7,87.4,1021,0
2026/7/16,6:20:41,15.2,91.0,21.0,94.0,17.7,87.4,1022,0
2026/7/16,6:20:46,15.1,91.0,21.1,94.0,17.7,87.4,1023,0
2026/7/16,6:20:51,15.1,91.0,21.3,94.0,17.7,87.4,1022,0
2026/7/16,6:20:56,15.1,91.0,20.9,93.0,17.8,87.4,1023,0
2026/7/16,6:21:1,15.1,91.0,21.3,94.0,17.7,87.4,1022,0
2026/7/16,6:21:6,15.1,91.0,21.0,94.0,17.8,87.4,1023,0
2026/7/16,6:21:11,15.1,91.0,21.0,94.0,17.8,87.4,1021,0
2026/7/16,6:21:16,15.2,91.0,21.0,94.0,17.8,87.4,1022,0
2026/7/16,6:21:21,15.1,91.0,21.0,94.0,17.8,87.4,1022,0
2026/7/16,6:21:26,15.1,91.0,21.0,94.0,17.8,87.4,1022,0
2026/7/16,6:21:31,15.2,91.0,21.1,94.0,17.7,87.4,1023,0
2026/7/16,6:21:36,15.2,91.0,21.2,94.0,17.7,87.4,1021,0
2026/7/16,6:21:41,15.1,91.0,21.1,94.0,17.8,87.4,1021,0
2026/7/16,6:21:46,15.2,91.0,21.1,94.0,17.7,87.4,1019,0
2026/7/16,6:21:51,15.2,91.0,21.0,94.0,17.8,87.4,1023,0
2026/7/16,6:21:56,15.1,91.0,21.0,94.0,17.7,87.4,1023,0
2026/7/16,6:22:1,15.1,91.0,20.9,93.0,17.8,87.4,1021,0
2026/7/16,6:22:6,15.1,91.0,21.1,94.0,17.8,87.4,1023,0
2026/7/16,6:22:11,15.2,91.0,21.1,94.0,17.7,87.4,1021,0
2026/7/16,6:22:16,15.1,91.0,21.0,94.0,17.8,87.4,1022,0
2026/7/16,6:22:21,15.2,91.0,21.0,94.0,17.7,87.5,1022,0
2026/7/16,6:22:26,15.2,91.0,21.0,94.0,17.7,87.4,1023,0
2026/7/16,6:22:31,15.1,91.0,21.0,94.0,17.8,87.4,1022,0
2026/7/16,6:22:36,15.1,91.0,21.1,94.0,17.8,87.4,1021,0
2026/7/16,6:22:41,15.2,91.0,20.9,93.0,17.7,87.4,1023,0
2026/7/16,6:22:46,15.1,91.0,21.0,94.0,17.7,87.4,1022,0
2026/7/16,6:22:51,15.2,91.0,20.9,93.0,17.7,87.4,1021,0
2026/7/16,6:22:56,15.1,91.0,21.0,94.0,17.7,87.4,1019,0
2026/7/16,6:23:1,15.2,91.0,20.9,93.0,17.8,87.5,1021,0
2026/7/16,6:23:6,15.1,91.0,20.8,93.0,17.8,87.5,1021,0
2026/7/16,6:23:11,15.1,91.0,21.0,94.0,17.7,87.5,1019,0
2026/7/16,6:23:16,15.1,91.0,21.0,94.0,17.7,87.5,1021,0
2026/7/16,6:23:21,15.1,91.0,21.0,94.0,17.8,87.5,1019,0
2026/7/16,6:23:26,15.0,91.0,21.0,94.0,17.8,87.5,1019,0
2026/7/16,6:23:31,15.0,91.0,20.9,93.0,17.7,87.5,1019,0
2026/7/16,6:23:36,15.1,91.0,20.9,93.0,17.7,87.5,1019,0
2026/7/16,6:23:41,15.2,91.0,20.9,93.0,17.7,87.6,1021,0
2026/7/16,6:23:46,15.1,91.0,21.0,94.0,17.7,87.6,1023,0
2026/7/16,6:23:51,15.1,91.0,20.9,93.0,17.8,87.5,1023,0
2026/7/16,6:23:56,15.1,91.0,21.1,94.0,17.8,87.5,1021,0
2026/7/16,6:24:1,15.1,91.0,20.9,93.0,17.7,87.6,1021,0
2026/7/16,6:24:6,15.1,91.0,21.0,94.0,17.8,87.5,1021,0
2026/7/16,6:24:11,15.1,91.0,21.1,94.0,17.8,87.5,1022,0
2026/7/16,6:24:16,15.1,91.0,21.0,94.0,17.7,87.6,1022,0
2026/7/16,6:24:22,15.1,91.0,21.1,94.0,17.8,87.6,1023,0
2026/7/16,6:24:27,15.1,91.0,21.0,94.0,17.7,87.6,1019,0
2026/7/16,6:24:32,15.0,91.0,21.1,94.0,17.7,87.6,1023,0
2026/7/16,6:24:37,15.0,91.0,21.1,94.0,17.7,87.6,1023,0
2026/7/16,6:24:42,15.1,91.0,20.9,93.0,17.8,87.6,1021,0
2026/7/16,6:24:47,15.1,91.0,21.0,94.0,17.7,87.6,1023,0
2026/7/16,6:24:52,15.1,91.0,21.0,94.0,17.8,87.6,1022,0
2026/7/16,6:24:57,15.1,91.0,21.0,94.0,17.7,87.6,1023,0
2026/7/16,6:25:2,15.1,91.0,21.0,94.0,17.8,87.6,1019,0
2026/7/16,6:25:7,15.1,91.0,21.1,94.0,17.7,87.6,1021,0
2026/7/16,6:25:12,15.1,91.0,21.0,94.0,17.7,87.6,1022,0
2026/7/16,6:25:17,15.1,91.0,20.9,93.0,17.7,87.6,1019,0
2026/7/16,6:25:22,15.1,91.0,21.0,94.0,17.7,87.6,1022,0
2026/7/16,6:25:27,15.1,91.0,21.1,94.0,17.7,87.6,1023,0
2026/7/16,6:25:32,15.1,91.0,21.0,94.0,17.7,87.6,1023,0
2026/7/16,6:25:37,15.1,91.0,20.8,93.0,17.7,87.6,1023,0
2026/7/16,6:25:42,15.1,91.0,21.0,94.0,17.7,87.6,1021,0
2026/7/16,6:25:47,15.1,91.0,20.9,93.0,17.7,87.6,1022,0
2026/7/16,6:25:52,15.2,91.0,21.1,94.0,17.7,87.6,1022,0
2026/7/16,6:25:57,15.2,91.0,20.9,93.0,17.7,87.6,1023,0
2026/7/16,6:26:2,15.2,91.0,21.1,94.0,17.7,87.6,1023,0
2026/7/16,6:26:7,15.1,91.0,21.1,94.0,17.7,87.6,1023,0
2026/7/16,6:26:12,15.0,91.0,21.0,94.0,17.7,87.6,1022,0
2026/7/16,6:26:17,15.2,91.0,21.1,94.0,17.7,87.6,1022,0
2026/7/16,6:26:22,15.1,91.0,20.9,93.0,17.7,87.6,1023,0
2026/7/16,6:26:27,15.1,91.0,20.9,93.0,17.7,87.6,1023,0
2026/7/16,6:26:32,15.1,91.0,21.1,94.0,17.7,87.6,1019,0
2026/7/16,6:26:37,15.2,91.0,21.0,94.0,17.7,87.6,1023,0
2026/7/16,6:26:42,15.2,91.0,20.9,93.0,17.7,87.6,1019,0
2026/7/16,6:26:47,15.1,91.0,21.0,94.0,17.7,87.6,1022,0
2026/7/16,6:26:52,15.2,91.0,21.0,94.0,17.7,87.6,1023,0
2026/7/16,6:26:57,15.2,91.0,21.0,94.0,17.7,87.5,1019,0
2026/7/16,6:27:2,15.1,91.0,20.9,93.0,17.7,87.6,1021,0
2026/7/16,6:27:7,15.1,91.0,21.1,94.0,17.7,87.6,1021,0
2026/7/16,6:27:12,15.2,91.0,20.9,93.0,17.7,87.6,1019,0
2026/7/16,6:27:17,15.1,91.0,20.9,93.0,17.7,87.6,1023,0
2026/7/16,6:27:22,15.2,91.0,21.0,94.0,17.7,87.6,1019,0
2026/7/16,6:27:27,15.1,91.0,20.9,93.0,17.7,87.5,1019,0
2026/7/16,6:27:32,15.1,91.0,20.9,93.0,17.7,87.5,1021,0
2026/7/16,6:27:37,15.1,91.0,21.1,94.0,17.7,87.5,1019,0
2026/7/16,6:27:42,15.1,91.0,20.8,93.0,17.7,87.6,1022,0
2026/7/16,6:27:47,15.1,91.0,20.9,93.0,17.7,87.6,1023,0
2026/7/16,6:27:52,15.2,91.0,20.9,93.0,17.7,87.5,1019,0
2026/7/16,6:27:57,15.2,91.0,21.0,94.0,17.7,87.5,1019,0
2026/7/16,6:28:2,15.1,91.0,20.9,93.0,17.7,87.5,1019,0
2026/7/16,6:28:7,15.1,91.0,20.9,93.0,17.7,87.5,1023,0
2026/7/16,6:28:12,15.1,91.0,21.1,94.0,17.7,87.5,1023,0
2026/7/16,6:28:17,15.2,91.0,21.0,94.0,17.7,87.5,1022,0
2026/7/16,6:28:22,15.2,91.0,21.0,94.0,17.7,87.5,1022,0
2026/7/16,6:28:27,15.2,91.0,21.0,94.0,17.7,87.5,1023,0
2026/7/16,6:28:32,15.2,91.0,21.1,94.0,17.7,87.5,1019,0
2026/7/16,6:28:37,15.1,91.0,20.9,93.0,17.7,87.4,1022,0
2026/7/16,6:28:42,15.1,91.0,20.9,93.0,17.7,87.4,1021,0
2026/7/16,6:28:47,15.1,91.0,21.0,94.0,17.7,87.5,1023,0
2026/7/16,6:28:52,15.0,91.0,20.9,93.0,17.7,87.5,1019,0
2026/7/16,6:28:57,15.0,91.0,20.7,93.0,17.7,87.4,1023,0
2026/7/16,6:29:2,14.9,91.0,20.8,93.0,17.7,87.4,1021,0
2026/7/16,6:29:7,14.9,91.0,21.2,94.0,17.7,87.4,1022,0
2026/7/16,6:29:12,15.0,91.0,21.1,94.0,17.7,87.4,1019,0
2026/7/16,6:29:17,15.1,91.0,21.0,94.0,17.7,87.4,1023,0
2026/7/16,6:29:22,14.9,91.0,21.0,94.0,17.7,87.4,1021,0
2026/7/16,6:29:27,15.1,91.0,21.0,94.0,17.7,87.4,1022,0
2026/7/16,6:29:32,15.0,91.0,20.9,93.0,17.7,87.4,1021,0
2026/7/16,6:29:37,15.2,91.0,21.0,94.0,17.7,87.4,1019,0
2026/7/16,6:29:42,14.9,91.0,20.9,93.0,17.7,87.4,1023,0
2026/7/16,6:29:47,15.2,91.0,21.0,94.0,17.7,87.4,1023,0
2026/7/16,6:29:52,15.2,91.0,20.8,93.0,17.7,87.4,1021,0
2026/7/16,6:29:57,15.1,91.0,20.8,93.0,17.7,87.4,1023,0
2026/7/16,6:30:2,15.1,91.0,21.0,94.0,17.7,87.3,1023,0
2026/7/16,6:30:7,15.1,91.0,21.1,94.0,17.7,87.4,1021,0
2026/7/16,6:30:12,15.2,91.0,20.9,93.0,17.7,87.4,1022,0
2026/7/16,6:30:17,15.2,91.0,20.8,93.0,17.7,87.4,1019,0
2026/7/16,6:30:22,15.2,91.0,20.9,93.0,17.7,87.4,1023,0
2026/7/16,6:30:27,15.0,91.0,21.0,94.0,17.7,87.3,1023,0
2026/7/16,6:30:32,14.9,91.0,20.9,93.0,17.7,87.4,1019,0
2026/7/16,6:30:37,15.0,91.0,20.9,93.0,17.7,87.3,1019,0
2026/7/16,6:30:42,15.1,91.0,20.9,93.0,17.7,87.3,1023,0
2026/7/16,6:30:47,15.1,91.0,21.0,94.0,17.7,87.3,1021,0
2026/7/16,6:30:52,15.1,91.0,21.1,94.0,17.7,87.3,1021,0
2026/7/16,6:30:57,15.1,91.0,20.8,93.0,17.7,87.3,1022,0
2026/7/16,6:31:2,15.1,91.0,20.8,93.0,17.7,87.3,1021,0
2026/7/16,6:31:7,15.1,91.0,20.9,93.0,17.7,87.2,1022,0
2026/7/16,6:31:12,15.1,91.0,20.9,93.0,17.7,87.2,1022,0
2026/7/16,6:31:17,15.1,91.0,21.1,94.0,17.7,87.2,1023,0
2026/7/16,6:31:22,15.1,91.0,21.0,94.0,17.7,87.2,1019,0
2026/7/16,6:31:27,15.1,91.0,21.0,94.0,17.7,87.2,1021,0
2026/7/16,6:31:32,15.1,91.0,21.1,94.0,17.7,87.2,1019,0
2026/7/16,6:31:37,15.1,91.0,21.0,94.0,17.7,87.2,1021,0
2026/7/16,6:31:42,15.0,91.0,20.8,93.0,17.7,87.2,1023,0
2026/7/16,6:31:47,15.0,91.0,21.1,94.0,17.7,87.2,1023,0
2026/7/16,6:31:52,14.9,91.0,20.8,93.0,17.7,87.2,1023,0
2026/7/16,6:31:57,15.1,91.0,20.8,93.0,17.7,87.2,1019,0
2026/7/16,6:32:2,15.1,91.0,21.1,94.0,17.7,87.1,1019,0
2026/7/16,6:32:7,15.1,91.0,21.1,94.0,17.7,87.2,1022,0
2026/7/16,6:32:12,15.1,91.0,20.9,93.0,17.7,87.2,1021,0
2026/7/16,6:32:17,15.1,91.0,20.9,93.0,17.7,87.2,1022,0
2026/7/16,6:32:22,15.1,91.0,21.0,94.0,17.7,87.1,1023,0
2026/7/16,6:32:27,15.1,91.0,21.1,94.0,17.7,87.2,1022,0
2026/7/16,6:32:32,14.9,91.0,20.9,93.0,17.7,87.1,1021,0
2026/7/16,6:32:37,14.8,91.0,20.9,93.0,17.7,87.2,1023,0
2026/7/16,6:32:42,15.1,91.0,21.1,94.0,17.7,87.2,1019,0
2026/7/16,6:32:47,15.1,91.0,20.9,93.0,17.7,87.1,1019,0
2026/7/16,6:32:52,14.9,91.0,20.9,93.0,17.6,87.2,1019,0
2026/7/16,6:32:57,15.1,91.0,20.9,93.0,17.7,87.2,1023,0
2026/7/16,6:33:2,14.8,91.0,20.9,93.0,17.7,87.2,1021,0
2026/7/16,6:33:7,15.1,91.0,21.0,94.0,17.7,87.2,1023,0
2026/7/16,6:33:12,15.1,91.0,21.0,94.0,17.7,87.2,1023,0
2026/7/16,6:33:17,15.2,91.0,21.0,94.0,17.7,87.2,1021,0
2026/7/16,6:33:22,15.2,91.0,20.9,93.0,17.6,87.2,1021,0
2026/7/16,6:33:27,15.0,91.0,21.1,94.0,17.6,87.2,1022,0
2026/7/16,6:33:32,15.1,91.0,21.1,94.0,17.7,87.2,1019,0
2026/7/16,6:33:37,15.1,91.0,20.9,93.0,17.7,87.1,1023,0
2026/7/16,6:33:42,15.0,91.0,20.9,93.0,17.7,87.2,1019,0
2026/7/16,6:33:47,15.0,91.0,20.9,93.0,17.7,87.2,1021,0
2026/7/16,6:33:52,15.1,91.0,20.8,93.0,17.7,87.3,1021,0
2026/7/16,6:33:57,15.1,91.0,20.9,93.0,17.7,87.2,1023,0
2026/7/16,6:34:2,15.1,91.0,20.9,93.0,17.7,87.3,1023,0
2026/7/16,6:34:7,14.8,91.0,20.9,93.0,17.7,87.2,1022,0
2026/7/16,6:34:12,15.1,91.0,20.8,93.0,17.7,87.2,1021,0
2026/7/16,6:34:17,15.1,91.0,21.0,94.0,17.7,87.2,1019,0
2026/7/16,6:34:22,15.1,91.0,20.9,93.0,17.7,87.2,1023,0
2026/7/16,6:34:27,15.1,91.0,20.9,93.0,17.7,87.2,1023,0
2026/7/16,6:34:32,15.1,91.0,20.9,93.0,17.6,87.2,1023,0
2026/7/16,6:34:37,15.1,91.0,20.8,93.0,17.6,87.3,1019,0
2026/7/16,6:34:42,15.2,91.0,20.9,93.0,17.7,87.3,1021,0
2026/7/16,6:34:47,15.1,91.0,20.9,93.0,17.6,87.3,1023,0
2026/7/16,6:34:52,15.1,91.0,20.9,93.0,17.6,87.3,1022,0
2026/7/16,6:34:57,15.2,91.0,20.9,93.0,17.6,87.3,1023,0
2026/7/16,6:35:2,15.2,91.0,20.9,93.0,17.6,87.4,1023,0
2026/7/16,6:35:7,15.2,91.0,20.8,93.0,17.7,87.4,1023,0
2026/7/16,6:35:12,14.9,91.0,20.8,93.0,17.6,87.4,1019,0
2026/7/16,6:35:18,15.2,91.0,20.9,93.0,17.7,87.4,1019,0
2026/7/16,6:35:23,15.1,91.0,20.9,93.0,17.6,87.3,1019,0
2026/7/16,6:35:28,15.1,91.0,21.0,94.0,17.6,87.3,1023,0
2026/7/16,6:35:33,15.1,91.0,20.9,93.0,17.6,87.4,1021,0
2026/7/16,6:35:38,15.2,91.0,20.8,93.0,17.6,87.4,1019,0
2026/7/16,6:35:43,15.2,91.0,20.9,93.0,17.6,87.4,1019,0
2026/7/16,6:35:48,15.0,91.0,20.8,93.0,17.6,87.4,1019,0
2026/7/16,6:35:53,15.0,91.0,20.8,93.0,17.7,87.4,1019,0
2026/7/16,6:35:58,15.1,91.0,20.9,93.0,17.7,87.4,1021,0
2026/7/16,6:36:3,15.1,91.0,20.8,93.0,17.6,87.4,1021,0
2026/7/16,6:36:8,15.2,91.0,21.0,94.0,17.6,87.4,1022,0
2026/7/16,6:36:13,15.1,91.0,20.8,93.0,17.6,87.4,1019,0
2026/7/16,6:36:18,15.2,91.0,21.0,94.0,17.6,87.4,1021,0
2026/7/16,6:36:23,15.1,91.0,20.9,93.0,17.7,87.4,1023,0
2026/7/16,6:36:28,15.1,91.0,20.9,93.0,17.6,87.4,1019,0
2026/7/16,6:36:33,15.1,91.0,21.1,94.0,17.6,87.4,1021,0
2026/7/16,6:36:38,15.1,91.0,20.9,93.0,17.6,87.4,1021,0
2026/7/16,6:36:43,15.1,91.0,21.0,94.0,17.6,87.4,1022,0
2026/7/16,6:36:48,15.0,91.0,21.0,94.0,17.6,87.5,1021,0
2026/7/16,6:36:53,15.2,91.0,20.9,93.0,17.6,87.4,1021,0
2026/7/16,6:36:58,15.0,91.0,20.9,93.0,17.6,87.4,1019,0
2026/7/16,6:37:3,15.1,91.0,20.9,93.0,17.6,87.5,1023,0
2026/7/16,6:37:8,15.2,91.0,21.0,94.0,17.7,87.5,1023,0
2026/7/16,6:37:13,15.1,91.0,20.9,93.0,17.6,87.5,1019,0
2026/7/16,6:37:18,15.2,91.0,20.8,93.0,17.6,87.5,1022,0
2026/7/16,6:37:23,15.1,91.0,21.0,94.0,17.7,87.5,1022,0
2026/7/16,6:37:28,15.1,91.0,21.0,94.0,17.6,87.5,1023,0
2026/7/16,6:37:33,15.2,91.0,20.9,93.0,17.6,87.6,1019,0
2026/7/16,6:37:38,15.2,91.0,20.9,93.0,17.6,87.6,1019,0
2026/7/16,6:37:43,15.1,91.0,20.9,93.0,17.6,87.6,1021,0
2026/7/16,6:37:48,15.1,91.0,20.9,93.0,17.6,87.6,1019,0
2026/7/16,6:37:53,15.2,91.0,20.9,93.0,17.6,87.5,1021,0
2026/7/16,6:37:58,15.2,91.0,20.9,93.0,17.6,87.6,1022,0
2026/7/16,6:38:3,15.1,91.0,20.9,93.0,17.6,87.6,1023,0
2026/7/16,6:38:8,15.0,91.0,20.8,93.0,17.6,87.5,1019,0
2026/7/16,6:38:13,15.0,91.0,20.8,93.0,17.7,87.5,1023,0
2026/7/16,6:38:18,15.2,91.0,20.8,93.0,17.6,87.6,1021,0
2026/7/16,6:38:23,15.2,91.0,20.8,93.0,17.6,87.6,1019,0
2026/7/16,6:38:28,15.1,91.0,21.0,94.0,17.6,87.5,1019,0
2026/7/16,6:38:33,15.1,91.0,20.8,93.0,17.7,87.6,1019,0
2026/7/16,6:38:38,15.1,91.0,20.8,93.0,17.6,87.6,1021,0
2026/7/16,6:38:43,15.0,91.0,20.9,93.0,17.6,87.5,1022,0
2026/7/16,6:38:48,15.0,91.0,20.8,93.0,17.6,87.6,1022,0
2026/7/16,6:38:53,15.1,91.0,20.9,93.0,17.6,87.6,1021,0
2026/7/16,6:38:58,15.2,91.0,20.9,93.0,17.6,87.6,1022,0
2026/7/16,6:39:3,15.2,91.0,20.9,93.0,17.6,87.6,1022,0
2026/7/16,6:39:8,15.1,91.0,20.9,93.0,17.7,87.6,1023,0
2026/7/16,6:39:13,15.2,91.0,20.8,93.0,17.6,87.6,1021,0
2026/7/16,6:39:18,15.2,91.0,20.9,93.0,17.6,87.6,1023,0
2026/7/16,6:39:23,15.2,91.0,21.0,94.0,17.7,87.6,1023,0
2026/7/16,6:39:28,14.9,91.0,20.9,93.0,17.6,87.6,1022,0
2026/7/16,6:39:33,15.2,91.0,21.0,94.0,17.6,87.6,1023,0
2026/7/16,6:39:38,15.2,91.0,20.9,93.0,17.6,87.6,1023,0
2026/7/16,6:39:43,15.1,91.0,21.0,94.0,17.6,87.6,1023,0
2026/7/16,6:39:48,15.2,91.0,20.9,93.0,17.6,87.5,1019,0
2026/7/16,6:39:53,15.1,91.0,20.8,93.0,17.6,87.6,1019,0
2026/7/16,6:39:58,15.1,91.0,20.9,93.0,17.6,87.6,1023,0
2026/7/16,6:40:3,14.9,91.0,21.1,94.0,17.6,87.6,1023,0
2026/7/16,6:40:8,15.1,91.0,20.8,93.0,17.6,87.6,1023,0
2026/7/16,6:40:13,15.2,91.0,20.9,93.0,17.6,87.6,1021,0
2026/7/16,6:40:18,15.1,91.0,20.9,93.0,17.6,87.5,1019,0
2026/7/16,6:40:23,15.0,91.0,20.8,93.0,17.6,87.5,1019,0
2026/7/16,6:40:28,15.1,91.0,20.9,93.0,17.7,87.5,1021,0
2026/7/16,6:40:33,15.2,91.0,20.9,93.0,17.6,87.5,1023,0
2026/7/16,6:40:38,15.1,91.0,20.8,93.0,17.6,87.5,1019,0
2026/7/16,6:40:43,15.0,91.0,21.0,94.0,17.6,87.5,1021,0
2026/7/16,6:40:48,15.1,91.0,20.8,93.0,17.6,87.5,1019,0
2026/7/16,6:40:53,15.1,91.0,20.9,93.0,17.6,87.5,1022,0
2026/7/16,6:40:58,15.0,91.0,20.9,93.0,17.6,87.5,1023,0
2026/7/16,6:41:3,15.1,91.0,21.1,94.0,17.6,87.5,1023,0
2026/7/16,6:41:8,15.1,91.0,21.0,94.0,17.6,87.5,1021,0
2026/7/16,6:41:13,15.1,91.0,21.0,94.0,17.6,87.5,1023,0
2026/7/16,6:41:18,15.1,91.0,21.0,94.0,17.6,87.5,1023,0
2026/7/16,6:41:23,15.1,91.0,21.0,94.0,17.6,87.5,1022,0
2026/7/16,6:41:28,15.2,91.0,20.9,93.0,17.6,87.6,1023,0
2026/7/16,6:41:33,15.1,91.0,21.0,94.0,17.6,87.6,1023,0
2026/7/16,6:41:38,15.1,91.0,21.0,94.0,17.6,87.6,1021,0
2026/7/16,6:41:43,15.1,91.0,20.9,93.0,17.6,87.6,1022,0
2026/7/16,6:41:48,15.0,91.0,20.9,93.0,17.6,87.6,1019,0
2026/7/16,6:41:53,15.1,91.0,21.0,94.0,17.6,87.5,1019,0
2026/7/16,6:41:58,15.2,91.0,20.9,93.0,17.7,87.5,1019,0
2026/7/16,6:42:3,15.1,91.0,20.9,93.0,17.6,87.5,1022,0
2026/7/16,6:42:8,15.0,91.0,20.9,93.0,17.6,87.5,1023,0
2026/7/16,6:42:13,15.2,91.0,20.8,93.0,17.6,87.5,1021,0
2026/7/16,6:42:18,14.9,91.0,20.9,93.0,17.6,87.6,1019,0
2026/7/16,6:42:23,15.1,91.0,20.9,93.0,17.6,87.5,1021,0
2026/7/16,6:42:28,15.1,91.0,21.0,94.0,17.6,87.5,1023,0
2026/7/16,6:42:33,15.1,91.0,21.0,94.0,17.6,87.6,1023,0
2026/7/16,6:42:38,15.1,91.0,21.0,94.0,17.6,87.5,1023,0
2026/7/16,6:42:43,15.1,91.0,20.9,93.0,17.6,87.5,1023,0
2026/7/16,6:42:48,15.1,91.0,20.9,93.0,17.6,87.5,1022,0
2026/7/16,6:42:53,15.1,91.0,21.0,94.0,17.6,87.5,1022,0
2026/7/16,6:42:58,15.2,91.0,21.0,94.0,17.6,87.5,1023,0
2026/7/16,6:43:3,14.7,91.0,20.9,93.0,17.6,87.6,1022,0
2026/7/16,6:43:8,14.9,91.0,20.9,93.0,17.6,87.6,1023,0
2026/7/16,6:43:13,15.0,91.0,21.0,94.0,17.7,87.5,1023,0
2026/7/16,6:43:18,15.2,91.0,21.0,94.0,17.7,87.5,1023,0
2026/7/16,6:43:23,14.7,91.0,20.9,93.0,17.6,87.6,1023,0
2026/7/16,6:43:28,15.0,91.0,20.9,93.0,17.6,87.5,1021,0
2026/7/16,6:43:33,15.1,91.0,21.0,94.0,17.6,87.5,1022,0
2026/7/16,6:43:38,15.2,91.0,21.0,94.0,17.7,87.6,1019,0
2026/7/16,6:43:43,15.1,91.0,20.9,93.0,17.6,87.6,1022,0
2026/7/16,6:43:48,15.2,91.0,20.9,93.0,17.6,87.5,1023,0
2026/7/16,6:43:53,15.1,91.0,20.9,93.0,17.6,87.5,1023,0
2026/7/16,6:43:58,15.1,91.0,21.0,94.0,17.6,87.5,1019,0
2026/7/16,6:44:3,15.1,91.0,21.0,94.0,17.6,87.5,1021,0
2026/7/16,6:44:8,14.7,91.0,20.9,93.0,17.6,87.5,1023,0
2026/7/16,6:44:13,15.1,91.0,21.0,94.0,17.6,87.5,1021,0
2026/7/16,6:44:18,15.1,91.0,20.9,93.0,17.6,87.5,1023,0
2026/7/16,6:44:23,15.1,91.0,20.9,93.0,17.6,87.5,1022,0
2026/7/16,6:44:28,15.1,91.0,20.9,93.0,17.6,87.5,1022,0
2026/7/16,6:44:33,14.7,91.0,20.9,93.0,17.6,87.4,1022,0
2026/7/16,6:44:38,14.8,91.0,21.0,94.0,17.6,87.5,1022,0
2026/7/16,6:44:43,14.9,91.0,20.9,93.0,17.6,87.5,1023,0
2026/7/16,6:44:48,15.1,91.0,21.0,94.0,17.6,87.4,1019,0
2026/7/16,6:44:53,15.1,91.0,20.9,93.0,17.6,87.5,1019,0
2026/7/16,6:44:58,15.1,91.0,20.9,93.0,17.6,87.4,1022,0
2026/7/16,6:45:3,15.1,91.0,20.9,93.0,17.6,87.4,1023,0
2026/7/16,6:45:8,15.1,91.0,21.0,94.0,17.6,87.4,1021,0
2026/7/16,6:45:13,15.1,91.0,20.9,93.0,17.6,87.4,1019,0
2026/7/16,6:45:18,15.1,91.0,21.0,94.0,17.6,87.4,1021,0
2026/7/16,6:45:23,15.1,91.0,20.9,93.0,17.6,87.4,1022,0
2026/7/16,6:45:28,15.1,91.0,21.0,94.0,17.6,87.4,1019,0
2026/7/16,6:45:33,15.1,91.0,21.0,94.0,17.6,87.4,1023,0
2026/7/16,6:45:38,15.1,91.0,20.9,93.0,17.6,87.4,1023,0
2026/7/16,6:45:43,14.9,91.0,21.0,94.0,17.6,87.3,1019,0
2026/7/16,6:45:48,15.2,91.0,21.0,94.0,17.6,87.4,1023,0
2026/7/16,6:45:53,15.1,91.0,20.9,93.0,17.6,87.4,1023,0
2026/7/16,6:45:58,14.9,91.0,20.9,93.0,17.6,87.3,1022,0
2026/7/16,6:46:3,15.1,91.0,21.0,94.0,17.6,87.4,1021,0
2026/7/16,6:46:8,15.2,91.0,21.0,94.0,17.6,87.4,1023,0
2026/7/16,6:46:13,14.7,91.0,21.0,94.0,17.6,87.3,1022,0
2026/7/16,6:46:19,15.0,91.0,21.0,94.0,17.6,87.3,1019,0
2026/7/16,6:46:24,14.8,91.0,20.9,93.0,17.6,87.3,1023,0
2026/7/16,6:46:29,15.1,91.0,21.0,94.0,17.6,87.3,1019,0
2026/7/16,6:46:34,15.1,91.0,20.9,93.0,17.6,87.3,1023,0
2026/7/16,6:46:39,15.1,91.0,21.0,94.0,17.6,87.3,1023,0
2026/7/16,6:46:44,15.2,91.0,21.0,94.0,17.6,87.3,1019,0
2026/7/16,6:46:49,15.2,91.0,20.9,93.0,17.6,87.3,1019,0
2026/7/16,6:46:54,14.7,91.0,21.0,94.0,17.6,87.3,1023,0
2026/7/16,6:46:59,15.2,91.0,21.0,94.0,17.6,87.3,1022,0
2026/7/16,6:47:4,14.7,91.0,21.0,94.0,17.6,87.2,1021,0
2026/7/16,6:47:9,15.1,91.0,20.8,93.0,17.6,87.2,1022,0
2026/7/16,6:47:14,15.1,91.0,20.9,93.0,17.6,87.3,1023,0
2026/7/16,6:47:19,15.1,91.0,21.0,94.0,17.6,87.2,1019,0
2026/7/16,6:47:24,15.1,91.0,20.9,93.0,17.6,87.2,1023,0
2026/7/16,6:47:29,15.1,91.0,21.0,94.0,17.6,87.2,1019,0
2026/7/16,6:47:34,15.1,91.0,21.0,94.0,17.6,87.2,1021,0
2026/7/16,6:47:39,14.7,91.0,21.0,94.0,17.6,87.2,1021,0
2026/7/16,6:47:44,15.0,91.0,20.9,93.0,17.6,87.2,1019,0
2026/7/16,6:47:49,14.7,91.0,20.9,93.0,17.6,87.2,1019,0
2026/7/16,6:47:54,14.6,91.0,20.8,93.0,17.6,87.1,1023,0
2026/7/16,6:47:59,15.1,91.0,21.0,94.0,17.6,87.2,1022,0
2026/7/16,6:48:4,15.1,91.0,21.0,94.0,17.6,87.1,1019,0
2026/7/16,6:48:9,15.1,91.0,21.0,94.0,17.6,87.1,1019,0
2026/7/16,6:48:14,15.1,91.0,21.0,94.0,17.6,87.1,1023,0
2026/7/16,6:48:19,15.1,91.0,20.9,93.0,17.6,87.1,1021,0
2026/7/16,6:48:24,14.9,91.0,21.0,94.0,17.6,87.1,1023,0
2026/7/16,6:48:29,15.0,91.0,21.0,94.0,17.6,87.1,1019,0
2026/7/16,6:48:34,14.8,91.0,20.9,93.0,17.6,87.1,1019,0
2026/7/16,6:48:39,15.1,91.0,20.9,93.0,17.6,87.1,1021,0
2026/7/16,6:48:44,15.2,91.0,21.0,94.0,17.6,87.1,1019,0
2026/7/16,6:48:49,15.1,91.0,21.0,94.0,17.6,87.1,1021,0
2026/7/16,6:48:54,14.9,91.0,20.9,93.0,17.6,87.1,1021,0
2026/7/16,6:48:59,15.1,91.0,21.0,94.0,17.6,87.1,1023,0
2026/7/16,6:49:4,15.0,91.0,20.9,93.0,17.6,87.1,1019,0
2026/7/16,6:49:9,14.8,91.0,21.0,94.0,17.6,87.1,1023,0
2026/7/16,6:49:14,15.0,91.0,21.0,94.0,17.6,87.1,1019,0
2026/7/16,6:49:19,15.1,91.0,20.9,93.0,17.6,87.1,1023,0
2026/7/16,6:49:24,15.1,91.0,20.9,93.0,17.6,87.1,1023,0
2026/7/16,6:49:29,14.7,91.0,21.0,94.0,17.6,87.1,1022,0
2026/7/16,6:49:34,15.2,91.0,21.0,94.0,17.6,87.0,1022,0
2026/7/16,6:49:39,15.0,91.0,21.0,94.0,17.6,87.1,1023,0
2026/7/16,6:49:44,15.1,91.0,21.0,94.0,17.6,87.1,1023,0
2026/7/16,6:49:49,14.9,91.0,20.9,93.0,17.6,87.1,1019,0
2026/7/16,6:49:54,14.9,91.0,20.9,93.0,17.6,87.1,1021,0
2026/7/16,6:49:59,15.1,91.0,20.9,93.0,17.6,87.1,1019,0
2026/7/16,6:50:4,14.8,91.0,21.0,94.0,17.6,87.1,1022,0
2026/7/16,6:50:9,15.0,91.0,20.9,93.0,17.6,87.1,1022,0
2026/7/16,6:50:14,15.1,91.0,21.0,94.0,17.6,87.1,1023,0
2026/7/16,6:50:19,15.1,91.0,20.9,93.0,17.6,87.2,1021,0
2026/7/16,6:50:24,15.0,91.0,21.0,94.0,17.6,87.1,1021,0
2026/7/16,6:50:29,15.2,91.0,20.9,93.0,17.6,87.1,1022,0
2026/7/16,6:50:34,15.1,91.0,21.0,94.0,17.6,87.1,1019,0
2026/7/16,6:50:39,15.1,91.0,21.0,94.0,17.6,87.1,1021,0
2026/7/16,6:50:44,14.9,91.0,21.0,94.0,17.6,87.1,1023,0
2026/7/16,6:50:49,15.1,91.0,20.9,93.0,17.6,87.1,1023,0
2026/7/16,6:50:54,14.8,91.0,21.0,94.0,17.6,87.1,1022,0
2026/7/16,6:50:59,15.1,91.0,20.9,93.0,17.6,87.1,1022,0
2026/7/16,6:51:4,15.2,91.0,20.9,93.0,17.6,87.1,1022,0
2026/7/16,6:51:9,15.2,91.0,20.9,93.0,17.6,87.1,1023,0
2026/7/16,6:51:14,15.1,91.0,21.0,94.0,17.6,87.2,1021,0
2026/7/16,6:51:19,15.1,91.0,20.9,93.0,17.6,87.2,1021,0
2026/7/16,6:51:24,15.0,91.0,21.0,94.0,17.6,87.2,1023,0
2026/7/16,6:51:29,15.1,91.0,21.0,94.0,17.6,87.2,1019,0
2026/7/16,6:51:34,15.1,91.0,21.0,94.0,17.6,87.1,1022,0
2026/7/16,6:51:39,15.1,91.0,21.0,94.0,17.6,87.2,1019,0
2026/7/16,6:51:44,15.1,91.0,20.9,93.0,17.6,87.2,1021,0
2026/7/16,6:51:49,14.9,91.0,20.9,93.0,17.6,87.1,1023,0
2026/7/16,6:51:54,15.0,91.0,21.0,94.0,17.6,87.2,1023,0
2026/7/16,6:51:59,14.7,91.0,21.0,94.0,17.6,87.2,1021,0
2026/7/16,6:52:4,15.1,91.0,20.9,93.0,17.6,87.2,1021,0
2026/7/16,6:52:9,14.9,91.0,21.0,94.0,17.6,87.2,1021,0
2026/7/16,6:52:14,15.1,91.0,20.9,93.0,17.6,87.2,1022,0
2026/7/16,6:52:19,15.1,91.0,20.9,93.0,17.6,87.2,1021,0
2026/7/16,6:52:24,15.1,91.0,20.9,93.0,17.6,87.2,1023,0
2026/7/16,6:52:29,15.1,91.0,21.0,94.0,17.6,87.2,1021,0
2026/7/16,6:52:34,15.0,91.0,20.9,93.0,17.6,87.2,1022,0
2026/7/16,6:52:39,15.0,91.0,20.9,93.0,17.6,87.2,1023,0
2026/7/16,6:52:44,15.1,91.0,20.9,93.0,17.6,87.2,1023,0
2026/7/16,6:52:49,15.1,91.0,20.9,93.0,17.6,87.3,1023,0
2026/7/16,6:52:54,15.2,91.0,20.9,93.0,17.6,87.2,1022,0
2026/7/16,6:52:59,15.1,91.0,20.9,93.0,17.6,87.3,1023,0
2026/7/16,6:53:4,15.1,91.0,20.9,93.0,17.6,87.3,1019,0
2026/7/16,6:53:9,15.1,91.0,21.0,94.0,17.6,87.3,1021,0
2026/7/16,6:53:14,15.1,91.0,21.0,94.0,17.6,87.3,1019,0
2026/7/16,6:53:19,15.1,91.0,21.0,94.0,17.6,87.3,1021,0
2026/7/16,6:53:24,15.1,91.0,20.9,93.0,17.6,87.3,1021,0
2026/7/16,6:53:29,15.1,91.0,21.0,94.0,17.6,87.3,1023,0
2026/7/16,6:53:34,15.1,91.0,20.9,93.0,17.6,87.4,1023,0
2026/7/16,6:53:39,15.1,91.0,20.9,93.0,17.6,87.3,1022,0
2026/7/16,6:53:44,15.1,91.0,20.9,93.0,17.6,87.4,1023,0
2026/7/16,6:53:49,15.1,91.0,20.9,93.0,17.6,87.3,1019,0
2026/7/16,6:53:54,15.1,91.0,20.9,93.0,17.6,87.3,1022,0
2026/7/16,6:53:59,15.1,91.0,21.0,94.0,17.6,87.3,1023,0
2026/7/16,6:54:4,15.2,91.0,21.0,94.0,17.6,87.3,1019,0
2026/7/16,6:54:9,15.1,91.0,21.0,94.0,17.6,87.4,1022,0
2026/7/16,6:54:14,15.1,91.0,20.9,93.0,17.6,87.3,1023,0
2026/7/16,6:54:19,15.1,91.0,21.0,94.0,17.6,87.4,1019,0
2026/7/16,6:54:24,15.1,91.0,21.0,94.0,17.6,87.4,1023,0
2026/7/16,6:54:29,14.9,91.0,20.9,93.0,17.6,87.4,1021,0
2026/7/16,6:54:34,15.1,91.0,20.9,93.0,17.6,87.4,1021,0
2026/7/16,6:54:39,14.9,91.0,20.9,93.0,17.6,87.4,1021,0
2026/7/16,6:54:44,15.1,91.0,21.0,94.0,17.6,87.3,1019,0
2026/7/16,6:54:49,15.1,91.0,21.0,94.0,17.6,87.4,1019,0
2026/7/16,6:54:54,15.1,91.0,20.9,93.0,17.6,87.3,1021,0
2026/7/16,6:54:59,15.1,91.0,20.9,93.0,17.6,87.3,1021,0
2026/7/16,6:55:4,15.1,91.0,20.9,93.0,17.6,87.3,1019,0
2026/7/16,6:55:9,14.9,91.0,21.0,94.0,17.6,87.3,1019,0
2026/7/16,6:55:14,15.2,91.0,20.9,93.0,17.6,87.3,1022,0
2026/7/16,6:55:19,15.1,91.0,21.0,94.0,17.6,87.3,1023,0
2026/7/16,6:55:24,15.1,91.0,21.0,94.0,17.6,87.3,1022,0
2026/7/16,6:55:29,15.1,91.0,20.9,93.0,17.6,87.3,1023,0
2026/7/16,6:55:34,15.1,91.0,20.9,93.0,17.6,87.3,1021,0
2026/7/16,6:55:39,15.1,91.0,20.9,93.0,17.6,87.3,1019,0
2026/7/16,6:55:44,15.0,91.0,20.9,93.0,17.6,87.3,1019,0
2026/7/16,6:55:49,15.1,91.0,20.9,93.0,17.6,87.3,1022,0
2026/7/16,6:55:54,15.1,91.0,21.0,94.0,17.6,87.3,1019,0
2026/7/16,6:55:59,15.2,91.0,21.0,94.0,17.6,87.3,1022,0
2026/7/16,6:56:4,15.0,91.0,20.9,93.0,17.6,87.3,1019,0
2026/7/16,6:56:9,15.0,91.0,20.9,93.0,17.6,87.3,1023,0
2026/7/16,6:56:14,15.1,91.0,21.0,94.0,17.6,87.3,1023,0
2026/7/16,6:56:19,15.1,91.0,21.0,94.0,17.6,87.3,1022,0
2026/7/16,6:56:24,15.2,91.0,21.0,94.0,17.6,87.3,1023,0
2026/7/16,6:56:29,15.2,91.0,20.9,93.0,17.6,87.3,1021,0
2026/7/16,6:56:34,15.2,91.0,20.9,93.0,17.6,87.3,1022,0
2026/7/16,6:56:39,15.0,91.0,20.9,93.0,17.6,87.3,1022,0
2026/7/16,6:56:44,15.2,91.0,20.9,93.0,17.6,87.3,1019,0
2026/7/16,6:56:49,14.9,91.0,20.9,93.0,17.6,87.3,1019,0
2026/7/16,6:56:54,15.2,91.0,20.9,93.0,17.6,87.4,1021,0
2026/7/16,6:56:59,15.2,91.0,21.0,94.0,17.6,87.3,1021,0
2026/7/16,6:57:4,15.2,91.0,20.9,93.0,17.6,87.4,1023,0
2026/7/16,6:57:9,15.2,91.0,20.9,93.0,17.6,87.4,1022,0
2026/7/16,6:57:15,15.1,91.0,21.0,94.0,17.6,87.4,1023,0
2026/7/16,6:57:20,15.2,91.0,20.9,93.0,17.6,87.4,1023,0
2026/7/16,6:57:25,15.2,91.0,21.0,94.0,17.6,87.4,1021,0
2026/7/16,6:57:30,15.2,91.0,20.9,93.0,17.6,87.4,1019,0
2026/7/16,6:57:35,15.1,91.0,20.9,93.0,17.6,87.3,1023,0
2026/7/16,6:57:40,15.1,91.0,20.9,93.0,17.6,87.4,1019,0
2026/7/16,6:57:45,15.2,91.0,20.9,93.0,17.6,87.4,1022,0
2026/7/16,6:57:50,15.2,91.0,21.0,94.0,17.6,87.4,1023,0
2026/7/16,6:57:55,15.2,91.0,21.0,94.0,17.6,87.4,1023,0
2026/7/16,6:58:0,15.2,91.0,20.9,93.0,17.6,87.4,1023,0
2026/7/16,6:58:5,15.2,91.0,20.9,93.0,17.6,87.4,1019,0
2026/7/16,6:58:10,15.2,91.0,20.9,93.0,17.6,87.4,1022,0
2026/7/16,6:58:15,15.2,91.0,21.0,94.0,17.6,87.4,1023,0
2026/7/16,6:58:20,15.2,91.0,20.9,93.0,17.6,87.4,1023,0
2026/7/16,6:58:25,15.1,91.0,21.0,94.0,17.6,87.4,1019,0
2026/7/16,6:58:30,15.2,91.0,20.9,93.0,17.6,87.4,1023,0
2026/7/16,6:58:35,15.2,91.0,20.9,93.0,17.6,87.5,1023,0
2026/7/16,6:58:40,15.2,91.0,21.0,94.0,17.6,87.5,1019,0
2026/7/16,6:58:45,15.2,91.0,20.9,93.0,17.6,87.5,1022,0
2026/7/16,6:58:50,15.2,91.0,20.9,93.0,17.6,87.5,1021,0
2026/7/16,6:58:55,15.2,91.0,20.9,93.0,17.6,87.5,1023,0
2026/7/16,6:59:0,15.2,91.0,20.9,93.0,17.6,87.5,1023,0
2026/7/16,6:59:5,15.2,91.0,20.9,93.0,17.6,87.5,1021,0
2026/7/16,6:59:10,15.2,91.0,20.9,93.0,17.6,87.5,1023,0
2026/7/16,6:59:15,15.1,91.0,20.9,93.0,17.6,87.5,1023,0
2026/7/16,6:59:20,15.2,91.0,20.9,93.0,17.6,87.5,1022,0
2026/7/16,6:59:25,15.1,91.0,20.9,93.0,17.6,87.5,1019,0
2026/7/16,6:59:30,15.2,91.0,20.9,93.0,17.6,87.5,1023,0
2026/7/16,6:59:35,15.2,91.0,21.0,94.0,17.6,87.5,1021,0
2026/7/16,6:59:40,15.2,91.0,21.0,94.0,17.6,87.5,1023,0
2026/7/16,6:59:45,15.2,91.0,21.0,94.0,17.6,87.5,1023,0
2026/7/16,6:59:50,15.2,91.0,20.9,93.0,17.6,87.5,1023,0
2026/7/16,6:59:55,15.2,91.0,20.9,93.0,17.6,87.6,1022,0
2026/7/16,7:0:0,15.2,91.0,20.9,93.0,17.6,87.5,1022,0
2026/7/16,7:0:5,15.2,91.0,20.9,93.0,17.6,87.6,1021,0
2026/7/16,7:0:10,15.3,91.0,20.9,93.0,17.6,87.5,1022,0
2026/7/16,7:0:15,15.1,91.0,21.0,94.0,17.6,87.5,1021,0
2026/7/16,7:0:20,15.2,91.0,20.9,93.0,17.6,87.6,1019,0
2026/7/16,7:0:25,15.2,91.0,20.9,93.0,17.6,87.6,1023,0
2026/7/16,7:0:30,15.1,91.0,20.9,93.0,17.6,87.6,1021,0
2026/7/16,7:0:35,15.2,91.0,20.9,93.0,17.6,87.6,1023,0
2026/7/16,7:0:40,15.0,91.0,20.9,93.0,17.6,87.6,1022,0
2026/7/16,7:0:45,14.9,91.0,20.9,93.0,17.6,87.6,1021,0
2026/7/16,7:0:50,15.3,91.0,20.9,93.0,17.6,87.6,1019,0
2026/7/16,7:0:55,15.1,91.0,20.9,93.0,17.6,87.6,1023,0
2026/7/16,7:1:0,15.2,91.0,20.9,93.0,17.6,87.7,1023,0
2026/7/16,7:1:5,15.2,91.0,20.9,93.0,17.6,87.6,1022,0
2026/7/16,7:1:10,15.2,91.0,20.9,93.0,17.6,87.7,1022,0
2026/7/16,7:1:15,15.2,91.0,20.8,93.0,17.6,87.7,1019,0
2026/7/16,7:1:20,15.2,91.0,20.9,93.0,17.6,87.7,1023,0
2026/7/16,7:1:25,15.2,91.0,20.9,93.0,17.6,87.7,1023,0
2026/7/16,7:1:30,15.2,91.0,20.9,93.0,17.6,87.7,1023,0
2026/7/16,7:1:35,15.1,91.0,20.9,93.0,17.6,87.6,1019,0
2026/7/16,7:1:40,15.2,91.0,20.9,93.0,17.6,87.7,1019,0
2026/7/16,7:1:45,15.2,91.0,20.9,93.0,17.6,87.7,1022,0
2026/7/16,7:1:50,15.2,91.0,20.9,93.0,17.6,87.7,1021,0
2026/7/16,7:1:55,15.2,91.0,20.9,93.0,17.6,87.8,1023,0
2026/7/16,7:2:0,15.1,91.0,20.9,93.0,17.6,87.7,1023,0
2026/7/16,7:2:5,15.2,91.0,20.9,93.0,17.6,87.7,1022,0
2026/7/16,7:2:10,15.2,91.0,20.9,93.0,17.6,87.7,1022,0
2026/7/16,7:2:15,15.2,91.0,20.9,93.0,17.6,87.7,1022,0
2026/7/16,7:2:20,15.0,91.0,20.9,93.0,17.6,87.7,1021,0
2026/7/16,7:2:25,15.1,91.0,20.9,93.0,17.6,87.7,1022,0
2026/7/16,7:2:30,15.2,91.0,20.9,93.0,17.6,87.7,1019,0
2026/7/16,7:2:35,14.8,91.0,20.9,93.0,17.6,87.7,1019,0
2026/7/16,7:2:40,15.2,91.0,21.0,94.0,17.6,87.7,1022,0
2026/7/16,7:2:45,15.2,91.0,20.9,93.0,17.6,87.7,1022,0
2026/7/16,7:2:50,15.2,91.0,20.9,93.0,17.6,87.7,1021,0
2026/7/16,7:2:55,15.1,91.0,20.9,93.0,17.6,87.7,1022,0
2026/7/16,7:3:0,15.2,91.0,20.9,93.0,17.6,87.7,1022,0
2026/7/16,7:3:5,15.2,91.0,21.0,94.0,17.6,87.7,1023,0
2026/7/16,7:3:10,15.2,91.0,20.9,93.0,17.6,87.7,1019,0
2026/7/16,7:3:15,15.2,91.0,21.0,94.0,17.6,87.7,1021,0
2026/7/16,7:3:20,15.0,91.0,20.9,93.0,17.6,87.7,1023,0
2026/7/16,7:3:25,15.2,91.0,20.9,93.0,17.6,87.7,1019,0
2026/7/16,7:3:30,15.2,91.0,20.9,93.0,17.6,87.7,1022,0
2026/7/16,7:3:35,15.2,91.0,20.9,93.0,17.6,87.7,1019,0
2026/7/16,7:3:40,15.2,91.0,20.9,93.0,17.6,87.7,1023,0
2026/7/16,7:3:45,15.2,91.0,21.0,94.0,17.6,87.7,1019,0
2026/7/16,7:3:50,15.2,91.0,20.9,93.0,17.6,87.7,1023,0
2026/7/16,7:3:55,15.2,91.0,21.0,94.0,17.6,87.7,1023,0
2026/7/16,7:4:0,15.2,91.0,21.0,94.0,17.6,87.7,1019,0
2026/7/16,7:4:5,15.2,91.0,20.9,93.0,17.6,87.7,1021,0
2026/7/16,7:4:10,15.2,91.0,20.9,93.0,17.6,87.7,1023,0
2026/7/16,7:4:15,15.2,91.0,20.9,93.0,17.7,87.7,1022,0
2026/7/16,7:4:20,15.2,91.0,21.0,94.0,17.6,87.7,1019,0
2026/7/16,7:4:25,15.2,91.0,20.9,93.0,17.6,87.7,1019,0
2026/7/16,7:4:30,15.2,91.0,20.9,93.0,17.6,87.7,1022,0
2026/7/16,7:4:35,15.3,91.0,20.9,93.0,17.6,87.7,1023,0
2026/7/16,7:4:40,15.2,91.0,20.9,93.0,17.6,87.7,1022,0
2026/7/16,7:4:45,15.2,91.0,20.9,93.0,17.6,87.7,1021,0
2026/7/16,7:4:50,15.2,91.0,20.9,93.0,17.6,87.7,1023,0
2026/7/16,7:4:55,15.2,91.0,20.9,93.0,17.6,87.6,1023,0
2026/7/16,7:5:0,15.2,91.0,20.9,93.0,17.6,87.7,1022,0
2026/7/16,7:5:5,15.3,91.0,20.9,93.0,17.6,87.7,1019,0
2026/7/16,7:5:10,15.2,91.0,20.9,93.0,17.6,87.6,1021,0
2026/7/16,7:5:15,15.3,91.0,20.9,93.0,17.6,87.7,1019,0
2026/7/16,7:5:20,15.3,91.0,20.9,93.0,17.6,87.7,1022,0
2026/7/16,7:5:25,15.2,91.0,20.9,93.0,17.6,87.7,1023,0
2026/7/16,7:5:30,15.2,91.0,20.9,93.0,17.6,87.7,1019,0
2026/7/16,7:5:35,15.2,91.0,20.9,93.0,17.6,87.6,1022,0
2026/7/16,7:5:40,15.2,91.0,20.9,93.0,17.6,87.7,1023,0
2026/7/16,7:5:45,15.3,91.0,20.9,93.0,17.6,87.7,1022,0
2026/7/16,7:5:50,15.2,91.0,20.9,93.0,17.6,87.7,1021,0
2026/7/16,7:5:55,15.2,91.0,20.9,93.0,17.6,87.6,1023,0
2026/7/16,7:6:0,15.2,91.0,20.9,93.0,17.6,87.6,1023,0
2026/7/16,7:6:5,15.3,91.0,20.8,93.0,17.7,87.6,1019,0
2026/7/16,7:6:10,15.2,91.0,20.9,93.0,17.6,87.7,1021,0
2026/7/16,7:6:15,15.4,91.0,20.9,93.0,17.7,87.7,1023,0
2026/7/16,7:6:20,15.3,91.0,20.9,93.0,17.7,87.6,1021,0
2026/7/16,7:6:25,15.3,91.0,21.0,94.0,17.7,87.7,1022,0
2026/7/16,7:6:30,15.3,91.0,20.9,93.0,17.6,87.7,1022,0
2026/7/16,7:6:35,15.3,91.0,20.8,93.0,17.7,87.7,1023,0
2026/7/16,7:6:40,15.2,91.0,20.9,93.0,17.7,87.7,1023,0
2026/7/16,7:6:45,15.3,91.0,20.9,93.0,17.7,87.7,1022,0
2026/7/16,7:6:50,15.3,91.0,20.9,93.0,17.6,87.7,1019,0
2026/7/16,7:6:55,15.4,91.0,20.9,93.0,17.7,87.7,1021,0
2026/7/16,7:7:0,15.3,91.0,20.9,93.0,17.7,87.7,1023,0
2026/7/16,7:7:5,15.3,91.0,20.9,93.0,17.7,87.7,1019,0
2026/7/16,7:7:10,15.3,91.0,20.9,93.0,17.7,87.7,1021,0
2026/7/16,7:7:15,15.2,91.0,20.9,93.0,17.7,87.8,1019,0
2026/7/16,7:7:20,15.3,91.0,20.9,93.0,17.7,87.8,1021,0
2026/7/16,7:7:25,15.2,91.0,20.9,93.0,17.7,87.8,1021,0
2026/7/16,7:7:30,15.2,91.0,20.9,93.0,17.7,87.8,1021,0
2026/7/16,7:7:35,15.3,91.0,20.9,93.0,17.7,87.8,1022,0
2026/7/16,7:7:40,15.3,91.0,20.9,93.0,17.7,87.8,1019,0
2026/7/16,7:7:45,15.3,91.0,20.9,93.0,17.7,87.8,1021,0
2026/7/16,7:7:50,15.3,91.0,20.9,93.0,17.7,87.9,1023,0
2026/7/16,7:7:55,15.3,91.0,20.9,93.0,17.7,87.9,1022,0
2026/7/16,7:8:0,15.3,91.0,20.9,93.0,17.7,87.8,1022,0
2026/7/16,7:8:5,15.4,91.0,20.9,93.0,17.7,87.8,1023,0
2026/7/16,7:8:10,15.3,91.0,20.9,93.0,17.7,87.9,1019,0
2026/7/16,7:8:16,15.2,91.0,20.9,93.0,17.7,87.9,1023,0
2026/7/16,7:8:21,15.3,91.0,20.9,93.0,17.7,87.9,1023,0
2026/7/16,7:8:26,15.4,91.0,20.9,93.0,17.7,87.9,1019,0
2026/7/16,7:8:31,15.3,91.0,20.9,93.0,17.7,87.9,1022,0
2026/7/16,7:8:36,15.2,91.0,20.9,93.0,17.7,87.9,1023,0
2026/7/16,7:8:41,15.3,91.0,20.8,93.0,17.7,87.9,1022,0
2026/7/16,7:8:46,15.3,91.0,20.8,93.0,17.7,87.8,1021,0
2026/7/16,7:8:51,15.3,91.0,20.9,93.0,17.7,87.9,1019,0
2026/7/16,7:8:56,15.3,91.0,20.9,93.0,17.7,87.9,1022,0
2026/7/16,7:9:1,15.3,91.0,20.9,93.0,17.7,87.9,1023,0
2026/7/16,7:9:6,15.3,91.0,20.8,93.0,17.7,87.9,1021,0
2026/7/16,7:9:11,15.3,91.0,20.9,93.0,17.7,87.9,1022,0
2026/7/16,7:9:16,15.3,91.0,20.9,93.0,17.7,87.9,1023,0
2026/7/16,7:9:21,15.4,91.0,20.9,93.0,17.7,87.9,1021,0
2026/7/16,7:9:26,15.4,91.0,20.9,93.0,17.7,87.9,1022,0
2026/7/16,7:9:31,15.4,91.0,20.9,93.0,17.7,87.9,1021,0
2026/7/16,7:9:36,15.4,91.0,20.8,93.0,17.7,87.9,1021,0
2026/7/16,7:9:41,15.4,91.0,20.8,93.0,17.7,87.9,1021,0
2026/7/16,7:9:46,15.4,91.0,21.0,94.0,17.7,87.9,1021,0
2026/7/16,7:9:51,15.4,91.0,20.9,93.0,17.7,87.9,1023,0
2026/7/16,7:9:56,15.3,91.0,20.9,93.0,17.7,87.9,1021,0
2026/7/16,7:10:1,15.4,91.0,20.8,93.0,17.7,87.9,1023,0
2026/7/16,7:10:6,15.3,91.0,20.9,93.0,17.7,87.9,1021,0
2026/7/16,7:10:11,15.3,91.0,20.9,93.0,17.7,87.8,1022,0
2026/7/16,7:10:16,15.4,91.0,20.9,93.0,17.7,87.9,1021,0
2026/7/16,7:10:21,15.4,91.0,20.9,93.0,17.7,87.9,1021,0
2026/7/16,7:10:26,15.4,91.0,20.9,93.0,17.7,87.9,1019,0
2026/7/16,7:10:31,15.4,91.0,20.9,93.0,17.7,87.9,1022,0
2026/7/16,7:10:36,15.4,91.0,20.9,93.0,17.7,87.9,1021,0
2026/7/16,7:10:41,15.4,91.0,20.9,93.0,17.7,87.9,1023,0
2026/7/16,7:10:46,15.3,91.0,20.8,93.0,17.7,87.9,1021,0
2026/7/16,7:10:51,15.4,91.0,20.9,93.0,17.7,87.9,1023,0
2026/7/16,7:10:56,15.4,91.0,20.9,93.0,17.7,87.9,1022,0
2026/7/16,7:11:1,15.4,91.0,20.9,93.0,17.7,87.9,1019,0
2026/7/16,7:11:6,15.4,91.0,20.9,93.0,17.7,87.9,1019,0
2026/7/16,7:11:11,15.4,91.0,20.9,93.0,17.7,87.9,1019,0
2026/7/16,7:11:16,15.4,91.0,20.9,93.0,17.7,87.9,1019,0
2026/7/16,7:11:21,15.4,91.0,20.9,93.0,17.7,88.0,1022,0
2026/7/16,7:11:26,15.4,91.0,20.9,93.0,17.7,88.0,1019,0
2026/7/16,7:11:31,15.4,91.0,20.9,93.0,17.7,87.9,1023,0
2026/7/16,7:11:36,15.4,91.0,20.9,93.0,17.7,88.0,1021,0
2026/7/16,7:11:41,15.4,91.0,20.9,93.0,17.7,88.0,1022,0
2026/7/16,7:11:46,15.4,91.0,20.9,93.0,17.7,88.0,1023,0
2026/7/16,7:11:51,15.3,91.0,20.9,93.0,17.7,88.0,1021,0
2026/7/16,7:11:56,15.4,91.0,20.9,93.0,17.7,88.0,1023,0
2026/7/16,7:12:1,15.4,91.0,20.9,93.0,17.7,88.0,1019,0
2026/7/16,7:12:6,15.3,91.0,20.9,93.0,17.7,88.0,1019,0
2026/7/16,7:12:11,15.4,91.0,20.9,93.0,17.7,88.0,1023,0
2026/7/16,7:12:16,15.4,91.0,20.9,93.0,17.7,88.0,1021,0
2026/7/16,7:12:21,15.4,91.0,20.9,93.0,17.8,88.0,1021,0
2026/7/16,7:12:26,15.4,91.0,20.8,93.0,17.8,88.0,1023,0
2026/7/16,7:12:31,15.4,91.0,20.9,93.0,17.8,88.0,1021,0
2026/7/16,7:12:36,15.5,91.0,20.8,93.0,17.7,87.9,1021,0
2026/7/16,7:12:41,15.4,91.0,20.9,93.0,17.7,88.0,1019,0
2026/7/16,7:12:46,15.4,91.0,20.9,93.0,17.7,88.0,1023,0
2026/7/16,7:12:51,15.4,91.0,20.8,93.0,17.7,88.0,1023,0
2026/7/16,7:12:56,15.4,91.0,20.9,93.0,17.7,88.0,1019,0
2026/7/16,7:13:1,15.4,91.0,20.9,93.0,17.7,88.0,1022,0
2026/7/16,7:13:6,15.5,91.0,20.9,93.0,17.8,88.0,1021,0
2026/7/16,7:13:11,15.4,91.0,21.0,94.0,17.7,88.0,1021,0
2026/7/16,7:13:16,15.4,91.0,20.9,93.0,17.8,88.1,1023,0
2026/7/16,7:13:21,15.4,91.0,20.9,93.0,17.8,88.0,1019,0
2026/7/16,7:13:26,15.4,91.0,20.9,93.0,17.8,88.0,1023,0
2026/7/16,7:13:31,15.4,91.0,20.9,93.0,17.7,88.1,1021,0
2026/7/16,7:13:36,15.4,91.0,20.9,93.0,17.8,88.0,1023,0
2026/7/16,7:13:41,15.4,91.0,20.8,93.0,17.8,88.1,1021,0
2026/7/16,7:13:46,15.4,91.0,20.9,93.0,17.7,88.0,1023,0
2026/7/16,7:13:51,15.3,91.0,20.8,93.0,17.8,88.1,1021,0
2026/7/16,7:13:56,15.5,91.0,20.9,93.0,17.7,88.1,1023,0
2026/7/16,7:14:1,15.4,91.0,20.9,93.0,17.8,88.1,1023,0
2026/7/16,7:14:6,15.4,91.0,20.8,93.0,17.8,88.1,1023,0
2026/7/16,7:14:11,15.5,91.0,20.7,93.0,17.7,88.0,1023,0
2026/7/16,7:14:16,15.4,91.0,20.9,93.0,17.8,88.1,1022,0
2026/7/16,7:14:21,15.4,91.0,20.9,93.0,17.8,88.1,1022,0
2026/7/16,7:14:26,15.4,91.0,20.9,93.0,17.8,88.2,1023,0
2026/7/16,7:14:31,15.3,91.0,21.0,94.0,17.8,88.1,1023,0
2026/7/16,7:14:36,15.4,91.0,20.9,93.0,17.8,88.1,1021,0
2026/7/16,7:14:41,15.5,91.0,20.8,93.0,17.8,88.1,1022,0
2026/7/16,7:14:46,15.4,91.0,20.9,93.0,17.8,88.1,1019,0
2026/7/16,7:14:51,15.4,91.0,20.8,93.0,17.8,88.1,1019,0
2026/7/16,7:14:56,15.4,91.0,20.8,93.0,17.8,88.1,1022,0
2026/7/16,7:15:1,15.5,91.0,20.9,93.0,17.8,88.1,1019,0
2026/7/16,7:15:6,15.5,91.0,20.9,93.0,17.8,88.1,1023,0
2026/7/16,7:15:11,15.5,91.0,21.0,94.0,17.8,88.1,1021,0
2026/7/16,7:15:16,15.4,91.0,20.8,93.0,17.8,88.1,1022,0
2026/7/16,7:15:21,15.4,91.0,20.9,93.0,17.8,88.1,1023,0
2026/7/16,7:15:26,15.4,91.0,20.9,93.0,17.8,88.1,1019,0
2026/7/16,7:15:31,15.5,91.0,20.9,93.0,17.8,88.1,1023,0
2026/7/16,7:15:36,15.4,91.0,20.9,93.0,17.8,88.2,1021,0
2026/7/16,7:15:41,15.4,91.0,20.8,93.0,17.8,88.1,1023,0
2026/7/16,7:15:46,15.4,91.0,20.9,93.0,17.8,88.2,1021,0
2026/7/16,7:15:51,15.4,91.0,20.9,93.0,17.8,88.2,1022,0
2026/7/16,7:15:56,15.4,91.0,20.8,93.0,17.8,88.2,1023,0
2026/7/16,7:16:1,15.5,91.0,20.9,93.0,17.8,88.1,1022,0
2026/7/16,7:16:6,15.4,91.0,20.8,93.0,17.8,88.1,1023,0
2026/7/16,7:16:11,15.4,91.0,20.9,93.0,17.8,88.1,1022,0
2026/7/16,7:16:16,15.4,91.0,20.9,93.0,17.8,88.1,1019,0
2026/7/16,7:16:21,15.4,91.0,20.8,93.0,17.8,88.1,1019,0
2026/7/16,7:16:26,15.4,91.0,20.9,93.0,17.8,88.1,1019,0
2026/7/16,7:16:31,15.4,91.0,20.9,93.0,17.8,88.2,1023,0
2026/7/16,7:16:36,15.4,91.0,20.9,93.0,17.8,88.1,1023,0
2026/7/16,7:16:41,15.4,91.0,20.9,93.0,17.8,88.1,1023,0
2026/7/16,7:16:46,15.4,91.0,20.8,93.0,17.8,88.1,1019,0
2026/7/16,7:16:51,15.4,91.0,20.9,93.0,17.8,88.1,1023,0
2026/7/16,7:16:56,15.5,91.0,20.9,93.0,17.8,88.1,1023,0
2026/7/16,7:17:1,15.5,91.0,21.0,94.0,17.8,88.1,1021,0
2026/7/16,7:17:6,15.5,91.0,20.9,93.0,17.8,88.1,1021,0
2026/7/16,7:17:11,15.5,91.0,20.9,93.0,17.8,88.1,1021,0
2026/7/16,7:17:16,15.4,91.0,20.8,93.0,17.8,88.1,1023,0
2026/7/16,7:17:21,15.4,91.0,20.9,93.0,17.8,88.1,1022,0
2026/7/16,7:17:26,15.4,91.0,20.9,93.0,17.8,88.1,1019,0
2026/7/16,7:17:31,15.5,91.0,20.9,93.0,17.8,88.1,1019,0
2026/7/16,7:17:36,15.5,91.0,20.9,93.0,17.8,88.1,1021,0
2026/7/16,7:17:41,15.5,91.0,20.9,93.0,17.8,88.1,1019,0
2026/7/16,7:17:46,15.4,91.0,20.9,93.0,17.8,88.1,1023,0
2026/7/16,7:17:51,15.5,91.0,20.9,93.0,17.8,88.1,1019,0
2026/7/16,7:17:56,15.4,91.0,20.9,93.0,17.8,88.2,1023,0
2026/7/16,7:18:1,15.4,91.0,20.8,93.0,17.8,88.1,1019,0
2026/7/16,7:18:6,15.5,91.0,20.9,93.0,17.8,88.2,1019,0
2026/7/16,7:18:11,15.4,91.0,20.9,93.0,17.8,88.2,1022,0
2026/7/16,7:18:16,15.5,91.0,20.8,93.0,17.8,88.2,1023,0
2026/7/16,7:18:21,15.4,91.0,20.8,93.0,17.8,88.2,1023,0
2026/7/16,7:18:26,15.4,91.0,20.8,93.0,17.8,88.3,1019,0
2026/7/16,7:18:31,15.5,91.0,20.8,93.0,17.8,88.3,1023,0
2026/7/16,7:18:36,15.4,91.0,20.8,93.0,17.8,88.3,1023,0
2026/7/16,7:18:41,15.4,91.0,20.9,93.0,17.8,88.3,1019,0
2026/7/16,7:18:47,15.6,91.0,20.9,93.0,17.8,88.3,1023,0
2026/7/16,7:18:52,15.5,91.0,20.9,93.0,17.8,88.3,1019,0
2026/7/16,7:18:57,15.5,91.0,20.8,93.0,17.8,88.3,1019,0
2026/7/16,7:19:2,15.4,91.0,20.9,93.0,17.8,88.3,1022,0
2026/7/16,7:19:7,15.5,91.0,20.8,93.0,17.8,88.3,1023,0
2026/7/16,7:19:12,15.5,91.0,20.8,93.0,17.8,88.3,1019,0
2026/7/16,7:19:17,15.4,91.0,20.9,93.0,17.8,88.3,1022,0
2026/7/16,7:19:22,15.5,91.0,20.9,93.0,17.8,88.3,1019,0
2026/7/16,7:19:27,15.5,91.0,20.9,93.0,17.8,88.3,1019,0
2026/7/16,7:19:32,15.5,91.0,20.9,93.0,17.8,88.4,1023,0
2026/7/16,7:19:37,15.5,91.0,20.8,93.0,17.8,88.3,1019,0
2026/7/16,7:19:42,15.4,91.0,20.9,93.0,17.8,88.3,1019,0
2026/7/16,7:19:47,15.5,91.0,20.7,93.0,17.8,88.4,1019,0
2026/7/16,7:19:52,15.5,91.0,20.9,93.0,17.8,88.4,1023,0
2026/7/16,7:19:57,15.5,91.0,20.9,93.0,17.8,88.4,1023,0
2026/7/16,7:20:2,15.5,91.0,20.9,93.0,17.8,88.4,1019,0
2026/7/16,7:20:7,15.5,91.0,20.9,93.0,17.8,88.4,1023,0
2026/7/16,7:20:12,15.5,91.0,20.9,93.0,17.8,88.4,1023,0
2026/7/16,7:20:17,15.5,91.0,20.8,93.0,17.8,88.4,1023,0
2026/7/16,7:20:22,15.5,91.0,20.9,93.0,17.8,88.3,1023,0
2026/7/16,7:20:27,15.5,91.0,20.8,93.0,17.8,88.4,1019,0
2026/7/16,7:20:32,15.5,91.0,20.9,93.0,17.8,88.5,1023,0
2026/7/16,7:20:37,15.5,91.0,20.8,93.0,17.8,88.5,1019,0
2026/7/16,7:20:42,15.5,91.0,20.7,93.0,17.8,88.5,1019,0
2026/7/16,7:20:47,15.5,91.0,20.9,93.0,17.8,88.5,1023,0
2026/7/16,7:20:52,15.5,91.0,20.7,93.0,17.8,88.5,1021,0
2026/7/16,7:20:57,15.5,91.0,20.8,93.0,17.8,88.5,1019,0
2026/7/16,7:21:2,15.5,91.0,20.8,93.0,17.8,88.5,1021,0
2026/7/16,7:21:7,15.5,91.0,20.9,93.0,17.8,88.5,1022,0
2026/7/16,7:21:12,15.5,91.0,20.7,93.0,17.8,88.5,1021,0
2026/7/16,7:21:17,15.5,91.0,20.8,93.0,17.8,88.5,1021,0
2026/7/16,7:21:22,15.5,91.0,20.9,93.0,17.8,88.5,1022,0
2026/7/16,7:21:27,15.5,91.0,20.9,93.0,17.8,88.5,1022,0
2026/7/16,7:21:32,15.5,91.0,20.9,93.0,17.8,88.5,1021,0
2026/7/16,7:21:37,15.5,91.0,20.9,93.0,17.8,88.5,1023,0
2026/7/16,7:21:42,15.5,91.0,20.8,93.0,17.8,88.5,1023,0
2026/7/16,7:21:47,15.7,91.0,20.9,93.0,17.8,88.5,1023,0
2026/7/16,7:21:52,15.5,91.0,20.9,93.0,17.8,88.5,1023,0
2026/7/16,7:21:57,15.6,91.0,20.9,93.0,17.8,88.5,1023,0
2026/7/16,7:22:2,15.6,91.0,20.8,93.0,17.8,88.5,1023,0
2026/7/16,7:22:7,15.5,91.0,20.8,93.0,17.8,88.5,1023,0
2026/7/16,7:22:12,15.6,91.0,20.9,93.0,17.8,88.5,1023,0
2026/7/16,7:22:17,15.6,91.0,20.9,93.0,17.8,88.4,1021,0
2026/7/16,7:22:22,15.5,91.0,20.8,93.0,17.8,88.5,1021,0
2026/7/16,7:22:27,15.5,91.0,20.9,93.0,17.9,88.5,1021,0
2026/7/16,7:22:32,15.7,91.0,20.8,93.0,17.9,88.5,1022,0
2026/7/16,7:22:37,15.6,91.0,20.8,93.0,17.9,88.4,1021,0
2026/7/16,7:22:42,15.5,91.0,20.9,93.0,17.9,88.5,1021,0
2026/7/16,7:22:47,15.6,91.0,20.8,93.0,17.9,88.4,1019,0
2026/7/16,7:22:52,15.6,91.0,20.9,93.0,17.9,88.4,1022,0
2026/7/16,7:22:57,15.7,91.0,20.9,93.0,17.8,88.4,1023,0
2026/7/16,7:23:2,15.6,91.0,20.8,93.0,17.9,88.4,1023,0
2026/7/16,7:23:7,15.7,91.0,20.8,93.0,17.9,88.4,1021,0
2026/7/16,7:23:12,15.6,91.0,20.8,93.0,17.9,88.4,1019,0
2026/7/16,7:23:17,15.5,91.0,20.8,93.0,17.9,88.4,1022,0
2026/7/16,7:23:22,15.7,91.0,20.7,93.0,17.9,88.4,1021,0
2026/7/16,7:23:27,15.6,91.0,20.8,93.0,17.9,88.4,1023,0
2026/7/16,7:23:32,15.6,91.0,20.9,93.0,17.9,88.5,1022,0
2026/7/16,7:23:37,15.6,91.0,20.9,93.0,17.9,88.4,1022,0
2026/7/16,7:23:42,15.7,91.0,20.9,93.0,17.9,88.4,1019,0
2026/7/16,7:23:47,15.7,91.0,20.9,93.0,17.9,88.5,1019,0
2026/7/16,7:23:52,15.6,91.0,20.9,93.0,17.9,88.5,1023,0
2026/7/16,7:23:57,15.5,91.0,20.8,93.0,17.9,88.6,1023,0
2026/7/16,7:24:2,15.6,91.0,20.8,93.0,17.9,88.6,1022,0
2026/7/16,7:24:7,15.5,91.0,20.9,93.0,17.9,88.6,1022,0
2026/7/16,7:24:12,15.5,91.0,20.8,93.0,17.9,88.6,1019,0
2026/7/16,7:24:17,15.6,91.0,20.8,93.0,17.9,88.5,1019,0
2026/7/16,7:24:22,15.6,91.0,20.9,93.0,17.9,88.6,1023,0
2026/7/16,7:24:27,15.6,91.0,20.8,93.0,17.9,88.6,1019,0
2026/7/16,7:24:32,15.6,91.0,20.8,93.0,17.9,88.6,1023,0
2026/7/16,7:24:37,15.6,91.0,20.9,93.0,17.9,88.6,1021,0
2026/7/16,7:24:42,15.7,91.0,20.7,93.0,17.9,88.6,1022,0
2026/7/16,7:24:47,15.6,91.0,20.8,93.0,17.9,88.6,1023,0
2026/7/16,7:24:52,15.7,91.0,20.9,93.0,17.9,88.6,1021,0
2026/7/16,7:24:57,15.8,91.0,20.8,93.0,17.9,88.5,1022,0
2026/7/16,7:25:2,15.6,91.0,20.8,93.0,17.9,88.5,1023,0
2026/7/16,7:25:7,15.7,91.0,20.9,93.0,17.9,88.5,1023,0
2026/7/16,7:25:12,15.6,91.0,20.8,93.0,17.9,88.5,1021,0
2026/7/16,7:25:17,15.8,91.0,20.7,93.0,17.9,88.6,1021,0
2026/7/16,7:25:22,15.6,91.0,20.9,93.0,17.9,88.5,1021,0
2026/7/16,7:25:27,15.7,91.0,20.9,93.0,17.9,88.6,1023,0
2026/7/16,7:25:32,15.7,91.0,20.8,93.0,17.9,88.5,1023,0
2026/7/16,7:25:37,15.7,91.0,20.9,93.0,17.9,88.6,1022,0
2026/7/16,7:25:42,15.7,91.0,20.9,93.0,17.9,88.5,1022,0
2026/7/16,7:25:47,15.8,91.0,20.8,93.0,17.9,88.5,1021,0
2026/7/16,7:25:52,15.7,91.0,20.8,93.0,17.9,88.6,1023,0
2026/7/16,7:25:57,15.7,91.0,20.9,93.0,17.9,88.5,1019,0
2026/7/16,7:26:2,15.7,91.0,20.8,93.0,17.9,88.6,1022,0
2026/7/16,7:26:7,15.7,91.0,20.9,93.0,17.9,88.5,1022,0
2026/7/16,7:26:12,15.8,91.0,20.9,93.0,17.9,88.5,1023,0
2026/7/16,7:26:17,15.7,91.0,20.8,93.0,17.9,88.5,1019,0
2026/7/16,7:26:22,15.8,91.0,20.9,93.0,17.9,88.5,1023,0
2026/7/16,7:26:27,15.9,91.0,20.8,93.0,17.9,88.4,1023,0
2026/7/16,7:26:32,15.8,91.0,20.7,93.0,17.9,88.5,1021,0
2026/7/16,7:26:37,15.7,91.0,20.8,93.0,17.9,88.5,1019,0
2026/7/16,7:26:42,15.7,91.0,20.8,93.0,17.9,88.5,1023,0
2026/7/16,7:26:47,15.8,91.0,20.8,93.0,17.9,88.5,1022,0
2026/7/16,7:26:52,15.8,91.0,20.9,93.0,17.9,88.5,1023,0
2026/7/16,7:26:57,15.7,91.0,20.7,93.0,17.9,88.6,1022,0
2026/7/16,7:27:2,15.8,91.0,20.8,93.0,17.9,88.5,1019,0
2026/7/16,7:27:7,15.8,91.0,20.8,93.0,18.0,88.5,1022,0
2026/7/16,7:27:12,15.8,91.0,20.8,93.0,17.9,88.6,1021,0
2026/7/16,7:27:17,15.8,91.0,20.8,93.0,17.9,88.5,1021,0
2026/7/16,7:27:22,15.8,91.0,20.7,93.0,17.9,88.6,1019,0
2026/7/16,7:27:27,15.9,91.0,20.8,93.0,18.0,88.6,1022,0
2026/7/16,7:27:32,15.8,91.0,20.7,93.0,17.9,88.6,1021,0
2026/7/16,7:27:37,15.8,91.0,20.8,93.0,17.9,88.6,1019,0
2026/7/16,7:27:42,15.8,91.0,20.8,93.0,17.9,88.6,1023,0
2026/7/16,7:27:47,15.8,91.0,20.8,93.0,17.9,88.5,1019,0
2026/7/16,7:27:52,15.8,91.0,20.8,93.0,18.0,88.6,1021,0
2026/7/16,7:27:57,15.9,91.0,20.8,93.0,18.0,88.5,1021,0
2026/7/16,7:28:2,15.8,91.0,20.7,93.0,17.9,88.5,1021,0
2026/7/16,7:28:7,15.8,91.0,20.8,93.0,18.0,88.5,1021,0
2026/7/16,7:28:12,15.8,91.0,20.7,93.0,18.0,88.5,1019,0
2026/7/16,7:28:17,15.8,91.0,20.7,93.0,18.0,88.5,1023,0
2026/7/16,7:28:22,15.8,91.0,20.7,93.0,18.0,88.6,1023,0
2026/7/16,7:28:27,15.6,91.0,20.9,93.0,18.0,88.6,1019,0
2026/7/16,7:28:32,15.8,91.0,20.7,93.0,18.0,88.6,1023,0
2026/7/16,7:28:37,15.8,91.0,20.7,93.0,18.0,88.6,1019,0
2026/7/16,7:28:42,15.8,91.0,20.9,93.0,18.0,88.5,1023,0
2026/7/16,7:28:47,15.9,91.0,20.8,93.0,18.0,88.6,1021,0
2026/7/16,7:28:52,15.9,91.0,20.9,93.0,18.0,88.6,1023,0
2026/7/16,7:28:57,15.9,91.0,20.7,93.0,17.9,88.6,1023,0
2026/7/16,7:29:2,15.8,91.0,20.8,93.0,18.0,88.7,1023,0
2026/7/16,7:29:8,16.0,92.0,20.7,93.0,18.0,88.6,1023,0
2026/7/16,7:29:13,15.8,91.0,20.7,93.0,18.0,88.6,1023,0
2026/7/16,7:29:18,15.9,91.0,20.8,93.0,18.0,88.7,1019,0
2026/7/16,7:29:23,15.8,91.0,20.9,93.0,18.0,88.6,1021,0
2026/7/16,7:29:28,15.8,91.0,20.7,93.0,18.0,88.6,1022,0
2026/7/16,7:29:33,15.8,91.0,20.7,93.0,18.0,88.6,1021,0
2026/7/16,7:29:38,16.0,92.0,20.7,93.0,18.0,88.6,1019,0
2026/7/16,7:29:43,16.0,92.0,20.8,93.0,18.0,88.6,1023,0
2026/7/16,7:29:48,15.9,91.0,20.8,93.0,18.0,88.6,1021,0
2026/7/16,7:29:53,15.8,91.0,20.8,93.0,18.0,88.6,1022,0
2026/7/16,7:29:58,15.9,91.0,20.8,93.0,18.0,88.6,1021,0
2026/7/16,7:30:3,15.8,91.0,20.8,93.0,18.0,88.6,1023,0
2026/7/16,7:30:8,15.8,91.0,20.8,93.0,18.0,88.6,1023,0
2026/7/16,7:30:13,16.0,92.0,20.7,93.0,18.0,88.5,1023,0
2026/7/16,7:30:18,15.8,91.0,20.9,93.0,18.0,88.6,1021,0
2026/7/16,7:30:23,15.9,91.0,20.7,93.0,18.0,88.6,1023,0
2026/7/16,7:30:28,15.7,91.0,20.8,93.0,18.0,88.5,1019,0
2026/7/16,7:30:33,15.9,91.0,20.7,93.0,18.0,88.5,1023,0
2026/7/16,7:30:38,16.0,92.0,20.9,93.0,18.0,88.6,1019,0
2026/7/16,7:30:43,15.8,91.0,20.8,93.0,18.0,88.6,1023,0
2026/7/16,7:30:48,16.0,92.0,20.8,93.0,18.0,88.6,1022,0
2026/7/16,7:30:53,15.8,91.0,20.7,93.0,18.0,88.6,1019,0
2026/7/16,7:30:58,16.0,92.0,20.7,93.0,18.0,88.5,1022,0
2026/7/16,7:31:3,16.0,92.0,20.8,93.0,18.0,88.6,1019,0
2026/7/16,7:31:8,15.9,91.0,20.8,93.0,18.0,88.6,1023,0
2026/7/16,7:31:13,15.8,91.0,20.8,93.0,18.0,88.6,1023,0
2026/7/16,7:31:18,16.1,92.0,20.7,93.0,18.0,88.5,1022,0
2026/7/16,7:31:23,15.8,91.0,20.8,93.0,18.0,88.5,1019,0
2026/7/16,7:31:28,15.8,91.0,20.8,93.0,18.0,88.5,1022,0
2026/7/16,7:31:33,15.9,91.0,20.7,93.0,18.0,88.5,1023,0
2026/7/16,7:31:38,16.0,92.0,20.7,93.0,18.0,88.6,1022,0
2026/7/16,7:31:43,16.0,92.0,20.8,93.0,18.0,88.5,1023,0
2026/7/16,7:31:48,16.0,92.0,20.7,93.0,18.0,88.6,1023,0
2026/7/16,7:31:53,15.9,91.0,20.7,93.0,18.0,88.6,1019,0
2026/7/16,7:31:58,16.0,92.0,20.8,93.0,18.0,88.5,1021,0
2026/7/16,7:32:3,15.9,91.0,20.7,93.0,18.0,88.5,1019,0
2026/7/16,7:32:8,16.1,92.0,20.8,93.0,18.0,88.6,1022,0
2026/7/16,7:32:13,16.0,92.0,20.8,93.0,18.0,88.6,1023,0
2026/7/16,7:32:18,16.0,92.0,20.7,93.0,18.0,88.6,1023,0
2026/7/16,7:32:23,15.9,91.0,20.8,93.0,18.0,88.6,1023,0
2026/7/16,7:32:28,16.1,92.0,20.7,93.0,18.0,88.5,1023,0
2026/7/16,7:32:33,16.0,92.0,20.8,93.0,18.0,88.6,1021,0
2026/7/16,7:32:38,16.1,92.0,20.7,93.0,18.0,88.6,1023,0
2026/7/16,7:32:43,16.0,92.0,20.7,93.0,18.0,88.6,1021,0
2026/7/16,7:32:48,15.9,91.0,20.8,93.0,18.1,88.7,1022,0
2026/7/16,7:32:53,16.0,92.0,20.7,93.0,18.0,88.7,1022,0
2026/7/16,7:32:58,16.1,92.0,20.8,93.0,18.0,88.7,1022,0
2026/7/16,7:33:3,15.9,91.0,20.8,93.0,18.0,88.8,1023,0
2026/7/16,7:33:8,16.0,92.0,20.9,93.0,18.0,88.7,1022,0
2026/7/16,7:33:13,16.0,92.0,20.7,93.0,18.0,88.7,1019,0
2026/7/16,7:33:18,16.0,92.0,20.8,93.0,18.0,88.7,1023,0
2026/7/16,7:33:23,16.0,92.0,20.8,93.0,18.0,88.7,1022,0
2026/7/16,7:33:28,16.1,92.0,20.7,93.0,18.0,88.7,1023,0
2026/7/16,7:33:33,16.1,92.0,20.7,93.0,18.0,88.8,1023,0
2026/7/16,7:33:38,16.1,92.0,20.7,93.0,18.0,88.7,1023,0
2026/7/16,7:33:43,16.0,92.0,20.7,93.0,18.0,88.8,1022,0
2026/7/16,7:33:48,16.1,92.0,20.9,93.0,18.0,88.8,1022,0
2026/7/16,7:33:53,16.0,92.0,20.7,93.0,18.0,88.7,1019,0
2026/7/16,7:33:58,16.1,92.0,20.8,93.0,18.1,88.9,1021,0
2026/7/16,7:34:3,16.1,92.0,20.7,93.0,18.1,88.9,1019,0
2026/7/16,7:34:8,16.1,92.0,20.8,93.0,18.1,88.9,1022,0
2026/7/16,7:34:13,15.9,91.0,20.9,93.0,18.1,88.9,1019,0
2026/7/16,7:34:18,16.1,92.0,20.8,93.0,18.0,88.9,1023,0
2026/7/16,7:34:23,16.0,92.0,20.6,93.0,18.0,88.9,1022,0
2026/7/16,7:34:28,16.1,92.0,20.8,93.0,18.1,88.9,1021,0
2026/7/16,7:34:33,16.1,92.0,20.8,93.0,18.1,88.9,1022,0
2026/7/16,7:34:38,16.1,92.0,20.8,93.0,18.1,88.8,1023,0
2026/7/16,7:34:43,16.1,92.0,20.8,93.0,18.1,88.8,1019,0
2026/7/16,7:34:48,16.1,92.0,20.7,93.0,18.1,88.9,1021,0
2026/7/16,7:34:53,16.1,92.0,20.8,93.0,18.1,88.8,1023,0
2026/7/16,7:34:58,16.1,92.0,20.8,93.0,18.1,88.8,1023,0
2026/7/16,7:35:3,16.1,92.0,20.9,93.0,18.1,88.8,1023,0
2026/7/16,7:35:8,16.1,92.0,20.7,93.0,18.1,88.8,1021,0
2026/7/16,7:35:13,16.1,92.0,20.8,93.0,18.1,88.8,1023,0
2026/7/16,7:35:18,16.1,92.0,20.7,93.0,18.1,88.8,1021,0
2026/7/16,7:35:23,16.1,92.0,20.8,93.0,18.1,88.8,1019,0
2026/7/16,7:35:28,16.1,92.0,20.8,93.0,18.1,88.9,1019,0
2026/7/16,7:35:33,16.1,92.0,20.8,93.0,18.1,88.8,1021,0
2026/7/16,7:35:38,16.2,92.0,20.7,93.0,18.1,88.9,1021,0
2026/7/16,7:35:43,16.0,92.0,20.8,93.0,18.1,88.8,1023,0
2026/7/16,7:35:48,16.1,92.0,20.8,93.0,18.1,88.9,1022,0
2026/7/16,7:35:53,16.1,92.0,20.8,93.0,18.1,88.8,1019,0
2026/7/16,7:35:58,15.9,91.0,20.9,93.0,18.1,88.9,1021,0
2026/7/16,7:36:3,16.1,92.0,20.9,93.0,18.1,88.9,1023,0
2026/7/16,7:36:8,16.2,92.0,20.9,93.0,18.1,88.9,1019,0
2026/7/16,7:36:13,16.1,92.0,20.8,93.0,18.1,88.8,1021,0
2026/7/16,7:36:18,16.2,92.0,20.9,93.0,18.1,88.9,1023,0
2026/7/16,7:36:23,16.1,92.0,20.8,93.0,18.1,88.9,1021,0
2026/7/16,7:36:28,16.1,92.0,20.8,93.0,18.1,88.9,1023,0
2026/7/16,7:36:33,16.1,92.0,20.8,93.0,18.1,88.8,1022,0
2026/7/16,7:36:38,16.1,92.0,20.8,93.0,18.1,88.9,1022,0
2026/7/16,7:36:43,16.1,92.0,20.9,93.0,18.1,88.9,1023,0
2026/7/16,7:36:48,16.2,92.0,20.8,93.0,18.1,88.8,1021,0
2026/7/16,7:36:53,16.2,92.0,20.8,93.0,18.1,88.9,1023,0
2026/7/16,7:36:58,16.2,92.0,20.8,93.0,18.1,88.8,1019,0
2026/7/16,7:37:3,16.2,92.0,20.8,93.0,18.1,88.9,1021,0
